placeUrl,title,rating,reviewCount,category,address,plusCode,website,phoneNumber,currentStatus,imgUrl,isClaimed,wednesday,thursday,friday,saturday,sunday,monday,tuesday,query,timestamp,info,attributes
"https://www.google.com/maps/place/ComForCare+Home+Care+of+Farmington+Valley,+CT/data=!4m7!3m6!1s0x89e7a926909ebe7f:0xe0933ebceb709fd4!8m2!3d41.8119303!4d-72.8463298!16s%2Fg%2F1twy_l33!19sChIJf76ekCap54kR1J9w67w-k-A","ComForCare Home Care of Farmington Valley, CT",4.4,19,Home health care service,"176 W Main St, Avon, CT 06001, United States","R563+QF Avon, Connecticut, USA",https://www.comforcare.com/connecticut/farmington-valley?utm_source=Core70&utm_medium=organic&utm_campaign=WebsiteURL,+1 860-409-0455,Open 24 hours,https://lh3.googleusercontent.com/p/AF1QipN-LpJVcVf2GZfd2r7wGqr_SO2jEGIPNobsxyyG=w426-h240-k-no,true,Open 24 hours,Open 24 hours,Open 24 hours,Open 24 hours,Open 24 hours,Open 24 hours,Open 24 hours,"https://www.google.com/maps/search/Hospice+clinics+in+Avon+Hartford+CT/@41.7658043,-72.6733723,14z",2025-09-17T23:45:03.592Z,,
https://www.google.com/maps/place/Avon+Health+Center/data=!4m7!3m6!1s0x89e7af1a64425ea5:0xfcc1f0c265ff2145!8m2!3d41.7739354!4d-72.8603403!16s%2Fg%2F1v2gfstx!19sChIJpV5CZBqv54kRRSH_ZcLwwfw,Avon Health Center,4.7,114,Rehabilitation center,"652 W Avon Rd, Avon, CT 06001, United States","Q4FQ+HV Avon, Connecticut, USA",http://www.avonhealthcenter.com/,+1 860-673-2521,Open 24 hours,https://lh3.googleusercontent.com/gps-cs-s/AC9h4noOMJgh9LO7hwv_RHG_mG8s0i1hQ7Q65X20e6sDTleWr9R2-xsVmsaNFChEi8trY3ol5hFuamZN9sVjlwjIH-In4imMAWHQhqMtkkmsFIdG90HVEE5NzGkjskG99ZuSU30EPQTf=w408-h362-k-no,true,Open 24 hours,Open 24 hours,Open 24 hours,Open 24 hours,Open 24 hours,Open 24 hours,Open 24 hours,"https://www.google.com/maps/search/Hospice+clinics+in+Avon+Hartford+CT/@41.7658043,-72.6733723,14z",2025-09-17T23:45:08.418Z,,
https://www.google.com/maps/place/Enhabit+Hospice/data=!4m7!3m6!1s0x89e64df8cc802d13:0x4f748c7a1337b2e!8m2!3d41.6714911!4d-72.6433127!16s%2Fg%2F11xgjy4dyh!19sChIJEy2AzPhN5okRLnszocdI9wQ,Enhabit Hospice,,,Hospice,"2080 Silas Deane Hwy # 204, Rocky Hill, CT 06067, United States","M9C4+HM Rocky Hill, Connecticut, USA",https://www.ehab.com/?utm_source=gmb&utm_medium=chatmeter,+1 860-467-2690,Open 24 hours,https://lh3.googleusercontent.com/p/AF1QipOnm8yHH9lsnKv_7vb3Rjq_CiTEAgT9Ekgl97qC=w528-h240-k-no,true,Open 24 hours,Open 24 hours,Open 24 hours,Open 24 hours,Open 24 hours,Open 24 hours,Open 24 hours,"https://www.google.com/maps/search/Hospice+clinics+in+Avon+Hartford+CT/@41.7658043,-72.6733723,14z",2025-09-17T23:45:13.112Z,,
https://www.google.com/maps/place/Hartford+HealthCare+Corporation/data=!4m7!3m6!1s0x89e6537be5877e99:0xc28821a470d69389!8m2!3d41.7663459!4d-72.6748922!16s%2Fg%2F1262dj983!19sChIJmX6H5XtT5okRiZPWcKQhiMI,Hartford HealthCare Corporation,2.1,41,Medical office,"100 Pearl St, Hartford, CT 06103, United States","Q88G+G2 Hartford, Connecticut, USA",https://hartfordhealthcare.org/,+1 860-263-4100,Closed ⋅ Opens 9 am Thu,https://lh3.googleusercontent.com/gps-cs-s/AC9h4nqMMs4urVBphtC8xfPHBgLBD8EB1Qv9svqHvJkT3x9Txtq3bNA7YLKP1HvrfESxrmHUnaCHOmVnzqn0ZyFLbjB71Ii_odTlnTjtZvfSwxEQKEsW7xNf4Po6T4TkCu5i_wGuPZz0Jw=w408-h240-k-no-pi0-ya340-ro-0-fo100,true,9 am–5 pm,9 am–5 pm,9 am–5 pm,Closed,Closed,9 am–5 pm,9 am–5 pm,"https://www.google.com/maps/search/Hospice+clinics+in+Avon+Hartford+CT/@41.7658043,-72.6733723,14z",2025-09-17T23:45:17.572Z,,
https://www.google.com/maps/place/Community+Health+Services/data=!4m7!3m6!1s0x89e6549f425bc6ad:0x6b4e17fb8f89af88!8m2!3d41.7779961!4d-72.6847809!16s%2Fg%2F1tcvq8y8!19sChIJrcZbQp9U5okRiK-Jj_sXTms,Community Health Services,3.2,130,Medical Center,"500 Albany Ave, Hartford, CT 06120, United States","Q8H8+53 Hartford, Connecticut, USA",http://www.chshartford.org/,+1 860-249-9625,Closed ⋅ Opens 8 am Thu,https://lh3.googleusercontent.com/p/AF1QipNxSeAFNXVL0DCLwK23lhC3tO-UaBuYainBJOda=w408-h271-k-no,true,8 am–5:30 pm,8 am–5:30 pm,9:30 am–5:30 pm,Closed,Closed,8 am–5:30 pm,8 am–5:30 pm,"https://www.google.com/maps/search/Hospice+clinics+in+Avon+Hartford+CT/@41.7658043,-72.6733723,14z",2025-09-17T23:45:21.970Z,,
https://www.google.com/maps/place/Hartford+HealthCare+Cancer+Institute+at+Hartford+Hospital/data=!4m7!3m6!1s0x89e653072abd5c13:0xac62569a3296e658!8m2!3d41.7537488!4d-72.6787176!16s%2Fg%2F11bv2gzxzb!19sChIJE1y9KgdT5okRWOaWMppWYqw,Hartford HealthCare Cancer Institute at Hartford Hospital,3.7,3,Cancer treatment center,"79 Retreat Ave, Hartford, CT 06106, United States","Q83C+FG Hartford, Connecticut, USA",https://hartfordhealthcare.org/services/cancer-care?gclid=EAIaIQobChMI9LL-0L6f3wIVxoSzCh24WwgLEAAYASAAEgL9tfD_BwE,+1 860-972-6000,,https://streetviewpixels-pa.googleapis.com/v1/thumbnail?panoid=OqM6fx0LJFg8i0aJnCEQsQ&cb_client=search.gws-prod.gps&w=408&h=240&yaw=100.35913&pitch=0&thumbfov=100,true,,,,,,,,"https://www.google.com/maps/search/Hospice+clinics+in+Avon+Hartford+CT/@41.7658043,-72.6733723,14z",2025-09-17T23:45:24.335Z,,
"https://www.google.com/maps/place/Beacon+Hospice+Care,+an+Amedisys+Company/data=!4m7!3m6!1s0x89e653826f2dfdcb:0x1ce24acea4d5162d!8m2!3d41.7617325!4d-72.6573144!16s%2Fg%2F1v76_pqm!19sChIJy_0tb4JT5okRLRbVpM5K4hw","Beacon Hospice Care, an Amedisys Company",3.3,15,Hospice,"77 Hartland St Suite 230, East Hartford, CT 06108, United States","Q86V+M3 East Hartford, Connecticut, USA",https://locations.amedisys.com/ct/east-hartford/hospice-4708/?utm_source=google&utm_medium=organic&utm_campaign=locallisting,+1 860-282-0527,Open 24 hours,https://lh3.googleusercontent.com/p/AF1QipPkoVf7yCA_EtfloOGiO9jGxic4hYWgRY3VN7Kt=w426-h240-k-no,true,Open 24 hours,Open 24 hours,Open 24 hours,Open 24 hours,Open 24 hours,Open 24 hours,Open 24 hours,"https://www.google.com/maps/search/Hospice+clinics+in+Avon+Hartford+CT/@41.7658043,-72.6733723,14z",2025-09-17T23:45:28.670Z,,
https://www.google.com/maps/place/Connecticut+Hospice-Farmington/data=!4m7!3m6!1s0x89e6532bffffffff:0x28967e2247a5f600!8m2!3d41.743111!4d-72.7038047!16s%2Fg%2F1260012qj!19sChIJ_____ytT5okRAPalRyJ-lig,Connecticut Hospice-Farmington,,,Hospice,"Hartford, CT 06106, United States",,,+1 860-674-1820,,https://streetviewpixels-pa.googleapis.com/v1/thumbnail?panoid=GPXfIHu1WIY6a2_il2CTpA&cb_client=search.gws-prod.gps&w=408&h=240&yaw=167.92819&pitch=0&thumbfov=100,false,,,,,,,,"https://www.google.com/maps/search/Hospice+clinics+in+Avon+Hartford+CT/@41.7658043,-72.6733723,14z",2025-09-17T23:45:30.867Z,,
https://www.google.com/maps/place/Riverside+Health+and+Rehabilitation+Center/data=!4m7!3m6!1s0x89e65389a24248ed:0xa2fe51c0d4897723!8m2!3d41.766774!4d-72.6460406!16s%2Fg%2F1v8l0mxx!19sChIJ7UhCoolT5okRI3eJ1MBR_qI,Riverside Health and Rehabilitation Center,4.5,364,Nursing home,"745 Main St, East Hartford, CT 06180, United States","Q983+PH East Hartford, Connecticut, USA",https://riverrehab.com/,+1 860-289-2791,"Closes soon ⋅ 8 pm ⋅ Opens 8 am Thu

Confirmed by this business 8 weeks ago",https://lh3.googleusercontent.com/p/AF1QipPCg2opd0c88H3iu6_U6J_DWoC5yXz65SaDi5l3=w426-h240-k-no,true,8 am–8 pm,8 am–8 pm,8 am–8 pm,8 am–8 pm,8 am–8 pm,8 am–8 pm,8 am–8 pm,"https://www.google.com/maps/search/Hospice+clinics+in+Avon+Hartford+CT/@41.7658043,-72.6733723,14z",2025-09-17T23:45:35.368Z,,
"https://www.google.com/maps/place/Hospice+%26+Palliative+of+Ct/@41.7636969,-72.661387,17z/data=!3m1!4b1!4m6!3m5!1s0x89e653826f2dfdcb:0x73d184c1327ea0cd!8m2!3d41.7636969!4d-72.661387!16s%2Fg%2F1w8wc14v",Hospice & Palliative of Ct,,,Hospice,"111 Founders Brg # 200, East Hartford, CT 06108, United States","Q87Q+FC East Hartford, Connecticut, USA",,+1 860-289-5241,,,false,,,,,,,,"https://www.google.com/maps/search/Hospice+clinics+in+Avon+Hartford+CT/@41.7658043,-72.6733723,14z",2025-09-17T23:45:39.632Z,,
https://www.google.com/maps/place/Brighton+Hospice+-+Connecticut/data=!4m7!3m6!1s0x89e7b1644d96f2e9:0x34c7e537bb714152!8m2!3d41.7060825!4d-72.8150856!16s%2Fg%2F11v154wp7n!19sChIJ6fKWTWSx54kRUkFxuzflxzQ,Brighton Hospice - Connecticut,4.8,19,Hospice,"30 Waterside Dr Suite #101, Farmington, CT 06032, United States","P54M+CX Farmington, Connecticut, USA",https://brightonhospice.com/,+1 860-507-7508,Open 24 hours,https://streetviewpixels-pa.googleapis.com/v1/thumbnail?panoid=MiXn6dnrXdQCIVFaSfW3nQ&cb_client=search.gws-prod.gps&w=408&h=240&yaw=91.973915&pitch=0&thumbfov=100,true,Open 24 hours,Open 24 hours,Open 24 hours,Open 24 hours,Open 24 hours,Open 24 hours,Open 24 hours,"https://www.google.com/maps/search/Hospice+clinics+in+Avon+Hartford+CT/@41.7658043,-72.6733723,14z",2025-09-17T23:45:44.040Z,,
"https://www.google.com/maps/place/Masonicare+Home+Health,+Hospice+%26+Palliative+Care/data=!4m7!3m6!1s0x89e653dfdaeae979:0xd88f258004d032cf!8m2!3d41.7618124!4d-72.6573398!16s%2Fg%2F11hy_n2ygx!19sChIJeenq2t9T5okRzzLQBIAlj9g","Masonicare Home Health, Hospice & Palliative Care",3.0,6,Home health care service,"77 Hartland St Suite 400, East Hartford, CT 06108, United States","Q86V+P3 East Hartford, Connecticut, USA",https://www.masonicare.org/services/home-health-hospice,+1 860-500-4000,Closed ⋅ Opens 8 am Thu,https://lh3.googleusercontent.com/p/AF1QipNpceCBKc_xFEjqKga7cuIl_BEZR-HIiethAdn0=w408-h296-k-no,true,8 am–5 pm,8 am–5 pm,8 am–5 pm,8 am–5 pm,8 am–5 pm,8 am–5 pm,8 am–5 pm,"https://www.google.com/maps/search/Hospice+clinics+in+Avon+Hartford+CT/@41.7658043,-72.6733723,14z",2025-09-17T23:45:48.460Z,,
https://www.google.com/maps/place/Vitas+Hospice+Services/data=!4m7!3m6!1s0x89e651a242d2cadb:0x2f7ee24f112a8b1e!8m2!3d41.7143706!4d-72.5888228!16s%2Fg%2F1tzgknyd!19sChIJ28rSQqJR5okRHosqEU_ifi8,Vitas Hospice Services,2.7,3,Hospice,"628 Hebron Ave # 300, Glastonbury, CT 06033, United States","PC76+PF Glastonbury, Connecticut, USA",https://www.vitas.com/,+1 860-494-4600,,https://streetviewpixels-pa.googleapis.com/v1/thumbnail?panoid=eAztH7_kJgKyTByNI_D8Ig&cb_client=search.gws-prod.gps&w=408&h=240&yaw=139.37903&pitch=0&thumbfov=100,false,,,,,,,,"https://www.google.com/maps/search/Hospice+clinics+in+Avon+Hartford+CT/@41.7658043,-72.6733723,14z",2025-09-17T23:45:50.951Z,,
https://www.google.com/maps/place/Athena+Home+Health+%26+Hospice/data=!4m7!3m6!1s0x89e7ad07952eeea5:0xed5f42da8ee7176f!8m2!3d41.7231652!4d-72.7855582!16s%2Fg%2F11h2qyy9qv!19sChIJpe4ulQet54kRbxfnjtpCX-0,Athena Home Health & Hospice,3.8,4,Home health care service,"135 South Rd #2, Farmington, CT 06032, United States","P6F7+7Q Farmington, Connecticut, USA",http://www.athenahhc.com/,+1 860-751-3620,Open 24 hours,https://streetviewpixels-pa.googleapis.com/v1/thumbnail?panoid=SB8h8U6g4osy9SZSRRBp-A&cb_client=search.gws-prod.gps&w=408&h=240&yaw=14.219379&pitch=0&thumbfov=100,true,Open 24 hours,Open 24 hours,Open 24 hours,Open 24 hours,Open 24 hours,Open 24 hours,Open 24 hours,"https://www.google.com/maps/search/Hospice+clinics+in+Avon+Hartford+CT/@41.7658043,-72.6733723,14z",2025-09-17T23:45:55.355Z,,
https://www.google.com/maps/place/Autumn+Lake+Healthcare+at+West+Hartford+%28The+Reservoir%29/data=!4m7!3m6!1s0x89e7adb6dc37f09b:0xcc47f4f68894eb87!8m2!3d41.7427637!4d-72.7774389!16s%2Fg%2F1tr8mm6g!19sChIJm_A33Lat54kRh-uUiPb0R8w,Autumn Lake Healthcare at West Hartford (The Reservoir),4.2,168,Nursing home,"1 Emily Way, West Hartford, CT 06107, United States","P6VF+42 West Hartford, Connecticut, USA",https://autumnlakewesthartford.com/,+1 860-561-7022,Open 24 hours,https://lh3.googleusercontent.com/p/AF1QipPvU0sOn1GUsxlNbUfV3vJyBsTfsn2n1FyDBNl9=w408-h271-k-no,true,Open 24 hours,Open 24 hours,Open 24 hours,Open 24 hours,Open 24 hours,Open 24 hours,Open 24 hours,"https://www.google.com/maps/search/Hospice+clinics+in+Avon+Hartford+CT/@41.7658043,-72.6733723,14z",2025-09-17T23:45:59.818Z,,
https://www.google.com/maps/place/Hartford+Hospital+Emergency+Rooom/data=!4m7!3m6!1s0x89e6536cac1ac19d:0xb90e600ef7bc98d8!8m2!3d41.7525359!4d-72.6802372!16zL20vMGJ0MHIw!19sChIJncEarGxT5okR2Ji89w5gDrk,Hartford Hospital Emergency Rooom,2.6,874,Hospital,"80 Seymour St, Hartford, CT 06106, United States","Q839+2W Hartford, Connecticut, USA",https://hartfordhospital.org/,+1 860-545-5000,"Open 24 hours

Confirmed by this business 7 weeks ago",https://lh3.googleusercontent.com/gps-cs-s/AC9h4noWTMjko98X_UT302ZBefAICV-P1PwpbXNVukXlB4YWScBPgiuY_HBJBRpBLiV69Z0L8unv_xCAkBA_gwpB5aGxEsucfmNCfS3rpThm5NIU86rflFyDxgjueUW4Gvtr2KZvck9giw=w408-h544-k-no,true,Open 24 hours,Open 24 hours,Open 24 hours,Open 24 hours,Open 24 hours,Open 24 hours,Open 24 hours,"https://www.google.com/maps/search/Hospice+clinics+in+Avon+Hartford+CT/@41.7658043,-72.6733723,14z",2025-09-17T23:46:04.329Z,,
https://www.google.com/maps/place/Hebrew+Center+for+Health+%26+Rehabilitation/data=!4m7!3m6!1s0x89e7ab3ee13aafbf:0xb7ba0a6a54b31508!8m2!3d41.8028201!4d-72.7294146!16s%2Fg%2F1tdz5vtc!19sChIJv6864T6r54kRCBWzVGoKurc,Hebrew Center for Health & Rehabilitation,4.3,276,Rehabilitation center,"1 Abrahms Blvd, West Hartford, CT 06117, United States","R73C+46 West Hartford, Connecticut, USA",https://hebrewcenterrehab.com/,+1 860-523-3800,Closes soon ⋅ 8 pm ⋅ Opens 8 am Thu,https://lh3.googleusercontent.com/gps-cs-s/AC9h4nqPOSTgktdhX-EodgdaCcdu3UJhupn-zif8TFdC2Tnx2hIUu63Omw0cuyyqEbEVsaZ25yPDlwJJO1TuvZSDP1539j2PI-MRtJQozLkxH3LGgSfM6LnqXhqDm4bHSbWoQIznomLoxiChq3ZG=w408-h544-k-no,true,8 am–8 pm,8 am–8 pm,8 am–8 pm,8 am–8 pm,8 am–8 pm,8 am–8 pm,8 am–8 pm,"https://www.google.com/maps/search/Hospice+clinics+in+Avon+Hartford+CT/@41.7658043,-72.6733723,14z",2025-09-17T23:46:08.721Z,,
https://www.google.com/maps/place/Home+Instead/data=!4m7!3m6!1s0x89e7ab633f61bc49:0xe25036626414fae3!8m2!3d41.7867396!4d-72.7439524!16s%2Fg%2F1tx4qcsd!19sChIJSbxhP2Or54kR4_oUZGI2UOI,Home Instead,4.4,23,Home health care service,"2446 Albany Ave Suite 304, West Hartford, CT 06117, United States","Q7P4+MC West Hartford, Connecticut, USA",https://www.homeinstead.com/home-care/usa/ct/west-hartford/553/?utm_source=google&utm_medium=organic&utm_campaign=google_organic_businesslisting_y,+1 860-248-7778,"Open 24 hours

Confirmed by this business 6 weeks ago",https://lh3.googleusercontent.com/p/AF1QipOibmMY078pOf8N_t4MEMv3FkD0tsnteMLj-iIe=w408-h271-k-no,true,Open 24 hours,Open 24 hours,Open 24 hours,Open 24 hours,Open 24 hours,Open 24 hours,Open 24 hours,"https://www.google.com/maps/search/Hospice+clinics+in+Avon+Hartford+CT/@41.7658043,-72.6733723,14z",2025-09-17T23:46:13.055Z,LGBTQ+ friendly,
https://www.google.com/maps/place/VITAS+Healthcare/data=!4m7!3m6!1s0x89e651a25b4f8875:0x622fe8edf019375e!8m2!3d41.7131382!4d-72.5871184!16s%2Fg%2F11b6jgmvn2!19sChIJdYhPW6JR5okRXjcZ8O3oL2I,VITAS Healthcare,2.0,4,Hospice,"628 Hebron Ave Ste 300, Glastonbury, CT 06033, United States","PC77+75 Glastonbury, Connecticut, USA",https://www.vitas.com/locations-search/connecticut/glastonbury-hospice-office/?utm_source=google&utm_medium=locallisting&utm_content=SAT4103&y_source=1_ODcxOTI5NC03MTUtbG9jYXRpb24ud2Vic2l0ZQ%3D%3D,+1 860-494-4600,Open 24 hours,https://lh3.googleusercontent.com/p/AF1QipNuCJXNbMBA24MLWektreVBwr0VQpoPQeJG2nRl=w426-h240-k-no,true,Open 24 hours,Open 24 hours,Open 24 hours,Open 24 hours,Open 24 hours,Open 24 hours,Open 24 hours,"https://www.google.com/maps/search/Hospice+clinics+in+Avon+Hartford+CT/@41.7658043,-72.6733723,14z",2025-09-17T23:46:17.486Z,,
https://www.google.com/maps/place/Hospice+of+Eastern+Connecticut/data=!4m7!3m6!1s0x89e663b3b09eb3b3:0x605d11843a5d1af2!8m2!3d41.7336244!4d-72.2070881!16s%2Fg%2F1tfpkvls!19sChIJs7OesLNj5okR8hpdOoQRXWA,Hospice of Eastern Connecticut,5.0,1,Hospice,"34 Ledgebrook Dr, Mansfield Center, CT 06250, United States","PQMV+C5 Mansfield Center, Mansfield, CT, USA",https://hartfordhealthcareathome.org/,+1 800-862-1551,,https://lh3.googleusercontent.com/gps-cs-s/AC9h4npcHp8sfKeGG7noUvBx9zAfym_uP-iuGOoIYTXAuNAb43UwD9JSud0b4oDHMRmE7mFDhvimFdjwLw1aVwQXRT9o3ZvUdiP3PxncyJsqzDLubu_w4MhBL_29M83nEHWAarqegiGquA=w408-h518-k-no,false,,,,,,,,"https://www.google.com/maps/search/Hospice+clinics+in+Avon+Hartford+CT/@41.7658043,-72.6733723,14z",2025-09-17T23:46:19.874Z,,
https://www.google.com/maps/place/Connecticut+Hospice/data=!4m7!3m6!1s0x89e7d621301052b1:0xaf4afdb1ca0d9673!8m2!3d41.255813!4d-72.8325045!16s%2Fg%2F1w2yvxx0!19sChIJsVIQMCHW54kRc5YNyrH9Sq8,Connecticut Hospice,4.2,56,Hospice,"100 Double Beach Rd, Branford, CT 06405, United States","7548+8X Branford, Connecticut, USA",https://www.hospice.com/,+1 203-315-7301,Open 24 hours,https://lh3.googleusercontent.com/p/AF1QipMdQN58_GB8abGSwc39HFK0MRPxwpDCjgg4iRIP=w425-h240-k-no,true,Open 24 hours,Open 24 hours,Open 24 hours,Open 24 hours,Open 24 hours,Open 24 hours,Open 24 hours,"https://www.google.com/maps/search/Hospice+clinics+in+Avon+Hartford+CT/@41.7658043,-72.6733723,14z",2025-09-17T23:46:24.235Z,,
https://www.google.com/maps/place/Compassus/data=!4m7!3m6!1s0x89e64df2af7cfd59:0xb52d4d3c63a299d!8m2!3d41.6513571!4d-72.6747755!16s%2Fg%2F11h5850qbz!19sChIJWf18r_JN5okRnSk6xtPUUgs,Compassus,3.5,11,Hospice,"200 Corporate Pl Ste 202, Rocky Hill, CT 06067, United States","M82G+G3 Rocky Hill, Connecticut, USA",https://www.compassus.com/locations/connecticut/hartford/,+1 860-926-3773,"Open 24 hours

Updated by this business 7 weeks ago",https://lh3.googleusercontent.com/p/AF1QipO6U3anCel9PPSLIl-ax4WhbbHq3FrI_C4Ak5Y=w408-h248-k-no,true,Open 24 hours,Open 24 hours,Open 24 hours,Open 24 hours,Open 24 hours,Open 24 hours,Open 24 hours,"https://www.google.com/maps/search/Hospice+clinics+in+Avon+Hartford+CT/@41.7658043,-72.6733723,14z",2025-09-17T23:46:28.653Z,,
https://www.google.com/maps/place/West+Hartford+Health+%26+Rehabilitation+Center/data=!4m7!3m6!1s0x89e7ac938d1d08e7:0x949913ec5f8e2ea!8m2!3d41.7671191!4d-72.7396131!16s%2Fg%2F1tc_53ky!19sChIJ5wgdjZOs54kR6uL4xT6RSQk,West Hartford Health & Rehabilitation Center,4.3,90,Nursing home,"130 Loomis Dr, West Hartford, CT 06107, United States","Q786+R5 West Hartford, Connecticut, USA",http://www.westhartfordhealth.com/,+1 860-521-8700,Open 24 hours,https://streetviewpixels-pa.googleapis.com/v1/thumbnail?panoid=yNqPoJeo9ELNXOKi8dC2HQ&cb_client=search.gws-prod.gps&w=408&h=240&yaw=75.0758&pitch=0&thumbfov=100,true,Open 24 hours,Open 24 hours,Open 24 hours,Open 24 hours,Open 24 hours,Open 24 hours,Open 24 hours,"https://www.google.com/maps/search/Hospice+clinics+in+Avon+Hartford+CT/@41.7658043,-72.6733723,14z",2025-09-17T23:46:33.087Z,,
https://www.google.com/maps/place/McLean+Hospice/data=!4m7!3m6!1s0x89e707d1d598cbab:0xd78f98f8eccc703d!8m2!3d41.8821627!4d-72.8280072!16s%2Fg%2F11mvp5s6jh!19sChIJq8uY1dEH54kRPXDM7PiYj9c,McLean Hospice,,,Hospice,"75 Great Pond Rd, Simsbury, CT 06070, United States","V5JC+VQ Simsbury, Connecticut, USA",https://mcleancare.org/health-services/hospice/,+1 860-658-3954,Open 24 hours,https://streetviewpixels-pa.googleapis.com/v1/thumbnail?panoid=fqA28A1QLwXLV4_B4T5jAQ&cb_client=search.gws-prod.gps&w=408&h=240&yaw=175.0556&pitch=0&thumbfov=100,true,Open 24 hours,Open 24 hours,Open 24 hours,Open 24 hours,Open 24 hours,Open 24 hours,Open 24 hours,"https://www.google.com/maps/search/Hospice+clinics+in+Avon+Hartford+CT/@41.7658043,-72.6733723,14z",2025-09-17T23:46:37.389Z,,
https://www.google.com/maps/place/Elara+Caring/data=!4m7!3m6!1s0x89e6ff072579dd35:0x6494e8fd49a5409a!8m2!3d41.8646711!4d-72.6644593!16s%2Fg%2F11t3v5cz3q!19sChIJNd15JQf_5okRmkClSf3olGQ,Elara Caring,5.0,1,Home health care service,"80 Lamberton Rd #140, Windsor, CT 06095, United States","V87P+V6 Windsor, Connecticut, USA",https://elara.com/locations/windsor-ct/,+1 860-683-4603,Open 24 hours,https://streetviewpixels-pa.googleapis.com/v1/thumbnail?panoid=eM2VNeOQBPFoGnApdPKTRQ&cb_client=search.gws-prod.gps&w=408&h=240&yaw=21.282164&pitch=0&thumbfov=100,true,Open 24 hours,Open 24 hours,Open 24 hours,Open 24 hours,Open 24 hours,Open 24 hours,Open 24 hours,"https://www.google.com/maps/search/Hospice+clinics+in+Avon+Hartford+CT/@41.7658043,-72.6733723,14z",2025-09-17T23:46:41.976Z,,
https://www.google.com/maps/place/Center+for+Hospice+Care/data=!4m7!3m6!1s0x89e67232948b2333:0xa5fc5be307e7c8c3!8m2!3d41.5171684!4d-72.0962114!16s%2Fg%2F1tcx80r3!19sChIJMyOLlDJy5okRw8jnB-Nb_KU,Center for Hospice Care,1.0,1,Hospice,"227 Dunham St, Norwich, CT 06360, United States","GW83+VG Norwich, Connecticut, USA",https://www.hospicesect.org/,+1 860-848-5699,Closed ⋅ Opens 8 am Thu,https://lh3.googleusercontent.com/p/AF1QipPsBiE12Wh5Xxg1LR6gSRMpfV3kqySA1gcreEaV=w408-h271-k-no,true,8 am–4 pm,8 am–4 pm,8 am–4 pm,Closed,Closed,8 am–4 pm,8 am–4 pm,"https://www.google.com/maps/search/Hospice+clinics+in+Avon+Hartford+CT/@41.7658043,-72.6733723,14z",2025-09-17T23:46:46.468Z,,
https://www.google.com/maps/place/Hartford+Health+Initiative/data=!4m7!3m6!1s0x89e65494bae4efd5:0x28710ed0c60db578!8m2!3d41.7920011!4d-72.6810266!16s%2Fg%2F11p0vxl524!19sChIJ1e_kupRU5okReLUNxtAOcSg,Hartford Health Initiative,,,Educational institution,"10 Love Ln, Hartford, CT 06120, United States","Q8R9+RH Hartford, Connecticut, USA",https://hartfordhealth.us/,+1 860-956-5512,,https://streetviewpixels-pa.googleapis.com/v1/thumbnail?panoid=f_c4uBAWO5vsWN_um40soQ&cb_client=search.gws-prod.gps&w=408&h=240&yaw=46.764656&pitch=0&thumbfov=100,false,,,,,,,,"https://www.google.com/maps/search/Hospice+clinics+in+Avon+Hartford+CT/@41.7658043,-72.6733723,14z",2025-09-17T23:46:48.762Z,,
https://www.google.com/maps/place/Complete+Care+at+Kimberly+Hall+South/data=!4m7!3m6!1s0x89e6557741df01d1:0xbbefd5058a43d34b!8m2!3d41.8401985!4d-72.6686553!16s%2Fg%2F1td6npct!19sChIJ0QHfQXdV5okRS9NDigXV77s,Complete Care at Kimberly Hall South,4.3,127,Nursing home,"South Building, 1 Emerson Dr, Windsor, CT 06095, United States","R8RJ+3G Windsor, Connecticut, USA",https://completecarekhs.com/,+1 860-688-6443,Open 24 hours,https://lh3.googleusercontent.com/p/AF1QipMblbLPsSs-hr9mUOe1UP0MEfizrZm-eh4cuWMX=w408-h272-k-no,true,Open 24 hours,Open 24 hours,Open 24 hours,Open 24 hours,Open 24 hours,Open 24 hours,Open 24 hours,"https://www.google.com/maps/search/Hospice+clinics+in+Avon+Hartford+CT/@41.7658043,-72.6733723,14z",2025-09-17T23:46:53.253Z,,
https://www.google.com/maps/place/HomeWell+Care+Services/data=!4m7!3m6!1s0x89e701b65bd355d3:0x421a8f72dc3810e8!8m2!3d41.8729254!4d-72.8012566!16s%2Fg%2F11y97xhmtd!19sChIJ01XTW7YB54kR6BA43HKPGkI,HomeWell Care Services,5.0,16,Home health care service,"10 Jim Gallagher Way unit 4, Simsbury, CT 06070, United States","V5FX+5F Simsbury, Connecticut, USA",https://homewellcares.com/in-home-care-ct-simsbury-ct264/,+1 860-838-2361,,https://lh3.googleusercontent.com/p/AF1QipPpl5hK1rDnbeNAiZTe_759Cp9ERjehvHyP8QQp=w408-h408-k-no,true,,,,,,,,"https://www.google.com/maps/search/Hospice+clinics+in+Avon+Hartford+CT/@41.7658043,-72.6733723,14z",2025-09-17T23:46:55.611Z,,
https://www.google.com/maps/place/Complete+Care+at+Kimberly+Hall+North/data=!4m7!3m6!1s0x89e6557741df01d1:0xfe71bd19abbe2650!8m2!3d41.8413928!4d-72.6671271!16s%2Fg%2F1tp901ss!19sChIJ0QHfQXdV5okRUCa-qxm9cf4,Complete Care at Kimberly Hall North,4.7,153,Nursing home,"1 Emerson Dr, Windsor, CT 06095, United States","R8RM+H4 Windsor, Connecticut, USA",https://completecarekhn.com/,+1 860-688-6443,Open 24 hours,https://lh3.googleusercontent.com/p/AF1QipOezoFF2uGD3MpMmnA4RORWJ4shD8S5F29_38nr=w408-h248-k-no,true,Open 24 hours,Open 24 hours,Open 24 hours,Open 24 hours,Open 24 hours,Open 24 hours,Open 24 hours,"https://www.google.com/maps/search/Hospice+clinics+in+Avon+Hartford+CT/@41.7658043,-72.6733723,14z",2025-09-17T23:46:59.948Z,,
https://www.google.com/maps/place/MapleView+Health+%26+Rehabilitation+Center/data=!4m7!3m6!1s0x89e64d0ad5abbad9:0x10d338a6ad382163!8m2!3d41.6740117!4d-72.6659693!16s%2Fg%2F1tcxw7xn!19sChIJ2bqr1QpN5okRYyE4raY40xA,MapleView Health & Rehabilitation Center,4.3,112,Nursing home,"856 Maple St, Rocky Hill, CT 06067, United States","M8FM+JJ Rocky Hill, Connecticut, USA",https://mapleviewrehab.com/,+1 860-563-2861,"Closes soon ⋅ 8 pm ⋅ Opens 8 am Thu

Confirmed by this business 8 weeks ago",https://streetviewpixels-pa.googleapis.com/v1/thumbnail?panoid=yi1hirmIUPjvIFCIsGYLEA&cb_client=search.gws-prod.gps&w=408&h=240&yaw=100.689476&pitch=0&thumbfov=100,true,8 am–8 pm,8 am–8 pm,8 am–8 pm,8 am–8 pm,8 am–8 pm,8 am–8 pm,8 am–8 pm,"https://www.google.com/maps/search/Hospice+clinics+in+Avon+Hartford+CT/@41.7658043,-72.6733723,14z",2025-09-17T23:47:04.371Z,,
https://www.google.com/maps/place/Avon+Wellness+Center/data=!4m7!3m6!1s0x89e7a91495a01d33:0xe999392cad6d7921!8m2!3d41.8198586!4d-72.8282174!16s%2Fg%2F11c1vjnvqx!19sChIJMx2glRSp54kRIXltrSw5mek,Avon Wellness Center,4.3,4,Shopping mall,"152 Simsbury Rd, Avon, CT 06001, United States","R59C+WP Avon, Connecticut, USA",http://www.avonwellnesscenter.com/contact/,+1 860-678-0506,,https://streetviewpixels-pa.googleapis.com/v1/thumbnail?panoid=Pma-0-y-zlgHF-zBYogYnw&cb_client=search.gws-prod.gps&w=408&h=240&yaw=342.49744&pitch=0&thumbfov=100,false,,,,,,,,"https://www.google.com/maps/search/Hospice+clinics+in+Avon+Hartford+CT/@41.7658043,-72.6733723,14z",2025-09-17T23:47:06.762Z,,
https://www.google.com/maps/place/AccentCare+Hospice-Connecticut/data=!4m7!3m6!1s0x89e7ea7141c8ed77:0xd22349152825305a!8m2!3d41.5519073!4d-73.0950009!16s%2Fg%2F11gbfdyd26!19sChIJd-3IQXHq54kRWjAlKBVJI9I,AccentCare Hospice-Connecticut,3.9,11,Hospice,"1579 Straits Turnpike Suite 1E, Middlebury, CT 06762, United States","HW23+QX Middlebury, Connecticut, USA",https://www.accentcare.com/seasons-hospice-palliative-care-announcement,+1 866-244-2199,Open 24 hours,https://lh3.googleusercontent.com/gps-cs-s/AC9h4nquAUyoj7Vwbv0siOMy8eFJStbyT_EWbTl_2SxWnvmaGtgYslFiC7eFvrsxwEEjmgyTVyEDGM7lvic3VTOQVqDofRGcoIjMfY435CcxYVbzYt3q5tRFY2Y6omyMLYoGk8YVWtzfGA=w506-h240-k-no,true,Open 24 hours,Open 24 hours,Open 24 hours,Open 24 hours,Open 24 hours,Open 24 hours,Open 24 hours,"https://www.google.com/maps/search/Hospice+clinics+in+Avon+Hartford+CT/@41.7658043,-72.6733723,14z",2025-09-17T23:47:11.100Z,,
https://www.google.com/maps/place/Athena+Health+Care+Systems/data=!4m7!3m6!1s0x89e7adefcd02d06d:0x620523f65e1388ae!8m2!3d41.7231652!4d-72.7855582!16s%2Fg%2F1hc1mmg64!19sChIJbdACze-t54kRrogTXvYjBWI,Athena Health Care Systems,2.6,30,Nursing agency,"135 South Rd STE 1, Farmington, CT 06032, United States","P6F7+7Q Farmington, Connecticut, USA",http://www.athenahealthcare.com/,+1 860-751-3900,Closed ⋅ Opens 8:30 am Thu,https://lh3.googleusercontent.com/p/AF1QipOHzDGk_lrQMVVH6xkghgO_RY9R0k5J6gdcbH-7=w408-h306-k-no,true,8:30 am–4:30 pm,8:30 am–4:30 pm,8:30 am–4:30 pm,Closed,Closed,8:30 am–4:30 pm,8:30 am–4:30 pm,"https://www.google.com/maps/search/Hospice+clinics+in+Avon+Hartford+CT/@41.7658043,-72.6733723,14z",2025-09-17T23:47:15.537Z,,
https://www.google.com/maps/place/Avery+Heights+Home+Health:+Anquillare+Joseph+T+MD/data=!4m7!3m6!1s0x89e652d3f3641f3f:0xba67c5f8e3bc1660!8m2!3d41.729019!4d-72.7068657!16s%2Fg%2F1tj7g22l!19sChIJPx9k89NS5okRYBa84_jFZ7o,Avery Heights Home Health: Anquillare Joseph T MD,,,Home health care service,"705 New Britain Ave, Hartford, CT 06106, United States","P7HV+J7 Hartford, Connecticut, USA",https://averyheights.org/home-care-hartford-ct/,+1 860-527-4663,,https://streetviewpixels-pa.googleapis.com/v1/thumbnail?panoid=yDAX1zrDu9C_GwiFLDGYXw&cb_client=search.gws-prod.gps&w=408&h=240&yaw=35.823227&pitch=0&thumbfov=100,false,,,,,,,,"https://www.google.com/maps/search/Hospice+clinics+in+Avon+Hartford+CT/@41.7658043,-72.6733723,14z",2025-09-17T23:47:17.761Z,,
https://www.google.com/maps/place/Heavens+Hands+Home+Care/data=!4m7!3m6!1s0x89e6518f140b0893:0x95a12f5b80b1cfd5!8m2!3d41.7122032!4d-72.60737!16s%2Fg%2F11c5s7x3xl!19sChIJkwgLFI9R5okR1c-xgFsvoZU,Heavens Hands Home Care,4.7,29,Home help service agency,"30C Hebron Ave, Glastonbury, CT 06033, United States","P96V+V3 Glastonbury, Connecticut, USA",https://www.heavenshandscare.com/,+1 860-519-1922,,https://streetviewpixels-pa.googleapis.com/v1/thumbnail?panoid=QYLi2zAjI6EzaIKWls9nfg&cb_client=search.gws-prod.gps&w=408&h=240&yaw=194.55847&pitch=0&thumbfov=100,true,,,,,,,,"https://www.google.com/maps/search/Hospice+clinics+in+Avon+Hartford+CT/@41.7658043,-72.6733723,14z",2025-09-17T23:47:20.045Z,,
"https://www.google.com/maps/place/Hartford+HealthCare+Cancer+Institute-+Avon/@41.8170193,-72.8325991,17z/data=!3m1!4b1!4m6!3m5!1s0x89e7a914370585e3:0xe6ca5e955b221831!8m2!3d41.8170193!4d-72.8325991!16s%2Fg%2F11gy6jv52r",Hartford HealthCare Cancer Institute- Avon,,,Cancer treatment center,"80 Fisher Dr, Avon, CT 06001, United States","R588+RX Avon, Connecticut, USA",https://hartfordhealthcare.org/services/cancer-care/locations/locations-detail?id=a1Pj0000000p4djEAA,+1 860-696-1000,Closed ⋅ Opens 7 am Thu,,true,7 am–5 pm,7 am–5 pm,7 am–5 pm,Closed,Closed,7 am–5 pm,7 am–5 pm,"https://www.google.com/maps/search/Hospice+clinics+in+Avon+Hartford+CT/@41.7658043,-72.6733723,14z",2025-09-17T23:47:26.283Z,,
https://www.google.com/maps/place/Elara+Caring/data=!4m7!3m6!1s0x89e64b222587c177:0x32f7ef1a8a4bfd18!8m2!3d41.6390778!4d-72.6780792!16s%2Fg%2F11h5801_pw!19sChIJd8GHJSJL5okRGP1Lihrv9zI,Elara Caring,1.3,15,Home health care service,"1111 Cromwell Ave Building 6, Rocky Hill, CT 06067, United States","J8QC+JQ Rocky Hill, Connecticut, USA",https://elara.com/locations/rocky-hill-ct/,+1 860-632-4000,Open 24 hours,https://streetviewpixels-pa.googleapis.com/v1/thumbnail?panoid=8icRvS0pO68t4PqjYM-xZQ&cb_client=search.gws-prod.gps&w=408&h=240&yaw=160.97838&pitch=0&thumbfov=100,true,Open 24 hours,Open 24 hours,Open 24 hours,Open 24 hours,Open 24 hours,Open 24 hours,Open 24 hours,"https://www.google.com/maps/search/Hospice+clinics+in+Avon+Hartford+CT/@41.7658043,-72.6733723,14z",2025-09-17T23:47:30.929Z,,
https://www.google.com/maps/place/Regional+Hospice/data=!4m7!3m6!1s0x89e7ff66ccf7040b:0x459b185ed22b3148!8m2!3d41.3860384!4d-73.5186687!16s%2Fg%2F1tgcbjz_!19sChIJCwT3zGb_54kRSDEr0l4Ym0U,Regional Hospice,4.4,53,Hospice,"30 Milestone Rd, Danbury, CT 06810, United States","9FPJ+CG Danbury, Connecticut, USA",https://regionalhospicect.org/,+1 203-702-7400,Open 24 hours,https://lh3.googleusercontent.com/p/AF1QipMdsq3EXw-aCGAGQ_5AC5DhhPNHrLOtRmN80U95=w408-h283-k-no,true,Open 24 hours,Open 24 hours,Open 24 hours,Open 24 hours,Open 24 hours,Open 24 hours,Open 24 hours,"https://www.google.com/maps/search/Hospice+clinics+in+Avon+Hartford+CT/@41.7658043,-72.6733723,14z",2025-09-17T23:47:35.368Z,LGBTQ+ friendly,
https://www.google.com/maps/place/Autumn+Lake+Healthcare+at+New+Britain/data=!4m7!3m6!1s0x89e7ad861c3f72a7:0xd6d46cfa7da96582!8m2!3d41.7134999!4d-72.7687307!16s%2Fg%2F1vm7ch9n!19sChIJp3I_HIat54kRgmWpffps1NY,Autumn Lake Healthcare at New Britain,4.4,310,Nursing home,"400 Brittany Farms Rd, New Britain, CT 06053, United States","P67J+9G New Britain, Connecticut, USA",http://autumnlakenewbritain.com/,+1 860-224-3111,Open 24 hours,https://lh3.googleusercontent.com/p/AF1QipNw4iErMduEqsAZybGlPKPccn_VnKE35R9qxSNv=w408-h271-k-no,true,Open 24 hours,Open 24 hours,Open 24 hours,Open 24 hours,Open 24 hours,Open 24 hours,Open 24 hours,"https://www.google.com/maps/search/Hospice+clinics+in+Avon+Hartford+CT/@41.7658043,-72.6733723,14z",2025-09-17T23:47:39.832Z,,
https://www.google.com/maps/place/Hartford+HealthCare+at+Home/data=!4m7!3m6!1s0x89e7b714e937f3bf:0xce3a1e2f0b6f1ff2!8m2!3d41.5946742!4d-72.8765604!16s%2Fg%2F1260w678k!19sChIJv_M36RS354kR8h9vCy8eOs4,Hartford HealthCare at Home,3.0,26,Home health care service,"81 Meriden Ave Suite 314, Southington, CT 06489, United States","H4VF+V9 Southington, Connecticut, USA",https://hartfordhealthcareathome.org/service-area,+1 800-862-1551,Closed ⋅ Opens 8 am Thu,https://streetviewpixels-pa.googleapis.com/v1/thumbnail?panoid=Pc7HAb0ZlJ7_ApO0yHU0Ow&cb_client=search.gws-prod.gps&w=408&h=240&yaw=257.86444&pitch=0&thumbfov=100,true,8 am–4:30 pm,8 am–4:30 pm,8 am–4:30 pm,Closed,Closed,8 am–4:30 pm,8 am–5 pm,"https://www.google.com/maps/search/Hospice+clinics+in+Avon+Hartford+CT/@41.7658043,-72.6733723,14z",2025-09-17T23:47:44.283Z,,
https://www.google.com/maps/place/Apple+Rehab+Farmington+Valley/data=!4m7!3m6!1s0x89e7b054dbe878c9:0x3f0324d1e2bc2e25!8m2!3d41.6860955!4d-72.853961!16s%2Fg%2F1ts_7my_!19sChIJyXjo21Sw54kRJS684tEkAz8,Apple Rehab Farmington Valley,3.3,46,Nursing home,"269 Farmington Ave, Plainville, CT 06062, United States","M4PW+CC Plainville, Connecticut, USA",http://www.apple-rehab.com/,+1 860-747-1637,,https://lh3.googleusercontent.com/p/AF1QipOCNy9X8rxl-1lKK5TXK9wVeucWW0PIpYg5UVIG=w408-h306-k-no,true,,,,,,,,"https://www.google.com/maps/search/Hospice+clinics+in+Avon+Hartford+CT/@41.7658043,-72.6733723,14z",2025-09-17T23:47:46.578Z,,
https://www.google.com/maps/place/Ayer+Neuroscience+Institute+Seizure+and+Epilepsy+Clinic+at+Hartford+Hospital/data=!4m7!3m6!1s0x89e653c52832c9ff:0xb1494f8f466d7e33!8m2!3d41.7544767!4d-72.6820975!16s%2Fg%2F11r10lw1g_!19sChIJ_8kyKMVT5okRM35tRo9PSbE,Ayer Neuroscience Institute Seizure and Epilepsy Clinic at Hartford Hospital,1.5,2,Neurologist,"85 Seymour St #815, Hartford, CT 06106, United States","Q839+Q5 Hartford, Connecticut, USA",https://hartfordhealthcare.org/services/epilepsy-center,+1 860-972-3600,Closed ⋅ Opens 8 am Thu,https://streetviewpixels-pa.googleapis.com/v1/thumbnail?panoid=5JzXInvUXooDOB-Kj8C2OQ&cb_client=search.gws-prod.gps&w=408&h=240&yaw=353.42798&pitch=0&thumbfov=100,true,8 am–4:30 pm,8 am–4:30 pm,8 am–4:30 pm,Closed,Closed,8 am–4:30 pm,8 am–4:30 pm,"https://www.google.com/maps/search/Hospice+clinics+in+Avon+Hartford+CT/@41.7658043,-72.6733723,14z",2025-09-17T23:47:51.028Z,,
https://www.google.com/maps/place/VITAS+Healthcare+Inpatient+Hospice+Unit/data=!4m7!3m6!1s0x89e7c10122e2a263:0x71ddbead85d7bb86!8m2!3d41.5527881!4d-73.0369765!16s%2Fg%2F11b6jgn5bw!19sChIJY6LiIgHB54kRhrvXha2-3XE,VITAS Healthcare Inpatient Hospice Unit,3.3,12,Hospice,"56 Franklin St 4th Floor, Waterbury, CT 06706, United States","HX37+46 Waterbury, Connecticut, USA",https://www.vitas.com/locations-search/connecticut/vitas-inpatient-hospice-unit-at-st-marys-hospital/?utm_source=google&utm_medium=locallisting&utm_content=IPU4101&y_source=1_ODcxOTI4OC03MTUtbG9jYXRpb24ud2Vic2l0ZQ%3D%3D,+1 203-709-7700,Open 24 hours,https://lh3.googleusercontent.com/p/AF1QipOnrTF4DNSamqzPZPVo2tO9cm6vve30RqG3Fuzs=w426-h240-k-no,true,Open 24 hours,Open 24 hours,Open 24 hours,Open 24 hours,Open 24 hours,Open 24 hours,Open 24 hours,"https://www.google.com/maps/search/Hospice+clinics+in+Avon+Hartford+CT/@41.7658043,-72.6733723,14z",2025-09-17T23:47:55.475Z,,
https://www.google.com/maps/place/Compassus/data=!4m7!3m6!1s0x89e875d6e852ad81:0x19da3e76ae347932!8m2!3d41.2489666!4d-73.0836179!16s%2Fg%2F1tdfzr_r!19sChIJga1S6NZ16IkRMnk0rnY-2hk,Compassus,2.6,7,Hospice,"612 Wheeler's Farms Road #103, Milford, CT 06461, United States","6WX8+HH Milford, Connecticut, USA",https://www.compassus.com/locations/connecticut/milford/,+1 475-215-2385,"Open 24 hours

Updated by this business 7 weeks ago",https://lh3.googleusercontent.com/p/AF1QipOFdd1f4_ekHW6lU2rkGI9hH6cE-qptxx3PVbps=w408-h283-k-no,true,Open 24 hours,Open 24 hours,Open 24 hours,Open 24 hours,Open 24 hours,Open 24 hours,Open 24 hours,"https://www.google.com/maps/search/Hospice+clinics+in+Avon+Hartford+CT/@41.7658043,-72.6733723,14z",2025-09-17T23:47:59.831Z,,
https://www.google.com/maps/place/Salmon+Brook+Rehabilitation+and+Nursing+Center/data=!4m7!3m6!1s0x89e6519b35995ca3:0xc2fcffa95fbba182!8m2!3d41.7159738!4d-72.6033502!16s%2Fg%2F1tf82mmp!19sChIJo1yZNZtR5okRgqG7X6n__MI,Salmon Brook Rehabilitation and Nursing Center,3.0,49,Nursing home,"72 Salmon Brook Dr, Glastonbury, CT 06033, United States","P98W+9M Glastonbury, Connecticut, USA",https://salmonbrookrehab.com/,+1 860-633-5244,Open 24 hours,https://lh3.googleusercontent.com/p/AF1QipPqMNcCIJ5YC0ZYh_gcaKGws_0uCIgKmq2aEtWV=w720-h240-k-no,true,Open 24 hours,Open 24 hours,Open 24 hours,Open 24 hours,Open 24 hours,Open 24 hours,Open 24 hours,"https://www.google.com/maps/search/Hospice+clinics+in+Avon+Hartford+CT/@41.7658043,-72.6733723,14z",2025-09-17T23:48:04.267Z,,
https://www.google.com/maps/place/Athena+Care+at+Home/data=!4m7!3m6!1s0x89e7adcc73296477:0x4fc032b5795bb675!8m2!3d41.7231652!4d-72.7855582!16s%2Fg%2F11hyndwmmh!19sChIJd2Qpc8yt54kRdbZbebUywE8,Athena Care at Home,5.0,1,Home health care service,"135 South Rd, Farmington, CT 06032, United States","P6F7+7Q Farmington, Connecticut, USA",https://athenacareathome.com/,+1 860-751-3615,Open 24 hours,https://lh3.googleusercontent.com/p/AF1QipPMjfOhcZdnz-X8WMbrVI8_lrAsEYHk31zId_aI=w426-h240-k-no,true,Open 24 hours,Open 24 hours,Open 24 hours,Open 24 hours,Open 24 hours,Open 24 hours,Open 24 hours,"https://www.google.com/maps/search/Hospice+clinics+in+Avon+Hartford+CT/@41.7658043,-72.6733723,14z",2025-09-17T23:48:08.664Z,,
https://www.google.com/maps/place/Patient+Care/data=!4m7!3m6!1s0x89e64d85201e2353:0x811ccfb3bab1deb6!8m2!3d41.683174!4d-72.653684!16s%2Fg%2F11f329s8l4!19sChIJUyMeIIVN5okRtt6xurPPHIE,Patient Care,1.0,1,Medical clinic,"1344 Silas Deane Hwy Suite 513, Rocky Hill, CT 06067, United States","M8MW+7G Rocky Hill, Connecticut, USA",https://lhcgroup.com/locations/patient-care-of-rocky-hill/?utm_source=GMB&utm_campaign=Google_Local_Listing&utm_medium=referral&utm_content=Patient_Care_Rocky_Hill_CT_06067,+1 860-257-1887,Closed ⋅ Opens 8 am Thu,https://streetviewpixels-pa.googleapis.com/v1/thumbnail?panoid=xEhej14sVRCXxWRATPQP-g&cb_client=search.gws-prod.gps&w=408&h=240&yaw=215.9905&pitch=0&thumbfov=100,true,8 am–4:30 pm,8 am–4:30 pm,8 am–4:30 pm,Closed,Closed,8 am–4:30 pm,8 am–4:30 pm,"https://www.google.com/maps/search/Hospice+clinics+in+Avon+Hartford+CT/@41.7658043,-72.6733723,14z",2025-09-17T23:48:13.063Z,,
https://www.google.com/maps/place/Hartford+HealthCare+Medical+Group/data=!4m7!3m6!1s0x89e7a979d158e387:0x88d1058d9f3fd173!8m2!3d41.8145001!4d-72.8608086!16s%2Fg%2F1jglyw8df!19sChIJh-NY0Xmp54kRc9E_n40F0Yg,Hartford HealthCare Medical Group,2.4,43,Family practice physician,"339 W Main St, Avon, CT 06001, United States","R47Q+RM Avon, Connecticut, USA",https://hartfordhealthcaremedicalgroup.org/locations/primary-care/avon/route-44,+1 860-696-2150,Closed ⋅ Opens 8 am Thu,https://lh3.googleusercontent.com/gps-cs-s/AC9h4nojq1CerLsWa1k4vrPBL2JuNP0wWEHR6KDhs40o5SNlhVdszQGPnEy-mh4sTg-C49nshbT2tDIiAAPxKWS13FvbFlP-x8349SAxerz6mjeW3DxsdesiExckOCZMwKvEfamOTCM=w426-h240-k-no,true,8 am–6 pm,8 am–6 pm,8 am–5 pm,Closed,Closed,8 am–6 pm,8 am–6 pm,"https://www.google.com/maps/search/Hospice+clinics+in+Avon+Hartford+CT/@41.7658043,-72.6733723,14z",2025-09-17T23:48:17.432Z,,
https://www.google.com/maps/place/Village+Green+Rehabilitation+and+Healthcare+Center/data=!4m7!3m6!1s0x89e7ba7773b50b1b:0xb28e0f54d210004c!8m2!3d41.680715!4d-72.9023039!16s%2Fg%2F11clfvstg3!19sChIJGwu1c3e654kRTAAQ0lQPjrI,Village Green Rehabilitation and Healthcare Center,4.5,106,Nursing home,"23 Fair St, Bristol, CT 06010, United States","M3JX+73 Bristol, Connecticut, USA",http://www.genesishcc.com/bristol,+1 860-589-2923,Open 24 hours,https://lh3.googleusercontent.com/p/AF1QipPMaDsnXCkJHMy8JcfWgspN7_FjN3OWPS_BjJrg=w493-h240-k-no,true,Open 24 hours,Open 24 hours,Open 24 hours,Open 24 hours,Open 24 hours,Open 24 hours,Open 24 hours,"https://www.google.com/maps/search/Hospice+clinics+in+Avon+Hartford+CT/@41.7658043,-72.6733723,14z",2025-09-17T23:48:21.899Z,,
https://www.google.com/maps/place/The+Pines+at+Bristol+Center+for+Nursing+and+Rehabilitation/data=!4m7!3m6!1s0x89e7ba342ca5b121:0xb9a4def207942986!8m2!3d41.675223!4d-72.940788!16s%2Fg%2F1tdqpp7y!19sChIJIbGlLDS654kRhimUB_LepLk,The Pines at Bristol Center for Nursing and Rehabilitation,4.3,123,Nursing home,"61 Bellevue Ave, Bristol, CT 06010, United States","M3G5+3M Bristol, Connecticut, USA",https://pinesbristol.com/,+1 860-589-1682,"Closes soon ⋅ 8 pm ⋅ Opens 8 am Thu

Confirmed by this business 8 weeks ago",https://lh3.googleusercontent.com/gps-cs-s/AC9h4nrZTSv-hB6tR4dkrbddHdzIiybLg_2RVFEdy1mZMTPTX_00Th6MHO11ikCoXJtKu9Ukk5Z4uNNiyRaYmYFhwNby5T2cNl6lNvPAutjXHY2j_ftb2s1TnXioDl9rWU5KZ3R7i3Q=w408-h272-k-no,true,8 am–8 pm,8 am–8 pm,8 am–8 pm,8 am–8 pm,8 am–8 pm,8 am–8 pm,8 am–8 pm,"https://www.google.com/maps/search/Hospice+clinics+in+Avon+Hartford+CT/@41.7658043,-72.6733723,14z",2025-09-17T23:48:26.291Z,,
"https://www.google.com/maps/place/Marcin+Jaremko,+MD/data=!4m7!3m6!1s0x89e7a8db74829e01:0xf9efebba41666e09!8m2!3d41.8145001!4d-72.8608086!16s%2Fg%2F11gb3z2c8w!19sChIJAZ6CdNuo54kRCW5mQbrr7_k","Marcin Jaremko, MD",4.8,236,Family practice physician,"339 W Main St Route 44, Avon, CT 06001, United States","R47Q+RM Avon, Connecticut, USA",https://hartfordhealthcaremedicalgroup.org/MarcinJaremko,+1 860-696-2150,,https://streetviewpixels-pa.googleapis.com/v1/thumbnail?panoid=tE8k-PuOuCitUBineFzbxw&cb_client=search.gws-prod.gps&w=408&h=240&yaw=150.95323&pitch=0&thumbfov=100,true,,,,,,,,"https://www.google.com/maps/search/Hospice+clinics+in+Avon+Hartford+CT/@41.7658043,-72.6733723,14z",2025-09-17T23:48:28.680Z,,
https://www.google.com/maps/place/Glastonbury+Center+for+Health+%26+Rehabilitation/data=!4m7!3m6!1s0x89e651007341fe6b:0x2eaec75825137746!8m2!3d41.7194142!4d-72.5664852!16s%2Fg%2F1v8x36j4!19sChIJa_5BcwBR5okRRncTJVjHri4,Glastonbury Center for Health & Rehabilitation,3.7,79,Nursing home,"1175 Hebron Ave, Glastonbury, CT 06033, United States","PC9M+QC Glastonbury, Connecticut, USA",http://www.nhca.com/,+1 860-659-1905,Open 24 hours,https://lh3.googleusercontent.com/p/AF1QipM13yvfI2gpIsPeF6n2y10IMvnU64aodytKWMP_=w408-h272-k-no,true,Open 24 hours,Open 24 hours,Open 24 hours,Open 24 hours,Open 24 hours,Open 24 hours,Open 24 hours,"https://www.google.com/maps/search/Hospice+clinics+in+Avon+Hartford+CT/@41.7658043,-72.6733723,14z",2025-09-17T23:48:33.075Z,,
"https://www.google.com/maps/place/McLean+Home+Care/@41.862674,-72.8181,11z/data=!3m1!4b1!4m6!3m5!1s0x89e707239181d1ab:0xcc011ee431520ef6!8m2!3d41.862674!4d-72.8181!16s%2Fg%2F1tm1rh2w",McLean Home Care,4.3,10,Home health care service,,,https://mcleancare.org/health-services/home-care/?utm_campaign=GoogleMyBusiness_GDSEO_Feb2020,+1 860-658-3954,Open 24 hours,,true,Open 24 hours,Open 24 hours,Open 24 hours,Open 24 hours,Open 24 hours,Open 24 hours,Open 24 hours,"https://www.google.com/maps/search/Hospice+clinics+in+Avon+Hartford+CT/@41.7658043,-72.6733723,14z",2025-09-17T23:48:39.517Z,,
https://www.google.com/maps/place/Heavens+Home+Care+Agency/data=!4m7!3m6!1s0x89e7035738df765b:0xfb8d6665fcca85a2!8m2!3d41.938401!4d-72.7172576!16s%2Fg%2F11y2j9thcs!19sChIJW3bfOFcD54kRooXK_GVmjfs,Heavens Home Care Agency,5.0,1,Home health care service,"59 Rainbow Rd, East Granby, CT 06026, United States","W7QM+93 East Granby, Connecticut, USA",https://www.heavenshomecare.com/,+1 860-986-3451,Closed ⋅ Opens 9 am Thu,https://streetviewpixels-pa.googleapis.com/v1/thumbnail?panoid=C3fi9Wuc4FWtEuLsb6QSCw&cb_client=search.gws-prod.gps&w=408&h=240&yaw=190.19286&pitch=0&thumbfov=100,true,9 am–5 pm,9 am–5 pm,9 am–5 pm,Closed,Closed,9 am–5 pm,9 am–5 pm,"https://www.google.com/maps/search/Hospice+clinics+in+East+Granby+Hartford+CT/@41.9412081,-72.7273158,14z",2025-09-17T23:49:03.671Z,,
https://www.google.com/maps/place/Hebrew+Health+Hospice/data=!4m7!3m6!1s0x89e7aae863836175:0x8524f45be1caa983!8m2!3d41.8310314!4d-72.7359629!16s%2Fg%2F1tsyl6jy!19sChIJdWGDY-iq54kRg6nK4Vv0JIU,Hebrew Health Hospice,,,Hospice,"2 Wintonbury Mall, Bloomfield, CT 06002, United States","R7J7+CJ Bloomfield, Connecticut, USA",,+1 860-523-3800,,https://streetviewpixels-pa.googleapis.com/v1/thumbnail?panoid=NZVXhjPEbYQmBSL2tnYwSg&cb_client=search.gws-prod.gps&w=408&h=240&yaw=26.89294&pitch=0&thumbfov=100,false,,,,,,,,"https://www.google.com/maps/search/Hospice+clinics+in+East+Granby+Hartford+CT/@41.9412081,-72.7273158,14z",2025-09-17T23:49:06.037Z,,
https://www.google.com/maps/place/Trinity+Health+Of+New+England+At+Home/data=!4m7!3m6!1s0x89e6550e13ed5ced:0x5632c9b1bdd22d5e!8m2!3d41.8000926!4d-72.6925346!16s%2Fg%2F11y8k_cmcl!19sChIJ7VztEw5V5okRXi3SvbHJMlY,Trinity Health Of New England At Home,4.9,46,Home health care service,"659 Tower Ave, Hartford, CT 06112, United States","R824+2X Hartford, Connecticut, USA",https://trinityhealthofne-athome.org/,+1 860-763-7600,Open 24 hours,https://lh3.googleusercontent.com/p/AF1QipNAS9tN7SxpK9Dk5om8UPh1enRs0uZuh-4QrOwx=w408-h408-k-no,true,Open 24 hours,Open 24 hours,Open 24 hours,Open 24 hours,Open 24 hours,Open 24 hours,Open 24 hours,"https://www.google.com/maps/search/Hospice+clinics+in+East+Granby+Hartford+CT/@41.9412081,-72.7273158,14z",2025-09-17T23:49:10.425Z,,
https://www.google.com/maps/place/Stonebrook+Village+at+Windsor+Locks/data=!4m7!3m6!1s0x89e6fe8cc37834b9:0x9d8abc691234672c!8m2!3d41.9086626!4d-72.6552602!16s%2Fg%2F11cjp6ssrh!19sChIJuTR4w4z-5okRLGc0Emm8ip0,Stonebrook Village at Windsor Locks,4.1,22,Assisted living facility,"550 Old County Rd, Windsor Locks, CT 06096, United States","W85V+FV Windsor Locks, Connecticut, USA",http://stonebrookvillage.com/,+1 860-690-7660,Closes soon ⋅ 8 pm ⋅ Opens 8 am Thu,https://lh3.googleusercontent.com/p/AF1QipP9mJXwIsQVcnq7v9cGryitOYWmf0PvPLpmX1a9=w427-h240-k-no,true,8 am–8 pm,8 am–8 pm,8 am–8 pm,8 am–8 pm,8 am–8 pm,8 am–8 pm,8 am–8 pm,"https://www.google.com/maps/search/Hospice+clinics+in+East+Granby+Hartford+CT/@41.9412081,-72.7273158,14z",2025-09-17T23:49:14.928Z,,
https://www.google.com/maps/place/Joshua+Croen/data=!4m7!3m6!1s0x89e65313380881bd:0xfc9ebd21e809da29!8m2!3d41.7530765!4d-72.678667!16s%2Fg%2F11p079_b9p!19sChIJvYEIOBNT5okRKdoJ6CG9nvw,Joshua Croen,,,Internist,"80 Seymour St, Hartford, CT 06102, United States","Q83C+6G Hartford, Connecticut, USA",,+1 860-972-0001,,https://streetviewpixels-pa.googleapis.com/v1/thumbnail?panoid=TDC0MCf4NT_6jcmNfYME-A&cb_client=search.gws-prod.gps&w=408&h=240&yaw=107.00888&pitch=0&thumbfov=100,false,,,,,,,,"https://www.google.com/maps/search/Hospice+clinics+in+East+Granby+Hartford+CT/@41.9412081,-72.7273158,14z",2025-09-17T23:49:17.358Z,,
https://www.google.com/maps/place/Cherry+Brook+Health+Care+Center/data=!4m7!3m6!1s0x89e7a63fb2b32fdd:0xa1de24d31c875a2f!8m2!3d41.8319563!4d-72.9210948!16s%2Fg%2F1thl_gpk!19sChIJ3S-zsj-m54kRL1qHHNMk3qE,Cherry Brook Health Care Center,3.9,25,Nursing home,"102 Dyer Ave, Canton, CT 06019, United States","R3JH+QH Canton, Connecticut, USA",http://cherrybrookhcc.com/,+1 860-693-7777,Open 24 hours,https://lh3.googleusercontent.com/p/AF1QipOq0OBeV5PpSftF345ofneYbKsbAo0BoPLQ_mCy=w408-h272-k-no,true,Open 24 hours,Open 24 hours,Open 24 hours,Open 24 hours,Open 24 hours,Open 24 hours,Open 24 hours,"https://www.google.com/maps/search/Hospice+clinics+in+Collinsville+Hartford+CT/@41.8128757,-72.9201022,14z",2025-09-17T23:49:30.630Z,,
https://www.google.com/maps/place/Foothills+Visiting+Nurse+Inc/data=!4m7!3m6!1s0x89e70abb0f2ab07b:0xfa7b2cf2cd065c3e!8m2!3d41.9220662!4d-73.0718406!16s%2Fg%2F1tjkgtt9!19sChIJe7AqD7sK54kRPlwGzfIse_o,Foothills Visiting Nurse Inc,4.8,4,Home health care service,"32 Union St, Winsted, CT 06098, United States","WWCH+R7 Winsted, Winchester, CT, USA",https://www.vnhlc.org/,+1 860-379-8561,Closed ⋅ Opens 8 am Thu,https://lh3.googleusercontent.com/gps-cs-s/AC9h4nrihFyo4qur3l_MFwPgc02sO04oiy8nJSw0pt8DLZuya5VEFOvUCGInehvZUjlqNXC1293QQBg0BdYwhh--3PFnWbwsSpgn_Z_mwGfa6y0AhUJSt2XKW-7VgSBdIEoHBzZGhWNM=w408-h306-k-no,true,8 am–5 pm,8 am–5 pm,8 am–5 pm,Closed,Closed,8 am–5 pm,8 am–5 pm,"https://www.google.com/maps/search/Hospice+clinics+in+Collinsville+Hartford+CT/@41.8128757,-72.9201022,14z",2025-09-17T23:49:45.627Z,,
https://www.google.com/maps/place/Franciscan+Home+Care+%26+Hospice+Care/data=!4m7!3m6!1s0x89e7c84d4eca9e25:0x6c76396641e3662d!8m2!3d41.539236!4d-72.8522025!16s%2Fg%2F1tcxqp_t!19sChIJJZ7KTk3I54kRLWbjQWY5dmw,Franciscan Home Care & Hospice Care,3.0,2,Home health care service,"267 Finch Ave, Meriden, CT 06451, United States","G4QX+M4 Meriden, Connecticut, USA",https://franciscanhc.org/,+1 203-238-1441,Closed ⋅ Opens 6:30 am Thu,https://streetviewpixels-pa.googleapis.com/v1/thumbnail?panoid=Vnl6LqGBvOY6EDvTUoA7Ag&cb_client=search.gws-prod.gps&w=408&h=240&yaw=266.1237&pitch=0&thumbfov=100,false,6:30 am–5 pm,6:30 am–5 pm,6:30 am–5 pm,8 am–4 pm,8 am–4 pm,6:30 am–5 pm,6:30 am–5 pm,"https://www.google.com/maps/search/Hospice+clinics+in+Collinsville+Hartford+CT/@41.8128757,-72.9201022,14z",2025-09-17T23:49:50.197Z,,
https://www.google.com/maps/place/Enhabit+Home+Health/data=!4m7!3m6!1s0x89e64d95f279bbd1:0xccf9f76fa5fe1faf!8m2!3d41.6714202!4d-72.6434448!16s%2Fg%2F11bbrn66zw!19sChIJ0bt58pVN5okRrx_-pW_3-cw,Enhabit Home Health,2.5,2,Home health care service,"2080 Silas Deane Hwy 2nd floor, Rocky Hill, CT 06067, United States","M9C4+HJ Rocky Hill, Connecticut, USA",https://www.ehab.com/?utm_source=gmb&utm_medium=chatmeter,+1 860-529-5400,"Open 24 hours

Confirmed by this business 5 weeks ago",https://lh3.googleusercontent.com/p/AF1QipNt5EOHrBX9VfOOZek311kilyMQQv9z79TRFdxK=w408-h306-k-no,true,Open 24 hours,Open 24 hours,Open 24 hours,Open 24 hours,Open 24 hours,Open 24 hours,Open 24 hours,"https://www.google.com/maps/search/Hospice+clinics+in+Rocky+Hill+Hartford+CT/@41.7658043,-72.6733723,14z",2025-09-17T23:50:03.517Z,Identifies as women-owned,
https://www.google.com/maps/place/Harriott+Home+Health+Services/data=!4m7!3m6!1s0x89e655030490fe2f:0xdf240b385c27a1ff!8m2!3d41.7920011!4d-72.6810266!16s%2Fg%2F11h55nncby!19sChIJL_6QBANV5okR_6EnXDgLJN8,Harriott Home Health Services,4.3,6,Home health care service,"10 Love Ln, Hartford, CT 06112, United States","Q8R9+RH Hartford, Connecticut, USA",https://www.harriotthomehealth.com/,+1 860-904-9045,Open 24 hours,https://streetviewpixels-pa.googleapis.com/v1/thumbnail?panoid=f_c4uBAWO5vsWN_um40soQ&cb_client=search.gws-prod.gps&w=408&h=240&yaw=46.764656&pitch=0&thumbfov=100,true,Open 24 hours,Open 24 hours,Open 24 hours,Open 24 hours,Closed,Open 24 hours,Open 24 hours,"https://www.google.com/maps/search/Hospice+clinics+in+Rocky+Hill+Hartford+CT/@41.7658043,-72.6733723,14z",2025-09-17T23:50:12.457Z,,
https://www.google.com/maps/place/Constellation+Health+Services/data=!4m7!3m6!1s0x89e65378be015d21:0xd9881a4f9b533035!8m2!3d41.6714202!4d-72.6434448!16s%2Fg%2F11h23_5nn8!19sChIJIV0BvnhT5okRNTBTm08aiNk,Constellation Health Services,1.0,1,Home health care service,"2080 Silas Deane Hwy Unit 305, Rocky Hill, CT 06067, United States","M9C4+HJ Rocky Hill, Connecticut, USA",https://constellationhs.com/,+1 800-860-6656,,https://streetviewpixels-pa.googleapis.com/v1/thumbnail?panoid=D6Oa4-wjo6zDxxtgpfshSg&cb_client=search.gws-prod.gps&w=408&h=240&yaw=74.56994&pitch=0&thumbfov=100,true,,,,,,,,"https://www.google.com/maps/search/Hospice+clinics+in+Rocky+Hill+Hartford+CT/@41.7658043,-72.6733723,14z",2025-09-17T23:50:14.907Z,,
"https://www.google.com/maps/place/Patient+Care/@41.6464643,-72.6639516,17z/data=!3m1!4b1!4m6!3m5!1s0x89e64ce35a3698cd:0x5c12324cad9fecd1!8m2!3d41.6464643!4d-72.6639516!16s%2Fg%2F11c604nfwt",Patient Care,,,Home health care service,"400 Capital Blvd Suite 103, Rocky Hill, CT 06067, United States","J8WP+HC Rocky Hill, Connecticut, USA",https://lhcgroup.com/locations/patient-care-rocky-hill-2/,+1 860-257-2739,"Closed ⋅ Opens 8 am Thu

Updated by this business 1 week ago",,true,8 am–4:30 pm,8 am–4:30 pm,8 am–4:30 pm,Closed,Closed,8 am–4:30 pm,8 am–4:30 pm,"https://www.google.com/maps/search/Hospice+clinics+in+Rocky+Hill+Hartford+CT/@41.7658043,-72.6733723,14z",2025-09-17T23:50:21.357Z,,
https://www.google.com/maps/place/Hartford+HealthCare/data=!4m7!3m6!1s0x89e7b2abcd148023:0x1fa7e3eca9a58d1f!8m2!3d41.6987315!4d-72.7147267!16s%2Fg%2F11h_twf2nm!19sChIJI4AUzauy54kRH42lqezjpx8,Hartford HealthCare,5.0,2,Medical clinic,"181 Patricia M Genova Dr, Newington, CT 06111, United States","M7XP+F4 Newington, Connecticut, USA",,,,https://streetviewpixels-pa.googleapis.com/v1/thumbnail?panoid=f_izMOyNao57VzCPZmTPHQ&cb_client=search.gws-prod.gps&w=408&h=240&yaw=200.04015&pitch=0&thumbfov=100,false,,,,,,,,"https://www.google.com/maps/search/Hospice+clinics+in+Newington+Hartford+CT/@41.6972996,-72.7228293,14z",2025-09-17T23:50:34.499Z,,
https://www.google.com/maps/place/Hartford+HealthCare+Medical+Group/data=!4m7!3m6!1s0x89e7adaae14b4003:0x14a59d0f6faa5ec!8m2!3d41.7084809!4d-72.73686!16s%2Fg%2F11j86ty9cr!19sChIJA0BL4aqt54kR7KX69tBZSgE,Hartford HealthCare Medical Group,2.3,3,Medical clinic,"365 Willard Ave STE 2D, Newington, CT 06111, United States","P757+97 Newington, Connecticut, USA",https://hartfordhealthcaremedicalgroup.org/locations/primary-care/newington/365-willard-avenue-suite-2d,+1 860-665-1571,Closed ⋅ Opens 8 am Thu,https://streetviewpixels-pa.googleapis.com/v1/thumbnail?panoid=0uEBBI5DokPe3hewMOQPSQ&cb_client=search.gws-prod.gps&w=408&h=240&yaw=186.81688&pitch=0&thumbfov=100,true,9 am–5 pm,8 am–5 pm,8 am–5 pm,Closed,Closed,8 am–5 pm,8 am–5 pm,"https://www.google.com/maps/search/Hospice+clinics+in+Newington+Hartford+CT/@41.6972996,-72.7228293,14z",2025-09-17T23:50:39.156Z,,
https://www.google.com/maps/place/Civita+Care+Center+at+Newington/data=!4m7!3m6!1s0x89e7b31dfd0d49bd:0xe95ff6a9b899382f!8m2!3d41.6662778!4d-72.7367667!16s%2Fg%2F1tsbn4fj!19sChIJvUkN_R2z54kRLziZuKn2X-k,Civita Care Center at Newington,3.5,78,Nursing home,"240 Church St, Newington, CT 06111, United States","M787+G7 Newington, Connecticut, USA",http://civitanewington.com/,+1 860-667-2256,Open 24 hours,https://streetviewpixels-pa.googleapis.com/v1/thumbnail?panoid=xS64IwhysIAtsKpIeJ9r7A&cb_client=search.gws-prod.gps&w=408&h=240&yaw=116.35163&pitch=0&thumbfov=100,true,Open 24 hours,Open 24 hours,Open 24 hours,Open 24 hours,Open 24 hours,Open 24 hours,Open 24 hours,"https://www.google.com/maps/search/Hospice+clinics+in+Newington+Hartford+CT/@41.6972996,-72.7228293,14z",2025-09-17T23:50:43.680Z,,
https://www.google.com/maps/place/Jefferson+House/data=!4m7!3m6!1s0x89e7b2af212ed2bb:0x4270eb55892f1367!8m2!3d41.6953112!4d-72.714929!16s%2Fg%2F1tdfzrs_!19sChIJu9IuIa-y54kRZxMviVXrcEI,Jefferson House,3.2,16,Nursing agency,"1 John H Stewart Dr, Newington, CT 06111, United States","M7WP+42 Newington, Connecticut, USA",,+1 860-667-4453,Closed ⋅ Opens 8 am Thu,https://lh3.googleusercontent.com/p/AF1QipMXvMUyFBbxkQdHjIlpAMMpyrzvMNdYYI4ylcxO=w408-h263-k-no,true,8 am–4:30 pm,8 am–4:30 pm,8 am–4:30 pm,Closed,Closed,8 am–4:30 pm,8 am–4:30 pm,"https://www.google.com/maps/search/Hospice+clinics+in+Newington+Hartford+CT/@41.6972996,-72.7228293,14z",2025-09-17T23:50:48.119Z,,
https://www.google.com/maps/place/Visiting+Angels+Senior+Home+Care+%7C+Newington/data=!4m7!3m6!1s0x89e7ad4f14e370b7:0xbdf83f76175a480e!8m2!3d41.6981289!4d-72.7268746!16s%2Fg%2F1ptysydp7!19sChIJt3DjFE-t54kRDkhaF3Y_-L0,Visiting Angels Senior Home Care | Newington,4.6,59,Home help service agency,"66 Cedar St #301, Newington, CT 06111, United States","M7XF+77 Newington, Connecticut, USA",https://www.visitingangels.com/newington/home?utm_source=gmb&utm_medium=organic&utm_campaign=local,+1 860-372-4429,Open 24 hours,https://lh3.googleusercontent.com/p/AF1QipO_OXe30uQU_jK4vkQfGygKVR09AexyfGr46rqM=w408-h306-k-no,true,Open 24 hours,Open 24 hours,Open 24 hours,Open 24 hours,Open 24 hours,Open 24 hours,Open 24 hours,"https://www.google.com/maps/search/Hospice+clinics+in+Newington+Hartford+CT/@41.6972996,-72.7228293,14z",2025-09-17T23:50:52.593Z,,
https://www.google.com/maps/place/Bel-Air+Manor/data=!4m7!3m6!1s0x89e7b2dd4c355e81:0x30dc9e206961ffe9!8m2!3d41.6757608!4d-72.7330833!16s%2Fg%2F1tg82h95!19sChIJgV41TN2y54kR6f9haSCe3DA,Bel-Air Manor,4.4,173,Nursing home,"256 New Britain Ave, Newington, CT 06111, United States","M7G8+8Q Newington, Connecticut, USA",http://www.belair-manor.net/,+1 860-666-5689,Open ⋅ Closes 9 pm,https://lh3.googleusercontent.com/p/AF1QipMaLxQsvozu4cXUdaHWOPl8APse1d7QSC9Tf0VW=w408-h334-k-no,true,10 am–9 pm,10 am–9 pm,10 am–9 pm,10 am–9 pm,10 am–9 pm,10 am–9 pm,10 am–9 pm,"https://www.google.com/maps/search/Hospice+clinics+in+Newington+Hartford+CT/@41.6972996,-72.7228293,14z",2025-09-17T23:50:57.154Z,,
https://www.google.com/maps/place/The+Hospital+of+Central+Connecticut/data=!4m7!3m6!1s0x89e7b3c667451ea7:0xdd593b636535005d!8m2!3d41.6619373!4d-72.7866013!16s%2Fg%2F11h10tmkld!19sChIJpx5FZ8az54kRXQA1ZWM7Wd0,The Hospital of Central Connecticut,4.0,8,Hospital,"100 Grand St, New Britain, CT 06052, United States","M667+Q9 New Britain, Connecticut, USA",https://thocc.org/,+1 860-224-5011,Open 24 hours,https://streetviewpixels-pa.googleapis.com/v1/thumbnail?panoid=5BJ-vkYxiVnbQAmuN3a-eA&cb_client=search.gws-prod.gps&w=408&h=240&yaw=99.744705&pitch=0&thumbfov=100,true,Open 24 hours,Open 24 hours,Open 24 hours,Open 24 hours,Open 24 hours,Open 24 hours,Open 24 hours,"https://www.google.com/maps/search/Hospice+clinics+in+Newington+Hartford+CT/@41.6972996,-72.7228293,14z",2025-09-17T23:51:06.012Z,,
https://www.google.com/maps/place/Autumn+Lake+Healthcare+at+Cromwell/data=!4m7!3m6!1s0x89e64b9112cab409:0xa4751b18c2f283a0!8m2!3d41.6001567!4d-72.6465924!16s%2Fg%2F1261g8lff!19sChIJCbTKEpFL5okRoIPywhgbdaQ,Autumn Lake Healthcare at Cromwell,4.5,289,Nursing home,"385 Main St, Cromwell, CT 06416, United States","J923+39 Cromwell, Connecticut, USA",http://autumnlakecromwell.com/,+1 860-635-5613,Open 24 hours,https://lh3.googleusercontent.com/p/AF1QipPoMtg7b0ixEhMC6XFSuPq650znZETyZL7fQoh5=w408-h271-k-no,true,Open 24 hours,Open 24 hours,Open 24 hours,Open 24 hours,Open 24 hours,Open 24 hours,Open 24 hours,"https://www.google.com/maps/search/Hospice+clinics+in+Newington+Hartford+CT/@41.6972996,-72.7228293,14z",2025-09-17T23:51:10.485Z,,
https://www.google.com/maps/place/Grandview+Rehabilitation+and+Healthcare+Center/data=!4m7!3m6!1s0x89e7b3c64163a73b:0xacdf286520d29dd4!8m2!3d41.6626035!4d-72.7849341!16s%2Fg%2F1260gjzjj!19sChIJO6djQcaz54kR1J3SIGUo36w,Grandview Rehabilitation and Healthcare Center,3.5,114,Nursing home,"55 Grand St, New Britain, CT 06052, United States","M678+22 New Britain, Connecticut, USA",http://grandviewrehab.com/,+1 860-223-3617,,https://lh3.googleusercontent.com/p/AF1QipMN4Ndd-ScqG-eBiP6hdrQOVTzzzRNpagM8K10S=w408-h306-k-no,true,,,,,,,,"https://www.google.com/maps/search/Hospice+clinics+in+Newington+Hartford+CT/@41.6972996,-72.7228293,14z",2025-09-17T23:51:12.817Z,,
https://www.google.com/maps/place/The+Hospital+of+Central+Connecticut-+New+Britain+General+Campus/data=!4m7!3m6!1s0x89e7b3c4258995fb:0x1db5883ffc603b00!8m2!3d41.6614358!4d-72.7867784!16s%2Fg%2F1tcz9br6!19sChIJ-5WJJcSz54kRADtg_D-ItR0,The Hospital of Central Connecticut- New Britain General Campus,2.8,376,Medical Center,"100 Grand St 1st Flr, New Britain, CT 06052, United States","M667+H7 New Britain, Connecticut, USA",https://thocc.org/,+1 860-224-5011,,https://lh3.googleusercontent.com/gps-cs-s/AC9h4np37Ml65CXQqNnmIPJtPsWzjuGziGazBQTP5Jz26beZFjtXT8nKZXk5MvXaJgtDj-XNNIbQTg9AgIQqTQhjKYsGJIYVHzyADsHfjmuOzsR9X4xTPG_7aCXrHG_jMEYPkUA38E-5rQ=w408-h306-k-no,false,Open 24 hours,Open 24 hours,Open 24 hours,Open 24 hours,Open 24 hours,Open 24 hours,Open 24 hours,"https://www.google.com/maps/search/Hospice+clinics+in+Newington+Hartford+CT/@41.6972996,-72.7228293,14z",2025-09-17T23:51:17.328Z,,
https://www.google.com/maps/place/Water%E2%80%99s+Edge+Center+for+Health+and+Rehabilitation/data=!4m7!3m6!1s0x89e64a67f1d1562b:0x47a17d586eb013c6!8m2!3d41.555009!4d-72.6512892!16s%2Fg%2F1thmm043!19sChIJK1bR8WdK5okRxhOwblh9oUc,Water’s Edge Center for Health and Rehabilitation,4.1,101,Nursing home,"111 Church St, Middletown, CT 06457, United States","H84X+2F Middletown, Connecticut, USA",https://watersedgerehab.com/,+1 860-347-7286,"Closes soon ⋅ 8 pm ⋅ Opens 8 am Thu

Confirmed by this business 8 weeks ago",https://lh3.googleusercontent.com/gps-cs-s/AC9h4nq5TUlFYhQyjAQ0tMC7PUegfCVgmjdrr7sK-wckb1wHfus5kasFRhH21ElHepTRcgLahyMPrvbT6ABQZDD2EBnPS0Ru5b5LEjWcK7vlW5y_bfD1LyGYSdw21jpyo-p8psdd91aQ=w408-h270-k-no,true,8 am–8 pm,8 am–8 pm,8 am–8 pm,8 am–8 pm,8 am–8 pm,8 am–8 pm,8 am–8 pm,"https://www.google.com/maps/search/Hospice+clinics+in+Newington+Hartford+CT/@41.6972996,-72.7228293,14z",2025-09-17T23:51:21.808Z,,
https://www.google.com/maps/place/The+Memory+Care+Center/data=!4m7!3m6!1s0x89e64d37c3d1dac5:0x86135df5b70fd1c1!8m2!3d41.6869992!4d-72.6543568!16s%2Fg%2F11h4l0pj34!19sChIJxdrRwzdN5okRwdEPt_VdE4Y,The Memory Care Center,2.2,6,Psychologist,"1260 Silas Deane Hwy #101, Wethersfield, CT 06109, United States","M8PW+Q7 Wethersfield, Connecticut, USA",https://hartfordhealthcare.org/services/memory-care-center,+1 860-545-7550,Closed ⋅ Opens 8:30 am Thu,https://streetviewpixels-pa.googleapis.com/v1/thumbnail?panoid=VfirTNOCU9YxDAnxR20NkQ&cb_client=search.gws-prod.gps&w=408&h=240&yaw=170.30869&pitch=0&thumbfov=100,true,8:30 am–4:30 pm,8:30 am–4:30 pm,8:30 am–4:30 pm,Closed,Closed,8:30 am–4:30 pm,8:30 am–4:30 pm,"https://www.google.com/maps/search/Hospice+clinics+in+Newington+Hartford+CT/@41.6972996,-72.7228293,14z",2025-09-17T23:51:26.339Z,,
https://www.google.com/maps/place/Hartford+HealthCare+Independence+at+Home/data=!4m7!3m6!1s0x89e64d84399370a9:0x9382763caf51e399!8m2!3d41.68614!4d-72.65439!16s%2Fg%2F11t2p_xl72!19sChIJqXCTOYRN5okRmeNRrzx2gpM,Hartford HealthCare Independence at Home,,,Home health care service,"1290 Silas Deane Hwy #4b, Wethersfield, CT 06109, United States","M8PW+F6 Wethersfield, Connecticut, USA",https://hartfordhealthcare.org/services/independence-at-home,+1 860-703-1700,Closed ⋅ Opens 8 am Thu,https://streetviewpixels-pa.googleapis.com/v1/thumbnail?panoid=cad9ilouw86SeZzRqb3f0w&cb_client=search.gws-prod.gps&w=408&h=240&yaw=257.85657&pitch=0&thumbfov=100,true,8 am–5 pm,8 am–5 pm,8 am–5 pm,Closed,Closed,8 am–5 pm,8 am–5 pm,"https://www.google.com/maps/search/Hospice+clinics+in+Newington+Hartford+CT/@41.6972996,-72.7228293,14z",2025-09-17T23:51:30.643Z,,
https://www.google.com/maps/place/Jerome+Home+%26+Arbor+Rose/data=!4m7!3m6!1s0x89e7b3d8bcb47053:0x1c31577bb7af9163!8m2!3d41.6625926!4d-72.8023413!16s%2Fg%2F1tfqb7q0!19sChIJU3C0vNiz54kRY5Gvt3tXMRw,Jerome Home & Arbor Rose,3.6,25,Nursing home,"975 Corbin Ave, New Britain, CT 06052, United States","M57X+23 New Britain, Connecticut, USA",https://www.jeromehome.com/,+1 860-229-3707,Closes soon ⋅ 8 pm ⋅ Opens 7:30 am Thu,https://lh3.googleusercontent.com/gps-cs-s/AC9h4np_fDlJ1tEJuGjefC4PdghR_3Qq_er5MwXLTaLiqnO2F2SntsDFdqiaY2AqccTdcG-Pyx_zIQIjAkMDv9e7-1bKYCF9lLmNII0whqH2CKUOG9Pow9DuuvlaQ3jdH_9d8MDAGPs=w426-h240-k-no,true,7:30 am–8 pm,7:30 am–8 pm,7:30 am–8 pm,7:30 am–8 pm,7:30 am–8 pm,7:30 am–8 pm,7:30 am–8 pm,"https://www.google.com/maps/search/Hospice+clinics+in+Newington+Hartford+CT/@41.6972996,-72.7228293,14z",2025-09-17T23:51:35.335Z,,
https://www.google.com/maps/place/Middlesex+Hospital/data=!4m7!3m6!1s0x89e64a682e235125:0x3c5ad68a109b71f8!8m2!3d41.5543067!4d-72.6472698!16s%2Fg%2F1t_wqcq3!19sChIJJVEjLmhK5okR-HGbEIrWWjw,Middlesex Hospital,2.8,306,Home health care service,"28 Crescent St, Middletown, CT 06457, United States","H933+P3 Middletown, Connecticut, USA",http://middlesexhealth.org/location-finder/middlesex-hospital,+1 860-358-6000,,https://lh3.googleusercontent.com/gps-cs-s/AC9h4npWGztpIwCspTbZs21RP-AiDlUAgFkL4NEY_v3CcO7oExqE4l33PzccyCvVC-hErXz9uBgv5ALklTYfIUv5nXeDp9HRTkPXsf9uOUHlEE31ZCQeXoOh37u_QoLbjo-HI-FE4X4=w408-h272-k-no,true,Open 24 hours,Open 24 hours,Open 24 hours,Open 24 hours,Open 24 hours,Open 24 hours,Open 24 hours,"https://www.google.com/maps/search/Hospice+clinics+in+Newington+Hartford+CT/@41.6972996,-72.7228293,14z",2025-09-17T23:51:40.010Z,,
https://www.google.com/maps/place/Central+Connecticut+Senior+Health+Services/data=!4m7!3m6!1s0x89e7b7962bb23f3d:0x38adde14b22b30a0!8m2!3d41.5974666!4d-72.8751361!16s%2Fg%2F11b66j63mc!19sChIJPT-yK5a354kRoDArshTerTg,Central Connecticut Senior Health Services,5.0,1,Senior citizen center,"45 Meriden Ave, Southington, CT 06489, United States","H4WF+XW Southington, Connecticut, USA",https://www.ctseniorcare.org/,+1 860-621-9559,,https://streetviewpixels-pa.googleapis.com/v1/thumbnail?panoid=Gt36QsLMVLJsuYFZhWhpTg&cb_client=search.gws-prod.gps&w=408&h=240&yaw=35.43551&pitch=0&thumbfov=100,false,,,,,,,,"https://www.google.com/maps/search/Hospice+clinics+in+Newington+Hartford+CT/@41.6972996,-72.7228293,14z",2025-09-17T23:51:42.364Z,,
https://www.google.com/maps/place/Southington+Care+Center/data=!4m7!3m6!1s0x89e7b7960dfa4fe1:0xf71c696860337248!8m2!3d41.5974623!4d-72.8750401!16s%2Fg%2F1tfnzmq8!19sChIJ4U_6DZa354kRSHIzYGhpHPc,Southington Care Center,4.7,50,Nursing agency,"45 Meriden Ave, Southington, CT 06489, United States","H4WF+XX Southington, Connecticut, USA",https://hhcseniorservices.org/services/southington-care-center,+1 860-621-9559,Closes soon ⋅ 8 pm ⋅ Opens 8 am Thu,https://streetviewpixels-pa.googleapis.com/v1/thumbnail?panoid=Gt36QsLMVLJsuYFZhWhpTg&cb_client=search.gws-prod.gps&w=408&h=240&yaw=41.14065&pitch=0&thumbfov=100,true,8 am–8 pm,8 am–8 pm,8 am–8 pm,8 am–8 pm,8 am–8 pm,8 am–8 pm,8 am–8 pm,"https://www.google.com/maps/search/Hospice+clinics+in+Newington+Hartford+CT/@41.6972996,-72.7228293,14z",2025-09-17T23:51:47.218Z,,
https://www.google.com/maps/place/Marlborough+Health+and+Rehabilitation+Center/data=!4m7!3m6!1s0x89e6452668621bd9:0x270dc3465d5446ad!8m2!3d41.6528838!4d-72.477579!16s%2Fg%2F1thnpt2m!19sChIJ2RtiaCZF5okRrUZUXUbDDSc,Marlborough Health and Rehabilitation Center,4.5,88,Nursing home,"85 Stage Harbor Rd, Marlborough, CT 06447, United States","MG3C+5X Marlborough, Connecticut, USA",https://marlboroughhealthcare.com/,+1 860-295-9531,"Closes soon ⋅ 8 pm ⋅ Opens 8 am Thu

Confirmed by this business 8 weeks ago",https://streetviewpixels-pa.googleapis.com/v1/thumbnail?panoid=e2qikiiuQnrVnf2yTL9s7A&cb_client=search.gws-prod.gps&w=408&h=240&yaw=271.39923&pitch=0&thumbfov=100,true,8 am–8 pm,8 am–8 pm,8 am–8 pm,8 am–8 pm,8 am–8 pm,8 am–8 pm,8 am–8 pm,"https://www.google.com/maps/search/Hospice+clinics+in+Newington+Hartford+CT/@41.6972996,-72.7228293,14z",2025-09-17T23:51:51.659Z,,
https://www.google.com/maps/place/Masonicare+Home+Health+%26+Hospice/data=!4m7!3m6!1s0x89e7cee930aa9bad:0x94a96e6fd1920d13!8m2!3d41.4848157!4d-72.8025816!16s%2Fg%2F1tg16rq2!19sChIJrZuqMOnO54kREw2S0W9uqZQ,Masonicare Home Health & Hospice,2.9,16,Home health care service,"97 Barnes Rd Suite 4, Wallingford, CT 06492, United States","F5MW+WX Wallingford, Connecticut, USA",https://www.masonicare.org/services/home-health-hospice,+1 203-679-5300,Closed ⋅ Opens 8 am Thu,https://lh3.googleusercontent.com/p/AF1QipNn-GaJV1yz9ljBEa2WTmgUw34vAfdp2LKTNrEx=w408-h296-k-no,true,8 am–5 pm,8 am–5 pm,8 am–5 pm,8 am–5 pm,8 am–5 pm,8 am–5 pm,8 am–5 pm,"https://www.google.com/maps/search/Hospice+clinics+in+Newington+Hartford+CT/@41.6972996,-72.7228293,14z",2025-09-17T23:51:56.010Z,,
https://www.google.com/maps/place/Autumn+Lake+Healthcare+at+Bucks+Hill/data=!4m7!3m6!1s0x89e7c09d46ec1049:0xa022a06af25b7823!8m2!3d41.5930893!4d-73.0276937!16s%2Fg%2F11b7f3p4x2!19sChIJSRDsRp3A54kRI3hb8mqgIqA,Autumn Lake Healthcare at Bucks Hill,4.5,312,Nursing home,"2817 N Main St, Waterbury, CT 06704, United States","HXVC+6W Waterbury, Connecticut, USA",https://autumnlakebuckshill.com/,+1 203-757-0731,Closed ⋅ Opens 8 am Thu,https://lh3.googleusercontent.com/p/AF1QipOdNhrHQTwYg_L6YQ_QM0y-6rLOqIPAsMYXQRNf=w408-h271-k-no,true,8 am–7 pm,8 am–7 pm,8 am–7 pm,8 am–5 pm,8 am–5 pm,8 am–7 pm,8 am–7 pm,"https://www.google.com/maps/search/Hospice+clinics+in+Newington+Hartford+CT/@41.6972996,-72.7228293,14z",2025-09-17T23:52:00.525Z,,
https://www.google.com/maps/place/The+Orchards+at+Southington/data=!4m7!3m6!1s0x89e7b79f3fd8651f:0x3258011f6311f6a1!8m2!3d41.6060714!4d-72.8767499!16s%2Fg%2F1tfff6m_!19sChIJH2XYP5-354kRofYRYx8BWDI,The Orchards at Southington,4.3,17,Assisted living facility,"34 Hobart St, Southington, CT 06489, United States","J44F+C8 Southington, Connecticut, USA",,+1 860-628-5656,Closes soon ⋅ 8 pm ⋅ Opens 8 am Thu,https://streetviewpixels-pa.googleapis.com/v1/thumbnail?panoid=E1HpKWJ0JYPAlix_OrmNEQ&cb_client=search.gws-prod.gps&w=408&h=240&yaw=313.27835&pitch=0&thumbfov=100,true,8 am–8 pm,8 am–8 pm,8 am–8 pm,8 am–8 pm,8 am–8 pm,8 am–8 pm,8 am–8 pm,"https://www.google.com/maps/search/Hospice+clinics+in+Newington+Hartford+CT/@41.6972996,-72.7228293,14z",2025-09-17T23:52:04.940Z,,
https://www.google.com/maps/place/Cats+Limited+Veterinary+Hospital/data=!4m7!3m6!1s0x89e7ad11c6888d19:0x39eb9a09b9816049!8m2!3d41.7318324!4d-72.7443321!16s%2Fg%2F1th64dcr!19sChIJGY2IxhGt54kRSWCBuQma6zk,Cats Limited Veterinary Hospital,4.7,191,Veterinarian,"1260 New Britain Ave, West Hartford, CT 06110, United States","P7J4+P7 West Hartford, Connecticut, USA",http://www.catslimited.com/,+1 860-561-9885,Closed ⋅ Opens 8 am Thu,https://lh3.googleusercontent.com/gps-cs-s/AC9h4np0O3cX4SBj6DnrenlLc6T9DgUzqx-QJb6UX2z0u55XIUPPNVaqMROnxLgsc5xbVXjXyijSi-GGKUmmJJqeC9Ol8cj6UcQfERORCXLnT2v36jEkuYjyl0PUc2XAB1wGqhWOiICMDw=w428-h240-k-no,true,8 am–5 pm,8 am–5 pm,8 am–5 pm,Closed,Closed,8 am–5 pm,8 am–5 pm,"https://www.google.com/maps/search/Hospice+clinics+in+Newington+Hartford+CT/@41.6972996,-72.7228293,14z",2025-09-17T23:52:09.451Z,,
"https://www.google.com/maps/place/Hartford+HealthCare+Medical+Group+-+Primary+Care,+Geriatrics/data=!4m7!3m6!1s0x89e7ade1719ee257:0x6ca3bb123e702e9d!8m2!3d41.7299729!4d-72.8013659!16s%2Fg%2F1q6kk5tvg!19sChIJV-KeceGt54kRnS5wPhK7o2w","Hartford HealthCare Medical Group - Primary Care, Geriatrics",4.5,10,Medical group,"406 Farmington Ave, Farmington, CT 06032, United States","P5HX+XF Farmington, Connecticut, USA",https://hartfordhealthcaremedicalgroup.org/locations/primary-care/farmington,+1 860-677-9624,Closes soon ⋅ 8 pm ⋅ Opens 8 am Thu,https://lh3.googleusercontent.com/p/AF1QipPheMlI0Du9tzXm1_Rm2gpz0cFW82cvbDqPWm_6=w408-h271-k-no,true,8 am–8 pm,8 am–8 pm,8 am–8 pm,9 am–5 pm,9 am–5 pm,8 am–8 pm,8 am–8 pm,"https://www.google.com/maps/search/Hospice+clinics+in+Farmington+Hartford+CT/@41.7360305,-72.795027,14z",2025-09-17T23:52:28.805Z,,
https://www.google.com/maps/place/Interim+HealthCare+of+Hartford/data=!4m7!3m6!1s0x89e7addcf939b5dd:0x136d5f38842ffbe7!8m2!3d41.7370469!4d-72.7929633!16s%2Fg%2F1v8323yx!19sChIJ3bU5-dyt54kR5_svhDhfbRM,Interim HealthCare of Hartford,2.8,5,Home health care service,"231 Farmington Ave, Farmington, CT 06032, United States","P6P4+RR Farmington, Connecticut, USA",https://www.interimhealthcare.com/location/farmington-ct,+1 860-677-0005,"Open 24 hours

Confirmed by this business 12 weeks ago",https://lh3.googleusercontent.com/p/AF1QipNiTbssZkWwSpJLzhE7CXyjByJhojo_j8m3_8js=w426-h240-k-no,true,Open 24 hours,Open 24 hours,Open 24 hours,Open 24 hours,Open 24 hours,Open 24 hours,Open 24 hours,"https://www.google.com/maps/search/Hospice+clinics+in+Farmington+Hartford+CT/@41.7360305,-72.795027,14z",2025-09-17T23:52:33.561Z,,
https://www.google.com/maps/place/Hartford+Healthcare/data=!4m7!3m6!1s0x89e7b3803221a009:0xde7434f3b1b4564b!8m2!3d41.7116992!4d-72.8022065!16s%2Fg%2F11v9f1vj5p!19sChIJCaAhMoCz54kRS1a0sfM0dN4,Hartford Healthcare,,,Non-profit organization,"9 Farm Springs Rd, Farmington, CT 06032, United States","P56X+M4 Farmington, Connecticut, USA",,,,https://lh3.googleusercontent.com/gps-cs-s/AC9h4nqnzreA4jhCbuG5zwfcKkV8nV-zK3uATChZDKa-C7ENiLXfiEU7nMoSVq2-9VQCV-u8oWNnqX96_FTkiJeCLvOgK74iKWLXFl8zEkj2DzKKcuNFufGepezvPpQG_85zfpxgewsbDg=w408-h306-k-no,false,,,,,,,,"https://www.google.com/maps/search/Hospice+clinics+in+Farmington+Hartford+CT/@41.7360305,-72.795027,14z",2025-09-17T23:52:36.088Z,,
https://www.google.com/maps/place/AccentCare+Hospice-Farmington/data=!4m7!3m6!1s0x89e7add1654ea93b:0x87f11b65531b2a7!8m2!3d41.7355613!4d-72.7971244!16s%2Fg%2F11y94y74gf!19sChIJO6lOZdGt54kRp7IxVbYRfwg,AccentCare Hospice-Farmington,,,Home health care service,"270 Farmington Ave Suite 147147, Farmington, CT 06032, United States","P6P3+65 Farmington, Connecticut, USA",,+1 860-466-7222,,https://streetviewpixels-pa.googleapis.com/v1/thumbnail?panoid=x7XARV9ccJ0fxeQM8pKUkQ&cb_client=search.gws-prod.gps&w=408&h=240&yaw=29.46154&pitch=0&thumbfov=100,true,,,,,,,,"https://www.google.com/maps/search/Hospice+clinics+in+Farmington+Hartford+CT/@41.7360305,-72.795027,14z",2025-09-17T23:52:38.380Z,,
https://www.google.com/maps/place/Hartford+HealthCare+Health+Center/data=!4m7!3m6!1s0x89e7ad83bdfd3a35:0x218df9aaa0df868e!8m2!3d41.7300017!4d-72.8012872!16s%2Fg%2F11gh67pp0b!19sChIJNTr9vYOt54kRjobfoKr5jSE,Hartford HealthCare Health Center,3.0,4,Family practice physician,"406 Farmington Ave, Farmington, CT 06030, United States","P5JX+2F Farmington, Connecticut, USA",https://hartfordhealthcaremedicalgroup.org/locations/primary-care/farmington/406-farmington-avenue,+1 860-677-3950,"Closed ⋅ Opens 8 am Thu

Updated by this business 3 weeks ago",https://streetviewpixels-pa.googleapis.com/v1/thumbnail?panoid=l5VWf_y0tLnvuyogwqSjFA&cb_client=search.gws-prod.gps&w=408&h=240&yaw=346.26892&pitch=0&thumbfov=100,true,8 am–5 pm,8 am–5 pm,8 am–5 pm,Closed,Closed,8 am–5 pm,8 am–5 pm,"https://www.google.com/maps/search/Hospice+clinics+in+Farmington+Hartford+CT/@41.7360305,-72.795027,14z",2025-09-17T23:52:42.802Z,,
https://www.google.com/maps/place/Farmington+Valley+Visiting+Nurse+Association/data=!4m7!3m6!1s0x89e7075605276097:0x486655d329fc8b1d!8m2!3d41.8713783!4d-72.8103847!16s%2Fg%2F1tfnv0n2!19sChIJl2AnBVYH54kRHYv8KdNVZkg,Farmington Valley Visiting Nurse Association,5.0,1,Hospice,"8 Old Mill Ln, Simsbury, CT 06070, United States","V5CQ+HR Simsbury, Connecticut, USA",https://www.farmingtonvalleyvna.org/,+1 860-651-3539,Closed ⋅ Opens 8 am Thu,https://streetviewpixels-pa.googleapis.com/v1/thumbnail?panoid=1FWv0qWQVQGxXu2bOlHd5g&cb_client=search.gws-prod.gps&w=408&h=240&yaw=68.268524&pitch=0&thumbfov=100,true,8 am–4 pm,8 am–4 pm,8 am–4 pm,Closed,Closed,8 am–4 pm,8 am–4 pm,"https://www.google.com/maps/search/Hospice+clinics+in+Farmington+Hartford+CT/@41.7360305,-72.795027,14z",2025-09-17T23:52:47.289Z,,
https://www.google.com/maps/place/Riverbend+at+Farmington/data=!4m7!3m6!1s0x89e7aff7f991e227:0x41e13f52a14c6015!8m2!3d41.739922!4d-72.851461!16s%2Fg%2F11fkv_hsc6!19sChIJJ-KR-fev54kRFWBMoVI_4UE,Riverbend at Farmington,3.7,25,Assisted living facility,"1 Bridgewater Rd, Farmington, CT 06032, United States","P4QX+XC Farmington, Connecticut, USA",https://northbridgecommunities.com/riverbend-farmington/,+1 860-404-6580,Open 24 hours,https://lh3.googleusercontent.com/p/AF1QipO2A0TTrmyFAvE_yJsHcTLUtZCdYCAFoyDnXBQo=w408-h272-k-no,true,Open 24 hours,Open 24 hours,Open 24 hours,Open 24 hours,Open 24 hours,Open 24 hours,Open 24 hours,"https://www.google.com/maps/search/Hospice+clinics+in+Farmington+Hartford+CT/@41.7360305,-72.795027,14z",2025-09-17T23:52:56.345Z,LGBTQ+ friendly,
https://www.google.com/maps/place/Malta+House+of+Care/data=!4m7!3m6!1s0x89e653519626ae93:0x2d9375c7a5b40e7f!8m2!3d41.7683497!4d-72.691364!16s%2Fg%2F126262m7f!19sChIJk64mllFT5okRfw60pcd1ky0,Malta House of Care,4.6,25,Medical clinic,"136 Farmington Ave, Hartford, CT 06105, United States","Q895+8F Hartford, Connecticut, USA",http://maltahouseofcare.org/,+1 860-725-0171,Closed ⋅ Opens 11:45 am Thu,https://lh3.googleusercontent.com/p/AF1QipNrv8yZBWumyxZvJ4yvM6BhefZiWRQOn7_hDvZ7=w408-h306-k-no,true,11:45 am–3:30 pm,11:45 am–3:30 pm,Closed,Closed,Closed,"8:45 am–12 pm, 12:45–3:30 pm",11:45 am–3:30 pm,"https://www.google.com/maps/search/Hospice+clinics+in+Farmington+Hartford+CT/@41.7360305,-72.795027,14z",2025-09-17T23:53:00.674Z,,
https://www.google.com/maps/place/McLean/data=!4m7!3m6!1s0x89e70706349d18b7:0x82cfcd905cf14680!8m2!3d41.8821627!4d-72.8280072!16s%2Fg%2F11lgm4sxkb!19sChIJtxidNAYH54kRgEbxXJDNz4I,McLean,4.4,7,Retirement community,"75 Great Pond Rd, Simsbury, CT 06070, United States","V5JC+VQ Simsbury, Connecticut, USA",https://mcleancare.org/,+1 860-658-3700,Open 24 hours,https://lh3.googleusercontent.com/p/AF1QipNcYvMHQp8txtGAD2VEJaVkvUdE1xLEsDIO2B34=w426-h240-k-no,true,Open 24 hours,Open 24 hours,Open 24 hours,Open 24 hours,Open 24 hours,Open 24 hours,Open 24 hours,"https://www.google.com/maps/search/Hospice+clinics+in+Weatoque+Hartford+CT/@41.8437093,-72.8284317,14z",2025-09-17T23:53:20.822Z,,
"https://www.google.com/maps/place/VITAS+Innovative+Hospice/@41.7130432,-72.5873947,17z/data=!3m1!4b1!4m6!3m5!1s0x89e651a242d2cadb:0xb0df25ddaa1ee601!8m2!3d41.7130432!4d-72.5873947!16s%2Fg%2F1tf6stsg",VITAS Innovative Hospice,,,Hospice,"628 Hebron Ave Ste 300, Glastonbury, CT 06033, United States","PC77+62 Glastonbury, Connecticut, USA",http://www.vitas.com/,+1 860-652-8004,,,false,,,,,,,,"https://www.google.com/maps/search/Hospice+clinics+in+Weatoque+Hartford+CT/@41.8437093,-72.8284317,14z",2025-09-17T23:53:29.415Z,,
https://www.google.com/maps/place/Hospice+Midstate+Vna+%26+Hospice/data=!4m7!3m6!1s0x89e7ca584b289cc3:0x537d2886e5381cf7!8m2!3d41.524326!4d-72.7606104!16s%2Fg%2F12615lk_m!19sChIJw5woS1jK54kR9xw45YYofVM,Hospice Midstate Vna & Hospice,5.0,1,Hospice,"1 Research Pkwy, Meriden, CT 06450, United States","G6FQ+PQ Meriden, Connecticut, USA",,+1 203-235-5714,,https://streetviewpixels-pa.googleapis.com/v1/thumbnail?panoid=xxBAm8Ahyns3LOoxy0caPg&cb_client=search.gws-prod.gps&w=408&h=240&yaw=260.64868&pitch=0&thumbfov=100,false,,,,,,,,"https://www.google.com/maps/search/Hospice+clinics+in+Weatoque+Hartford+CT/@41.8437093,-72.8284317,14z",2025-09-17T23:53:31.896Z,,
https://www.google.com/maps/place/Gentiva+Hospice/data=!4m7!3m6!1s0x89e7d56ab4e16f33:0xabfa48f0eb88bacf!8m2!3d41.2990156!4d-72.7684116!16s%2Fg%2F11y1ypt592!19sChIJM2_htGrV54kRz7qI6_BI-qs,Gentiva Hospice,5.0,4,Hospice,"500 E Main St #204, Branford, CT 06405, United States","76XJ+JJ Branford, Connecticut, USA",http://gentivahs.com/,+1 203-871-3026,Open 24 hours,https://lh3.googleusercontent.com/p/AF1QipP0XiMKshfTWmxi-QQeB3JPND3NtO9Cssh1peA=w426-h240-k-no,true,Open 24 hours,Open 24 hours,Open 24 hours,Open 24 hours,Open 24 hours,Open 24 hours,Open 24 hours,"https://www.google.com/maps/search/Hospice+clinics+in+Weatoque+Hartford+CT/@41.8437093,-72.8284317,14z",2025-09-17T23:53:36.203Z,,
https://www.google.com/maps/place/Brookdale+West+Hartford/data=!4m7!3m6!1s0x89e7ab47b8474037:0xaf8dc9f812d9c4e9!8m2!3d41.7981237!4d-72.7233526!16s%2Fg%2F1tsjfn_q!19sChIJN0BHuEer54kR6cTZEvjJja8,Brookdale West Hartford,4.3,8,Assisted living facility,"22 Simsbury Rd, West Hartford, CT 06117, United States","Q7XG+6M West Hartford, Connecticut, USA",https://www.brookdale.com/en/communities/brookdale-west-hartford.html?cid=yext,+1 860-523-9899,Open 24 hours,https://lh3.googleusercontent.com/p/AF1QipO5YSpqo73QrxXcblEOodpc7RGXfBs9W3HXq6hs=w526-h240-k-no,true,Open 24 hours,Open 24 hours,Open 24 hours,Open 24 hours,Open 24 hours,Open 24 hours,Open 24 hours,"https://www.google.com/maps/search/Hospice+clinics+in+Weatoque+Hartford+CT/@41.8437093,-72.8284317,14z",2025-09-17T23:53:40.694Z,,
https://www.google.com/maps/place/Memory+Care+at+McLean/data=!4m7!3m6!1s0x89e70742523f25f9:0xb4c4ed4ea94d7264!8m2!3d41.8826177!4d-72.8275679!16s%2Fg%2F11g_m6xh9!19sChIJ-SU_UkIH54kRZHJNqU7txLQ,Memory Care at McLean,4.0,2,Health and beauty,"75 Great Pond Rd, Simsbury, CT 06070, United States","V5MC+2X Simsbury, Connecticut, USA",https://usavistalab.top/details/memory-care-at-mclean-ChIJ-SU,+1 860-658-3786,,https://streetviewpixels-pa.googleapis.com/v1/thumbnail?panoid=U6R_VDXCYPaCR4jigkoq7Q&cb_client=search.gws-prod.gps&w=408&h=240&yaw=120.29871&pitch=0&thumbfov=100,true,,,,,,,,"https://www.google.com/maps/search/Hospice+clinics+in+Simsbury+Hartford+CT/@41.8702338,-72.8046648,14z",2025-09-17T23:53:57.241Z,,
https://www.google.com/maps/place/Present+Company+Restaurant/data=!4m7!3m6!1s0x89e7010659510809:0x249019b3fee8ba7b!8m2!3d41.9091005!4d-72.761034!16s%2Fg%2F11c1q9_gn1!19sChIJCQhRWQYB54kRe7ro_rMZkCQ,Present Company Restaurant,4.6,389,New American restaurant,"2 Tunxis Rd, Tariffville, CT 06081, United States","W65Q+JH Tariffville, Simsbury, CT, USA",http://www.presentcompanyct.com/,+1 860-658-7890,,https://lh3.googleusercontent.com/gps-cs-s/AC9h4nq_TjinBHvYruCvM7F6yipBhSAv1SLyyhUImamNHq-nYLdkp8_9MtP2OTPRNVP73uIYm__QrxWRVs-QLnH4DyG_MbF2PqKDVYeO4UDDOLX0CUX6xYW8SnqKqkxvtGCxZQkon_tZiw=w408-h306-k-no,false,4–6 pm,4–6 pm,Closed,Closed,Closed,Closed,Closed,"https://www.google.com/maps/search/Hospice+clinics+in+Tariffville+Hartford+CT/@41.9087087,-72.7600951,14z",2025-09-17T23:54:16.900Z,,"Elevated plates of farm-fresh American cuisine served in charming, rustic surrounds. · Dine-in · Takeaway · Delivery"
https://www.google.com/maps/place/Simsbury+Veterinary+Hospital/data=!4m7!3m6!1s0x89e700d8a9e29879:0x876bdf778ad39ab2!8m2!3d41.9055119!4d-72.7860654!16s%2Fg%2F1tcym1qq!19sChIJeZjiqdgA54kRsprTinffa4c,Simsbury Veterinary Hospital,4.5,148,Veterinarian,"1450 Hopmeadow St, Simsbury, CT 06070, United States","W647+6H Simsbury, Connecticut, USA",http://simsburyvethospital.com/,+1 860-658-5126,Closed ⋅ Opens 8 am Thu,https://lh3.googleusercontent.com/gps-cs-s/AC9h4nr6W-rqrhv8MLxvkZfrcULr87o5OIgRusWtqEgqkwkJPzZXtDIim5VokUyRMWj-ptLnWDz8RCOwlWsA82YPXCKcFUYgp0kc_UFAfJFSL879oh-7DgWe8zpMZQj89omsswpNOmft=w408-h544-k-no,true,8 am–6 pm,8 am–6 pm,8 am–4 pm,Closed,Closed,8 am–6 pm,8 am–6 pm,"https://www.google.com/maps/search/Hospice+clinics+in+Tariffville+Hartford+CT/@41.9087087,-72.7600951,14z",2025-09-17T23:54:25.661Z,,
https://www.google.com/maps/place/BrightStar+Care/data=!4m7!3m6!1s0x89e6fdd4487f1c2f:0x809210c9bc65403d!8m2!3d41.9825619!4d-72.6503391!16s%2Fg%2F1tfrhs_p!19sChIJLxx_SNT95okRPUBlvMkQkoA,BrightStar Care,4.7,24,Home health care service,"66 N Main St, Suffield, CT 06078, United States","X8MX+2V Suffield, Connecticut, USA",https://www.brightstarcare.com/locations/hartford/,+1 860-758-7600,Open 24 hours,https://lh3.googleusercontent.com/p/AF1QipNUEnM6x8nY2Ml7OiqJMO_VB3bYs5eAFgqiOIBe=w426-h240-k-no,true,Open 24 hours,Open 24 hours,Open 24 hours,Open 24 hours,Open 24 hours,Open 24 hours,Open 24 hours,"https://www.google.com/maps/search/Hospice+clinics+in+Tariffville+Hartford+CT/@41.9087087,-72.7600951,14z",2025-09-17T23:54:30.013Z,,
https://www.google.com/maps/place/Salmon+Brook+Veterinary+Hospital/data=!4m7!3m6!1s0x89e7015a908bb679:0x90e569d22890db28!8m2!3d41.9366985!4d-72.7915329!16s%2Fg%2F1tdgl8s6!19sChIJebaLkFoB54kRKNuQKNJp5ZA,Salmon Brook Veterinary Hospital,4.7,535,Animal hospital,"136 Salmon Brook St, Granby, CT 06035, United States","W6P5+M9 Granby, Connecticut, USA",https://salmonbrookvets.com/,+1 860-653-7238,Closes soon ⋅ 8 pm ⋅ Opens 7:30 am Thu,https://lh3.googleusercontent.com/p/AF1QipNAwg4Bapac6LsadDh46zNWtoeIdxGlwcPozQve=w408-h544-k-no,true,7:30 am–8 pm,7:30 am–8 pm,7:30 am–8 pm,8 am–5 pm,Closed,7:30 am–8 pm,7:30 am–8 pm,"https://www.google.com/maps/search/Hospice+clinics+in+Tariffville+Hartford+CT/@41.9087087,-72.7600951,14z",2025-09-17T23:54:34.653Z,,
https://www.google.com/maps/place/Hartford+HealthCare+Medical+Group/data=!4m7!3m6!1s0x89e7ac82bd6a0d3d:0x59653fecbe51d217!8m2!3d41.7844771!4d-72.745274!16s%2Fg%2F1tj97fmx!19sChIJPQ1qvYKs54kRF9JRvuw_ZVk,Hartford HealthCare Medical Group,2.4,45,Family practice physician,"336 N Main St, West Hartford, CT 06117, United States","Q7M3+QV West Hartford, Connecticut, USA",https://hartfordhealthcaremedicalgroup.org/locations/primary-care/west-hartford/336-north-main-street,+1 860-696-4400,Closed ⋅ Opens 8 am Thu,https://streetviewpixels-pa.googleapis.com/v1/thumbnail?panoid=sHYj90qUgWFW0YiRHmcF5g&cb_client=search.gws-prod.gps&w=408&h=240&yaw=50.456112&pitch=0&thumbfov=100,true,8 am–5 pm,8 am–5 pm,8 am–5 pm,Closed,Closed,8 am–5 pm,9 am–5 pm,"https://www.google.com/maps/search/Hospice+clinics+in+West+Hartford+Hartford+CT/@41.7619288,-72.7421737,14z",2025-09-17T23:54:48.480Z,,
https://www.google.com/maps/place/Comfort+Keepers/data=!4m7!3m6!1s0x89e7add1b683442f:0xc90e3c0c8b63507e!8m2!3d41.7599076!4d-72.7440481!16s%2Fg%2F11wfqrqq53!19sChIJL0SDttGt54kRflBjiww8Dsk,Comfort Keepers,4.7,6,Home health care service,"62 LaSalle Rd #303, West Hartford, CT 06107, United States","Q754+X9 West Hartford, Connecticut, USA",https://www.comfortkeepers.com/offices/connecticut/west-hartford/?utm_source=local&utm_medium=organic,+1 860-932-6300,Open 24 hours,https://streetviewpixels-pa.googleapis.com/v1/thumbnail?panoid=2edihVK_qo4ArcpSUhsF7w&cb_client=search.gws-prod.gps&w=408&h=240&yaw=87.599915&pitch=0&thumbfov=100,true,Open 24 hours,Open 24 hours,Open 24 hours,Open 24 hours,Open 24 hours,Open 24 hours,Open 24 hours,"https://www.google.com/maps/search/Hospice+clinics+in+West+Hartford+Hartford+CT/@41.7619288,-72.7421737,14z",2025-09-17T23:54:52.866Z,,
https://www.google.com/maps/place/Petcare+Veterinary+Services/data=!4m7!3m6!1s0x89e7acec9c7c2c39:0x99fa375bdaac6b2b!8m2!3d41.7603343!4d-72.73907!16s%2Fg%2F1tgptn8w!19sChIJOSx8nOys54kRK2us2ls3-pk,Petcare Veterinary Services,4.8,151,Veterinarian,"64 Raymond Rd, West Hartford, CT 06107, United States","Q766+49 West Hartford, Connecticut, USA",http://www.petcarewh.com/,+1 860-232-6060,"Closed ⋅ Opens 8 am Thu

Updated by this business 8 weeks ago",https://lh3.googleusercontent.com/gps-cs-s/AC9h4nq4yO92BmJrXY8Ep4iVP5IhXcQP127BCQjrzdsbgLZqYk4VfO3aMQJSgCgYeZdq_x2Ytg2qxgv4qVpbaTxBgqLZwPwEma0O0CvbUvYdnHNCS-XSQ-l7SK6xUtHiDaiyiBEqz02lKA=w408-h306-k-no,true,8 am–6 pm,8 am–6:30 pm,8 am–5 pm,Closed,Closed,8 am–6 pm,8 am–6 pm,"https://www.google.com/maps/search/Hospice+clinics+in+West+Hartford+Hartford+CT/@41.7619288,-72.7421737,14z",2025-09-17T23:55:01.900Z,,
https://www.google.com/maps/place/Conklin+building/data=!4m7!3m6!1s0x89e65314ab583d9f:0x584df6734ba634a!8m2!3d41.7537885!4d-72.6804345!16s%2Fg%2F11c1xh5wfg!19sChIJnz1YqxRT5okRSmO6NGffhAU,Conklin building,4.0,30,Hospital,"80 Seymour St, Hartford, CT 06106, United States","Q839+GR Hartford, Connecticut, USA",https://hartfordhospital.org/locations/hartford-hospital-main-emergency-entrance/conklin-building,+1 860-545-5000,"Closes soon ⋅ 8 pm ⋅ Opens 7 am Thu

Updated by others 5 weeks ago",https://lh3.googleusercontent.com/gps-cs-s/AC9h4nqkNHYJDYBCTs4a-hGLVR2XAZE72UZyeDadnlzkyfjrZAnXhZtJ45viPHTmAfL7_-WOJEz_dB5aBgpCkI775c2qrAhWY0uGG_jgEja6kAlZ_SylcQduWKoE-TJkVmqGsnA6BYxI=w408-h544-k-no,false,7 am–8 pm,7 am–8 pm,7 am–8 pm,10 am–8 pm,10 am–8 pm,7 am–8 pm,7 am–8 pm,"https://www.google.com/maps/search/Hospice+clinics+in+West+Hartford+Hartford+CT/@41.7619288,-72.7421737,14z",2025-09-17T23:55:06.268Z,,
"https://www.google.com/maps/place/Dmitry+Kozhevnikov,+DO/data=!4m7!3m6!1s0x89e7d955cc73fbc7:0xfc3451283c3e486f!8m2!3d41.3042236!4d-72.9358138!16s%2Fg%2F11v3jtrkw7!19sChIJx_tzzFXZ54kRb0g-PChRNPw","Dmitry Kozhevnikov, DO",5.0,1,Hospice,"Smilow Cancer Hospital at Yale, 20 York St, New Haven, CT 06510, United States","8337+MM New Haven, Connecticut, USA",https://www.yalemedicine.org/specialists/dmitry-kozhevnikov,+1 203-785-6977,,https://streetviewpixels-pa.googleapis.com/v1/thumbnail?panoid=DeYhbh_0CzWQnHqxgJpfsg&cb_client=search.gws-prod.gps&w=408&h=240&yaw=280.03522&pitch=0&thumbfov=100,true,,,,,,,,"https://www.google.com/maps/search/Hospice+clinics+in+West+Hartford+Hartford+CT/@41.7619288,-72.7421737,14z",2025-09-17T23:55:08.752Z,,
https://www.google.com/maps/place/Hartford+HealthCare+Medical+Group/data=!4m7!3m6!1s0x89e64d84399370a9:0xce8e697f13962a30!8m2!3d41.686137!4d-72.6543935!16s%2Fg%2F11q2z0284g!19sChIJqXCTOYRN5okRMCqWE39pjs4,Hartford HealthCare Medical Group,,,Medical clinic,"1290 Silas Deane Hwy, Wethersfield, CT 06109, United States","M8PW+F6 Wethersfield, Connecticut, USA",https://www.ctheartgroup.com/about-us/news-center/news-detail?articleid=32838&publicId=395,+1 860-827-7690,,https://streetviewpixels-pa.googleapis.com/v1/thumbnail?panoid=cad9ilouw86SeZzRqb3f0w&cb_client=search.gws-prod.gps&w=408&h=240&yaw=257.28094&pitch=0&thumbfov=100,false,,,,,,,,"https://www.google.com/maps/search/Hospice+clinics+in+Wethersfield+Hartford+CT/@41.7063537,-72.6596244,14z",2025-09-17T23:55:26.890Z,,
https://www.google.com/maps/place/Hartford+HealthCare+Medical+Group/data=!4m7!3m6!1s0x89e6527ede6d995f:0x21660afc2947eb6b!8m2!3d41.6951566!4d-72.6578808!16s%2Fg%2F1q6j7v5_y!19sChIJX5lt3n5S5okRa-tHKfwKZiE,Hartford HealthCare Medical Group,2.2,62,Family practice physician,"1025 Silas Deane Hwy, Wethersfield, CT 06109, United States","M8WR+3R Wethersfield, Connecticut, USA",https://hartfordhealthcaremedicalgroup.org/locations/primary-care/wethersfield/1025-silas-deane-highway,+1 860-696-2400,Closed ⋅ Opens 8 am Thu,https://lh3.googleusercontent.com/gps-cs-s/AC9h4nrOpiK0_NjCzUiZ1Gmh6zLTpKtqQgESkfLt8___jQX8i2cRRtivLAYSsVRPRkW88TCyZ9aUAiJgI4Z32TL29J3cA0NyP4p3gB_SB5RUoUis2v4uE-d-O__xdoV2o2NAs0QjCXYXBA=w426-h240-k-no,true,8 am–5 pm,8 am–5 pm,8 am–5 pm,Closed,Closed,8 am–5 pm,8 am–5 pm,"https://www.google.com/maps/search/Hospice+clinics+in+Wethersfield+Hartford+CT/@41.7063537,-72.6596244,14z",2025-09-17T23:55:31.307Z,,
https://www.google.com/maps/place/Hartford+HealthCare+Rehabilitation+Network/data=!4m7!3m6!1s0x89e6527f4a97bd3d:0xd367670813ea786e!8m2!3d41.6951566!4d-72.6578808!16s%2Fg%2F1vcl4sqk!19sChIJPb2XSn9S5okRbnjqEwhnZ9M,Hartford HealthCare Rehabilitation Network,5.0,155,Physical therapist,"Rehab Suite, 1025 Silas Deane Hwy, Wethersfield, CT 06109, United States","M8WR+3R Wethersfield, Connecticut, USA",https://hartfordhealthcarerehabnetwork.org/,+1 860-696-2670,Closed ⋅ Opens 7 am Thu,https://lh3.googleusercontent.com/p/AF1QipOjkE-KI5QzXUbO3wPwjWIlAq4XF5Lhksd0Vtyf=w426-h240-k-no,true,7 am–7 pm,7 am–7 pm,7 am–5:30 pm,Closed,Closed,7 am–7 pm,7 am–7 pm,"https://www.google.com/maps/search/Hospice+clinics+in+Wethersfield+Hartford+CT/@41.7063537,-72.6596244,14z",2025-09-17T23:55:35.743Z,,
"https://www.google.com/maps/place/Jasmen+Rice,+PsyD/data=!4m7!3m6!1s0x89e64d846cc77101:0xe4aa6bc7f793c98a!8m2!3d41.6869992!4d-72.6543568!16s%2Fg%2F11kv6gbt2b!19sChIJAXHHbIRN5okRismT98drquQ","Jasmen Rice, PsyD",5.0,14,Psychologist,"1260 Silas Deane Hwy #101, Wethersfield, CT 06109, United States","M8PW+Q7 Wethersfield, Connecticut, USA",https://hartfordhealthcaremedicalgroup.org/JasmenRice,+1 860-545-7550,,https://streetviewpixels-pa.googleapis.com/v1/thumbnail?panoid=AwihDPERZkTjcZiEf9l30w&cb_client=search.gws-prod.gps&w=408&h=240&yaw=155.79002&pitch=0&thumbfov=100,true,,,,,,,,"https://www.google.com/maps/search/Hospice+clinics+in+Wethersfield+Hartford+CT/@41.7063537,-72.6596244,14z",2025-09-17T23:55:42.854Z,,
https://www.google.com/maps/place/The+Ayer+Neuroscience+Institute+Headache+Center/data=!4m7!3m6!1s0x89e64d37b4283bdf:0xaddc815155efdc0!8m2!3d41.6870305!4d-72.654322!16s%2Fg%2F11h1j4qf03!19sChIJ3zsotDdN5okRwP1eFRXI3Qo,The Ayer Neuroscience Institute Headache Center,,,Neurologist,"1260 Silas Deane Hwy 1st Floor, Wethersfield, CT 06109, United States","M8PW+R7 Wethersfield, Connecticut, USA",https://hartfordhealthcaremedicalgroup.org/locations/specialty-care/wethersfield/1260-silas-deane-highway,+1 860-696-2925,Closed ⋅ Opens 8 am Thu,https://streetviewpixels-pa.googleapis.com/v1/thumbnail?panoid=V4nh6wrEFWOXLH4u5L2SXA&cb_client=search.gws-prod.gps&w=408&h=240&yaw=211.49707&pitch=0&thumbfov=100,true,8 am–4:30 pm,8 am–4:30 pm,8 am–4:30 pm,Closed,Closed,8 am–4:30 pm,8 am–4:30 pm,"https://www.google.com/maps/search/Hospice+clinics+in+Wethersfield+Hartford+CT/@41.7063537,-72.6596244,14z",2025-09-17T23:55:47.730Z,,
"https://www.google.com/maps/place/Maliha+Nafees,+MD/data=!4m7!3m6!1s0x89e6527ede6d995f:0x9e64f4d66d0ee349!8m2!3d41.6951566!4d-72.6578808!16s%2Fg%2F11f0kz_8l3!19sChIJX5lt3n5S5okRSeMObdb0ZJ4","Maliha Nafees, MD",4.8,176,Family practice physician,"1025 Silas Deane Hwy, Wethersfield, CT 06109, United States","M8WR+3R Wethersfield, Connecticut, USA",https://hartfordhealthcaremedicalgroup.org/MalihaNafees,+1 860-696-2400,"Closed ⋅ Opens 8 am Thu

Confirmed by this business 1 week ago",https://lh3.googleusercontent.com/p/AF1QipMvBFrPPf-6WyIY8CokbWzPAh8o8H7mAXXjvaWF=w426-h240-k-no,true,8 am–5 pm,8 am–5 pm,8 am–5 pm,Closed,Closed,8 am–5 pm,8 am–5 pm,"https://www.google.com/maps/search/Hospice+clinics+in+Wethersfield+Hartford+CT/@41.7063537,-72.6596244,14z",2025-09-17T23:55:53.286Z,,