placeUrl,title,rating,reviewCount,category,address,plusCode,website,phoneNumber,currentStatus,imgUrl,isClaimed,wednesday,thursday,friday,saturday,sunday,monday,tuesday,query,timestamp,info,attributes,error,isBlackOwned
https://www.google.com/maps/place/Hospice+of+Spokane/data=!4m7!3m6!1s0x549e189aa09997af:0x1a2864eaa6d2741!8m2!3d47.6561835!4d-117.3953547!16s%2Fg%2F1v9gjqkd!19sChIJr5eZoJoYnlQRQSdtqk6GogE,Hospice of Spokane,4.0,28,Hospice,"121 S Arthur St, Spokane, WA 99202, United States","MJ43+FV Spokane, Washington, USA",http://www.hospiceofspokane.org/,+1 509-456-0438,Closes soon ⋅ 5 pm ⋅ Opens 8 am Thu,https://lh3.googleusercontent.com/gps-cs-s/AC9h4npb9oOJc1H0KzuXagbseQJ9KrYa5eHSMaYBwZT22U33oApPRucgi3_We-4pnGkmLwI_yowa9FP01ztnHg53eFoQVt1sXyP3EtgYc1hfRG8myyLcq7861KMmuK1NhbOOu_9XZ3dkyw=w408-h544-k-no,true,8 am–5 pm,8 am–5 pm,8 am–5 pm,Closed,Closed,8 am–5 pm,8 am–5 pm,"https://www.google.com/maps/search/Hospice+clinics+in+Spokane+Spokane+WA/@47.6579711,-117.4235319,14z",2025-09-17T23:58:28.073Z,,,,
https://www.google.com/maps/place/Hospice+of+Spokane+Hospice+House/data=!4m7!3m6!1s0x549e1887459e7edd:0x19b3e776158290e4!8m2!3d47.6489163!4d-117.4056596!16s%2Fg%2F11h1qxq09!19sChIJ3X6eRYcYnlQR5JCCFXbnsxk,Hospice of Spokane Hospice House,4.1,23,Hospice,"367 E 7th Ave, Spokane, WA 99202, United States","JHXV+HP Spokane, Washington, USA",http://www.hospiceofspokane.org/,+1 888-459-0438,,https://lh3.googleusercontent.com/gps-cs-s/AC9h4no-ZBj561fcQS_Xws10b6oLpb3Bp6vk0cG8pU0wQbZ66xQMgtlkweFFO2zO9T-ZFjGtmTe9SQEvAcrktAMPyyOgFHY5SJpS1IILS2qxbOZwlw8DQGFNexM1kQSnzBpoq5FCpIoE=w426-h240-k-no,true,,,,,,,,"https://www.google.com/maps/search/Hospice+clinics+in+Spokane+Spokane+WA/@47.6579711,-117.4235319,14z",2025-09-17T23:58:31.436Z,,,,
https://www.google.com/maps/place/Providence+Palliative+Care/data=!4m7!3m6!1s0x549e187cf480b7b9:0xdd6852918ec2c6f9!8m2!3d47.6478474!4d-117.4141449!16s%2Fg%2F11cn9hbcxg!19sChIJubeA9HwYnlQR-cbCjpFSaN0,Providence Palliative Care,1.0,1,Hospice,"105 W 8th Ave Suite 120C, Spokane, WA 99204, United States","JHXP+48 Spokane, Washington, USA",https://www.providence.org/locations/wa/sacred-heart-medical-center/palliative-care?ls=location&y_source=1_OTU3Njk0Ny03MTUtbG9jYXRpb24ud2Vic2l0ZQ%3D%3D,+1 509-455-3854,Closes soon ⋅ 5 pm ⋅ Opens 8 am Thu,https://streetviewpixels-pa.googleapis.com/v1/thumbnail?panoid=FmXsQDXVHrIgE3rIm8VYUg&cb_client=search.gws-prod.gps&w=408&h=240&yaw=197.61969&pitch=0&thumbfov=100,true,8 am–5 pm,8 am–5 pm,8 am–5 pm,Closed,Closed,8 am–5 pm,8 am–5 pm,"https://www.google.com/maps/search/Hospice+clinics+in+Spokane+Spokane+WA/@47.6579711,-117.4235319,14z",2025-09-17T23:58:36.280Z,,,,
https://www.google.com/maps/place/Horizon+Hospice+%26+Palliative+Care/data=!4m7!3m6!1s0x549e1c0165fc113b:0x53d5b5f0d1bb64b4!8m2!3d47.7435576!4d-117.4004924!16s%2Fg%2F1td2gmq6!19sChIJOxH8ZQEcnlQRtGS70fC11VM,Horizon Hospice & Palliative Care,4.7,19,Hospice,"608 E Holland Ave, Spokane, WA 99218, United States","PHVX+CR Spokane, Washington, USA",http://www.horizonhospice.com/,+1 509-489-4581,Closes soon ⋅ 5 pm ⋅ Opens 8:30 am Thu,https://streetviewpixels-pa.googleapis.com/v1/thumbnail?panoid=rTJ2B22R5_QHul4ydzEF1A&cb_client=search.gws-prod.gps&w=408&h=240&yaw=350.18445&pitch=0&thumbfov=100,true,8:30 am–5 pm,8:30 am–5 pm,8:30 am–5 pm,Closed,Closed,8:30 am–5 pm,8:30 am–5 pm,"https://www.google.com/maps/search/Hospice+clinics+in+Spokane+Spokane+WA/@47.6579711,-117.4235319,14z",2025-09-17T23:58:42.360Z,,,,
https://www.google.com/maps/place/Mobile+Medicine+of+Spokane/data=!4m7!3m6!1s0x549e189aa0999b5b:0x3c7dbf52487c0445!8m2!3d47.6562152!4d-117.3953878!16s%2Fg%2F1q6h_z5vl!19sChIJW5uZoJoYnlQRRQR8SFK_fTw,Mobile Medicine of Spokane,,,Hospice,"121 S Arthur St, Spokane, WA 99202, United States","MJ43+FR Spokane, Washington, USA",,+1 509-532-6755,,https://streetviewpixels-pa.googleapis.com/v1/thumbnail?panoid=cLGw_P6ebEMTwdYkgenQkg&cb_client=search.gws-prod.gps&w=408&h=240&yaw=0.8029731&pitch=0&thumbfov=100,false,,,,,,,,"https://www.google.com/maps/search/Hospice+clinics+in+Spokane+Spokane+WA/@47.6579711,-117.4235319,14z",2025-09-17T23:58:45.092Z,,,,
"https://www.google.com/maps/place/Eden+Health+-+Home+Health,+Hospice/data=!4m7!3m6!1s0x5361e1ded3e489dd:0x1f28cd6d746d30c3!8m2!3d47.6686134!4d-117.2832931!16s%2Fg%2F11jh8v5qb6!19sChIJ3Ynk097hYVMRwzBtdG3NKB8","Eden Health - Home Health, Hospice",4.4,11,Home health care service,"1225 N Argonne Rd Ste 100, Spokane, WA 99212, United States","MP98+CM Spokane, Washington, USA",https://www.eden-health.com/Locations/eden-home-health-spokane/,+1 509-505-5315,Closes soon ⋅ 5 pm ⋅ Opens 8 am Thu,https://lh3.googleusercontent.com/p/AF1QipMildNToqnH0tFgqMcQS2sIAOxkXuapqlqU-ci2=w408-h272-k-no,true,8 am–5 pm,8 am–5 pm,8 am–5 pm,Closed,Closed,8 am–5 pm,8 am–5 pm,"https://www.google.com/maps/search/Hospice+clinics+in+Spokane+Spokane+WA/@47.6579711,-117.4235319,14z",2025-09-17T23:58:50.126Z,,,,
https://www.google.com/maps/place/Providence+Hospice+Spokane/data=!4m7!3m6!1s0x549e21caa6dd6621:0xffde61a29f61037!8m2!3d47.6662812!4d-117.2823839!16s%2Fg%2F11vzqgs_7s!19sChIJIWbdpsohnlQRNxD2KRrm_Q8,Providence Hospice Spokane,1.0,1,Hospice,"1000 N Argonne Rd Ste 201, Spokane Valley, WA 99212, United States","MP89+G2 Spokane Valley, Washington, USA",https://www.providence.org/locations/wa/hospice-spokane-valley?Is=location&y_source=1_MTA1MDQ5MjQ5NS03MTUtbG9jYXRpb24ud2Vic2l0ZQ%3D%3D,+1 509-474-2996,Closed ⋅ Opens 8 am Thu,https://streetviewpixels-pa.googleapis.com/v1/thumbnail?panoid=wwg4kAjuJGPvRiuX2jag9Q&cb_client=search.gws-prod.gps&w=408&h=240&yaw=212.25471&pitch=0&thumbfov=100,true,8 am–4:30 pm,8 am–4:30 pm,8 am–4:30 pm,Closed,Closed,8 am–4:30 pm,8 am–4:30 pm,"https://www.google.com/maps/search/Hospice+clinics+in+Spokane+Spokane+WA/@47.6579711,-117.4235319,14z",2025-09-17T23:58:55.128Z,,,,
https://www.google.com/maps/place/Hospice+of+North+Idaho+Schneidmiller+Hospice+House/data=!4m7!3m6!1s0x5361c10279fe8aa9:0x81997fdcd825985f!8m2!3d47.743659!4d-116.818008!16s%2Fg%2F11_v0t6lb!19sChIJqYr-eQLBYVMRX5gl2Nx_mYE,Hospice of North Idaho Schneidmiller Hospice House,4.1,21,Hospice,"2290 W Prairie Ave, Coeur d'Alene, ID 83815, United States","P5VJ+FQ Coeur d'Alene, Idaho, USA",http://www.hospiceofnorthidaho.org/,+1 208-772-7994,Open 24 hours,https://lh3.googleusercontent.com/p/AF1QipOmvXijU6bZ3w50g-IkmNEXBHBB0EDtSF3hWbmV=w408-h272-k-no,true,Open 24 hours,Open 24 hours,Open 24 hours,Open 24 hours,Open 24 hours,Open 24 hours,Open 24 hours,"https://www.google.com/maps/search/Hospice+clinics+in+Coeur+d'Alene+Spokane+WA/@47.6579711,-117.4235319,14z",2025-09-17T23:59:11.037Z,,,,
https://www.google.com/maps/place/Hospice+of+North+Idaho/data=!4m7!3m6!1s0x5361c08a06ec2ea7:0xc298bd530328643e!8m2!3d47.7434166!4d-116.8177186!16s%2Fg%2F1td3fpvl!19sChIJpy7sBorAYVMRPmQoA1O9mMI,Hospice of North Idaho,4.4,23,Hospice,"2290 W Prairie Ave, Coeur d'Alene, ID 83815, United States","P5VJ+9W Coeur d'Alene, Idaho, USA",http://www.hospiceofnorthidaho.org/,+1 208-772-7994,Open 24 hours,https://lh3.googleusercontent.com/p/AF1QipO-umlTm7hOmD05PM9vb3DK9w8bLsnx8EnwJy6O=w1155-h240-k-no,true,Open 24 hours,Open 24 hours,Open 24 hours,Open 24 hours,Open 24 hours,Open 24 hours,Open 24 hours,"https://www.google.com/maps/search/Hospice+clinics+in+Coeur+d'Alene+Spokane+WA/@47.6579711,-117.4235319,14z",2025-09-17T23:59:16.055Z,,,,
https://www.google.com/maps/place/Gentiva+Hospice/data=!4m7!3m6!1s0x5361c6b88f7f17a3:0xe5600034d97450cc!8m2!3d47.6987679!4d-116.8046493!16s%2Fg%2F11c6ccpp5g!19sChIJoxd_j7jGYVMRzFB02TQAYOU,Gentiva Hospice,5.0,1,Hospice,"1321 N Northwood Center Ct STE A, Coeur d'Alene, ID 83814, United States","M5XW+G4 Coeur d'Alene, Idaho, USA",https://www.gentivahs.com/,+1 208-765-3452,Open 24 hours,https://lh3.googleusercontent.com/p/AF1QipPV9xZAZFeabwcGjQrlyBmCE5r1m-Bv3hpBFzVe=w426-h240-k-no,true,Open 24 hours,Open 24 hours,Open 24 hours,Open 24 hours,Open 24 hours,Open 24 hours,Open 24 hours,"https://www.google.com/maps/search/Hospice+clinics+in+Coeur+d'Alene+Spokane+WA/@47.6579711,-117.4235319,14z",2025-09-17T23:59:20.953Z,,,,
https://www.google.com/maps/place/Advanced+Home+Health+and+Hospice+of+Northern+Idaho/data=!4m7!3m6!1s0x5361c76d3fb92b03:0x47e6452bed6dfe06!8m2!3d47.6945353!4d-116.8095202!16s%2Fg%2F11fhzh2j4r!19sChIJAyu5P23HYVMRBv5t7StF5kc,Advanced Home Health and Hospice of Northern Idaho,4.0,8,Home health care service,"1578 W Riverstone Dr STE H, Coeur d'Alene, ID 83814, United States","M5VR+R5 Coeur d'Alene, Idaho, USA",https://homehealthandhospice.com/northern-idaho/,+1 208-769-0500,Closes soon ⋅ 5 pm ⋅ Opens 9 am Thu,https://streetviewpixels-pa.googleapis.com/v1/thumbnail?panoid=uCMbqQKjz4rfksghLU-CHQ&cb_client=search.gws-prod.gps&w=408&h=240&yaw=252.24469&pitch=0&thumbfov=100,true,9 am–5 pm,9 am–5 pm,9 am–5 pm,Closed,Closed,9 am–5 pm,9 am–5 pm,"https://www.google.com/maps/search/Hospice+clinics+in+Coeur+d'Alene+Spokane+WA/@47.6579711,-117.4235319,14z",2025-09-17T23:59:25.861Z,,,,
https://www.google.com/maps/place/Auburn+Crest+Hospice/data=!4m7!3m6!1s0x5361c3a79be2bca7:0xac6d2198596eb26c!8m2!3d47.7476368!4d-116.7845673!16s%2Fg%2F1tdk07qv!19sChIJp7zim6fDYVMRbLJuWZghbaw,Auburn Crest Hospice,5.0,28,Hospice,"8382 N Wayne Dr, Hayden, ID 83835, United States","P6X8+35 Hayden, Idaho, USA",http://www.auburncrest.com/,+1 208-665-8111,Closes soon ⋅ 5 pm ⋅ Opens 8:30 am Thu,https://lh3.googleusercontent.com/p/AF1QipPyKIFzqMiYAKz3v1hLjpwv9pK-zwoQrvJv0DRj=w426-h240-k-no,true,8:30 am–5 pm,8:30 am–5 pm,8:30 am–5 pm,Closed,Closed,8:30 am–5 pm,8:30 am–5 pm,"https://www.google.com/maps/search/Hospice+clinics+in+Coeur+d'Alene+Spokane+WA/@47.6579711,-117.4235319,14z",2025-09-17T23:59:30.723Z,,,,
https://www.google.com/maps/place/Crest+Home+Health+%26+Hospice+-+Coeur+d%27Alene/data=!4m7!3m6!1s0x5361c6c1c6306533:0xa8a0b04e1bbdb206!8m2!3d47.6953319!4d-116.8031598!16s%2Fg%2F1tqpyxwb!19sChIJM2UwxsHGYVMRBrK9G06woKg,Crest Home Health & Hospice - Coeur d'Alene,4.5,31,Hospice,"2100 Northwest Blvd # 120, Coeur d'Alene, ID 83814, United States","M5WW+4P Coeur d'Alene, Idaho, USA",http://www.rmcare.com/locations/idaho/crest-hospice-coeur-dalene/,+1 208-765-4343,Open 24 hours,https://lh3.googleusercontent.com/gps-cs-s/AC9h4nrLRJ1GKPoVNmjz9p9amFu0Ft6V8qAaBlWlDXEOLmbzJf1oIzoBWR82yviBkJlK4ki29MajXXznxt8cjwiMcF4tLbGYzLFYqPzoG4vEKFcD0JK7P84TTnJH3j6Y-styylPPpEGU=w426-h240-k-no,true,Open 24 hours,Open 24 hours,Open 24 hours,Open 24 hours,Open 24 hours,Open 24 hours,Open 24 hours,"https://www.google.com/maps/search/Hospice+clinics+in+Coeur+d'Alene+Spokane+WA/@47.6579711,-117.4235319,14z",2025-09-17T23:59:35.669Z,,,,
https://www.google.com/maps/place/Gentiva+Hospice/data=!4m7!3m6!1s0x5361de8426b4b347:0x67a3af7922ead710!8m2!3d47.6686726!4d-117.1112824!16s%2Fg%2F12m95qwg5!19sChIJR7O0JoTeYVMRENfqInmvo2c,Gentiva Hospice,3.0,4,Hospice,"1326 N Whitman Ln, Liberty Lake, WA 99019, United States","MV9Q+FF Liberty Lake, Washington, USA",https://www.gentivahs.com/,+1 509-789-4377,Open 24 hours,https://lh3.googleusercontent.com/p/AF1QipNNeLVdm0rBRfC_CX4zWHfgC7pGszfGtH67XjQ-=w426-h240-k-no,true,Open 24 hours,Open 24 hours,Open 24 hours,Open 24 hours,Open 24 hours,Open 24 hours,Open 24 hours,"https://www.google.com/maps/search/Hospice+clinics+in+Coeur+d'Alene+Spokane+WA/@47.6579711,-117.4235319,14z",2025-09-17T23:59:40.452Z,,,,
https://www.google.com/maps/place/North+Central+Care+Center/data=!4m7!3m6!1s0x549e18fbbcc8fe49:0xa0194df7a139d2b1!8m2!3d47.6746334!4d-117.4212111!16s%2Fg%2F1v0lkhb1!19sChIJSf7IvPsYnlQRsdI5ofdNGaA,North Central Care Center,3.0,36,Nursing home,"1812 N Wall St, Spokane, WA 99205, United States","MHFH+VG Spokane, Washington, USA",https://www.hyattfamilyfacilities.com/north-central/index.html,+1 509-328-6030,Closes soon ⋅ 5 pm ⋅ Opens 8 am Thu,https://lh3.googleusercontent.com/p/AF1QipMhUdHIyjy896Y4HFTVx4sY8dvFRELIighzxcJm=w408-h272-k-no,true,8 am–5 pm,8 am–5 pm,8 am–5 pm,8 am–5 pm,8 am–5 pm,8 am–5 pm,8 am–5 pm,"https://www.google.com/maps/search/Hospice+clinics+in+Coeur+d'Alene+Spokane+WA/@47.6579711,-117.4235319,14z",2025-09-17T23:59:45.494Z,,,,
https://www.google.com/maps/place/Assured+Home+Health/data=!4m7!3m6!1s0x549e1976aaaaaaab:0x73ca1fe876a0df69!8m2!3d47.6636541!4d-117.4136404!16s%2Fg%2F1tgh2pxq!19sChIJq6qqqnYZnlQRad-gdugfynM,Assured Home Health,4.1,7,Home health care service,"201 W North River Dr # 335, Spokane, WA 99201, United States","MH7P+FG Spokane, Washington, USA",https://lhcgroup.com/locations/assured-home-health-spokane/,+1 509-326-2300,Closed ⋅ Opens 8 am Thu,https://streetviewpixels-pa.googleapis.com/v1/thumbnail?panoid=a6f8UwiNsNauDC8QojuwVQ&cb_client=search.gws-prod.gps&w=408&h=240&yaw=61.13795&pitch=0&thumbfov=100,true,8 am–4:30 pm,8 am–4:30 pm,8 am–4:30 pm,Closed,Closed,8 am–4:30 pm,8 am–4:30 pm,"https://www.google.com/maps/search/Hospice+clinics+in+Coeur+d'Alene+Spokane+WA/@47.6579711,-117.4235319,14z",2025-09-17T23:59:50.344Z,,,,
https://www.google.com/maps/place/Providence+Sacred+Heart+Medical+Center/data=!4m7!3m6!1s0x549e187c5d366d11:0xdbab5883d22caf6a!8m2!3d47.6490244!4d-117.4130529!16s%2Fg%2F1tr9n412!19sChIJEW02XXwYnlQRaq8s0oNYq9s,Providence Sacred Heart Medical Center,2.9,219,Medical Center,"101 W 8th Ave, Spokane, WA 99204, United States","JHXP+JQ Spokane, Washington, USA",https://www.providence.org/locations/wa/sacred-heart-medical-center?ls=location&y_source=1_OTU3Njk1My03MTUtbG9jYXRpb24ud2Vic2l0ZQ%3D%3D,+1 509-474-3131,"Open 24 hours

Confirmed by this business 7 weeks ago",https://lh3.googleusercontent.com/p/AF1QipNWf84jh5jz87f4NTz-JKHElzP4UiKcKcSsAEse=w426-h240-k-no,true,Open 24 hours,Open 24 hours,Open 24 hours,Open 24 hours,Open 24 hours,Open 24 hours,Open 24 hours,"https://www.google.com/maps/search/Hospice+clinics+in+Coeur+d'Alene+Spokane+WA/@47.6579711,-117.4235319,14z",2025-09-17T23:59:55.287Z,,,,
https://www.google.com/maps/place/Auburn+Crest+Primary+%26+Palliative+Care/data=!4m7!3m6!1s0x5361c12c2bd00957:0xbee0ce95107e6e6d!8m2!3d47.7476609!4d-116.784427!16s%2Fg%2F11x6y3w7l8!19sChIJVwnQKyzBYVMRbW5-EJXO4L4,Auburn Crest Primary & Palliative Care,5.0,2,Medical group,"8382 N Wayne Dr Suite #205, Hayden, ID 83835, United States","P6X8+36 Hayden, Idaho, USA",,+1 208-758-9292,Closed ⋅ Opens 8:30 am Thu,https://streetviewpixels-pa.googleapis.com/v1/thumbnail?panoid=6oNbCLhA9qhyR4SzDzL2YA&cb_client=search.gws-prod.gps&w=408&h=240&yaw=269.3998&pitch=0&thumbfov=100,true,8:30 am–4 pm,8:30 am–4 pm,8:30 am–4 pm,Closed,Closed,8:30 am–4 pm,8:30 am–4 pm,"https://www.google.com/maps/search/Hospice+clinics+in+Coeur+d'Alene+Spokane+WA/@47.6579711,-117.4235319,14z",2025-09-18T00:00:00.382Z,,,,
https://www.google.com/maps/place/Providence+Outpatient+Health+Center/data=!4m7!3m6!1s0x549e187c7a1423f7:0x73985e2c2f9b4468!8m2!3d47.6490978!4d-117.4129647!16s%2Fg%2F11bv39zydl!19sChIJ9yMUenwYnlQRaESbLyxemHM,Providence Outpatient Health Center,4.0,15,Medical clinic,"105 W 8th Ave, Spokane, WA 99204, United States","JHXP+JR Spokane, Washington, USA",https://www.providence.org/locations/wa/providence-outpatient-health-center?ls=location&y_source=1_MTIzMjIwOTctNzE1LWxvY2F0aW9uLndlYnNpdGU%3D,+1 509-474-3131,Closes soon ⋅ 6 pm ⋅ Opens 6 am Thu,https://lh3.googleusercontent.com/gps-cs-s/AC9h4nocENgmZY-GeIPctNNNgG5-4UiOkWH6yNRSzmWuqwxD_CEj-ZyLcRJavg7DK8jYkH8lBgMmiostlW7684nD55kWVmaYHhdqHTlq-IKHlhDEsnDSjdkMwcf_BLAXZgAqSEoheBDn=w426-h240-k-no,true,6 am–6 pm,6 am–6 pm,6 am–6 pm,6 am–6 pm,6 am–6 pm,6 am–6 pm,6 am–6 pm,"https://www.google.com/maps/search/Hospice+clinics+in+Coeur+d'Alene+Spokane+WA/@47.6579711,-117.4235319,14z",2025-09-18T00:00:05.438Z,,,,
https://www.google.com/maps/place/Applegate+Hospice/data=!4m7!3m6!1s0x5361c6c1da8daaa9:0x4720aa29729507b!8m2!3d47.6935923!4d-116.7929385!16s%2Fg%2F1th5j3lr!19sChIJqaqN2sHGYVMRe1Apl6IKcgQ,Applegate Hospice,,,Hospice,"700 W Ironwood Dr #120e, Coeur d'Alene, ID 83814, United States","M6V4+CR Coeur d'Alene, Idaho, USA",http://www.applegatehospice.com/,+1 208-765-2273,,https://streetviewpixels-pa.googleapis.com/v1/thumbnail?panoid=6FNlI9wnqLg7KaHIcigc1w&cb_client=search.gws-prod.gps&w=408&h=240&yaw=290.7333&pitch=0&thumbfov=100,false,,,,,,,,"https://www.google.com/maps/search/Hospice+clinics+in+Coeur+d'Alene+Spokane+WA/@47.6579711,-117.4235319,14z",2025-09-18T00:00:08.099Z,,,,
https://www.google.com/maps/place/Agape+Care+Adult+Family+Home+LLC/data=!4m7!3m6!1s0x549e2126aca08a31:0xbe63f1c7c44fd420!8m2!3d47.6340909!4d-117.2239458!16s%2Fg%2F11ldxr3hky!19sChIJMYqgrCYhnlQRINRPxMfxY74,Agape Care Adult Family Home LLC,5.0,2,Home health care service,"13422 E 25th Ave, Spokane Valley, WA 99216, United States","JQMG+JC Spokane Valley, Washington, USA",https://www.agapecarespokane.com/,+1 509-944-1525,Closed ⋅ Opens 8 am Thu,https://streetviewpixels-pa.googleapis.com/v1/thumbnail?panoid=4J-xblgbjNGxli4PJXBSZw&cb_client=search.gws-prod.gps&w=408&h=240&yaw=173.68794&pitch=0&thumbfov=100,true,8 am–5 pm,8 am–5 pm,8 am–5 pm,Closed,8 am–5 pm,8 am–5 pm,8 am–5 pm,"https://www.google.com/maps/search/Hospice+clinics+in+Coeur+d'Alene+Spokane+WA/@47.6579711,-117.4235319,14z",2025-09-18T00:00:13.142Z,LGBTQ+ friendly,,,
https://www.google.com/maps/place/Sacred+Heart+Children%27s+Hospital/data=!4m7!3m6!1s0x549e187c5d366d11:0x462cd7da3c224903!8m2!3d47.6489469!4d-117.412962!16s%2Fm%2F0270j95!19sChIJEW02XXwYnlQRA0kiPNrXLEY,Sacred Heart Children's Hospital,3.0,420,Hospital,"101 W 8th Ave, Spokane, WA 99204, United States","JHXP+HR Spokane, Washington, USA",https://www.providence.org/locations/wa/sacred-heart-childrens-hospital?ls=location&y_source=1_OTU3Njk1Mi03MTUtbG9jYXRpb24ud2Vic2l0ZQ%3D%3D,+1 509-474-3131,,https://lh3.googleusercontent.com/p/AF1QipM0RbrQ3yOSKF1mEqutWS9PJ6ZGGVn5MRBGHT1Q=w426-h240-k-no,true,Open 24 hours,Open 24 hours,Open 24 hours,Open 24 hours,Open 24 hours,Open 24 hours,Open 24 hours,"https://www.google.com/maps/search/Hospice+clinics+in+Coeur+d'Alene+Spokane+WA/@47.6579711,-117.4235319,14z",2025-09-18T00:00:18.178Z,,,,
https://www.google.com/maps/place/Spokane+Health+%26+Rehabilitation/data=!4m7!3m6!1s0x549e1a2b42e9644d:0xa30ac8f92616b795!8m2!3d47.7139931!4d-117.4771961!16s%2Fg%2F1tfdykkv!19sChIJTWTpQisanlQRlbcWJvnICqM,Spokane Health & Rehabilitation,3.5,75,Nursing home,"6025 N Assembly St, Spokane, WA 99205, United States","PG7F+H4 Spokane, Washington, USA",https://spokanehrc.com/,+1 509-326-8282,Open 24 hours,https://lh3.googleusercontent.com/p/AF1QipNWL3-ZrNhjhJpmb1pDJvLsQXTYr5gtMkB2FdX1=w427-h240-k-no,true,Open 24 hours,Open 24 hours,Open 24 hours,Open 24 hours,Open 24 hours,Open 24 hours,Open 24 hours,"https://www.google.com/maps/search/Hospice+clinics+in+Coeur+d'Alene+Spokane+WA/@47.6579711,-117.4235319,14z",2025-09-18T00:00:23.359Z,,,,
"https://www.google.com/maps/place/Eden+Health+-+Home+Health,+Home+Care,+Hospice/data=!4m7!3m6!1s0x5361c779d34f0c2b:0x2082ed93936485fc!8m2!3d47.7121826!4d-116.7904397!16s%2Fg%2F11y96fst05!19sChIJKwxP03nHYVMR_IVkk5PtgiA","Eden Health - Home Health, Home Care, Hospice",,,Home health care service,"296 W Sunset Ave #20, Coeur d'Alene, ID 83815, United States","P665+VR Coeur d'Alene, Idaho, USA",https://www.eden-health.com/Locations/eden-home-health-coeur-d-alene/,+1 208-255-1640,Open 24 hours,https://lh3.googleusercontent.com/p/AF1QipOsqeIkTaVUwFH_bSEwniCLDVrsBfoOvE58mxKS=w408-h272-k-no,true,Open 24 hours,Open 24 hours,Open 24 hours,Open 24 hours,Open 24 hours,Open 24 hours,Open 24 hours,"https://www.google.com/maps/search/Hospice+clinics+in+Coeur+d'Alene+Spokane+WA/@47.6579711,-117.4235319,14z",2025-09-18T00:00:28.158Z,,,,
https://www.google.com/maps/place/Providence+Holy+Family+Hospital/data=!4m7!3m6!1s0x549e194bb9b28479:0x821ce3e161135c35!8m2!3d47.7114573!4d-117.4071067!16s%2Fg%2F1w97v2_w!19sChIJeYSyuUsZnlQRNVwTYeHjHII,Providence Holy Family Hospital,2.9,520,Hospital,"5633 N Lidgerwood St, Spokane, WA 99208, United States","PH6V+H5 Spokane, Washington, USA",https://www.providence.org/locations/wa/holy-family-hospital?ls=location&y_source=1_OTU3Njk5Ny03MTUtbG9jYXRpb24ud2Vic2l0ZQ%3D%3D,+1 509-482-0111,,https://lh3.googleusercontent.com/p/AF1QipOV4sWKlSndBLegkql54BpkbLyfiURtTDnBLV6a=w426-h240-k-no,true,,,,,,,,"https://www.google.com/maps/search/Hospice+clinics+in+Coeur+d'Alene+Spokane+WA/@47.6579711,-117.4235319,14z",2025-09-18T00:00:30.982Z,,,,
"https://www.google.com/maps/place/Robert+Ancker,+MD/data=!4m7!3m6!1s0x5361c08a07fbcce3:0x8c38f886ec1959c8!8m2!3d47.7579168!4d-116.7872015!16s%2Fg%2F11gcg9kzd0!19sChIJ48z7B4rAYVMRyFkZ7Ib4OIw","Robert Ancker, MD",5.0,1,Hospice,"9493 N Government Wy, Hayden, ID 83835, United States","Q657+54 Hayden, Idaho, USA",https://www.kh.org/provider/robert-ancker/,+1 208-772-7994,,https://streetviewpixels-pa.googleapis.com/v1/thumbnail?panoid=DTp0Yl8GaLvEuIXsW7aveA&cb_client=search.gws-prod.gps&w=408&h=240&yaw=237.23726&pitch=0&thumbfov=100,true,,,,,,,,"https://www.google.com/maps/search/Hospice+clinics+in+Coeur+d'Alene+Spokane+WA/@47.6579711,-117.4235319,14z",2025-09-18T00:00:33.826Z,,,,
https://www.google.com/maps/place/Addus+HomeCare/data=!4m7!3m6!1s0x549e202cf558d999:0x8da5e0e2a7956bf5!8m2!3d47.6676044!4d-117.2835394!16s%2Fg%2F1w97v308!19sChIJmdlY9SwgnlQR9WuVp-LgpY0,Addus HomeCare,3.4,60,Home health care service,"1121 N Argonne Rd Suite B210, Spokane Valley, WA 99212, United States","MP98+2H Spokane Valley, Washington, USA",https://addus.com/?y_source=1_MTI1NTkwMjctNzE1LWxvY2F0aW9uLndlYnNpdGU%3D,+1 509-326-1090,Closed ⋅ Opens 8 am Thu,https://lh3.googleusercontent.com/p/AF1QipOizT34s_2OycbzMor0tyfJ3CZx6uPKAyWNAXRN=w553-h240-k-no,true,8 am–5 pm,8 am–5 pm,8 am–5 pm,Closed,Closed,8 am–5 pm,8 am–5 pm,"https://www.google.com/maps/search/Hospice+clinics+in+Coeur+d'Alene+Spokane+WA/@47.6579711,-117.4235319,14z",2025-09-18T00:00:38.640Z,,,,
https://www.google.com/maps/place/Mann-Grandstaff+VA+Medical+Center/data=!4m7!3m6!1s0x549e1985c08d6a53:0x11ba63251dd2fd19!8m2!3d47.7027274!4d-117.4765402!16s%2Fg%2F1vl5ghby!19sChIJU2qNwIUZnlQRGf3SHSVjuhE,Mann-Grandstaff VA Medical Center,3.7,301,Medical Center,"4815 N Assembly St, Spokane, WA 99205, United States","PG3F+39 Spokane, Washington, USA",https://www.va.gov/spokane-health-care,+1 509-434-7000,"Open 24 hours

Updated by phone call 5 weeks ago",https://lh3.googleusercontent.com/gps-cs-s/AC9h4nrtwe_ILymeVvgT7uEIzVNee96uslLhCRg2pyTTJiAshj9afTvr0VJgUpZ6PfmsDCBtCBuWx7n4PuxNDYdRZJw2cUKwAR7MIG8ETWm_TDAsib_ckf9FvUnYDeI77aMGdKL8Hy4SGw=w426-h240-k-no,true,Open 24 hours,Open 24 hours,Open 24 hours,Open 24 hours,Open 24 hours,Open 24 hours,Open 24 hours,"https://www.google.com/maps/search/Hospice+clinics+in+Coeur+d'Alene+Spokane+WA/@47.6579711,-117.4235319,14z",2025-09-18T00:00:43.809Z,LGBTQ+ friendly,,,
https://www.google.com/maps/place/Avalon+Care+Center+at+Northpointe/data=!4m7!3m6!1s0x549e1c3e863d2165:0xb1b04b2d2985cba0!8m2!3d47.7459551!4d-117.398576!16s%2Fg%2F1tgf2yky!19sChIJZSE9hj4cnlQRoMuFKS1LsLE,Avalon Care Center at Northpointe,3.2,74,Nursing home,"9827 N Nevada St, Spokane, WA 99218, United States","PJW2+9H Spokane, Washington, USA",https://avalonhealthcare.com/northpointe/,+1 509-468-7000,Open 24 hours,https://lh3.googleusercontent.com/p/AF1QipPZ4tTjSGx3YQe8rXUs6cRRygxlsSrFhp-vwj2O=w408-h248-k-no,true,Open 24 hours,Open 24 hours,Open 24 hours,Open 24 hours,Open 24 hours,Open 24 hours,Open 24 hours,"https://www.google.com/maps/search/Hospice+clinics+in+Coeur+d'Alene+Spokane+WA/@47.6579711,-117.4235319,14z",2025-09-18T00:00:48.767Z,,,,
https://www.google.com/maps/place/Sunshine+Home+Health/data=!4m7!3m6!1s0x549e1f80b59a0e65:0x884f24944c49ab07!8m2!3d47.647977!4d-117.2649248!16s%2Fg%2F11g7254p8c!19sChIJZQ6atYAfnlQRB6tJTJQkT4g,Sunshine Home Health,3.8,12,Home health care service,"10410 E 9th Ave Bldg B, Spokane Valley, WA 99206, United States","JPXP+52 Spokane Valley, Washington, USA",https://www.shfi.com/services/home-health-care/?y_source=1_MTA5NDcxNjA1Ni03MTUtbG9jYXRpb24ud2Vic2l0ZQ%3D%3D,+1 509-321-9050,"Open 24 hours

Confirmed by this business 4 weeks ago",https://lh3.googleusercontent.com/p/AF1QipPrDATmy496g3LptllG__qwlaX47x728t_5IpV9=w426-h240-k-no,true,Open 24 hours,Open 24 hours,Open 24 hours,Open 24 hours,Open 24 hours,Open 24 hours,Open 24 hours,"https://www.google.com/maps/search/Hospice+clinics+in+Coeur+d'Alene+Spokane+WA/@47.6579711,-117.4235319,14z",2025-09-18T00:00:53.679Z,,,,
https://www.google.com/maps/place/Advanced+Health+Care+Of+Coeur+d%27Alene/data=!4m7!3m6!1s0x5361c6bbf166ab0d:0x932b542da848263b!8m2!3d47.694296!4d-116.809257!16s%2Fg%2F11dxdc6s3r!19sChIJDatm8bvGYVMROyZIqC1UK5M,Advanced Health Care Of Coeur d'Alene,4.0,37,Rehabilitation center,"1578 W Riverstone Dr, Coeur d'Alene, ID 83814, United States","M5VR+P7 Coeur d'Alene, Idaho, USA",https://www.ahcfacilities.com/coeur-dalene/,+1 208-769-0400,"Closed ⋅ Opens 9 am Thu

Updated by others 11 weeks ago",https://lh3.googleusercontent.com/gps-cs-s/AC9h4npJpPjk02IjqvvqqsfERNnmC_Wq1QjkMW-YkpH6Dnh1orICqLnSQwG1Snj0vNumDbCQrY9k4RPxdeIU1QjlE901hsd9enKimE-kGd5TRtmPL10DLcJ2kuVD7iYHsjLYGbwU30zoPw=w408-h544-k-no,true,9 am–5 pm,9 am–5 pm,9 am–5 pm,9 am–5 pm,9 am–5 pm,9 am–5 pm,9 am–5 pm,"https://www.google.com/maps/search/Hospice+clinics+in+Coeur+d'Alene+Spokane+WA/@47.6579711,-117.4235319,14z",2025-09-18T00:00:58.977Z,,,,
https://www.google.com/maps/place/SouthCare+Animal+Medical+Center/data=!4m7!3m6!1s0x549e23aaacacc93d:0xe6673a82feb32313!8m2!3d47.6108011!4d-117.3671917!16s%2Fg%2F1tgqj413!19sChIJPcmsrKojnlQREyOz_oI6Z-Y,SouthCare Animal Medical Center,4.8,534,Veterinarian,"2915 E Palouse Hwy, Spokane, WA 99223, United States","JJ6M+84 Spokane, Washington, USA",https://www.southcarevet.com/?utm_source=gmb&utm_medium=organic&y_source=1_MTg3Mzc5NzAtNzE1LWxvY2F0aW9uLndlYnNpdGU%3D,+1 509-448-4480,"Closes soon ⋅ 5:30 pm ⋅ Opens 7 am Thu

Confirmed by this business 9 weeks ago",https://lh3.googleusercontent.com/gps-cs-s/AC9h4npg_a4W7jU1uxg1wxp-Nr7PGYnQB8Za02aSsoVZq2vcxChHNJzqqdC6iHgtWUrbFucj7NkxQxcq9aif42YHNzrW-esEWp8qOUHCOVDBgTK6oH6XDsClLc0BwfWWcIELAgr8UP8=w408-h307-k-no,true,7 am–5:30 pm,7 am–5:30 pm,7 am–5:30 pm,8 am–12 pm,Closed,7 am–5:30 pm,7 am–5:30 pm,"https://www.google.com/maps/search/Hospice+clinics+in+Coeur+d'Alene+Spokane+WA/@47.6579711,-117.4235319,14z",2025-09-18T00:01:04.217Z,,,,
https://www.google.com/maps/place/Spokane+Valley+Health+and+Rehab+of+Cascadia/data=!4m7!3m6!1s0x5361df726d4d1429:0xa1178a54dbf022d!8m2!3d47.6504912!4d-117.1738675!16s%2Fg%2F1tfk_wpc!19sChIJKRRNbXLfYVMRLQK_TaV4EQo,Spokane Valley Health and Rehab of Cascadia,4.0,84,Nursing home,"17121 E 8th Ave, Spokane Valley, WA 99016, United States","MR2G+5F Spokane Valley, Washington, USA",https://spokanehealthandrehabofcascadia.com/,+1 509-924-6161,Open 24 hours,https://lh3.googleusercontent.com/p/AF1QipN3HP8Svc3v5dGZhRyPqMdvnlxWbOzhbPvkdzeW=w408-h306-k-no,true,Open 24 hours,Open 24 hours,Open 24 hours,Open 24 hours,Open 24 hours,Open 24 hours,Open 24 hours,"https://www.google.com/maps/search/Hospice+clinics+in+Coeur+d'Alene+Spokane+WA/@47.6579711,-117.4235319,14z",2025-09-18T00:01:09.271Z,,,,
https://www.google.com/maps/place/North+Idaho+Home+Health/data=!4m7!3m6!1s0x5361c6be7265f323:0x9e25d57530d42c0d!8m2!3d47.7150934!4d-116.798235!16s%2Fg%2F1tfcygx9!19sChIJI_Nlcr7GYVMRDSzUMHXVJZ4,North Idaho Home Health,3.8,6,Home health care service,"850 W Kathleen Ave, Coeur d'Alene, ID 83815, United States","P682+2P Coeur d'Alene, Idaho, USA",https://lhcgroup.com/locations/north-idaho-home-health/?utm_source=GMB&utm_campaign=Google_Local_Listing&utm_medium=referral&utm_content=North_Idaho_Home_Health_Coeur_d%27Alene_ID_83815,+1 208-667-7494,Closed ⋅ Opens 8 am Thu,https://streetviewpixels-pa.googleapis.com/v1/thumbnail?panoid=4dIgpJRBzj_KZh0sAwN4Fg&cb_client=search.gws-prod.gps&w=408&h=240&yaw=197.8025&pitch=0&thumbfov=100,true,8 am–4:30 pm,8 am–4:30 pm,8 am–4:30 pm,Closed,Closed,8 am–4:30 pm,8 am–4:30 pm,"https://www.google.com/maps/search/Hospice+clinics+in+Coeur+d'Alene+Spokane+WA/@47.6579711,-117.4235319,14z",2025-09-18T00:01:14.210Z,,,,
https://www.google.com/maps/place/Guardian+Angel+Homes+Liberty+Lake/data=!4m7!3m6!1s0x5361de84b826055b:0xbeaf1e3c3dcf3d18!8m2!3d47.670331!4d-117.094276!16s%2Fg%2F1tg813qy!19sChIJWwUmuITeYVMRGD3PPTwer74,Guardian Angel Homes Liberty Lake,4.5,11,Assisted living facility,"23102 E Mission Ave, Liberty Lake, WA 99019, United States","MWC4+47 Liberty Lake, Washington, USA",https://www.gahlibertylake.com/,+1 509-893-9300,Open 24 hours,https://lh3.googleusercontent.com/gps-cs-s/AC9h4nqlCcRMwgUNIS3ewKExFyj9Y1tdQDDf8f55c8rHENfRHoJ5csx4TCUddkMlXV659ONE6CeQy3VMt0fSPYwDNdCHtB-Y-lYruTPC_Jb7nkwq6CxhqxzvVNbKdZr1iZCqcvaL7XecAQ=w408-h240-k-no-pi-20-ya180-ro0-fo100,true,Open 24 hours,Open 24 hours,Open 24 hours,Open 24 hours,Open 24 hours,Open 24 hours,Open 24 hours,"https://www.google.com/maps/search/Hospice+clinics+in+Liberty+Lake+Spokane+WA/@47.6743428,-117.1124241,14z",2025-09-18T00:01:27.827Z,,,,
https://www.google.com/maps/place/Bellevue+Healthcare+Liberty+Lake/data=!4m7!3m6!1s0x5361df0811bb46f3:0x7e545796e60b4447!8m2!3d47.6745519!4d-117.0942857!16s%2Fg%2F11p_8hmd32!19sChIJ80a7EQjfYVMRR0QL5pZXVH4,Bellevue Healthcare Liberty Lake,4.4,72,Medical supply store,"23102 E Appleway Ave, Liberty Lake, WA 99019, United States","MWF4+R7 Liberty Lake, Washington, USA",http://bellevuehealthcare.com/,+1 509-850-3997,Closed ⋅ Opens 8 am Thu,https://lh3.googleusercontent.com/p/AF1QipPrIxtq41bGDXexFteODnXtPt0H_XUGXVp10cu6=w408-h306-k-no,true,8 am–5 pm,8 am–5 pm,8 am–5 pm,9 am–5 pm,Closed,8 am–5 pm,8 am–5 pm,"https://www.google.com/maps/search/Hospice+clinics+in+Liberty+Lake+Spokane+WA/@47.6743428,-117.1124241,14z",2025-09-18T00:01:32.822Z,,· In-store shopping · Kerbside pickup · Delivery,,
https://www.google.com/maps/place/MultiCare+Rockwood+Clinic+-+Liberty+Lake/data=!4m7!3m6!1s0x5361de8e9e086ec5:0x1d2accc3b924c09!8m2!3d47.6693002!4d-117.1092244!16s%2Fg%2F1hc8x52nn!19sChIJxW4Ino7eYVMRCUySO8ys0gE,MultiCare Rockwood Clinic - Liberty Lake,4.1,284,Medical clinic,"1326 N Stanford Ln, Liberty Lake, WA 99019, United States","MV9R+P8 Liberty Lake, Washington, USA",https://www.multicare.org/location/multicare-rockwood-clinic-liberty-lake/?utm_source=pg-google&utm_medium=organic&utm_campaign=pg-listings,+1 509-755-6760,Open ⋅ Closes 7 pm,https://streetviewpixels-pa.googleapis.com/v1/thumbnail?panoid=5IFRHd51HFPRXj6zdXARKQ&cb_client=search.gws-prod.gps&w=408&h=240&yaw=57.052864&pitch=0&thumbfov=100,true,7 am–7 pm,7 am–5 pm,7 am–5 pm,Closed,Closed,7 am–7 pm,7 am–7 pm,"https://www.google.com/maps/search/Hospice+clinics+in+Liberty+Lake+Spokane+WA/@47.6743428,-117.1124241,14z",2025-09-18T00:01:37.901Z,,,,
https://www.google.com/maps/place/CenterWell+Home+Health/data=!4m7!3m6!1s0x5361de8426b4b347:0x603c12394b8bca33!8m2!3d47.6732924!4d-117.0981322!16s%2Fg%2F11b6b8zdfl!19sChIJR7O0JoTeYVMRM8qLSzkSPGA,CenterWell Home Health,4.5,37,Home health care service,"22820 E Appleway Ave A, Liberty Lake, WA 99019, United States","MWF2+8P Liberty Lake, Washington, USA",https://www.centerwellhomehealth.com/about-us/find-care-near-you/centerwell-home-health-liberty-lake/?utm_source=Organic&utm_medium=GBP,+1 509-473-4900,Closed ⋅ Opens 8 am Thu,https://lh3.googleusercontent.com/p/AF1QipMtCKgj7m01BqShQiat9FAwrdZTIlzQu_Y2bIxq=w408-h272-k-no,true,8 am–5 pm,8 am–5 pm,8 am–5 pm,Closed,Closed,8 am–5 pm,8 am–5 pm,"https://www.google.com/maps/search/Hospice+clinics+in+Liberty+Lake+Spokane+WA/@47.6743428,-117.1124241,14z",2025-09-18T00:01:42.817Z,LGBTQ+ friendly,,,
"https://www.google.com/maps/place/Susan+Ashley,+MD/data=!4m7!3m6!1s0x5361de8ec3a9c3bd:0xcf921da86bbd45db!8m2!3d47.6706066!4d-117.1068635!16s%2Fg%2F11gf8hnpnw!19sChIJvcOpw47eYVMR20W9a6gdks8","Susan Ashley, MD",4.0,71,Family practice physician,"8522, 1431 N Liberty Lake Rd STE B, Liberty Lake, WA 99019, United States","MVCV+67 Liberty Lake, Washington, USA",https://usmaplocation.org/business/susan-ashley-md-7c99xv,+1 509-928-6700,Closed ⋅ Opens 8 am Thu,https://lh3.googleusercontent.com/p/AF1QipME_cXOJJobQOa9TzFgugWHcCZBc9507U1bTnrq=w423-h240-k-no,true,8 am–5 pm,8 am–5 pm,8 am–5 pm,Closed,Closed,8 am–5 pm,8 am–5 pm,"https://www.google.com/maps/search/Hospice+clinics+in+Liberty+Lake+Spokane+WA/@47.6743428,-117.1124241,14z",2025-09-18T00:01:47.609Z,,,,
https://www.google.com/maps/place/MultiCare+Indigo+Urgent+Care+-+Liberty+Lake/data=!4m7!3m6!1s0x5361dfbfaa823ed3:0xbc473acaadf7898a!8m2!3d47.6702936!4d-117.1071887!16s%2Fg%2F11lfq27q_0!19sChIJ0z6Cqr_fYVMRion3rco6R7w,MultiCare Indigo Urgent Care - Liberty Lake,4.7,1241,Urgent care center,"1429 N Liberty Lake Rd Suite A, Liberty Lake, WA 99019, United States","MVCV+44 Liberty Lake, Washington, USA",https://www.indigohealth.com/locations/urgent-care-liberty-lake/?utm_source=pg-google&utm_medium=organic&utm_campaign=pg-listings,+1 509-530-5460,,https://lh3.googleusercontent.com/p/AF1QipNEntqEjHsXXBVP0SqGssSXHvUvDd9ZGR8hMhwQ=w426-h240-k-no,true,8 am–8 pm,8 am–8 pm,8 am–8 pm,8 am–8 pm,8 am–8 pm,8 am–8 pm,8 am–8 pm,"https://www.google.com/maps/search/Hospice+clinics+in+Liberty+Lake+Spokane+WA/@47.6743428,-117.1124241,14z",2025-09-18T00:01:52.905Z,LGBTQ+ friendly,,,
https://www.google.com/maps/place/CHAS+Cheney+Medical+Clinic/data=!4m7!3m6!1s0x549e38be508fcaa9:0xbfee605fc365078b!8m2!3d47.4976097!4d-117.5656109!16s%2Fg%2F11bx5nmk4p!19sChIJqcqPUL44nlQRiwdlw19g7r8,CHAS Cheney Medical Clinic,3.8,121,Medical clinic,"1720 2nd St, Cheney, WA 99004, United States","FCXM+2Q Cheney, Washington, USA",https://chas.org/location/cheney-health-center/,+1 509-444-8200,Closes soon ⋅ 6 pm ⋅ Opens 7:30 am Thu,https://lh3.googleusercontent.com/p/AF1QipMr9THr2bSj_p1-5yesdNP6Yr4naufJ31vAFtXA=w408-h272-k-no,true,7:30 am–6 pm,7:30 am–6 pm,7:30 am–6 pm,Closed,Closed,7:30 am–6 pm,7:30 am–6 pm,"https://www.google.com/maps/search/Hospice+clinics+in+Cheney+Spokane+WA/@47.4868989,-117.5759469,14z",2025-09-18T00:02:06.205Z,,,,
https://www.google.com/maps/place/MultiCare+Rockwood+Clinic+-+Cheney/data=!4m7!3m6!1s0x549e38a26226f48f:0x83d2e96efc37000e!8m2!3d47.4931163!4d-117.577691!16s%2Fg%2F1tdwptlj!19sChIJj_QmYqI4nlQRDgA3_G7p0oM,MultiCare Rockwood Clinic - Cheney,3.9,250,Medical clinic,"19 N 7th St, Cheney, WA 99004, United States","FCVC+6W Cheney, Washington, USA",https://www.multicare.org/location/multicare-rockwood-clinic-cheney/?utm_source=pg-google&utm_medium=organic&utm_campaign=pg-listings,+1 509-235-6151,Closed ⋅ Opens 8 am Thu,https://streetviewpixels-pa.googleapis.com/v1/thumbnail?panoid=u97myTt-IbqW_TZxY3HVCw&cb_client=search.gws-prod.gps&w=408&h=240&yaw=130.87325&pitch=0&thumbfov=100,true,8 am–5 pm,8 am–5 pm,8 am–5 pm,8 am–4 pm,Closed,8 am–5 pm,8 am–5 pm,"https://www.google.com/maps/search/Hospice+clinics+in+Cheney+Spokane+WA/@47.4868989,-117.5759469,14z",2025-09-18T00:02:11.198Z,,,,
https://www.google.com/maps/place/Cheney+Assisted+Living/data=!4m7!3m6!1s0x549e38bbcac6d665:0x67e7194543689574!8m2!3d47.5013634!4d-117.5749888!16s%2Fg%2F1tdrf2bm!19sChIJZdbGyrs4nlQRdJVoQ0UZ52c,Cheney Assisted Living,4.4,23,Nursing home,"2229 N 6th St, Cheney, WA 99004, United States","GC2G+G2 Cheney, Washington, USA",http://www.cheneycare.com/,+1 509-235-6196,,https://streetviewpixels-pa.googleapis.com/v1/thumbnail?panoid=myOual9T96qWGsv7_kr25w&cb_client=search.gws-prod.gps&w=408&h=240&yaw=86.38467&pitch=0&thumbfov=100,false,,,,,,,,"https://www.google.com/maps/search/Hospice+clinics+in+Cheney+Spokane+WA/@47.4868989,-117.5759469,14z",2025-09-18T00:02:14.261Z,,,,
https://www.google.com/maps/place/Cheney+Care+Center/data=!4m7!3m6!1s0x549e38bbb5cd2831:0x9599e93b4f48df17!8m2!3d47.500882!4d-117.5746455!16s%2Fg%2F11fy1f0dgd!19sChIJMSjNtbs4nlQRF99ITzvpmZU,Cheney Care Center,3.6,18,Nursing home,"2219 N 6th St, Cheney, WA 99004, United States","GC2G+94 Cheney, Washington, USA",http://cheneycare.com/,+1 509-235-6196,Open 24 hours,https://lh3.googleusercontent.com/p/AF1QipNLjzJ_fEfRIN9Hg3C26XY30RKIKyaBFkogS8xV=w408-h306-k-no,true,Open 24 hours,Open 24 hours,Open 24 hours,Open 24 hours,Open 24 hours,Open 24 hours,Open 24 hours,"https://www.google.com/maps/search/Hospice+clinics+in+Cheney+Spokane+WA/@47.4868989,-117.5759469,14z",2025-09-18T00:02:19.196Z,,,,
https://www.google.com/maps/place/CHAS+Cheney+Pharmacy/data=!4m7!3m6!1s0x549e391deba8f0bf:0x7f460a3424825e55!8m2!3d47.4974895!4d-117.565737!16s%2Fg%2F11fm_h_z10!19sChIJv_Co6x05nlQRVV6CJDQKRn8,CHAS Cheney Pharmacy,4.3,6,Pharmacy,"1720 2nd St, Cheney, WA 99004, United States","FCWM+XP Cheney, Washington, USA",https://chas.org/location/cheney-health-center/,+1 509-462-6569,Closes soon ⋅ 6 pm ⋅ Opens 7:30 am Thu,https://lh3.googleusercontent.com/p/AF1QipOlqQmIVwSCIjFH9Nt25M7HMzvSsQu9rJjY25xa=w408-h272-k-no,true,7:30 am–6 pm,7:30 am–6 pm,7:30 am–6 pm,Closed,Closed,7:30 am–6 pm,7:30 am–6 pm,"https://www.google.com/maps/search/Hospice+clinics+in+Cheney+Spokane+WA/@47.4868989,-117.5759469,14z",2025-09-18T00:02:24.113Z,LGBTQ+ friendly,· In-store shopping · Delivery,,
https://www.google.com/maps/place/United+States+Postal+Service/data=!4m7!3m6!1s0x549e389c2f6b0a0d:0xb2f435388f3619b!8m2!3d47.486662!4d-117.5781014!16s%2Fg%2F1v2gdgnr!19sChIJDQprL5w4nlQRm2HziFNDLws,United States Postal Service,2.2,149,Post office,"224 2nd St, Cheney, WA 99004, United States","FCPC+MQ Cheney, Washington, USA",https://tools.usps.com/locations/details/1357786?utm_source=google-my-business-url&utm_medium=search&utm_campaign=yext,+1 800-275-8777,"Closes soon ⋅ 5:30 pm ⋅ Opens 8:30 am Thu

Confirmed by this business 1 week ago",https://lh3.googleusercontent.com/gps-cs-s/AC9h4noWLG1SHFnMTeFRR4YUs1hfoSn5buvDtieFtvB85CCQ4539YyKj_ut9Y3n-V14ocGp6Nq2yxHhDqLfwGnl4xhMy4ipjDpB1Z6x7P9wmi-bHhAWwkGDwIUmLO1vMOivMYYaV22mg=w408-h544-k-no,true,8:30 am–5:30 pm,8:30 am–5:30 pm,8:30 am–5:30 pm,Closed,Closed,8:30 am–5:30 pm,8:30 am–5:30 pm,"https://www.google.com/maps/search/Hospice+clinics+in+Cheney+Spokane+WA/@47.4868989,-117.5759469,14z",2025-09-18T00:02:29.165Z,,,,
https://www.google.com/maps/place/MultiCare+Rockwood+Clinic+-+Airway+Heights/data=!4m7!3m6!1s0x549e1657bf59259b:0xadfdd764d3137396!8m2!3d47.6437172!4d-117.5488732!16s%2Fg%2F1td9dgvy!19sChIJmyVZv1cWnlQRlnMT02TX_a0,MultiCare Rockwood Clinic - Airway Heights,4.1,216,Family practice physician,"9834 US-2, Spokane, WA 99224, United States","JFV2+FF Spokane, Washington, USA",https://www.multicare.org/location/rockwood-airway-heights/?utm_source=pg-google&utm_medium=organic&utm_campaign=pg-listings,+1 509-755-5300,Open ⋅ Closes 7 pm,https://lh3.googleusercontent.com/p/AF1QipNkcO7k9LHFOE42RVWCEZj2CBm8qAWU6LwrCchj=w427-h240-k-no,true,7 am–7 pm,7 am–7 pm,7 am–7 pm,Closed,Closed,7 am–7 pm,7 am–7 pm,"https://www.google.com/maps/search/Hospice+clinics+in+Airway+Heights+Spokane+WA/@47.644611,-117.5932728,14z",2025-09-18T00:02:43.445Z,,,,
"https://www.google.com/maps/place/Dr.+Christopher+A.+Tullis,+MD/data=!4m7!3m6!1s0x549e194bb852ea87:0x9d57cd4d92e77b3!8m2!3d47.6424!4d-117.5758817!16s%2Fg%2F1tlnd4ng!19sChIJh-pSuEsZnlQRs3cu2dR81Qk","Dr. Christopher A. Tullis, MD",,,Occupational medical physician,"11919 W Sunset Hwy Ste D, Airway Heights, WA 99001, United States","JCRF+XJ Airway Heights, Washington, USA",http://washington.providence.org/,+1 509-474-2650,,https://streetviewpixels-pa.googleapis.com/v1/thumbnail?panoid=AUTVqILm1ozwAqai8IqUzg&cb_client=search.gws-prod.gps&w=408&h=240&yaw=111.995155&pitch=0&thumbfov=100,false,,,,,,,,"https://www.google.com/maps/search/Hospice+clinics+in+Airway+Heights+Spokane+WA/@47.644611,-117.5932728,14z",2025-09-18T00:02:46.258Z,,,,
"https://www.google.com/maps/place/Robert+P.+Blair,+PA-C/data=!4m7!3m6!1s0x549e17c37a716391:0x73407b7c4def1454!8m2!3d47.6423793!4d-117.5758812!16s%2Fg%2F11m786vlvz!19sChIJkWNxesMXnlQRVBTvTXx7QHM","Robert P. Blair, PA-C",,,Occupational medical physician,"11919 W Sunset Hwy, Airway Heights, WA 99001, United States","JCRF+XJ Airway Heights, Washington, USA",https://www.providence.org/doctors/occupational-environmental-medicine/wa/airway-heights/robert-blair-1497520274?ls=provider&y_source=1_MjAwNjUyODQ3My03MTUtbG9jYXRpb24ud2Vic2l0ZQ%3D%3D,+1 509-474-2650,,https://streetviewpixels-pa.googleapis.com/v1/thumbnail?panoid=AUTVqILm1ozwAqai8IqUzg&cb_client=search.gws-prod.gps&w=408&h=240&yaw=114.09894&pitch=0&thumbfov=100,true,,,,,,,,"https://www.google.com/maps/search/Hospice+clinics+in+Airway+Heights+Spokane+WA/@47.644611,-117.5932728,14z",2025-09-18T00:02:48.906Z,,,,
https://www.google.com/maps/place/Providence+ExpressCare+-+Urgent+Care+In+Airway+Heights/data=!4m7!3m6!1s0x549e17b75099e731:0xbdb3b9b6fed1ac9b!8m2!3d47.6435701!4d-117.5543216!16s%2Fg%2F11fqtlw3bp!19sChIJMeeZULcXnlQRm6zR_ra5s70,Providence ExpressCare - Urgent Care In Airway Heights,3.4,50,Urgent care center,"10258 W Sunset Hwy Suite 6, Spokane, WA 99224, United States","JCVW+C7 Spokane, Washington, USA",https://www.providence.org/locations/urgent-care/wa/expresscare-airway-heights?Is=location&y_source=1_MTUwNDY3ODMtNzE1LWxvY2F0aW9uLndlYnNpdGU%3D,+1 888-227-3312,"Open ⋅ Closes 8 pm

Confirmed by this business 2 weeks ago",https://lh3.googleusercontent.com/p/AF1QipOPccfJGg6G9-tnXmBs1Xd6YhgiDU0lUsgzC4kC=w427-h240-k-no,true,8 am–8 pm,8 am–8 pm,8 am–8 pm,8 am–8 pm,8 am–8 pm,8 am–8 pm,8 am–8 pm,"https://www.google.com/maps/search/Hospice+clinics+in+Airway+Heights+Spokane+WA/@47.644611,-117.5932728,14z",2025-09-18T00:02:53.872Z,,,,
https://www.google.com/maps/place/Providence+Occupational+Medicine+-+Airway+Heights/data=!4m7!3m6!1s0x549e171fda667993:0x482f14b0517ff2b9!8m2!3d47.6424!4d-117.5758817!16s%2Fg%2F11s2lf86kq!19sChIJk3lm2h8XnlQRufJ_UbAUL0g,Providence Occupational Medicine - Airway Heights,4.7,3,Medical clinic,"11919 W Sunset Hwy Ste D, Airway Heights, WA 99001, United States","JCRF+XJ Airway Heights, Washington, USA",https://www.providence.org/locations/wa/occupational-medicine-airway-heights?ls=location&y_source=1_NDEzODU4NzQtNzE1LWxvY2F0aW9uLndlYnNpdGU%3D,+1 509-474-2650,"Closed ⋅ Opens 8:30 am Thu

Confirmed by this business 3 weeks ago",https://streetviewpixels-pa.googleapis.com/v1/thumbnail?panoid=5TYfF4sMlTBHn1-61jUHWA&cb_client=search.gws-prod.gps&w=408&h=240&yaw=188.34941&pitch=0&thumbfov=100,true,8:30 am–5 pm,8:30 am–5 pm,8:30 am–5 pm,Closed,Closed,8:30 am–5 pm,8:30 am–5 pm,"https://www.google.com/maps/search/Hospice+clinics+in+Airway+Heights+Spokane+WA/@47.644611,-117.5932728,14z",2025-09-18T00:02:58.676Z,,,,
"https://www.google.com/maps/place/Serban+Ionescu,+MD/data=!4m7!3m6!1s0x549e1554631b7f39:0x3cd20a1a0365467e!8m2!3d47.6437172!4d-117.5488732!16s%2Fg%2F1tgdhq95!19sChIJOX8bY1QVnlQRfkZlAxoK0jw","Serban Ionescu, MD",4.8,130,Internist,"9834 US-2, Spokane, WA 99224, United States","JFV2+FF Spokane, Washington, USA",https://www.multicare.org/provider/serban-ionescu/?utm_source=pg-google&utm_medium=organic&utm_campaign=pg-listings,+1 509-755-5300,Open ⋅ Closes 7 pm,https://streetviewpixels-pa.googleapis.com/v1/thumbnail?panoid=AMVVCtcUtTu6wlCR-bJN-Q&cb_client=search.gws-prod.gps&w=408&h=240&yaw=180.59634&pitch=0&thumbfov=100,true,7 am–7 pm,7 am–7 pm,7 am–7 pm,Closed,Closed,7 am–7 pm,7 am–7 pm,"https://www.google.com/maps/search/Hospice+clinics+in+Airway+Heights+Spokane+WA/@47.644611,-117.5932728,14z",2025-09-18T00:03:03.832Z,,,,
https://www.google.com/maps/place/Airway+Heights+Dental+Center/data=!4m7!3m6!1s0x549e1685b170ba11:0x6f4f0c9fbd1cf602!8m2!3d47.6425094!4d-117.5538101!16s%2Fg%2F1tf_h3qs!19sChIJEbpwsYUWnlQRAvYcvZ8MT28,Airway Heights Dental Center,4.9,417,Dentist,"10219 W Sunset Hwy, Spokane, WA 99224, United States","JCVW+2F Spokane, Washington, USA",https://www.airwayheightsdental.com/,+1 509-244-3655,Closed ⋅ Opens 7:30 am Thu,https://lh3.googleusercontent.com/gps-cs-s/AC9h4npk5Eyy5PB160KXeIuJb6tou_NdZiIrtnHRf8qJLkSAOZT78sxOPB5XtzdepdDjQKyXg9XPWp2D3EH9k6OasiNexsOEBNfGID2h9e9I7yNHnG0K3ceRLxI05HpnYrL7-e6RvndC=w408-h544-k-no,true,7:30 am–5 pm,7:30 am–4 pm,8 am–1 pm,Closed,Closed,7:30 am–5 pm,7:30 am–5 pm,"https://www.google.com/maps/search/Hospice+clinics+in+Airway+Heights+Spokane+WA/@47.644611,-117.5932728,14z",2025-09-18T00:03:08.720Z,,,,
https://www.google.com/maps/place/Intrepid+USA+Healthcare+Services/data=!4m7!3m6!1s0x549e193bb5d3a575:0x8a89b58590ed8428!8m2!3d47.7468293!4d-117.3966099!16s%2Fg%2F1w96gg80!19sChIJdaXTtTsZnlQRKITtkIW1iYo,Intrepid USA Healthcare Services,2.3,3,Home health care service,"9715 N Nevada St, Spokane, WA 99218, United States","PJW3+P9 Spokane, Washington, USA",https://www.intrepidusa.com/location/spokane-wa/,+1 509-466-0954,Closed ⋅ Opens 8 am Thu,https://lh3.googleusercontent.com/p/AF1QipP9tdmF8oWLJUB6A6aaDQKNjhQB85dYhUVJ5Tk7=w408-h272-k-no,true,8 am–5 pm,8 am–5 pm,8 am–5 pm,Closed,Closed,8 am–5 pm,8 am–5 pm,"https://www.google.com/maps/search/Hospice+clinics+in+Airway+Heights+Spokane+WA/@47.644611,-117.5932728,14z",2025-09-18T00:03:13.472Z,,,,
https://www.google.com/maps/place/Hospice+House+of+Spokane/data=!4m7!3m6!1s0x549e1eab25787af1:0x27c2dd1b6d26ff37!8m2!3d47.7227444!4d-117.4134341!16s%2Fg%2F11cjhbd8n9!19sChIJ8Xp4JasenlQRN_8mbRvdwic,Hospice House of Spokane,4.7,12,,"102 W Rhoades Ave, Spokane, WA 99208, United States","PHFP+3J Spokane, Washington, USA",http://www.hospiceofspokane.org/,+1 509-532-6754,Permanently closed,https://lh3.googleusercontent.com/gps-cs-s/AC9h4nrP3n-56Yh-V15n3RnL60UF0JCE4Xdrr6EBUEjFP35q8LeQPwSfMhDAVPd-fvVt2wJzu1jgBwEB9P1fF_WqSnXwJvG8dfQo_yvD3_uyHvBd0KyhzCnuBDjJWyq1jkl7OuEoQEY=w427-h240-k-no,false,,,,,,,,"https://www.google.com/maps/search/Hospice+clinics+in+Airway+Heights+Spokane+WA/@47.644611,-117.5932728,14z",2025-09-18T00:03:18.320Z,,,,
https://www.google.com/maps/place/Life+Care+Center+of+Post+Falls/data=!4m7!3m6!1s0x5361c3a5a675732d:0x733f6c417c893d64!8m2!3d47.71385!4d-116.90987!16s%2Fg%2F1tf5ddqt!19sChIJLXN1pqXDYVMRZD2JfEFsP3M,Life Care Center of Post Falls,4.7,82,Nursing home,"460 N Garden Plaza Ct, Post Falls, ID 83854, United States","P37R+G3 Post Falls, Idaho, USA",http://lifecarecenterofpostfalls.com/,+1 208-777-0318,Open 24 hours,https://lh3.googleusercontent.com/p/AF1QipNqk3FK5bUnK5kWP-lSkUpSpu56na5s8myKxEbo=w408-h270-k-no,true,Open 24 hours,Open 24 hours,Open 24 hours,Open 24 hours,Open 24 hours,Open 24 hours,Open 24 hours,"https://www.google.com/maps/search/Hospice+clinics+in+Post+Falls+Spokane+WA/@47.6579711,-117.4235319,14z",2025-09-18T00:03:32.069Z,,,,
https://www.google.com/maps/place/Northern+Idaho+Advanced+Care+Hospital/data=!4m7!3m6!1s0x5361c3bb50c462af:0xb99705eaf389590c!8m2!3d47.7131607!4d-116.9041058!16s%2Fg%2F1tglyngk!19sChIJr2LEULvDYVMRDFmJ8-oFl7k,Northern Idaho Advanced Care Hospital,3.8,52,Specialized hospital,"600 N Cecil Rd, Post Falls, ID 83854, United States","P37W+79 Post Falls, Idaho, USA",http://niach.ernesthealth.com/,+1 208-262-2800,Open 24 hours,https://lh3.googleusercontent.com/p/AF1QipONlnrFUvBa-fO6jeSS3t52V0QM_nQsnrnxANlS=w408-h272-k-no,true,Open 24 hours,Open 24 hours,Open 24 hours,Open 24 hours,Open 24 hours,Open 24 hours,Open 24 hours,"https://www.google.com/maps/search/Hospice+clinics+in+Post+Falls+Spokane+WA/@47.6579711,-117.4235319,14z",2025-09-18T00:03:37.040Z,,,,
https://www.google.com/maps/place/Auburn+Crest+Hospice/data=!4m7!3m6!1s0x5361c308e7715555:0x2c4c6c95749da36!8m2!3d47.7105193!4d-116.9246898!16s%2Fg%2F11hz06_fpd!19sChIJVVVx5wjDYVMRNtpJV8nGxAI,Auburn Crest Hospice,5.0,1,Hospice,"1596 E Seltice Way, Post Falls, ID 83854, United States","P36G+64 Post Falls, Idaho, USA",http://auburncresthospice.com/,+1 208-773-7731,,https://streetviewpixels-pa.googleapis.com/v1/thumbnail?panoid=EiwtYniuIvPiXZpFPBFMlQ&cb_client=search.gws-prod.gps&w=408&h=240&yaw=178.52768&pitch=0&thumbfov=100,false,,,,,,,,"https://www.google.com/maps/search/Hospice+clinics+in+Post+Falls+Spokane+WA/@47.6579711,-117.4235319,14z",2025-09-18T00:03:39.843Z,,,,
https://www.google.com/maps/place/Hospice+Thrift+Store+-+Post+Falls/data=!4m7!3m6!1s0x5361c31cc946f77b:0x5b804842caec7b04!8m2!3d47.7152564!4d-116.941494!16s%2Fg%2F1tnqgnlz!19sChIJe_dGyRzDYVMRBHvsykJIgFs,Hospice Thrift Store - Post Falls,4.3,116,Thrift store,"503 E Seltice Way # F, Post Falls, ID 83854, United States","P385+4C Post Falls, Idaho, USA",https://www.hospiceofnorthidaho.org/thrift-stores/,+1 208-773-5076,Closes soon ⋅ 6 pm ⋅ Opens 9 am Thu,https://lh3.googleusercontent.com/gps-cs-s/AC9h4nqRopaZj0loD1PIMD0obc0ro-N73h4gwPs5c-B1PcafJ2WYekFYRpvIQ3Qz-c0UMD2SRocgj7m30jFwMeJoqMb9rScQwimZQ1URF867i-eJHDqcCV3Nil32dcqarE5yhTAUU0m1Mg=w426-h240-k-no,true,9 am–6 pm,9 am–6 pm,9 am–6 pm,9 am–6 pm,11 am–4 pm,9 am–6 pm,9 am–6 pm,"https://www.google.com/maps/search/Hospice+clinics+in+Post+Falls+Spokane+WA/@47.6579711,-117.4235319,14z",2025-09-18T00:03:44.743Z,,,,
https://www.google.com/maps/place/Gentiva+Hospice/data=!4m7!3m6!1s0x549f87550f5ec669:0xcfb9ba2eaa63282a!8m2!3d46.744862!4d-117.161378!16s%2Fg%2F11b70gr3dk!19sChIJacZeD1WHn1QRKihjqi66uc8,Gentiva Hospice,5.0,2,Hospice,"1610 NE Eastgate Blvd #610, Pullman, WA 99163, United States","PRVQ+WC Pullman, Washington, USA",https://www.gentivahs.com/,+1 509-332-2236,Open 24 hours,https://lh3.googleusercontent.com/p/AF1QipOGbZCgymOh3p4VDAOolAUDr3tu2GT1tMcKbIzC=w426-h240-k-no,true,Open 24 hours,Open 24 hours,Open 24 hours,Open 24 hours,Open 24 hours,Open 24 hours,Open 24 hours,"https://www.google.com/maps/search/Hospice+clinics+in+Pullman+Spokane+WA/@47.6579711,-117.4235319,14z",2025-09-18T00:03:58.568Z,,,,
https://www.google.com/maps/place/Pullman+Regional+Hospital/data=!4m7!3m6!1s0x549f8747b2252147:0xd33f981e454842!8m2!3d46.7126191!4d-117.1695179!16s%2Fg%2F1tdgz_wv!19sChIJRyElskeHn1QRQkhFHpg_0wA,Pullman Regional Hospital,3.0,188,Hospital,"835 SE Bishop Blvd, Pullman, WA 99163, United States","PR7J+25 Pullman, Washington, USA",http://www.pullmanregional.org/,+1 509-332-2541,,https://lh3.googleusercontent.com/p/AF1QipNm4V2t2HerNniPOPJTLuF3AxMJvT_J7QQvhNRm=w408-h272-k-no,true,Open 24 hours,Open 24 hours,Open 24 hours,Open 24 hours,Open 24 hours,Open 24 hours,Open 24 hours,"https://www.google.com/maps/search/Hospice+clinics+in+Pullman+Spokane+WA/@47.6579711,-117.4235319,14z",2025-09-18T00:04:03.692Z,,,,
,,,,,,,,,,,,,,,,,,,"https://www.google.com/maps/search/Hospice+clinics+in+Colbert+Spokane+WA/@47.8266668,-117.3415938,14z",2025-09-18T00:04:12.254Z,,,No new results found,
https://www.google.com/maps/place/Natural+Health+Center+of+Medical+Lake/data=!4m7!3m6!1s0x549e1553aa2cb42f:0xb30e42f90c812555!8m2!3d47.580043!4d-117.677221!16s%2Fg%2F1tfcyjg_!19sChIJL7QsqlMVnlQRVSWBDPlCDrM,Natural Health Center of Medical Lake,4.9,291,Chiropractor,"731 N Stanley St, Medical Lake, WA 99022, United States","H8JF+24 Medical Lake, Washington, USA",https://spokanepainfree.com/,+1 509-299-6900,Closed ⋅ Opens 8 am Thu,https://lh3.googleusercontent.com/p/AF1QipNTMOJH06nwB7i3hMsnAIfhXGntCcMU8v0Zy2rx=w426-h240-k-no,true,8 am–5 pm,8 am–5 pm,8 am–5 pm,Closed,Closed,8 am–5 pm,8 am–5 pm,"https://www.google.com/maps/search/Hospice+clinics+in+Medical+Lake+Spokane+WA/@47.5728748,-117.6826803,14z",2025-09-18T00:04:27.066Z,LGBTQ+ friendly,,,
https://www.google.com/maps/place/Eastern+State+Hospital/data=!4m7!3m6!1s0x549e6aa6998b69bf:0xfce0d345dc7f9bc2!8m2!3d47.5730294!4d-117.6934832!16s%2Fm%2F07s3mpt!19sChIJv2mLmaZqnlQRwpt_3EXT4Pw,Eastern State Hospital,3.1,37,Psychiatric hospital,"850 Maple St, Medical Lake, WA 99022, United States","H8F4+6J Medical Lake, Washington, USA",https://www.dshs.wa.gov/bha/division-state-hospitals/eastern-state-hospital-overview,+1 509-565-4000,Open 24 hours,https://lh3.googleusercontent.com/gps-cs-s/AC9h4nrwhRUPfWZOBEJePyCg5f9L5hvCWduqonTu6IKsa0eXE-SKd_Vdbh4GFSH94dlSZQ9mAUdrGLoz3g6ILifhG23_bKVqQEnRKcDoI8hqRrW00DJLiQV708b6sGe9I-pYF4anRrk=w426-h240-k-no,true,Open 24 hours,Open 24 hours,Open 24 hours,Closed,Closed,Open 24 hours,Open 24 hours,"https://www.google.com/maps/search/Hospice+clinics+in+Medical+Lake+Spokane+WA/@47.5728748,-117.6826803,14z",2025-09-18T00:04:32.001Z,,,,
https://www.google.com/maps/place/Medical+Lake+Library/data=!4m7!3m6!1s0x549e4001b5088c07:0x9e2c1e875d2b07a!8m2!3d47.571261!4d-117.6789087!16s%2Fg%2F1tpf6vq6!19sChIJB4wItQFAnlQRerDSdejB4gk,Medical Lake Library,4.7,33,Public library,"321 E Herb St, Medical Lake, WA 99022, United States","H8CC+GC Medical Lake, Washington, USA",http://www.scld.org/hours-and-locations/medical-lake/,+1 509-893-8330,Open ⋅ Closes 8 pm,https://lh3.googleusercontent.com/p/AF1QipMHtzAy0KTNWc4IFWUzFHajht3a-lV54a7b_ZzY=w408-h311-k-no,true,10 am–8 pm,Closed,Closed,10 am–6 pm,Closed,10 am–8 pm,10 am–6 pm,"https://www.google.com/maps/search/Hospice+clinics+in+Medical+Lake+Spokane+WA/@47.5728748,-117.6826803,14z",2025-09-18T00:04:37.101Z,,,,
https://www.google.com/maps/place/Care+%26+Share+Thrift+Store/data=!4m7!3m6!1s0x549e6aabce81499f:0x87ada83e2281aeaf!8m2!3d47.5742957!4d-117.6830471!16s%2Fg%2F1tgpmrjv!19sChIJn0mBzqtqnlQRr66BIj6orYc,Care & Share Thrift Store,4.3,56,Thrift store,"217 N Lefevre St, Medical Lake, WA 99022, United States","H8F8+PQ Medical Lake, Washington, USA",https://www.facebook.com/MedicalLakeThriftstore/,+1 509-299-9024,Closed ⋅ Opens 9 am Sat,https://lh3.googleusercontent.com/gps-cs-s/AC9h4nqJ2EoEFZEERdv6AXn5v873I4WNMkz8QMKErMetXgkfjJ3bxpVrouoX4GsXwr8Nw-hg30tEVx48KCA8SfITa4jxJ5XRVMIa9fvF3n8lmvQOpvH4aC8aF27t-aei3VNwBVpaVm4=w408-h544-k-no,false,9 am–5 pm,Closed,Closed,9 am–5 pm,Closed,Closed,Closed,"https://www.google.com/maps/search/Hospice+clinics+in+Medical+Lake+Spokane+WA/@47.5728748,-117.6826803,14z",2025-09-18T00:04:42.145Z,,,,
https://www.google.com/maps/place/United+States+Postal+Service/data=!4m7!3m6!1s0x549e6aaa750d02ad:0x7992b55be6b6b788!8m2!3d47.5716907!4d-117.6789917!16s%2Fg%2F1tdvzm06!19sChIJrQINdapqnlQRiLe25lu1knk,United States Postal Service,2.5,58,Post office,"322 E Grace St, Medical Lake, WA 99022, United States","H8CC+MC Medical Lake, Washington, USA",https://tools.usps.com/locations/details/1372530?utm_source=google-my-business-url&utm_medium=search&utm_campaign=yext,+1 800-275-8777,"Closed ⋅ Opens 8:30 am Thu

Confirmed by this business 8 weeks ago",https://lh3.googleusercontent.com/gps-cs-s/AC9h4noLoTPSZCWh2PB__Wla_dj7ofdfjIzXSeNdxowYHElZQhk5Wa46ba-stWMJYcO1QVt270r-hCHohyMJxrEphzjZ3XYM0ewbxEKkrTVKJqNBYc_68CMtE3C_ycUf5X5W1zB6JYFc=w426-h240-k-no,true,8:30 am–4:30 pm,8:30 am–4:30 pm,8:30 am–4:30 pm,10 am–12 pm,Closed,8:30 am–4:30 pm,8:30 am–4:30 pm,"https://www.google.com/maps/search/Hospice+clinics+in+Medical+Lake+Spokane+WA/@47.5728748,-117.6826803,14z",2025-09-18T00:04:47.912Z,,,,
https://www.google.com/maps/place/MultiCare+Valley+Hospital/data=!4m7!3m6!1s0x549e200e7f448183:0x31d66e5ae4131e38!8m2!3d47.6709135!4d-117.2350112!16s%2Fg%2F1tr7j2yz!19sChIJg4FEfw4gnlQROB4T5Fpu1jE,MultiCare Valley Hospital,2.5,442,Hospital,"12606 E Mission Ave, Spokane Valley, WA 99216, United States","MQC7+9X Spokane Valley, Washington, USA",https://www.multicare.org/location/valley-hospital/?utm_source=pg-google&utm_medium=organic&utm_campaign=pg-listings,+1 509-924-6650,,https://lh3.googleusercontent.com/gps-cs-s/AC9h4nqtGYjsBv5fARjzG4LAKRCJDbJYZzyL3VHEir8qeVZAoj2YXeQL9Og3TkdK-vviLMMBEon_ji05L6jrQljZxLlGf1_6l9mEe1tPcBW-TlEHR3MHTwwsYi6ugtqepGQa0iS_9m1A3Q=w408-h306-k-no,true,Open 24 hours,Open 24 hours,Open 24 hours,Open 24 hours,Open 24 hours,Open 24 hours,Open 24 hours,"https://www.google.com/maps/search/Hospice+clinics+in+Medical+Lake+Spokane+WA/@47.5728748,-117.6826803,14z",2025-09-18T00:04:53.420Z,LGBTQ+ friendly,,,
https://www.google.com/maps/place/Ideal+Daughters/data=!4m7!3m6!1s0x549e21209e1957bb:0x9a85018ec4b6d08b!8m2!3d47.6531914!4d-117.2169018!16s%2Fg%2F11ghs7d8vk!19sChIJu1cZniAhnlQRi9C2xI4BhZo,Ideal Daughters,5.0,1,Home health care service,"13920 E 4th Ave, Spokane Valley, WA 99216, United States","MQ3M+76 Spokane Valley, Washington, USA",,+1 509-496-6104,Closed ⋅ Opens 9 am Thu,https://streetviewpixels-pa.googleapis.com/v1/thumbnail?panoid=PagrRtonSL8sEAkre_aVKg&cb_client=search.gws-prod.gps&w=408&h=240&yaw=183.40633&pitch=0&thumbfov=100,true,9 am–5 pm,9 am–5 pm,9 am–5 pm,9 am–5 pm,9 am–5 pm,9 am–5 pm,9 am–5 pm,"https://www.google.com/maps/search/Hospice+clinics+in+Spokane+Valley+Spokane+WA/@47.6732281,-117.2393748,14z",2025-09-18T00:05:07.735Z,,,,
https://www.google.com/maps/place/Colonial+Court+Assisted+Living+and+Memory+Care/data=!4m7!3m6!1s0x549e201483bb407b:0x1c33e8b4d8c579e1!8m2!3d47.665722!4d-117.2432357!16s%2Fg%2F1tdnkvcb!19sChIJe0C7gxQgnlQR4XnF2LToMxw,Colonial Court Assisted Living and Memory Care,4.1,13,Assisted living facility,"12016 E Cataldo Ave, Spokane Valley, WA 99206, United States","MQ84+7P Spokane Valley, Washington, USA",https://colonialcourtspokane.com/,+1 509-921-5473,Closed ⋅ Opens 8 am Thu,https://lh3.googleusercontent.com/p/AF1QipOrlPBWsSEdrrFmPx6I-zJ1kWmLdcYFoNgfCWzS=w464-h240-k-no,true,8 am–5 pm,8 am–5 pm,8 am–5 pm,8 am–5 pm,8 am–5 pm,8 am–5 pm,8 am–5 pm,"https://www.google.com/maps/search/Hospice+clinics+in+Spokane+Valley+Spokane+WA/@47.6732281,-117.2393748,14z",2025-09-18T00:05:12.572Z,,,,
https://www.google.com/maps/place/Providence+at+Home+with+Compassus+-+Home+Health/data=!4m7!3m6!1s0x549e18967d930ffb:0x2c611921e98a515d!8m2!3d47.6662812!4d-117.2823838!16s%2Fg%2F11bw4skhhj!19sChIJ-w-TfZYYnlQRXVGK6SEZYSw,Providence at Home with Compassus - Home Health,3.3,18,Medical clinic,"1000 N Argonne Rd, Spokane Valley, WA 99212, United States","MP89+G2 Spokane Valley, Washington, USA",https://www.compassus.com/locations/washington/spokane-home-health/,+1 509-534-4300,Closed ⋅ Opens 8 am Thu,https://streetviewpixels-pa.googleapis.com/v1/thumbnail?panoid=wwg4kAjuJGPvRiuX2jag9Q&cb_client=search.gws-prod.gps&w=408&h=240&yaw=212.23929&pitch=0&thumbfov=100,true,8 am–5 pm,8 am–5 pm,8 am–5 pm,Closed,Closed,8 am–5 pm,8 am–5 pm,"https://www.google.com/maps/search/Hospice+clinics+in+Spokane+Valley+Spokane+WA/@47.6732281,-117.2393748,14z",2025-09-18T00:05:17.731Z,,,,
,,,,,,,,,,,,,,,,,,,"https://www.google.com/maps/search/Hospice+clinics+in+Rathdrum+Spokane+WA/@47.6579711,-117.4235319,14z",2025-09-18T00:05:26.654Z,,,No new results found,
https://www.google.com/maps/place/MultiCare+Deaconess+Hospital/data=!4m7!3m6!1s0x549e1865a7350867:0x205e7088a24362c3!8m2!3d47.651846!4d-117.423834!16s%2Fm%2F0n47qky!19sChIJZwg1p2UYnlQRw2JDoohwXiA,MultiCare Deaconess Hospital,2.6,455,Hospital,"800 W 5th Ave, Spokane, WA 99204, United States","MH2G+PF Spokane, Washington, USA",https://www.multicare.org/location/deaconess-hospital/?utm_source=pg-google&utm_medium=organic&utm_campaign=pg-listings,+1 509-603-5800,,https://lh3.googleusercontent.com/gps-cs-s/AC9h4npHy9UBvuM8nLvY7V-Gdb84tmFCBrtAqNc4wrhkVucsU64B8nbHDYk5fE5exWrkezzPKe2_9sFkbkA8n0Fa-5_7HDNAtuX8e35kT8gfKM4ehBQLejxIOltVxVD0OB9Bex16dQCX=w408-h306-k-no,true,Open 24 hours,Open 24 hours,Open 24 hours,Open 24 hours,Open 24 hours,Open 24 hours,Open 24 hours,"https://www.google.com/maps/search/Hospice+clinics+in+Deer+Park+Spokane+WA/@47.9543375,-117.476891,14z",2025-09-18T00:05:40.601Z,LGBTQ+ friendly,,,
https://www.google.com/maps/place/Deer+Park+Family+Care+Clinic/data=!4m7!3m6!1s0x5361ff9776e923e7:0x43483327aadf75da!8m2!3d47.9516015!4d-117.4620209!16s%2Fg%2F1v42fgkp!19sChIJ5yPpdpf_YVMR2nXfqiczSEM,Deer Park Family Care Clinic,3.1,79,Medical clinic,"905 D St, Deer Park, WA 99006, United States","XG2Q+J5 Deer Park, Washington, USA",http://www.dpfcc.com/,+1 509-276-5005,Closed ⋅ Opens 7 am Thu,https://lh3.googleusercontent.com/gps-cs-s/AC9h4np2utvRU_pFU4QUUEi4EeRB6KWvRUEaZFyv5Wf3LGj2E575-_g7IneLG1ajTW6ndGXQ9HYI6-Dd0Si8tnAu_XKmeruryqtSTv_xpDwvQGH_T8_yRFVidPcVl0lsHIvGd7Pb8WTYnw=w408-h240-k-no-pi-17.077187-ya21.394705-ro5.2320757-fo100,true,7 am–5 pm,7 am–5 pm,7 am–5 pm,Closed,Closed,7 am–5 pm,7 am–5 pm,"https://www.google.com/maps/search/Hospice+clinics+in+Deer+Park+Spokane+WA/@47.9543375,-117.476891,14z",2025-09-18T00:05:45.642Z,,,,
https://www.google.com/maps/place/Elite+Home+Health+%26+Hospice+-+Clarkston/data=!4m7!3m6!1s0x54a1cae891231b27:0xd3340dac5c8d0b89!8m2!3d46.4203964!4d-117.0624536!16s%2Fg%2F11c3k5057_!19sChIJJxsjkejKoVQRiQuNXKwNNNM,Elite Home Health & Hospice - Clarkston,4.5,45,Home health care service,"1370 Bridge St, Clarkston, WA 99403, United States","CWCQ+52 Clarkston, Washington, USA",https://www.elitehhh.com/,+1 509-758-2568,Open 24 hours,https://lh3.googleusercontent.com/p/AF1QipPzGRSIyGvQOu0GGY0hxjAJWDYIy85QeteRs6vw=w426-h240-k-no,true,Open 24 hours,Open 24 hours,Open 24 hours,Open 24 hours,Open 24 hours,Open 24 hours,Open 24 hours,"https://www.google.com/maps/search/Hospice+clinics+in+Clarkston+Spokane+WA/@47.6579711,-117.4235319,14z",2025-09-18T00:05:59.301Z,,,,
https://www.google.com/maps/place/Visiting+Angels+Senior+Home+Care+Spokane/data=!4m7!3m6!1s0x5361df84f266ff4f:0xd7a438cab0c09531!8m2!3d47.663504!4d-117.282295!16s%2Fg%2F1pv0j0rpj!19sChIJT_9m8oTfYVMRMZXAsMo4pNc,Visiting Angels Senior Home Care Spokane,4.8,21,Home health care service,"708 N Argonne Rd #8a, Spokane Valley, WA 99212, United States","MP79+C3 Spokane Valley, Washington, USA",http://www.visitingangels.com/spokane/home?utm_source=gmb&utm_medium=organic&utm_campaign=local,+1 509-922-1141,Open 24 hours,https://lh3.googleusercontent.com/p/AF1QipP1Pe5m8BBxhcQewrLeHjpXk8dqGsNGQS_7SfGJ=w408-h544-k-no,true,Open 24 hours,Open 24 hours,Open 24 hours,Open 24 hours,Open 24 hours,Open 24 hours,Open 24 hours,"https://www.google.com/maps/search/Hospice+clinics+in+Moscow+Spokane+WA/@47.6579711,-117.4235319,14z",2025-09-18T00:06:13.103Z,,,,
"https://www.google.com/maps/place/Eden+Health+-+Home+Health,+Home+Care,+Hospice/data=!4m7!3m6!1s0x5363d6c7ef5bffff:0xf105a974623c2b75!8m2!3d48.3067535!4d-116.5401648!16s%2Fg%2F11d_78w1gw!19sChIJ__9b78fWY1MRdSs8YnSpBfE","Eden Health - Home Health, Home Care, Hospice",4.8,17,Home health care service,"676 N Triangle Dr, Ponderay, ID 83852, United States","8F45+PW Ponderay, Idaho, USA",https://www.eden-health.com/,+1 208-255-1640,Closed ⋅ Opens 8 am Thu,https://lh3.googleusercontent.com/p/AF1QipMEhXDKfTwF9cJ6njToPubeJMtqKNpfaAk-AMWX=w408-h272-k-no,true,8 am–5 pm,8 am–5 pm,8 am–5 pm,Closed,Closed,8 am–5 pm,8 am–5 pm,"https://www.google.com/maps/search/Hospice+clinics+in+Sandpoint+Spokane+WA/@48.276577,-116.553465,14z",2025-09-18T00:06:26.782Z,,,,
https://www.google.com/maps/place/Luther+Park+at+Sandpoint/data=!4m7!3m6!1s0x5363d6bb62b7639d:0xdac558e4350642b4!8m2!3d48.267065!4d-116.5646401!16s%2Fg%2F1v8y3q0w!19sChIJnWO3YrvWY1MRtEIGNeRYxdo,Luther Park at Sandpoint,3.3,15,Assisted living facility,"510 S Olive Ave, Sandpoint, ID 83864, United States","7C8P+R4 Sandpoint, Idaho, USA",https://seniorservicesofamerica.com/senior-living/id/sandpoint/luther-park/,+1 208-265-3557,Open 24 hours,https://streetviewpixels-pa.googleapis.com/v1/thumbnail?panoid=yHIo0s8N3ra6d-t3AKYg_w&cb_client=search.gws-prod.gps&w=408&h=240&yaw=264.72415&pitch=0&thumbfov=100,true,Open 24 hours,Open 24 hours,Open 24 hours,Open 24 hours,Open 24 hours,Open 24 hours,Open 24 hours,"https://www.google.com/maps/search/Hospice+clinics+in+Sandpoint+Spokane+WA/@48.276577,-116.553465,14z",2025-09-18T00:06:31.716Z,,,,
https://www.google.com/maps/place/Serengeti+Care/data=!4m7!3m6!1s0x5363d79db35f5961:0x51e5cc3f0a2fcb4d!8m2!3d48.2722322!4d-116.5458797!16s%2Fg%2F11tt371f65!19sChIJYVlfs53XY1MRTcsvCj_M5VE,Serengeti Care,4.9,45,Home help service agency,"120 E Lk St Ste 313, Sandpoint, ID 83864, United States","7FC3+VJ Sandpoint, Idaho, USA",https://serengeticare.com/,+1 208-770-0504,Open 24 hours,https://lh3.googleusercontent.com/p/AF1QipNgEZJxaK1beOyu94O2kUV0KxRtG7DSzuEVzmZZ=w408-h272-k-no,true,Open 24 hours,Open 24 hours,Open 24 hours,Open 24 hours,Open 24 hours,Open 24 hours,Open 24 hours,"https://www.google.com/maps/search/Hospice+clinics+in+Sandpoint+Spokane+WA/@48.276577,-116.553465,14z",2025-09-18T00:06:36.566Z,,,,true
https://www.google.com/maps/place/Valley+Vista+Care/data=!4m7!3m6!1s0x5363d6b08a37554f:0x6943645789328d24!8m2!3d48.2715356!4d-116.568312!16s%2Fg%2F1th1tqkn!19sChIJT1U3irDWY1MRJI0yiVdkQ2k,Valley Vista Care,4.0,42,Non-profit organization,"220 S Division Ave, Sandpoint, ID 83864, United States","7CCJ+JM Sandpoint, Idaho, USA",https://www.valleyvista.org/,+1 208-265-4514,Open ⋅ Closes 9 pm,https://streetviewpixels-pa.googleapis.com/v1/thumbnail?panoid=K8_5FHEtJouwfxqUfikSNQ&cb_client=search.gws-prod.gps&w=408&h=240&yaw=262.07663&pitch=0&thumbfov=100,false,8 am–9 pm,8 am–9 pm,8 am–9 pm,8 am–9 pm,8 am–9 pm,8 am–9 pm,8 am–9 pm,"https://www.google.com/maps/search/Hospice+clinics+in+Sandpoint+Spokane+WA/@48.276577,-116.553465,14z",2025-09-18T00:06:41.452Z,,,,
"https://www.google.com/maps/place/Applegate+Health+Care,+Tabitha+Barron,+NP/data=!4m7!3m6!1s0x5363d7d198e87aeb:0xe9f9043b80c8a244!8m2!3d48.2689247!4d-116.5657577!16s%2Fg%2F1tcxtxpn!19sChIJ63romNHXY1MRRKLIgDsE-ek","Applegate Health Care, Tabitha Barron, NP",4.9,57,Women's health clinic,"1215 Michigan St C, Sandpoint, ID 83864, United States","7C9M+HM Sandpoint, Idaho, USA",http://www.applegatehealthcare.com/,+1 208-263-1299,Closed ⋅ Opens 8:30 am Thu,https://lh3.googleusercontent.com/p/AF1QipNDPhkbSttgfTO7RtJXXO5TFds7JKlQo7N0EcAT=w408-h613-k-no,true,8:30 am–4:30 pm,8:30 am–4:30 pm,8:30 am–12 pm,Closed,Closed,8:30 am–12 pm,8:30 am–4:30 pm,"https://www.google.com/maps/search/Hospice+clinics+in+Sandpoint+Spokane+WA/@48.276577,-116.553465,14z",2025-09-18T00:06:46.426Z,,,,
https://www.google.com/maps/place/Bonner+General+Health/data=!4m7!3m6!1s0x5363d6cf23c70f69:0x261839f73bbde118!8m2!3d48.2778556!4d-116.5492736!16s%2Fg%2F1tf42mtq!19sChIJaQ_HI8_WY1MRGOG9O_c5GCY,Bonner General Health,3.1,115,Hospital,"520 N 3rd Ave, Sandpoint, ID 83864, United States","7FH2+47 Sandpoint, Idaho, USA",https://www.bonnergeneral.org/,+1 208-263-1441,Open 24 hours,https://lh3.googleusercontent.com/p/AF1QipMBnbbV9YwF-dh2khToHGvowD0nIllNN-gSx9pA=w408-h274-k-no,true,Open 24 hours,Open 24 hours,Open 24 hours,Open 24 hours,Open 24 hours,Open 24 hours,Open 24 hours,"https://www.google.com/maps/search/Hospice+clinics+in+Sandpoint+Spokane+WA/@48.276577,-116.553465,14z",2025-09-18T00:06:51.482Z,,,,
https://www.google.com/maps/place/Advanced+Care+Northwest+LLC/data=!4m7!3m6!1s0x5363d6b98f57e8d5:0xd6f4cd9d403ec517!8m2!3d48.35983!4d-116.548306!16s%2Fg%2F11bwf7jg1z!19sChIJ1ehXj7nWY1MRF8U-QJ3N9NY,Advanced Care Northwest LLC,4.8,17,Home health care service,"480626 US-95, Sandpoint, ID 83864, United States","9F52+WM Sandpoint, Idaho, USA",http://www.advancedcarenorthwest.com/,+1 208-263-3225,Closed ⋅ Opens 8:30 am Thu,https://streetviewpixels-pa.googleapis.com/v1/thumbnail?panoid=gBKrm6ORIoL51mnze3n6lw&cb_client=search.gws-prod.gps&w=408&h=240&yaw=268.3192&pitch=0&thumbfov=100,true,8:30 am–4:30 pm,8:30 am–4:30 pm,8:30 am–4:30 pm,Closed,Closed,8:30 am–4:30 pm,8:30 am–4:30 pm,"https://www.google.com/maps/search/Hospice+clinics+in+Sandpoint+Spokane+WA/@48.276577,-116.553465,14z",2025-09-18T00:06:56.433Z,,,,
"https://www.google.com/maps/place/Bonner+General+Hospice/@48.277795,-116.5491403,17z/data=!3m1!4b1!4m6!3m5!1s0x5363d6cf0fdcf5b9:0x1ee8fda621f48901!8m2!3d48.277795!4d-116.5491403!16s%2Fg%2F1tfjqcjv",Bonner General Hospice,5.0,2,Hospice,"520 N 3rd Ave, Sandpoint, ID 83864, United States","7FH2+48 Sandpoint, Idaho, USA",https://bonnergeneral.org/services/hospice/,+1 208-265-1179,Closed ⋅ Opens 8 am Thu,,true,8 am–4:30 pm,8 am–4:30 pm,8 am–4:30 pm,Closed,Closed,8 am–4:30 pm,8 am–4:30 pm,"https://www.google.com/maps/search/Hospice+clinics+in+Sandpoint+Spokane+WA/@48.276577,-116.553465,14z",2025-09-18T00:07:03.413Z,,,,
https://www.google.com/maps/place/Life+Care+Center+of+Sandpoint/data=!4m7!3m6!1s0x5363d14a901009dd:0x58bae8892077899a!8m2!3d48.2838859!4d-116.5700683!16s%2Fg%2F1td09m8y!19sChIJ3QkQkErRY1MRmol3IInoulg,Life Care Center of Sandpoint,4.6,104,Nursing home,"1125 N Division Ave, Sandpoint, ID 83864, United States","7CMH+HX Sandpoint, Idaho, USA",http://lifecarecenterofsandpoint.com/,+1 208-265-9299,Open 24 hours,https://lh3.googleusercontent.com/p/AF1QipOwC_i6PfRBqCD2d1X5XDTG9HtYl2BrVTrr4MS3=w408-h270-k-no,true,Open 24 hours,Open 24 hours,Open 24 hours,Open 24 hours,Open 24 hours,Open 24 hours,Open 24 hours,"https://www.google.com/maps/search/Hospice+clinics+in+Sandpoint+Spokane+WA/@48.276577,-116.553465,14z",2025-09-18T00:07:08.304Z,,,,
https://www.google.com/maps/place/Riverview+Retirement+Community/data=!4m7!3m6!1s0x549e18cefe94516b:0x36514f027f3185be!8m2!3d47.6776733!4d-117.3826141!16s%2Fg%2F1tgvdbt_!19sChIJa1GU_s4YnlQRvoUxfwJPUTY,Riverview Retirement Community,4.4,178,Retirement community,"1801 E Upriver Dr, Spokane, WA 99207, United States","MJH8+3X Spokane, Washington, USA",http://riverviewretirement.org/,+1 509-483-6483,Open ⋅ Closes 7 pm,https://lh3.googleusercontent.com/p/AF1QipM40-2TZHfpSG_6I_jqLTxQseosrWVtNPNnxj25=w428-h240-k-no,true,7 am–7 pm,7 am–7 pm,7 am–7 pm,9 am–5 pm,9 am–5 pm,7 am–7 pm,7 am–7 pm,"https://www.google.com/maps/search/Hospice+clinics+in+Newport+Spokane+WA/@47.6579711,-117.4235319,14z",2025-09-18T00:07:21.671Z,,,,
https://www.google.com/maps/place/Boundary+Community+Hospital/data=!4m7!3m6!1s0x53638e1e7f92a2bd:0x4dec1ba894749942!8m2!3d48.7022509!4d-116.3214354!16s%2Fg%2F1tv23tt4!19sChIJvaKSfx6OY1MRQpl0lKgb7E0,Boundary Community Hospital,4.5,19,Hospital,"6640 Kaniksu St, Bonners Ferry, ID 83805, United States","PM2H+WC Bonners Ferry, Idaho, USA",http://www.boundarycommunityhospital.org/,+1 208-267-3141,,https://lh3.googleusercontent.com/p/AF1QipMXQ3dLwZ9H6nwra95mSFTXTt8P61QPDwyY_QcQ=w408-h306-k-no,true,8 am–3 pm,8 am–3 pm,8 am–3 pm,Closed,Closed,8 am–3 pm,8 am–3 pm,"https://www.google.com/maps/search/Hospice+clinics+in+Bonners+Ferry+Spokane+WA/@47.6579711,-117.4235319,14z",2025-09-18T00:07:35.113Z,,,,
https://www.google.com/maps/place/Auburn+Crest+Hospice/data=!4m7!3m6!1s0x53638e03777cb5d7:0x25ea866502570af7!8m2!3d48.6790878!4d-116.3279219!16s%2Fg%2F1ptzyd7yn!19sChIJ17V8dwOOY1MR9wpXAmWG6iU,Auburn Crest Hospice,5.0,5,Hospice,"6541 Main St, Bonners Ferry, ID 83805, United States","MMHC+JR Bonners Ferry, Idaho, USA",http://www.auburncrest.com/,+1 208-267-0579,Closed ⋅ Opens 8:30 am Thu,https://streetviewpixels-pa.googleapis.com/v1/thumbnail?panoid=ZtOI59DwSVv8zW0j_phQTA&cb_client=search.gws-prod.gps&w=408&h=240&yaw=128.04016&pitch=0&thumbfov=100,false,8:30 am–5 pm,8:30 am–5 pm,8:30 am–5 pm,Closed,Closed,8:30 am–5 pm,8:30 am–5 pm,"https://www.google.com/maps/search/Hospice+clinics+in+Bonners+Ferry+Spokane+WA/@47.6579711,-117.4235319,14z",2025-09-18T00:07:40.177Z,,,,
,,,,,,,,,,,,,,,,,,,"https://www.google.com/maps/search/Hospice+clinics+in+Kellogg+Spokane+WA/@47.6579711,-117.4235319,14z",2025-09-18T00:07:55.982Z,,,No new results found,
,,,,,,,,,,,,,,,,,,,"https://www.google.com/maps/search/Hospice+clinics+in+Wallace+Spokane+WA/@47.6579711,-117.4235319,14z",2025-09-18T00:08:03.872Z,,,No new results found,
https://www.google.com/maps/place/Elite+Home+Health+%26+Hospice+-+Lewiston/data=!4m7!3m6!1s0x54a1cb90c010a21b:0x5ef7dfc0664a8ff6!8m2!3d46.4212418!4d-117.0268385!16s%2Fg%2F11w49q4wrf!19sChIJG6IQwJDLoVQR9o9KZsDf914,Elite Home Health & Hospice - Lewiston,4.7,16,Home health care service,"504 Main St, Lewiston, ID 83501, United States","CXCF+F7 Lewiston, Idaho, USA",https://www.elitehhh.com/,+1 509-758-2568,Closes soon ⋅ 6 pm ⋅ Opens 9 am Thu,https://lh3.googleusercontent.com/p/AF1QipO3TY4fMD4BHGs_Ni-zA_T53jrHYJs2SQb0WZc=w426-h240-k-no,true,9 am–6 pm,9 am–6 pm,9 am–6 pm,Closed,Closed,9 am–6 pm,9 am–6 pm,"https://www.google.com/maps/search/Hospice+clinics+in+Asotin+Spokane+WA/@46.3393265,-117.0482116,14z",2025-09-18T00:08:17.521Z,,,,
https://www.google.com/maps/place/Heart+%27N+Home+Hospice/data=!4m7!3m6!1s0x54a0353c50273d45:0xd86483b4a05519ab!8m2!3d46.4214242!4d-117.030314!16s%2Fg%2F11fkrk9zpr!19sChIJRT0nUDw1oFQRqxlVoLSDZNg,Heart 'N Home Hospice,1.0,1,Hospice,"200 Main St, Lewiston, ID 83501, United States","CXC9+HV Lewiston, Idaho, USA",https://lhcgroup.com/locations/family-hospice-st-joseph-regional-medical-center/,+1 208-799-5275,,https://streetviewpixels-pa.googleapis.com/v1/thumbnail?panoid=od8IbtCg0Sre4du08PRxaQ&cb_client=search.gws-prod.gps&w=408&h=240&yaw=154.80171&pitch=0&thumbfov=100,true,8 am–5 pm,8 am–5 pm,8 am–5 pm,Closed,Closed,8 am–5 pm,8 am–5 pm,"https://www.google.com/maps/search/Hospice+clinics+in+Asotin+Spokane+WA/@46.3393265,-117.0482116,14z",2025-09-18T00:08:22.482Z,,,,