placeUrl,title,rating,reviewCount,category,address,plusCode,website,phoneNumber,currentStatus,imgUrl,isClaimed,wednesday,thursday,friday,saturday,sunday,monday,tuesday,query,timestamp,info
https://www.google.com/maps/place/Gentiva+Hospice/data=!4m7!3m6!1s0x87d2a6b30d34eb05:0x8e18b259d457aafe!8m2!3d34.7563714!4d-92.3886949!16s%2Fg%2F1tffpwpr!19sChIJBes0DbOm0ocR_qpX1FmyGI4,Gentiva Hospice,4.4,29,Hospice,"301 Natural Resources Dr #102, Little Rock, AR 72205, United States","QJ46+GG Little Rock, Arkansas, USA",https://www.gentivahs.com/,+1 501-223-8868,Open 24 hours,https://lh3.googleusercontent.com/p/AF1QipOzwm3RCuH-Ahz_EO8ezZBD2AUiZkYpbaKR8NXe=w426-h240-k-no,true,Open 24 hours,Open 24 hours,Open 24 hours,Open 24 hours,Open 24 hours,Open 24 hours,Open 24 hours,"https://www.google.com/maps/search/Hospice+clinics+in+Hillcrest+Little+Rock+AR/@34.7547449,-92.3246274,14z",2025-09-18T00:06:20.712Z,
https://www.google.com/maps/place/Hospice+Home+Care+-+Little+Rock/data=!4m7!3m6!1s0x87d2a6c3962d3b15:0x918cf0ab05e1f06b!8m2!3d34.7345301!4d-92.4111699!16s%2Fg%2F1thxr54m!19sChIJFTstlsOm0ocRa_DhBavwjJE,Hospice Home Care - Little Rock,3.5,32,Hospice,"2200 S Bowman Rd C, Little Rock, AR 72211, United States","PHMQ+RG Little Rock, Arkansas, USA",http://www.hospicehomecare.com/,+1 501-296-9043,Open 24 hours,https://lh3.googleusercontent.com/p/AF1QipP9aiNQzrvGgb-OuYTCWLw-CzwvuDiM4fjn8iw4=w426-h240-k-no,true,Open 24 hours,Open 24 hours,Open 24 hours,Open 24 hours,Open 24 hours,Open 24 hours,Open 24 hours,"https://www.google.com/maps/search/Hospice+clinics+in+Hillcrest+Little+Rock+AR/@34.7547449,-92.3246274,14z",2025-09-18T00:06:26.649Z,
https://www.google.com/maps/place/Arkansas+Palliative+Care+Little+Rock/data=!4m7!3m6!1s0x87d2a500a87ab5e7:0x87570ee6701ffbd!8m2!3d34.749804!4d-92.3395969!16s%2Fg%2F11j1zdt744!19sChIJ57V6qACl0ocRvf8BZ-5wdQg,Arkansas Palliative Care Little Rock,1.0,1,Health consultant,"2 St Vincent Cir, Little Rock, AR 72205, United States","PMX6+W5 Little Rock, Arkansas, USA",http://arkansaspalliativecare.org/,+1 501-748-3388,,https://streetviewpixels-pa.googleapis.com/v1/thumbnail?panoid=NEWaeaxNra6pSYPBzfooMg&cb_client=search.gws-prod.gps&w=408&h=240&yaw=301.38373&pitch=0&thumbfov=100,false,,,,,,,,"https://www.google.com/maps/search/Hospice+clinics+in+Hillcrest+Little+Rock+AR/@34.7547449,-92.3246274,14z",2025-09-18T00:06:30.294Z,
"https://www.google.com/maps/place/UAMS+Health+-+Natalie+Brooke+Peeples,+M.D.+-+Palliative+Care+Clinic/data=!4m7!3m6!1s0x87d2a5babf2cae9d:0x57e3370fce73ed52!8m2!3d34.7486324!4d-92.3189884!16s%2Fg%2F11y7d4dnqh!19sChIJna4sv7ql0ocRUu1zzg8341c","UAMS Health - Natalie Brooke Peeples, M.D. - Palliative Care Clinic",5.0,1,Doctor,"UAMS Winthrop P. Rockefeller Cancer Institute Palliative Care Clinic, UAMS Medical Center, 449 Jack Stephens Dr, Little Rock, AR 72205, United States","PMXJ+FC Little Rock, Arkansas, USA",https://uamshealth.com/provider/natalie-brooke-peeples/?utm_source=google&utm_medium=gmb&utm_campaign=clinical&utm_term=provider&utm_content=profile&utm_specs=natalie-brooke-peeples_palliative-care-clinic,+1 501-686-8738,,https://streetviewpixels-pa.googleapis.com/v1/thumbnail?panoid=KpRmiKtPc86AzOk0MhGpNQ&cb_client=search.gws-prod.gps&w=408&h=240&yaw=315.73932&pitch=0&thumbfov=100,true,,,,,,,,"https://www.google.com/maps/search/Hospice+clinics+in+Hillcrest+Little+Rock+AR/@34.7547449,-92.3246274,14z",2025-09-18T00:06:33.193Z,
https://www.google.com/maps/place/SYNERGY+HomeCare/data=!4m7!3m6!1s0x87d2a141e2655dfd:0xc64d1a841bca90d4!8m2!3d34.7507988!4d-92.3643196!16s%2Fg%2F11c5rpv62_!19sChIJ_V1l4kGh0ocR1JDKG4QaTcY,SYNERGY HomeCare,4.9,41,Home health care service,"300 S Rodney Parham Rd, Little Rock, AR 72205, United States","QJ2P+87 Little Rock, Arkansas, USA",https://www.synergyhomecare.com/ar-little-rock-72205/?utm_source=google&utm_medium=local&utm_campaign=localmaps&utm_content=303,+1 501-313-2811,Open 24 hours,https://lh3.googleusercontent.com/p/AF1QipPMu68v2jla66CWgE-lMVQEB3AASJdiQKPYfaJ9=w546-h240-k-no,true,Open 24 hours,Open 24 hours,Open 24 hours,Open 24 hours,Open 24 hours,Open 24 hours,Open 24 hours,"https://www.google.com/maps/search/Hospice+clinics+in+Hillcrest+Little+Rock+AR/@34.7547449,-92.3246274,14z",2025-09-18T00:06:38.376Z,
"https://www.google.com/maps/place/Baptist+Health+Hospice/@34.713095,-92.4070779,17z/data=!3m1!4b1!4m6!3m5!1s0x87d2a73e5d174c71:0xd8982a88e0b59e47!8m2!3d34.713095!4d-92.4070779!16s%2Fg%2F11hdmv_nq9",Baptist Health Hospice,3.0,2,Hospice,"11900 Colonel Glenn Rd #2000, Little Rock, AR 72210, United States","PH7V+65 Little Rock, Arkansas, USA",https://www.baptist-health.com/,+1 501-202-7474,,,true,,,,,,,,"https://www.google.com/maps/search/Hospice+clinics+in+Hillcrest+Little+Rock+AR/@34.7547449,-92.3246274,14z",2025-09-18T00:06:43.466Z,
"https://www.google.com/maps/place/Odyssey+Healthcare/@34.7491553,-92.395171,17z/data=!3m1!4b1!4m6!3m5!1s0x87d2a152bc187afd:0x7eae69a34263a4d8!8m2!3d34.7491553!4d-92.395171!16s%2Fg%2F1trprb5b",Odyssey Healthcare,,,Hospice,"10800 Financial Centre Pkwy #380, Little Rock, AR 72211, United States","PJX3+MW Little Rock, Arkansas, USA",,+1 501-223-8868,,,false,,,,,,,,"https://www.google.com/maps/search/Hospice+clinics+in+Hillcrest+Little+Rock+AR/@34.7547449,-92.3246274,14z",2025-09-18T00:06:48.045Z,
https://www.google.com/maps/place/CHI+St.+Vincent+Health+at+Home+-+Little+Rock/data=!4m7!3m6!1s0x87d2a6c64ecacd3b:0xc7e5e7fc8bb6a3d1!8m2!3d34.7376845!4d-92.4039976!16s%2Fg%2F11dfxg7x_7!19sChIJO83KTsam0ocR0aO2i_zn5cc,CHI St. Vincent Health at Home - Little Rock,1.7,3,Home health care service,"1 Executive Center Ct #110, Little Rock, AR 72211, United States","PHQW+3C Little Rock, Arkansas, USA",http://www.chistvincent.com/hospitals-locations/clinics/homehealth-littlerock?utm_source=local-listing&utm_medium=organic&utm_campaign=website-link,+1 501-664-4933,Closed ⋅ Opens 8 am Thu,https://streetviewpixels-pa.googleapis.com/v1/thumbnail?panoid=bYwZClK948mtaUjoc3zrtQ&cb_client=search.gws-prod.gps&w=408&h=240&yaw=6.297548&pitch=0&thumbfov=100,true,8 am–5 pm,8 am–5 pm,8 am–5 pm,Closed,Closed,8 am–5 pm,8 am–5 pm,"https://www.google.com/maps/search/Hospice+clinics+in+Hillcrest+Little+Rock+AR/@34.7547449,-92.3246274,14z",2025-09-18T00:06:53.274Z,
https://www.google.com/maps/place/Arkansas+Hospice+Ottenheimer+Inpatient+Center/data=!4m7!3m6!1s0x87d2a481cadbb509:0x1416726d1b1917d0!8m2!3d34.750314!4d-92.3389655!16s%2Fg%2F11f0kvr3qz!19sChIJCbXbyoGk0ocR0BcZG21yFhQ,Arkansas Hospice Ottenheimer Inpatient Center,5.0,3,Hospice,"St. Vincent Hospital, #2, St Vincent Cir #7e, Little Rock, AR 72205, United States","QM26+4C Little Rock, Arkansas, USA",http://www.arkansashospice.org/,+1 501-552-3726,Open 24 hours,https://streetviewpixels-pa.googleapis.com/v1/thumbnail?panoid=YrOg2y_xPtQo0mOkI4CEoQ&cb_client=search.gws-prod.gps&w=408&h=240&yaw=327.6307&pitch=0&thumbfov=100,true,Open 24 hours,Open 24 hours,Open 24 hours,Open 24 hours,Open 24 hours,Open 24 hours,Open 24 hours,"https://www.google.com/maps/search/Hospice+clinics+in+Hillcrest+Little+Rock+AR/@34.7547449,-92.3246274,14z",2025-09-18T00:06:58.705Z,
"https://www.google.com/maps/place/Sandalwood+Healthcare/@34.7311045,-92.3738944,17z/data=!3m1!4b1!4m6!3m5!1s0x87d2a4185759e29d:0x65cbf9ad92c24e4d!8m2!3d34.7311045!4d-92.3738944!16s%2Fg%2F12648s0s8",Sandalwood Healthcare,3.0,6,Nursing home,"2600 John Barrow Rd, Little Rock, AR 72204, United States","PJJG+CC Little Rock, Arkansas, USA",,+1 501-224-4173,Open ⋅ Closes 9 pm,,false,8 am–9 pm,8 am–9 pm,8 am–9 pm,8 am–9 pm,8 am–9 pm,8 am–9 pm,8 am–9 pm,"https://www.google.com/maps/search/Hospice+clinics+in+Hillcrest+Little+Rock+AR/@34.7547449,-92.3246274,14z",2025-09-18T00:07:05.604Z,
"https://www.google.com/maps/place/UAMS+Health+-+Sarah+E.+Harrington,+M.D.+-+Palliative+Care+Clinic/data=!4m7!3m6!1s0x87d2a4a1855a28f9:0x1408759c42ce2549!8m2!3d34.7486324!4d-92.3189884!16s%2Fg%2F1thq5v06!19sChIJ-ShahaGk0ocRSSXOQpx1CBQ","UAMS Health - Sarah E. Harrington, M.D. - Palliative Care Clinic",5.0,5,Doctor,"UAMS Winthrop P. Rockefeller Cancer Institute Palliative Care Clinic, UAMS Medical Center, 449 Jack Stephens Dr, Little Rock, AR 72205, United States","PMXJ+FC Little Rock, Arkansas, USA",https://uamshealth.com/provider/sarah-e-harrington/?utm_source=google&utm_medium=gmb&utm_campaign=clinical&utm_term=provider&utm_content=profile&utm_specs=sarah-e-harrington_palliative-care-clinic,+1 501-686-8738,,https://streetviewpixels-pa.googleapis.com/v1/thumbnail?panoid=KpRmiKtPc86AzOk0MhGpNQ&cb_client=search.gws-prod.gps&w=408&h=240&yaw=315.73932&pitch=0&thumbfov=100,true,,,,,,,,"https://www.google.com/maps/search/Hospice+clinics+in+Hillcrest+Little+Rock+AR/@34.7547449,-92.3246274,14z",2025-09-18T00:07:08.751Z,
https://www.google.com/maps/place/UAMS+Health+-+Palliative+Care+Clinic/data=!4m7!3m6!1s0x87d2a5c19ec23cfd:0x47133f8f0286676c!8m2!3d34.7486324!4d-92.3189884!16s%2Fg%2F11qnlxg692!19sChIJ_TzCnsGl0ocRbGeGAo8_E0c,UAMS Health - Palliative Care Clinic,2.0,1,Medical clinic,"UAMS Winthrop P. Rockefeller Cancer Institute Sixth Floor, 449 Jack Stephens Dr, Little Rock, AR 72205, United States","PMXJ+FC Little Rock, Arkansas, USA",https://uamshealth.com/location/palliative-care-clinic/?utm_source=google&utm_medium=gmb&utm_campaign=clinical&utm_term=location&utm_content=profile&utm_specs=palliative-care-clinic,+1 501-686-8738,,https://lh3.googleusercontent.com/p/AF1QipPqsaCvf6NkEyrSiS8DCU7lNt8IbW3L8jJuke2C=w426-h240-k-no,true,,,,,,,,"https://www.google.com/maps/search/Hospice+clinics+in+Hillcrest+Little+Rock+AR/@34.7547449,-92.3246274,14z",2025-09-18T00:07:11.604Z,
"https://www.google.com/maps/place/UAMS+Health+-+Sarah+E.+Harrington,+M.D.+-+UAMS+Medical+Center+Hospital/data=!4m7!3m6!1s0x87d2a327e62fa9ef:0xa76a25298e87cdbf!8m2!3d34.7482817!4d-92.3210252!16s%2Fg%2F11nrr6_bjm!19sChIJ76kv5iej0ocRv82Hjiklaqc","UAMS Health - Sarah E. Harrington, M.D. - UAMS Medical Center Hospital",,,Doctor,"UAMS Medical Ctr, UAMS Medical Center Hospital, 4301 W Markham St, Little Rock, AR 72205, United States","PMXH+8H Little Rock, Arkansas, USA",https://uamshealth.com/provider/sarah-e-harrington/?utm_source=google&utm_medium=gmb&utm_campaign=clinical&utm_term=provider&utm_content=profile&utm_specs=sarah-e-harrington_uams-medical-center,+1 501-686-8000,,https://streetviewpixels-pa.googleapis.com/v1/thumbnail?panoid=I-l1CCFpYXQRZuV50xuDYw&cb_client=search.gws-prod.gps&w=408&h=240&yaw=108.424484&pitch=0&thumbfov=100,true,,,,,,,,"https://www.google.com/maps/search/Hospice+clinics+in+Hillcrest+Little+Rock+AR/@34.7547449,-92.3246274,14z",2025-09-18T00:07:14.301Z,
"https://www.google.com/maps/place/UAMS+Health+-+Heather+C.+Moore,+M.D.+-+Palliative+Care+Clinic/data=!4m7!3m6!1s0x8640c079e77d3993:0x66155039998e61dc!8m2!3d34.7486324!4d-92.3189884!16s%2Fg%2F1tgz0zqh!19sChIJkzl953nAQIYR3GGOmTlQFWY","UAMS Health - Heather C. Moore, M.D. - Palliative Care Clinic",,,Doctor,"UAMS Winthrop P. Rockefeller Cancer Institute Palliative Care Clinic, UAMS Medical Center, 449 Jack Stephens Dr, Little Rock, AR 72205, United States","PMXJ+FC Little Rock, Arkansas, USA",https://uamshealth.com/provider/heather-c-moore/?utm_source=google&utm_medium=gmb&utm_campaign=clinical&utm_term=provider&utm_content=profile&utm_specs=heather-c-moore_palliative-care-clinic,+1 501-686-8738,,https://streetviewpixels-pa.googleapis.com/v1/thumbnail?panoid=KpRmiKtPc86AzOk0MhGpNQ&cb_client=search.gws-prod.gps&w=408&h=240&yaw=315.73932&pitch=0&thumbfov=100,true,,,,,,,,"https://www.google.com/maps/search/Hospice+clinics+in+Hillcrest+Little+Rock+AR/@34.7547449,-92.3246274,14z",2025-09-18T00:07:16.909Z,
https://www.google.com/maps/place/Arkansas+Hospice+Greater+Little+Rock/data=!4m7!3m6!1s0x87d2be7fb100cb77:0x26edfe58e56799c6!8m2!3d34.7999306!4d-92.2220738!16s%2Fg%2F11hbqznx7k!19sChIJd8sAsX--0ocRxpln5Vj-7SY,Arkansas Hospice Greater Little Rock,4.0,4,Hospice,"14 Parkstone Cir, North Little Rock, AR 72116, United States","QQXH+X5 North Little Rock, Arkansas, USA",https://www.arkansashospice.org/,+1 877-257-3400,Open 24 hours,https://streetviewpixels-pa.googleapis.com/v1/thumbnail?panoid=JzTrJfL29zkOb5V1orJ8WA&cb_client=search.gws-prod.gps&w=408&h=240&yaw=307.79056&pitch=0&thumbfov=100,true,Open 24 hours,Open 24 hours,Open 24 hours,Open 24 hours,Open 24 hours,Open 24 hours,Open 24 hours,"https://www.google.com/maps/search/Hospice+clinics+in+Hillcrest+Little+Rock+AR/@34.7547449,-92.3246274,14z",2025-09-18T00:07:21.840Z,
"https://www.google.com/maps/place/UAMS+Health+-+John+C.+%22Charlie%22+Kincaid+Jr.,+M.D.+-+Palliative+Care+Clinic/data=!4m7!3m6!1s0x87d2a5bbde185c93:0xc6424fb981a7aa9c!8m2!3d34.7486324!4d-92.3189884!16s%2Fg%2F11r_vtc9nf!19sChIJk1wY3rul0ocRnKqngblPQsY","UAMS Health - John C. ""Charlie"" Kincaid Jr., M.D. - Palliative Care Clinic",5.0,4,Doctor,"UAMS Winthrop P. Rockefeller Cancer Institute Palliative Care Clinic, UAMS Medical Center, 449 Jack Stephens Dr, Little Rock, AR 72205, United States","PMXJ+FC Little Rock, Arkansas, USA",https://uamshealth.com/provider/john-c-kincaid-jr/?utm_source=google&utm_medium=gmb&utm_campaign=clinical&utm_term=provider&utm_content=profile&utm_specs=john-c-kincaid-jr_palliative-care-clinic,+1 501-686-8738,,https://streetviewpixels-pa.googleapis.com/v1/thumbnail?panoid=KpRmiKtPc86AzOk0MhGpNQ&cb_client=search.gws-prod.gps&w=408&h=240&yaw=315.73932&pitch=0&thumbfov=100,true,,,,,,,,"https://www.google.com/maps/search/Hospice+clinics+in+Hillcrest+Little+Rock+AR/@34.7547449,-92.3246274,14z",2025-09-18T00:07:24.735Z,
https://www.google.com/maps/place/Baptist+Health+Palliative+Care+Clinic/data=!4m7!3m6!1s0x87d2bfb535b23ccd:0x808a66308428a593!8m2!3d34.7847033!4d-92.220117!16s%2Fg%2F11vt7vz_0w!19sChIJzTyyNbW_0ocRk6UohDBmioA,Baptist Health Palliative Care Clinic,,,Medical clinic,"3401 Springhill Dr #490, North Little Rock, AR 72117, United States","QQMH+VX North Little Rock, Arkansas, USA",https://www.baptist-health.com/location/baptist-health-palliative-care-clinic/,+1 501-202-3815,Closed ⋅ Opens 8 am Thu,https://lh3.googleusercontent.com/p/AF1QipNZEjaXqHwQeiT_kEDbHhlVtn_Z1plAXrI6r-TA=w426-h240-k-no,true,8 am–5 pm,8 am–5 pm,8 am–5 pm,Closed,Closed,8 am–5 pm,8 am–5 pm,"https://www.google.com/maps/search/Hospice+clinics+in+Hillcrest+Little+Rock+AR/@34.7547449,-92.3246274,14z",2025-09-18T00:07:29.470Z,
https://www.google.com/maps/place/Care+IV+Home+Health/data=!4m7!3m6!1s0x87d2a473b4a2fa97:0x4c839f50438a12d9!8m2!3d34.743035!4d-92.3581525!16s%2Fg%2F1tdkms15!19sChIJl_qitHOk0ocR2RKKQ1Cfg0w,Care IV Home Health,3.2,13,Home health care service,"1023 Rushing Cir, Little Rock, AR 72204, United States","PJVR+6P Little Rock, Arkansas, USA",http://www.care4.com/,+1 501-686-2400,Closed ⋅ Opens 8 am Thu,https://lh3.googleusercontent.com/p/AF1QipPCnvi417yNthFRRgGPVMbNG5HjKvVa572qN3-2=w408-h306-k-no,true,8 am–5 pm,8 am–5 pm,8 am–5 pm,Closed,Closed,8 am–5 pm,8 am–5 pm,"https://www.google.com/maps/search/Hospice+clinics+in+Hillcrest+Little+Rock+AR/@34.7547449,-92.3246274,14z",2025-09-18T00:07:34.800Z,
https://www.google.com/maps/place/A+Place+At+Home+-+Little+Rock/data=!4m7!3m6!1s0x87d2a31eb87dd9f5:0x6fc89da9ff4decd!8m2!3d34.7556052!4d-92.3443744!16s%2Fg%2F11fm9kvf94!19sChIJ9dl9uB6j0ocRzd70n9qJ_AY,A Place At Home - Little Rock,4.8,43,Home health care service,"415 N McKinley St Ste 447, Little Rock, AR 72205, United States","QM44+67 Little Rock, Arkansas, USA",https://aplaceathome.com/little-rock-ar/,+1 501-214-1911,Closed ⋅ Opens 8 am Thu,https://lh3.googleusercontent.com/p/AF1QipMvfxQmubjXBblJzIj7dWERR9T8i2zggJN93AF5=w427-h240-k-no,true,8 am–5 pm,8 am–5 pm,8 am–5 pm,Closed,Closed,8 am–5 pm,8 am–5 pm,"https://www.google.com/maps/search/Hospice+clinics+in+Hillcrest+Little+Rock+AR/@34.7547449,-92.3246274,14z",2025-09-18T00:07:39.905Z,Identifies as women-owned
https://www.google.com/maps/place/Arkansas+State+Hospice/data=!4m7!3m6!1s0x87d2a6d6aaaaaaab:0x822b288c545bcb25!8m2!3d34.7446913!4d-92.4159308!16s%2Fg%2F1th1d7wh!19sChIJq6qqqtam0ocRJctbVIwoK4I,Arkansas State Hospice,,,Hospice,"Little Rock, AR 72211, United States",,https://humanservices.arkansas.gov/divisions-shared-services/medical-services/helpful-information-for-providers/manuals/hospice-prov/,+1 501-375-1300,,https://streetviewpixels-pa.googleapis.com/v1/thumbnail?panoid=bzhvwDeykZTusKIkGdpmWA&cb_client=search.gws-prod.gps&w=408&h=240&yaw=77.22249&pitch=0&thumbfov=100,false,,,,,,,,"https://www.google.com/maps/search/Hospice+clinics+in+Hillcrest+Little+Rock+AR/@34.7547449,-92.3246274,14z",2025-09-18T00:07:42.785Z,
https://www.google.com/maps/place/Elite+Hospice/data=!4m7!3m6!1s0x87cd57ab8d86ccef:0xd76ce5181b1b2751!8m2!3d34.6173586!4d-92.511876!16s%2Fg%2F1tfxykhw!19sChIJ78yGjatXzYcRUScbGxjlbNc,Elite Hospice,4.4,12,Hospice,"4000 AR-5 Suite 5, Bryant, AR 72022, United States","JF8Q+W6 Bryant, Arkansas, USA",https://lhcgroup.com/locations/saline-memorial-hospice/,+1 501-315-0136,Open 24 hours,https://streetviewpixels-pa.googleapis.com/v1/thumbnail?panoid=ZqXvzQ0cqQ53BpNeHKVePw&cb_client=search.gws-prod.gps&w=408&h=240&yaw=139.95857&pitch=0&thumbfov=100,true,Open 24 hours,Open 24 hours,Open 24 hours,Open 24 hours,Open 24 hours,Open 24 hours,Open 24 hours,"https://www.google.com/maps/search/Hospice+clinics+in+Benton+Little+Rock+AR/@34.5693083,-92.585378,14z",2025-09-18T00:07:57.868Z,
https://www.google.com/maps/place/Gentiva+Hospice/data=!4m7!3m6!1s0x87cd579319b59c87:0x2a807bc4709b93f2!8m2!3d34.6145841!4d-92.5046358!16s%2Fg%2F11kqnbbswg!19sChIJh5y1GZNXzYcR8pObcMR7gCo,Gentiva Hospice,5.0,1,Hospice,"22461 I-30 # 302, Bryant, AR 72022, United States","JF7W+R4 Bryant, Arkansas, USA",http://www.gentivahs.com/,+1 501-213-4658,Open 24 hours,https://lh3.googleusercontent.com/p/AF1QipN0i6LmyzVQC81MYQigKm6Zv2yAPFybFj50l094=w426-h240-k-no,true,Open 24 hours,Open 24 hours,Open 24 hours,Open 24 hours,Open 24 hours,Open 24 hours,Open 24 hours,"https://www.google.com/maps/search/Hospice+clinics+in+Benton+Little+Rock+AR/@34.5693083,-92.585378,14z",2025-09-18T00:08:02.676Z,
https://www.google.com/maps/place/Saline+County+Health+Department/data=!4m7!3m6!1s0x87cd53cf89ad6895:0x731d236a064d475e!8m2!3d34.5567381!4d-92.5677059!16s%2Fg%2F1vc_qx1_!19sChIJlWitic9TzYcRXkdNBmojHXM,Saline County Health Department,2.6,28,Public health department,"1612 Edison Ave, Benton, AR 72015, United States","HC4J+MW Benton, Arkansas, USA",https://www.healthy.arkansas.gov/health-units/detail/saline-county-health-unit-benton,+1 501-303-5650,Closed ⋅ Opens 8 am Thu,https://lh3.googleusercontent.com/gps-cs-s/AC9h4nr61rUxQaGgtkaSE_WpTqNojFsi7qOphbx7uDJ5CZxXBLvSAkO7f4ObVGDBqPnox65ZMhOpbbq23YH3tt_U3FOXbh-xrbo33XK631kUrwu--LI1b8YIpVLwDFY7HRILxE3KuUau=w408-h725-k-no,false,8 am–4:30 pm,8 am–4:30 pm,8 am–4:30 pm,Closed,Closed,8 am–4:30 pm,9:30 am–6 pm,"https://www.google.com/maps/search/Hospice+clinics+in+Benton+Little+Rock+AR/@34.5693083,-92.585378,14z",2025-09-18T00:08:07.677Z,
https://www.google.com/maps/place/Hospice+Home+Care-+Bryant/data=!4m7!3m6!1s0x87cd57dca8a92e39:0xee01d6bebedb53a8!8m2!3d34.622067!4d-92.4956011!16s%2Fg%2F11w1hh5q0t!19sChIJOS6pqNxXzYcRqFPbvr7WAe4,Hospice Home Care- Bryant,5.0,1,Hospice,"307 Bryant Ave #1b, Bryant, AR 72022, United States","JGC3+RQ Bryant, Arkansas, USA",http://www.hospicehomecare.com/,+1 501-436-4100,Open 24 hours,https://lh3.googleusercontent.com/p/AF1QipPJYtnreEfbnGxzrVuuM5BVtd87taHUuPPmNmC8=w426-h240-k-no,true,Open 24 hours,Open 24 hours,Open 24 hours,Open 24 hours,Open 24 hours,Open 24 hours,Open 24 hours,"https://www.google.com/maps/search/Hospice+clinics+in+Benton+Little+Rock+AR/@34.5693083,-92.585378,14z",2025-09-18T00:08:12.572Z,
https://www.google.com/maps/place/Saline+Memorial+Hospital/data=!4m7!3m6!1s0x87cd5186d9b63d53:0xbb6330cdb4ab27d5!8m2!3d34.5736418!4d-92.5853839!16s%2Fg%2F1tfm75gl!19sChIJUz222YZRzYcR1SertM0wY7s,Saline Memorial Hospital,2.7,336,Emergency room,"1 Medical Park Dr, Benton, AR 72015, United States","HCF7+FR Benton, Arkansas, USA",https://www.salinememorial.org/?utm_campaign=gmb&utm_medium=organic&utm_source=local,+1 501-776-6000,,https://lh3.googleusercontent.com/gps-cs-s/AC9h4nrvMsus7rWg60S2fyldYNVPJCoKefqqiuOpQEBibUSxx7KTgPZDp1Y3etFFUJcvaoLbKNTaViV5gg_8RF9eEfXmBinf8iFRHwOsTaA0RtmpHT6SGKGLBXO1Gx0yD5qGYsic4uyuqQ=w493-h240-k-no,true,8 am–5 pm,8 am–5 pm,8 am–5 pm,Closed,Closed,8 am–5 pm,8 am–5 pm,"https://www.google.com/maps/search/Hospice+clinics+in+Benton+Little+Rock+AR/@34.5693083,-92.585378,14z",2025-09-18T00:08:22.310Z,
https://www.google.com/maps/place/Arkansas+Palliative+Care/data=!4m7!3m6!1s0x87d2be7fb3ba9cb1:0x21ea362a8bdc4150!8m2!3d34.7999242!4d-92.2214063!16s%2Fg%2F11h70psqwr!19sChIJsZy6s3--0ocRUEHciyo26iE,Arkansas Palliative Care,,,Non-profit organization,"14 Parkstone Cir, North Little Rock, AR 72116, United States","QQXH+XC North Little Rock, Arkansas, USA",http://www.arkansaspalliativecare.org/,+1 501-748-3388,,https://lh3.googleusercontent.com/p/AF1QipN54ufQL--OSzwNhBT_yelMT4BTsU48o_HHCV4g=w408-h272-k-no,true,,,,,,,,"https://www.google.com/maps/search/Hospice+clinics+in+Benton+Little+Rock+AR/@34.5693083,-92.585378,14z",2025-09-18T00:08:29.561Z,
https://www.google.com/maps/place/Arkansas+Hospice+Hot+Springs+Inpatient+Center/data=!4m7!3m6!1s0x8632d52d12a2e8ff:0x9c0da1347700eacb!8m2!3d34.4678916!4d-93.0662867!16s%2Fg%2F11fyln98b8!19sChIJ_-iiEi3VMoYRy-oAdzShDZw,Arkansas Hospice Hot Springs Inpatient Center,2.3,3,Hospice,"St. Vincent, 300 Werner St #5W, Hot Springs, AR 71913, United States","FW9M+5F Hot Springs, Arkansas, USA",http://www.arkansashospice.org/,+1 501-622-4677,Open 24 hours,https://streetviewpixels-pa.googleapis.com/v1/thumbnail?panoid=fL5_hCqyCh52V1fLiYlFnA&cb_client=search.gws-prod.gps&w=408&h=240&yaw=4.008653&pitch=0&thumbfov=100,false,Open 24 hours,Open 24 hours,Open 24 hours,Open 24 hours,Open 24 hours,Open 24 hours,Open 24 hours,"https://www.google.com/maps/search/Hospice+clinics+in+Benton+Little+Rock+AR/@34.5693083,-92.585378,14z",2025-09-18T00:08:34.511Z,
https://www.google.com/maps/place/Saline+Memorial+Home+Health/data=!4m7!3m6!1s0x87cd57aa13801e3f:0xf21e92cb3a157193!8m2!3d34.6172217!4d-92.5119603!16s%2Fg%2F11j4sxjgkk!19sChIJPx6AE6pXzYcRk3EVOsuSHvI,Saline Memorial Home Health,2.7,3,Home health care service,"4000 AR-5 Suite 4, Bryant, AR 72022, United States","JF8Q+V6 Bryant, Arkansas, USA",https://lhcgroup.com/locations/saline-memorial-home-health/,+1 501-943-1160,Open 24 hours,https://streetviewpixels-pa.googleapis.com/v1/thumbnail?panoid=ZqXvzQ0cqQ53BpNeHKVePw&cb_client=search.gws-prod.gps&w=408&h=240&yaw=161.36629&pitch=0&thumbfov=100,true,Open 24 hours,Open 24 hours,Open 24 hours,Open 24 hours,Open 24 hours,Open 24 hours,Open 24 hours,"https://www.google.com/maps/search/Hospice+clinics+in+Bryant+Little+Rock+AR/@34.624568,-92.4995407,14z",2025-09-18T00:08:47.798Z,
https://www.google.com/maps/place/CHI+St.+Vincent+Infirmary/data=!4m7!3m6!1s0x87d2a481bfd8a5c1:0x4d16477e29dfc1c3!8m2!3d34.7502877!4d-92.3393435!16s%2Fg%2F1tdvq89v!19sChIJwaXYv4Gk0ocRw8HfKX5HFk0,CHI St. Vincent Infirmary,4.1,2077,Hospital,"2 St Vincent Cir, Little Rock, AR 72205, United States","QM26+47 Little Rock, Arkansas, USA",https://www.chistvincent.com/hospitals-locations/chi-st-vincent-infirmary,+1 501-552-3000,,https://lh3.googleusercontent.com/gps-cs-s/AC9h4noArMjA5XONnQHkq7cMIuXZLqaX6bcWc9KqFXjvTIyVEoWiPvp7j8tACOiAEy763oiF02npEcCNq9Kg_Kw_qypVSspYbK5z2nxGC4s9pkvMWtuzCN8nIathUwFVeC58zyMpqXK20w=w408-h544-k-no,true,Open 24 hours,Open 24 hours,Open 24 hours,Open 24 hours,Open 24 hours,Open 24 hours,Open 24 hours,"https://www.google.com/maps/search/Hospice+clinics+in+Heights+Little+Rock+AR/@34.7766427,-92.3344892,14z",2025-09-18T00:09:17.286Z,LGBTQ+ friendly
https://www.google.com/maps/place/CenterWell+Home+Health/data=!4m7!3m6!1s0x87d2a6b387a77231:0x33557b0cbef17ee0!8m2!3d34.7474042!4d-92.3960243!16s%2Fg%2F11b6bqzbq3!19sChIJMXKnh7Om0ocR4H7xvgx7VTM,CenterWell Home Health,4.4,59,Home health care service,"10825 Financial Centre Pkwy #210, Little Rock, AR 72211, United States","PJW3+XH Little Rock, Arkansas, USA",https://www.centerwellhomehealth.com/about-us/find-care-near-you/centerwell-home-health-little-rock/?utm_source=Organic&utm_medium=GBP,+1 501-223-8310,Closed ⋅ Opens 8 am Thu,https://lh3.googleusercontent.com/p/AF1QipOOY1e9WvehXLd_GStnlft2BQgDHBjb9ueFE8bH=w408-h272-k-no,true,8 am–5 pm,8 am–5 pm,8 am–5 pm,Closed,Closed,8 am–5 pm,8 am–5 pm,"https://www.google.com/maps/search/Hospice+clinics+in+Heights+Little+Rock+AR/@34.7766427,-92.3344892,14z",2025-09-18T00:09:22.403Z,LGBTQ+ friendly
https://www.google.com/maps/place/Right+at+Home/data=!4m7!3m6!1s0x87d2a1a4361f16f7:0x34f9e2bbfaec9c3f!8m2!3d34.772583!4d-92.397061!16s%2Fg%2F11fjsw2x2s!19sChIJ9xYfNqSh0ocRP5zs-rvi-TQ,Right at Home,4.4,38,Home health care service,"2024 Arkansas Valley Dr #701, Little Rock, AR 72212, United States","QJF3+25 Little Rock, Arkansas, USA",https://www.rightathome.net/little-rock-metro/?utm_source=google&utm_medium=local&utm_campaign=localmaps&utm_content=1607,+1 501-673-3166,Open 24 hours,https://lh3.googleusercontent.com/p/AF1QipNFUqdGa5lm5M4fTDvCkRF-MNz1GBoK60BJICSx=w408-h408-k-no,true,Open 24 hours,Open 24 hours,Open 24 hours,Open 24 hours,Open 24 hours,Open 24 hours,Open 24 hours,"https://www.google.com/maps/search/Hospice+clinics+in+Heights+Little+Rock+AR/@34.7766427,-92.3344892,14z",2025-09-18T00:09:27.425Z,
https://www.google.com/maps/place/The+Blossoms+at+Woodland+Hills+Rehab+%26+Nursing+Center/data=!4m7!3m6!1s0x87d2a40c47cea5f1:0xcf4bf93c44b809c7!8m2!3d34.7435727!4d-92.3650499!16s%2Fg%2F1tfqgbf7!19sChIJ8aXORwyk0ocRxwm4RDz5S88,The Blossoms at Woodland Hills Rehab & Nursing Center,3.3,26,Nursing home,"8701 Riley Drive, Little Rock, AR 72205, United States","PJVM+CX Little Rock, Arkansas, USA",http://blossomsrnc.com/,+1 501-224-2700,Open 24 hours,https://lh3.googleusercontent.com/p/AF1QipO3DuGFndNbwqv7oKrKJoyYJoA2ie-zsN0U4umh=w408-h271-k-no,true,Open 24 hours,Open 24 hours,Open 24 hours,Open 24 hours,Open 24 hours,Open 24 hours,Open 24 hours,"https://www.google.com/maps/search/Hospice+clinics+in+Heights+Little+Rock+AR/@34.7766427,-92.3344892,14z",2025-09-18T00:09:32.422Z,
https://www.google.com/maps/place/Addus+HomeCare/data=!4m7!3m6!1s0x87d2a7c277d50bf1:0xa9e1c5d31d3a0688!8m2!3d34.7492366!4d-92.3948047!16s%2Fg%2F11vbf5g2lc!19sChIJ8QvVd8Kn0ocRiAY6HdPF4ak,Addus HomeCare,4.6,31,Home health care service,"10800 Financial Centre Pkwy Suites 325, 330, 385, 390, Little Rock, AR 72211, United States","PJX4+M3 Little Rock, Arkansas, USA",https://addus.com/?y_source=1_MTA4OTE5MDQxMi03MTUtbG9jYXRpb24ud2Vic2l0ZQ%3D%3D,+1 501-508-8158,Closed ⋅ Opens 8 am Thu,https://streetviewpixels-pa.googleapis.com/v1/thumbnail?panoid=W1RwjfCNnfhBfzrUWH5gnA&cb_client=search.gws-prod.gps&w=408&h=240&yaw=359.95563&pitch=0&thumbfov=100,true,8 am–5 pm,8 am–5 pm,8 am–5 pm,Closed,Closed,8 am–5 pm,8 am–5 pm,"https://www.google.com/maps/search/Hospice+clinics+in+Heights+Little+Rock+AR/@34.7766427,-92.3344892,14z",2025-09-18T00:09:37.468Z,
https://www.google.com/maps/place/Arkansas+Hospice+Foundation/data=!4m7!3m6!1s0x87d2be7fb16f024d:0xf199d141efb8fcb3!8m2!3d34.7999242!4d-92.2214063!16s%2Fg%2F1ts1n50t!19sChIJTQJvsX--0ocRs_y470HRmfE,Arkansas Hospice Foundation,3.8,4,Non-profit organization,"14 Parkstone Cir, North Little Rock, AR 72116, United States","QQXH+XC North Little Rock, Arkansas, USA",https://www.arkansashospice.org/foundation,+1 877-713-2348,Closed ⋅ Opens 8 am Thu,https://lh3.googleusercontent.com/p/AF1QipN7RLXh45GgfZYwl4PBkVTvIddcGmz5PyPQSNG8=w426-h240-k-no,true,8 am–5 pm,8 am–5 pm,8 am–5 pm,Closed,Closed,8 am–5 pm,8 am–5 pm,"https://www.google.com/maps/search/Hospice+clinics+in+Heights+Little+Rock+AR/@34.7766427,-92.3344892,14z",2025-09-18T00:09:42.381Z,
https://www.google.com/maps/place/Hospice+Home+Care+Inc+of+Conway/data=!4m7!3m6!1s0x87d2822cbedd4481:0x2c2c9cf3a779fe22!8m2!3d35.0961303!4d-92.4217873!16s%2Fg%2F1trxkthf!19sChIJgUTdviyC0ocRIv55p_OcLCw,Hospice Home Care Inc of Conway,5.0,3,Hospice,"821 N Creek Dr A, Conway, AR 72032, United States","3HWH+F7 Conway, Arkansas, USA",http://hospicehomecare.com/,+1 501-336-9172,Open 24 hours,https://lh3.googleusercontent.com/p/AF1QipOzi5I2IWF4FF2QwlcIlXoZh_062n6y0FjJ8bTE=w426-h240-k-no,true,Open 24 hours,Open 24 hours,Open 24 hours,Open 24 hours,Open 24 hours,Open 24 hours,Open 24 hours,"https://www.google.com/maps/search/Hospice+clinics+in+Conway+Little+Rock+AR/@34.7269418,-92.3344892,14z",2025-09-18T00:10:02.529Z,
https://www.google.com/maps/place/Arkansas+Hospice+Conway/data=!4m7!3m6!1s0x87d28222c6add0cd:0xc627923605db3128!8m2!3d35.086571!4d-92.4379711!16s%2Fg%2F1tggbhvj!19sChIJzdCtxiKC0ocRKDHbBTaSJ8Y,Arkansas Hospice Conway,5.0,5,Hospice,"1105 Deer St # 10, Conway, AR 72032, United States","3HP6+JR Conway, Arkansas, USA",http://www.arkansashospice.org/,+1 501-328-5400,Open 24 hours,https://lh3.googleusercontent.com/gps-cs-s/AC9h4nq9Avpq6KfogJnpLMiSfPMn392hY_eOianMxZ5v_7UbJ2h6qHOItOEqn1ziUGoaySajKz-OKW5QK_gGkB0VhmYugUSERYSi5TeN8TE1MajvuKcHuMG2dRyuLOo7ZCPCB7fKtZ298Q=w408-h544-k-no,true,Open 24 hours,Open 24 hours,Open 24 hours,Open 24 hours,Open 24 hours,Open 24 hours,Open 24 hours,"https://www.google.com/maps/search/Hospice+clinics+in+Conway+Little+Rock+AR/@34.7269418,-92.3344892,14z",2025-09-18T00:10:07.418Z,
https://www.google.com/maps/place/Gentiva+Hospice/data=!4m7!3m6!1s0x87d2823b3ef136a9:0x966fe12b9c5d291b!8m2!3d35.0906376!4d-92.4342674!16s%2Fg%2F11bxf38w3_!19sChIJqTbxPjuC0ocRGyldnCvhb5Y,Gentiva Hospice,4.6,29,Hospice,"770 Factory St #1, Conway, AR 72032, United States","3HR8+77 Conway, Arkansas, USA",https://www.gentivahs.com/,+1 501-764-1626,Open 24 hours,https://lh3.googleusercontent.com/p/AF1QipNrMktWZ4NByswkNqaRJI36FkgbtK6ScDk5X505=w426-h240-k-no,true,Open 24 hours,Open 24 hours,Open 24 hours,Open 24 hours,Open 24 hours,Open 24 hours,Open 24 hours,"https://www.google.com/maps/search/Hospice+clinics+in+Conway+Little+Rock+AR/@34.7269418,-92.3344892,14z",2025-09-18T00:10:12.486Z,
https://www.google.com/maps/place/Odyssey+Hospice/data=!4m7!3m6!1s0x87d28222ce5f0b99:0xcad503882cdef22b!8m2!3d35.0920401!4d-92.4389262!16s%2Fg%2F1wtbvf1r!19sChIJmQtfziKC0ocRK_LeLIgD1co,Odyssey Hospice,,,Hospice,"1004 Van Ronkle St, Conway, AR 72032, United States","3HR6+RC Conway, Arkansas, USA",,+1 501-764-1626,,https://streetviewpixels-pa.googleapis.com/v1/thumbnail?panoid=RGHxXzeRsiuiIjrYLOiFOw&cb_client=search.gws-prod.gps&w=408&h=240&yaw=19.228254&pitch=0&thumbfov=100,false,,,,,,,,"https://www.google.com/maps/search/Hospice+clinics+in+Conway+Little+Rock+AR/@34.7269418,-92.3344892,14z",2025-09-18T00:10:24.898Z,
"https://www.google.com/maps/place/The+Springs+of+John+Barrow+Health+%26+Rehabilitation/@34.7311045,-92.3738944,17z/data=!3m1!4b1!4m6!3m5!1s0x87d2a5e4fa1812b3:0xe376cfa5118bdb6c!8m2!3d34.7311045!4d-92.3738944!16s%2Fg%2F11q8wd8mrv",The Springs of John Barrow Health & Rehabilitation,3.8,44,Nursing home,"2600 John Barrow Rd, Little Rock, AR 72204, United States","PJJG+CC Little Rock, Arkansas, USA",http://thespringsbarrow.com/,+1 501-224-4173,Open 24 hours,,true,Open 24 hours,Open 24 hours,Open 24 hours,Open 24 hours,Open 24 hours,Open 24 hours,Open 24 hours,"https://www.google.com/maps/search/Hospice+clinics+in+Conway+Little+Rock+AR/@34.7269418,-92.3344892,14z",2025-09-18T00:10:38.571Z,
https://www.google.com/maps/place/Elite+Home+Health+of+Little+Rock/data=!4m7!3m6!1s0x87d2a16aaa4509df:0x5f30768b1613c7a5!8m2!3d34.7475127!4d-92.3949132!16s%2Fg%2F11byp65vxh!19sChIJ3wlFqmqh0ocRpccTFot2MF8,Elite Home Health of Little Rock,3.0,14,Home health care service,"650 S Shackleford Rd Suite 303, Little Rock, AR 72211, United States","PJX4+22 Little Rock, Arkansas, USA",https://lhcgroup.com/locations/elite-home-health-of-little-rock/?utm_source=GMB&utm_campaign=Google_Local_Listing&utm_medium=referral&utm_content=Elite_Home_Health_of_Little_Rock_Little_Rock_AR_72211,+1 501-223-3333,Open 24 hours,https://streetviewpixels-pa.googleapis.com/v1/thumbnail?panoid=mTF3AkjskhnNR2p_Br_bMQ&cb_client=search.gws-prod.gps&w=408&h=240&yaw=137.09595&pitch=0&thumbfov=100,true,Open 24 hours,Open 24 hours,Open 24 hours,Open 24 hours,Open 24 hours,Open 24 hours,Open 24 hours,"https://www.google.com/maps/search/Hospice+clinics+in+Conway+Little+Rock+AR/@34.7269418,-92.3344892,14z",2025-09-18T00:10:43.688Z,
https://www.google.com/maps/place/Cornerstone+Specialty+Hospitals+Little+Rock/data=!4m7!3m6!1s0x87d2eae9daa07e01:0xf844ce551e9654c8!8m2!3d34.749804!4d-92.3395969!16s%2Fg%2F11b5s2fb5f!19sChIJAX6g2unq0ocRyFSWHlXORPg,Cornerstone Specialty Hospitals Little Rock,4.0,143,Hospital,"2 St Vincent Cir 6th Floor, Little Rock, AR 72205, United States","PMX6+W5 Little Rock, Arkansas, USA",https://cornerstonehospitals.com/locations/arkansas/little-rock,+1 501-265-0600,Open 24 hours,https://lh3.googleusercontent.com/p/AF1QipOiIeLz3CcIyRjp9TAwtfPNiejXR1p9zn3anHce=w408-h385-k-no,true,Open 24 hours,Open 24 hours,Open 24 hours,Open 24 hours,Open 24 hours,Open 24 hours,Open 24 hours,"https://www.google.com/maps/search/Hospice+clinics+in+Conway+Little+Rock+AR/@34.7269418,-92.3344892,14z",2025-09-18T00:10:48.917Z,
https://www.google.com/maps/place/Faulkner+County+Health+Unit/data=!4m7!3m6!1s0x87d283d2fb0d7e85:0x910bd26dde2075bc!8m2!3d35.0961006!4d-92.4238274!16s%2Fg%2F1tf6sb66!19sChIJhX4N-9KD0ocRvHUg3m3SC5E,Faulkner County Health Unit,2.7,3,Hospice,"811 N Creek Dr, Conway, AR 72032, United States","3HWG+CF Conway, Arkansas, USA",,+1 501-450-4959,,https://lh3.googleusercontent.com/gps-cs-s/AC9h4nrTAybqV0TNcN2tvsaFxyXB9vKyE_dqV5MqFHlbx5B1AqzPXhlYpbmQCi7OlRaGdxUNJHzsENyweFZ7IBaioKpSGkZkxT66M2dyyIQJfYi2Xt2Xnk4rpW98C-aMXDC5N16JjFA--A=w408-h306-k-no,false,,,,,,,,"https://www.google.com/maps/search/Hospice+clinics+in+Conway+Little+Rock+AR/@34.7269418,-92.3344892,14z",2025-09-18T00:10:51.700Z,
https://www.google.com/maps/place/Barrow+Creek+Health+%26+Rehab/data=!4m7!3m6!1s0x87d2a418576bfef9:0xa8964d339cb1ac4e!8m2!3d34.7310863!4d-92.3737587!16s%2Fg%2F11f_p2nw2s!19sChIJ-f5rVxik0ocRTqyxnDNNlqg,Barrow Creek Health & Rehab,3.8,17,Rehabilitation center,"2600 John Barrow Rd, Little Rock, AR 72204, United States","PJJG+CF Little Rock, Arkansas, USA",https://humanservices.arkansas.gov/facilities/barrow-creek-health-and-rehab/,+1 501-224-4173,Open 24 hours,https://lh3.googleusercontent.com/gps-cs-s/AC9h4nr_Ut-vTFXClnO82pQDa7H6mm6TsWwIQ5awJrhglyBM4T9GqY32QZWsQTbnbhUnQInQjG3XVWX2630at8f52BkUuikQMKIWSZ6LAmbUMCoe72VPg0YxkX-QqzA9mPu3sS0mlmU8=w1046-h240-k-no,false,Open 24 hours,Open 24 hours,Open 24 hours,Open 24 hours,Open 24 hours,Open 24 hours,Open 24 hours,"https://www.google.com/maps/search/Hospice+clinics+in+John+Barrow+Little+Rock+AR/@34.7209576,-92.3819068,14z",2025-09-18T00:11:27.437Z,
https://www.google.com/maps/place/The+Springs+of+Chenal+Health+%26+Rehabilitation/data=!4m7!3m6!1s0x87d2a755fa083d85:0x509c0197c0ed85e8!8m2!3d34.7278497!4d-92.408294!16s%2Fg%2F11rsf8gtlf!19sChIJhT0I-lWn0ocR6IXtwJcBnFA,The Springs of Chenal Health & Rehabilitation,3.9,80,Nursing home,"3115 S Bowman Rd, Little Rock, AR 72211, United States","PHHR+4M Little Rock, Arkansas, USA",http://thespringschenal.com/,+1 501-228-4848,Open 24 hours,https://lh3.googleusercontent.com/p/AF1QipPNEcFM8GJk3WLU_qAU4xfnNqguEafilQitW_rZ=w408-h289-k-no,true,Open 24 hours,Open 24 hours,Open 24 hours,Open 24 hours,Open 24 hours,Open 24 hours,Open 24 hours,"https://www.google.com/maps/search/Hospice+clinics+in+John+Barrow+Little+Rock+AR/@34.7209576,-92.3819068,14z",2025-09-18T00:11:39.274Z,
https://www.google.com/maps/place/Baptist+Health+Center+for+Clinical+Research/data=!4m7!3m6!1s0x87d2a6aa026731d3:0xcea9f11a06f75fc9!8m2!3d34.7453286!4d-92.3816214!16s%2Fg%2F11yb37zbl!19sChIJ0zFnAqqm0ocRyV_3Bhrxqc4,Baptist Health Center for Clinical Research,4.4,8,Research institute,"9601 Baptist Health Dr # 310, Little Rock, AR 72205, United States","PJW9+49 Little Rock, Arkansas, USA",https://www.baptist-health.com/location/baptist-health-center-for-clinical-research/,+1 501-224-1348,Closed ⋅ Opens 8 am Thu,https://streetviewpixels-pa.googleapis.com/v1/thumbnail?panoid=2-fDXOnXE1-nXGm-KjSG_A&cb_client=search.gws-prod.gps&w=408&h=240&yaw=93.45622&pitch=0&thumbfov=100,true,8 am–5 pm,8 am–5 pm,8 am–5 pm,Closed,Closed,8 am–5 pm,8 am–5 pm,"https://www.google.com/maps/search/Hospice+clinics+in+John+Barrow+Little+Rock+AR/@34.7209576,-92.3819068,14z",2025-09-18T00:11:44.106Z,
https://www.google.com/maps/place/Baptist+Health+Home+Health+Network/data=!4m7!3m6!1s0x87d2a6cbcceb4a7f:0x14e53517fbaffcf6!8m2!3d34.713091!4d-92.4069329!16s%2Fg%2F113hs0k5h!19sChIJf0rrzMum0ocR9vyv-xc15RQ,Baptist Health Home Health Network,,,Home health care service,"11900 Colonel Glenn Rd #2000, Little Rock, AR 72210, United States","PH7V+66 Little Rock, Arkansas, USA",https://www.baptist-health.com/,+1 501-202-7882,Closed ⋅ Opens 8 am Thu,https://lh3.googleusercontent.com/gps-cs-s/AC9h4nqBExBcXJ4sBKDt1g6KEQyYu0W6HnZHYe7oPYJ-XpZ8AZwK2xZ9rF1NjrOKJcjm7PLqSmEyn4OVPtlhFhoTEJ4PIAQOK6_1Osf6TtnYoAbDGMPsN__5toIooa7gVEI7XwoE6Rw=w408-h544-k-no,true,8 am–5 pm,8 am–5 pm,8 am–5 pm,Closed,Closed,8 am–5 pm,8 am–5 pm,"https://www.google.com/maps/search/Hospice+clinics+in+John+Barrow+Little+Rock+AR/@34.7209576,-92.3819068,14z",2025-09-18T00:11:48.894Z,
https://www.google.com/maps/place/Arkansas+Heart+Hospital/data=!4m7!3m6!1s0x87d2a6ba85de7d03:0xdabe86ba6e34be46!8m2!3d34.7390675!4d-92.3933061!16s%2Fg%2F1td2z_ft!19sChIJA33ehbqm0ocRRr40brqGvto,Arkansas Heart Hospital,3.6,185,Heart hospital,"1701 S Shackleford Rd, Little Rock, AR 72211, United States","PJQ4+JM Little Rock, Arkansas, USA",http://www.arheart.com/,+1 501-219-7000,Open 24 hours,https://lh3.googleusercontent.com/p/AF1QipMQurFvOponcYQ17GcXgrhJXO03NceiULbBEJ1E=w408-h271-k-no,true,Open 24 hours,Open 24 hours,Open 24 hours,Open 24 hours,Open 24 hours,Open 24 hours,Open 24 hours,"https://www.google.com/maps/search/Hospice+clinics+in+John+Barrow+Little+Rock+AR/@34.7209576,-92.3819068,14z",2025-09-18T00:11:54.177Z,
https://www.google.com/maps/place/Baptist+Health+Urgent+Care+-+Maumelle/data=!4m7!3m6!1s0x87d29f68f0d5c2ed:0x3b8f8581d8ce5b6d!8m2!3d34.8517134!4d-92.4038721!16s%2Fg%2F11b6gd4zg0!19sChIJ7cLV8Gif0ocRbVvO2IGFjzs,Baptist Health Urgent Care - Maumelle,4.8,1451,Urgent care center,"123 Audubon Dr #600, Maumelle, AR 72113, United States","VH2W+MF Maumelle, Arkansas, USA",https://www.urgentteam.com/locations/baptist-health-urgent-care-maumelle-ar/,+1 501-803-9481,Closes soon ⋅ 8 pm ⋅ Opens 8 am Thu,https://lh3.googleusercontent.com/p/AF1QipPTMUXONcEuhqcFBnNgqIZ5h4HJeymqg2j2oVwN=w426-h240-k-no,true,8 am–8 pm,8 am–8 pm,8 am–8 pm,8 am–4 pm,1–6 pm,8 am–8 pm,8 am–8 pm,"https://www.google.com/maps/search/Hospice+clinics+in+Maumelle+Little+Rock+AR/@34.8700046,-92.3977509,14z",2025-09-18T00:12:08.454Z,
https://www.google.com/maps/place/Concierge+RN+Services/data=!4m7!3m6!1s0x4a0c5163a0bc6e67:0xe27a733c3ef901a5!8m2!3d34.8842348!4d-92.3942114!16s%2Fg%2F11rtz0yqdx!19sChIJZ268oGNRDEoRpQH5PjxzeuI,Concierge RN Services,5.0,46,Home health care service,"14217 Corvallis Rd Suite E, Maumelle, AR 72113, United States","VJM4+M8 Maumelle, Arkansas, USA",http://www.mobileconciergern.com/,+1 501-271-8187,,https://lh3.googleusercontent.com/p/AF1QipNINMJmeLdOUSNlF9HkaV1iTHXeolW8Rw027QmY=w408-h544-k-no,true,,,,,,,,"https://www.google.com/maps/search/Hospice+clinics+in+Maumelle+Little+Rock+AR/@34.8700046,-92.3977509,14z",2025-09-18T00:12:11.337Z,Identifies as women-owned
"https://www.google.com/maps/place/HealthCARE+Express+Urgent+Care+-+Maumelle,+AR/data=!4m7!3m6!1s0x87d2a1f00e50ce37:0xf1fb9b3efef9fa64!8m2!3d34.8279516!4d-92.3902718!16s%2Fg%2F11b7rxfk0f!19sChIJN85QDvCh0ocRZPr5_j6b-_E","HealthCARE Express Urgent Care - Maumelle, AR",4.7,889,Urgent care center,"11819 Maumelle Blvd, North Little Rock, AR 72113, United States","RJH5+5V North Little Rock, Arkansas, USA",https://www.gohce.com/locations/arkansas/maumelle/maumelle/,+1 501-771-9355,Closes soon ⋅ 8 pm ⋅ Opens 8 am Thu,https://lh3.googleusercontent.com/p/AF1QipN0JoOdw7GNJTECQqmnb5DCVvY_vFsC8YIBzSyD=w408-h306-k-no,true,8 am–8 pm,8 am–8 pm,8 am–8 pm,8 am–4 pm,Closed,8 am–8 pm,8 am–8 pm,"https://www.google.com/maps/search/Hospice+clinics+in+Maumelle+Little+Rock+AR/@34.8700046,-92.3977509,14z",2025-09-18T00:12:16.769Z,Identifies as veteran-owned
https://www.google.com/maps/place/CHI+St.+Vincent+Primary+Care+-+Maumelle/data=!4m7!3m6!1s0x87d29f6919f95541:0x54a69f6dac2d40ca!8m2!3d34.8533224!4d-92.4043714!16s%2Fg%2F1tfctrsb!19sChIJQVX5GWmf0ocRykAtrG2fplQ,CHI St. Vincent Primary Care - Maumelle,4.5,15,Medical clinic,"1900 Club Manor Dr #105, Maumelle, AR 72113, United States","VH3W+87 Maumelle, Arkansas, USA",https://www.chistvincent.com/hospitals-locations/clinics/chi-st.-vincent-primary-care---maumelle,+1 501-851-8100,Closed ⋅ Opens 8 am Thu,https://lh3.googleusercontent.com/p/AF1QipNiVc6rL2s_BFMVc1mn6alHlHr3wnpiknNs54yu=w408-h306-k-no,true,"8 am–12 pm, 1–5 pm","8 am–12 pm, 1–5 pm",8 am–1 pm,Closed,Closed,"8 am–12 pm, 1–5 pm","8 am–12 pm, 1–5 pm","https://www.google.com/maps/search/Hospice+clinics+in+Maumelle+Little+Rock+AR/@34.8700046,-92.3977509,14z",2025-09-18T00:12:21.774Z,
https://www.google.com/maps/place/Maumelle+Family+Clinic/data=!4m7!3m6!1s0x87d29f7194eb5835:0xe8a375eb0a1a60e6!8m2!3d34.8527844!4d-92.4058412!16s%2Fg%2F11vyr7872_!19sChIJNVjrlHGf0ocR5mAaCut1o-g,Maumelle Family Clinic,5.0,139,Nurse practitioner,"2001 Club Manor Dr S, Maumelle, AR 72113, United States","VH3V+4M Maumelle, Arkansas, USA",http://maumellefamilyclinic.com/,+1 501-734-8085,Closed ⋅ Opens 9 am Thu,https://lh3.googleusercontent.com/p/AF1QipNn4-ifm097ocgzufAFx4ikwyifZh1KFQN2ZtBo=w408-h306-k-no,true,9 am–5 pm,9 am–5 pm,9 am–12 pm,Closed,Closed,9 am–5 pm,9 am–5 pm,"https://www.google.com/maps/search/Hospice+clinics+in+Maumelle+Little+Rock+AR/@34.8700046,-92.3977509,14z",2025-09-18T00:12:26.666Z,Identifies as women-owned
https://www.google.com/maps/place/The+Lakes+at+Maumelle+Health+and+Rehab/data=!4m7!3m6!1s0x87d29f246815c7f1:0x4cb1d571e7c9f601!8m2!3d34.8756065!4d-92.3949009!16s%2Fg%2F11f3zvg2hd!19sChIJ8ccVaCSf0ocRAfbJ53HVsUw,The Lakes at Maumelle Health and Rehab,3.2,33,Nursing home,"103 Alexandria Dr, Maumelle, AR 72113, United States","VJG4+62 Maumelle, Arkansas, USA",https://thelakesatmaumelle.com/,+1 501-734-1400,Open 24 hours,https://lh3.googleusercontent.com/p/AF1QipM94k_FPu0ZjacU2ln5TT2H8gabq4ZY5dEKqghE=w408-h272-k-no,true,Open 24 hours,Open 24 hours,Open 24 hours,Open 24 hours,Open 24 hours,Open 24 hours,Open 24 hours,"https://www.google.com/maps/search/Hospice+clinics+in+Maumelle+Little+Rock+AR/@34.8700046,-92.3977509,14z",2025-09-18T00:12:31.601Z,
https://www.google.com/maps/place/Arkansas+Longevity+Center/data=!4m7!3m6!1s0x87d2a481cadbb509:0x8c81383efd07ebee!8m2!3d34.775137!4d-92.3665016!16s%2Fg%2F11d_yvf1db!19sChIJCbXbyoGk0ocR7usH_T44gYw,Arkansas Longevity Center,4.9,29,Medical clinic,"2300 Andover Ct # 400, Little Rock, AR 72227, United States","QJGM+39 Little Rock, Arkansas, USA",https://www.arkansaslongevitycenter.com/,+1 501-904-5159,Closed ⋅ Opens 8 am Thu,https://lh3.googleusercontent.com/p/AF1QipMvp4SYLbaZq1Rij6R6quuUcFas-34BuznQxTTf=w408-h544-k-no,true,8 am–4:30 pm,8 am–4:30 pm,8 am–4:30 pm,Closed,Closed,8 am–4:30 pm,8 am–4:30 pm,"https://www.google.com/maps/search/Hospice+clinics+in+Walnut+Valley+Little+Rock+AR/@34.7630025,-92.3974086,14z",2025-09-18T00:13:05.228Z,LGBTQ+ friendly
"https://www.google.com/maps/place/Melissa+Pruitt,+MD/data=!4m7!3m6!1s0x87d2bfd34f97440f:0x98ce34819c5c555c!8m2!3d34.7847033!4d-92.220117!16s%2Fg%2F11y1tk87qx!19sChIJD0SXT9O_0ocRXFVcnIE0zpg","Melissa Pruitt, MD",5.0,5,Family practice physician,"3401 Springhill Dr #490, North Little Rock, AR 72117, United States","QQMH+VX North Little Rock, Arkansas, USA",https://www.baptist-health.com/doctor/melissa-pruitt-md/,+1 501-202-3000,,https://lh3.googleusercontent.com/p/AF1QipPvHExdNvUH0HnKV6Ei-knkmribr1eMoqz8RK3v=w426-h240-k-no,true,,,,,,,,"https://www.google.com/maps/search/Hospice+clinics+in+North+Little+Rock+Little+Rock+AR/@34.756104,-92.2677497,14z",2025-09-18T00:13:23.774Z,
"https://www.google.com/maps/place/Hospice+Foundation+of+Arkansas/@34.7780789,-92.297202,17z/data=!3m1!4b1!4m6!3m5!1s0x87d2bcb892cbeaf7:0x7e79b47024016c7b!8m2!3d34.7780789!4d-92.297202!16s%2Fg%2F1tfrsg7q",Hospice Foundation of Arkansas,5.0,1,Hospice,"2200 Fort Roots Dr, North Little Rock, AR 72114, United States","QPH3+64 North Little Rock, Arkansas, USA",,+1 501-257-3400,Open 24 hours,,false,Open 24 hours,Open 24 hours,Open 24 hours,Open 24 hours,Closed,Open 24 hours,Open 24 hours,"https://www.google.com/maps/search/Hospice+clinics+in+North+Little+Rock+Little+Rock+AR/@34.756104,-92.2677497,14z",2025-09-18T00:13:35.502Z,