placeUrl,title,rating,reviewCount,category,address,plusCode,website,phoneNumber,currentStatus,info,imgUrl,isClaimed,wednesday,thursday,friday,saturday,sunday,monday,tuesday,query,timestamp,error
https://www.google.com/maps/place/Home+Instead/data=!4m7!3m6!1s0x8816cdf03ab4c139:0x9d27afff24b95759!8m2!3d41.688179!4d-86.187358!16s%2Fg%2F1hc0x8zrc!19sChIJOcG0OvDNFogRWVe5JP-vJ50,Home Instead,4.8,152,Home health care service,"3025 Grape Rd, Mishawaka, IN 46545, United States","MRQ7+73 Mishawaka, Indiana, USA",https://www.homeinstead.com/home-care/usa/in/south-bend/343/?utm_source=google&utm_medium=organic&utm_campaign=google_organic_businesslisting_y,+1 574-406-9206,"Open 24 hours

Confirmed by this business 6 weeks ago",LGBTQ+ friendly,https://lh3.googleusercontent.com/p/AF1QipMsHM02LFOrjMURstijyhL0GUZvYO3j930I0S5A=w408-h544-k-no,true,Open 24 hours,Open 24 hours,Open 24 hours,Open 24 hours,Open 24 hours,Open 24 hours,Open 24 hours,"https://www.google.com/maps/search/Hospice+clinics+in+South+Bend+South+Bend+IN/@41.6763545,-86.2519898,14z",2025-09-17T23:55:25.925Z,
https://www.google.com/maps/place/Ascent+Hospice/data=!4m7!3m6!1s0x8816cdcad7b697f5:0x9ea95c07cdd3285c!8m2!3d41.6942089!4d-86.21896!16s%2Fg%2F11sz2x929t!19sChIJ9Ze218rNFogRXCjTzQdcqZ4,Ascent Hospice,5.0,3,Hospice,"1930 Edison Rd, South Bend, IN 46617, United States","MQVJ+MC South Bend, Indiana, USA",http://ascenthospice.com/,+1 574-213-2727,Open 24 hours,,https://lh3.googleusercontent.com/gps-cs-s/AC9h4nqPMQ9LPT8fPl88MQzgDRVQhxpSUfb10GEJfhKqgNFh3p1Ii_H7g-gIGHIcJckO6RqJSyKQF86ZI4AjonLR2I10TxqgW8c6fe-TsQnoxfLHEeRQ78TgUfKoA7Pwg-JUGDYwJnmcGw=w408-h544-k-no,true,Open 24 hours,Open 24 hours,Open 24 hours,Open 24 hours,Open 24 hours,Open 24 hours,Open 24 hours,"https://www.google.com/maps/search/Hospice+clinics+in+South+Bend+South+Bend+IN/@41.6763545,-86.2519898,14z",2025-09-17T23:55:30.686Z,
"https://www.google.com/maps/place/Comfort+1+Hospice,+LLC/data=!4m7!3m6!1s0x8816d2b6ac8fffff:0x66a3d7e1f1c7f174!8m2!3d41.7147203!4d-86.2510678!16s%2Fg%2F11h3vbsp1t!19sChIJ__-PrLbSFogRdPHH8eHXo2Y","Comfort 1 Hospice, LLC",5.0,2,Hospice,"129 S Dixie Way, South Bend, IN 46637, United States","PP7X+VH South Bend, Indiana, USA",http://comfort1hospice.com/,+1 574-387-4117,Open 24 hours,,https://streetviewpixels-pa.googleapis.com/v1/thumbnail?panoid=PgMQYyHPlDCtw6MSbT3PCg&cb_client=search.gws-prod.gps&w=408&h=240&yaw=264.74734&pitch=0&thumbfov=100,true,Open 24 hours,Open 24 hours,Open 24 hours,Open 24 hours,Open 24 hours,Open 24 hours,Open 24 hours,"https://www.google.com/maps/search/Hospice+clinics+in+South+Bend+South+Bend+IN/@41.6763545,-86.2519898,14z",2025-09-17T23:55:34.987Z,
https://www.google.com/maps/place/HarmonyCares+Hospice/data=!4m7!3m6!1s0x88112d98d0e3d63d:0xd4cc4ae1d57bc615!8m2!3d41.7360892!4d-86.3306271!16s%2Fg%2F11kb9mk163!19sChIJPdbj0JgtEYgRFcZ71eFKzNQ,HarmonyCares Hospice,5.0,3,Hospice,"5838 Brick Rd #101, South Bend, IN 46628, United States","PMP9+CP South Bend, Indiana, USA",https://harmonycareshospice.com/?utm_source=gmb&utm_medium=organic&utm_campaign=south_bend,+1 574-208-9270,Open 24 hours,,https://streetviewpixels-pa.googleapis.com/v1/thumbnail?panoid=zrvSECFdpca6YmIdLn2UzQ&cb_client=search.gws-prod.gps&w=408&h=240&yaw=61.22847&pitch=0&thumbfov=100,true,Open 24 hours,Open 24 hours,Open 24 hours,Open 24 hours,Open 24 hours,Open 24 hours,Open 24 hours,"https://www.google.com/maps/search/Hospice+clinics+in+South+Bend+South+Bend+IN/@41.6763545,-86.2519898,14z",2025-09-17T23:55:39.789Z,
https://www.google.com/maps/place/Elara+Caring/data=!4m7!3m6!1s0x8816d33fdbb4161d:0x5b8c454fdfc70e37!8m2!3d41.7106!4d-86.2942239!16s%2Fg%2F11f8lzqxxd!19sChIJHRa02z_TFogRNw7H309FjFs,Elara Caring,2.8,12,Hospice,"2515 N Bendix Dr #100, South Bend, IN 46628, United States","PP64+68 South Bend, Indiana, USA",https://elara.com/locations/south-bend-in/,+1 574-501-3136,Open 24 hours,,https://streetviewpixels-pa.googleapis.com/v1/thumbnail?panoid=VIG08Z8EkMrArNgEZvN7oA&cb_client=search.gws-prod.gps&w=408&h=240&yaw=260.98862&pitch=0&thumbfov=100,true,Open 24 hours,Open 24 hours,Open 24 hours,Open 24 hours,Open 24 hours,Open 24 hours,Open 24 hours,"https://www.google.com/maps/search/Hospice+clinics+in+South+Bend+South+Bend+IN/@41.6763545,-86.2519898,14z",2025-09-17T23:55:44.280Z,
https://www.google.com/maps/place/Grace+Hospice/data=!4m7!3m6!1s0x88112dd17041f5c9:0x794e14e26ac2e466!8m2!3d41.7363531!4d-86.330611!16s%2Fg%2F11g6btyh68!19sChIJyfVBcNEtEYgRZuTCauIUTnk,Grace Hospice,4.0,4,Hospice,"5838 W, 5838 Brick Rd #101, South Bend, IN 46628, United States","PMP9+GQ South Bend, Indiana, USA",,+1 574-208-9270,Closed ⋅ Opens 8 am Thu,,https://streetviewpixels-pa.googleapis.com/v1/thumbnail?panoid=zrvSECFdpca6YmIdLn2UzQ&cb_client=search.gws-prod.gps&w=408&h=240&yaw=39.341866&pitch=0&thumbfov=100,true,8 am–5 pm,8 am–5 pm,8 am–5 pm,Closed,Closed,8 am–5 pm,8 am–5 pm,"https://www.google.com/maps/search/Hospice+clinics+in+South+Bend+South+Bend+IN/@41.6763545,-86.2519898,14z",2025-09-17T23:55:48.780Z,
https://www.google.com/maps/place/Luminary+Hospice+-+South+Bend/data=!4m7!3m6!1s0x8816d3777cc56de7:0x238e8c05a264b000!8m2!3d41.7269369!4d-86.1768938!16s%2Fg%2F11yfgvwnxl!19sChIJ523FfHfTFogRALBkogWMjiM,Luminary Hospice - South Bend,,,Hospice,"7321 Heritage Square Dr #2120, Granger, IN 46530, United States","PRGF+Q6 Granger, Indiana, USA",https://www.luminaryhospice.com/,,,,https://streetviewpixels-pa.googleapis.com/v1/thumbnail?panoid=0eRWTnY_pBAOEDf64rchxg&cb_client=search.gws-prod.gps&w=408&h=240&yaw=98.1488&pitch=0&thumbfov=100,true,,,,,,,,"https://www.google.com/maps/search/Hospice+clinics+in+South+Bend+South+Bend+IN/@41.6763545,-86.2519898,14z",2025-09-17T23:55:50.979Z,
"https://www.google.com/maps/place/Nicholas+H.+Kerr,+DO/data=!4m7!3m6!1s0x8816cdc7a1a6858f:0x33d40728b6be8927!8m2!3d41.6836909!4d-86.2519755!16s%2Fg%2F11gwmbf2gq!19sChIJj4WmocfNFogRJ4m-tigH1DM","Nicholas H. Kerr, DO",,,Hospice,"615 N Michigan St, South Bend, IN 46601, United States","MPMX+F6 South Bend, Indiana, USA",https://providers.beaconhealthsystem.org/provider/Nicholas%20Kerr/1501228?y_source=1_OTg1NjQ4Mi03MTUtbG9jYXRpb24ud2Vic2l0ZQ%3D%3D,+1 574-647-1000,Open 24 hours,,https://lh3.googleusercontent.com/p/AF1QipPsX__pWr-VOObwwJf2ysWqlTh-qgKXYaWG5LHI=w408-h510-k-no,true,Open 24 hours,Open 24 hours,Open 24 hours,Open 24 hours,Open 24 hours,Open 24 hours,Open 24 hours,"https://www.google.com/maps/search/Hospice+clinics+in+South+Bend+South+Bend+IN/@41.6763545,-86.2519898,14z",2025-09-17T23:55:55.419Z,
https://www.google.com/maps/place/Interim+Healthcare+of+South+Bend/data=!4m7!3m6!1s0x8816cdf68c5e327d:0xaf19c0c3397a2c2a!8m2!3d41.694307!4d-86.190584!16s%2Fg%2F1tdb9fpl!19sChIJfTJejPbNFogRKix6OcPAGa8,Interim Healthcare of South Bend,3.1,8,Home health care service,"605 W Edison Rd H, Mishawaka, IN 46545, United States","MRV5+PQ Mishawaka, Indiana, USA",https://www.interimhealthcare.com/location/mishawaka-in,+1 574-233-5186,"Open 24 hours

Confirmed by this business 8 weeks ago",,https://lh3.googleusercontent.com/p/AF1QipM2C68zkYhfRAM0i9HU-pz4Hk4c4vnEsMFvNXNs=w426-h240-k-no,true,Open 24 hours,Open 24 hours,Open 24 hours,Open 24 hours,Open 24 hours,Open 24 hours,Open 24 hours,"https://www.google.com/maps/search/Hospice+clinics+in+South+Bend+South+Bend+IN/@41.6763545,-86.2519898,14z",2025-09-17T23:55:59.924Z,
https://www.google.com/maps/place/Beacon+Health+System/data=!4m7!3m6!1s0x8816cd26a262ace9:0x11950a92f8d7c496!8m2!3d41.6842438!4d-86.2520615!16s%2Fg%2F11hy9n85nk!19sChIJ6axioibNFogRlsTX-JIKlRE,Beacon Health System,2.4,42,Local medical services,"615 N Michigan St, South Bend, IN 46601, United States","MPMX+M5 South Bend, Indiana, USA",https://www.beaconhealthsystem.org/?y_source=1_MTE4NDk0MjgtNzE1LWxvY2F0aW9uLndlYnNpdGU%3D,+1 574-647-1000,Open 24 hours,,https://lh3.googleusercontent.com/p/AF1QipOwGxc1oeP5Gj4gcuIIxTOZ3A_rwaPDd_8D6whj=w429-h240-k-no,true,Open 24 hours,Open 24 hours,Open 24 hours,Open 24 hours,Open 24 hours,Open 24 hours,Open 24 hours,"https://www.google.com/maps/search/Hospice+clinics+in+South+Bend+South+Bend+IN/@41.6763545,-86.2519898,14z",2025-09-17T23:56:04.281Z,
https://www.google.com/maps/place/Center+for+Hospice+Care/data=!4m7!3m6!1s0x8816ce789d5ad1c3:0xec8f85d150be3ba3!8m2!3d41.6639212!4d-86.1758813!16s%2Fg%2F1tmkll5k!19sChIJw9FanXjOFogRozu-UNGFj-w,Center for Hospice Care,4.6,77,Hospice,"501 Comfort Pl, Mishawaka, IN 46545, United States","MR7F+HJ Mishawaka, Indiana, USA",https://www.cfhcare.org/,+1 574-243-3100,"Open 24 hours

Confirmed by this business 9 weeks ago",,https://lh3.googleusercontent.com/p/AF1QipNVrcjBpguT05Bl3HSWXl1e5Ae1jJCSO9Nh0ZoF=w426-h240-k-no,true,Open 24 hours,Open 24 hours,Open 24 hours,Open 24 hours,Open 24 hours,Open 24 hours,Open 24 hours,"https://www.google.com/maps/search/Hospice+clinics+in+South+Bend+South+Bend+IN/@41.6763545,-86.2519898,14z",2025-09-17T23:56:08.756Z,
https://www.google.com/maps/place/Heartland+Hospice/data=!4m7!3m6!1s0x8816cdf450cdb7f5:0x1196bb46eb34a747!8m2!3d41.6916669!4d-86.1846323!16s%2Fg%2F1hm4j6bff!19sChIJ9bfNUPTNFogRR6c060a7lhE,Heartland Hospice,4.5,16,Hospice,"230 W Catalpa Dr D, Mishawaka, IN 46545, United States","MRR8+M4 Mishawaka, Indiana, USA",http://heartlandhospice.com/,+1 574-257-7551,Open 24 hours,,https://lh3.googleusercontent.com/p/AF1QipNijrjpZNMyuD8ZQVFrvEKS-IYHP3Bvs09n0-Rr=w426-h240-k-no,true,Open 24 hours,Open 24 hours,Open 24 hours,Open 24 hours,Open 24 hours,Open 24 hours,Open 24 hours,"https://www.google.com/maps/search/Hospice+clinics+in+South+Bend+South+Bend+IN/@41.6763545,-86.2519898,14z",2025-09-17T23:56:13.123Z,
https://www.google.com/maps/place/Memorial+Hospital/data=!4m7!3m6!1s0x8816cd4bef874ac5:0xc925aa6f00819c54!8m2!3d41.68432!4d-86.252133!16s%2Fg%2F1tdywznq!19sChIJxUqH70vNFogRVJyBAG-qJck,Memorial Hospital,2.7,412,Hospital,"615 N Michigan St, South Bend, IN 46601, United States","MPMX+P4 South Bend, Indiana, USA",https://locations.beaconhealthsystem.org/in/south-bend/memorial-hospital?y_source=1_OTg1ODQwMi03MTUtbG9jYXRpb24ud2Vic2l0ZQ%3D%3D,+1 574-647-1000,,,https://lh3.googleusercontent.com/p/AF1QipNsTxMpAhDnagaDS129QNBC35IKPOqBLfaczdbs=w426-h240-k-no,true,Open 24 hours,Open 24 hours,Open 24 hours,Open 24 hours,Open 24 hours,Open 24 hours,Open 24 hours,"https://www.google.com/maps/search/Hospice+clinics+in+Mishawaka+South+Bend+IN/@41.6619927,-86.1586156,14z",2025-09-17T23:56:25.516Z,
https://www.google.com/maps/place/Traditions+Health+Hospice/data=!4m7!3m6!1s0x8816d1fd105d5071:0x7a255bff3be3a84!8m2!3d41.6926221!4d-86.1762723!16s%2Fg%2F1tfg88gs!19sChIJcVBdEP3RFogRhDq-879Vogc,Traditions Health Hospice,4.8,17,Hospice,"3555 Park Pl W #100, Mishawaka, IN 46545, United States","MRVF+2F Mishawaka, Indiana, USA",https://www.traditionshealth.com/locations/mishawaka-in/?utm_source=google&utm_medium=organic&utm_campaign=gbp-listing&utm_content=mishawaka-in,+1 574-254-1041,Open 24 hours,,https://lh3.googleusercontent.com/p/AF1QipN5onK0taIDkp82DNRw7invNrINAJC66Qmq9KN-=w408-h271-k-no,true,Open 24 hours,Open 24 hours,Open 24 hours,Open 24 hours,Open 24 hours,Open 24 hours,Open 24 hours,"https://www.google.com/maps/search/Hospice+clinics+in+Mishawaka+South+Bend+IN/@41.6619927,-86.1586156,14z",2025-09-17T23:56:29.890Z,
https://www.google.com/maps/place/SouthernCare/data=!4m7!3m6!1s0x8816d1e2347c37a9:0x4a85b4153419847e!8m2!3d41.6990285!4d-86.1608931!16s%2Fg%2F11clsgl5sf!19sChIJqTd8NOLRFogRfoQZNBW0hUo,SouthernCare,4.7,23,Hospice,"1626 E Day Rd, Mishawaka, IN 46545, United States","MRXQ+JJ Mishawaka, Indiana, USA",http://southerncarehospice.com/,+1 574-259-0895,Open 24 hours,,https://lh3.googleusercontent.com/p/AF1QipMYLr6DsEBMCrBHOpQwwVgnKZsbTTSjPxCgw95n=w426-h240-k-no,true,Open 24 hours,Open 24 hours,Open 24 hours,Open 24 hours,Open 24 hours,Open 24 hours,Open 24 hours,"https://www.google.com/maps/search/Hospice+clinics+in+Mishawaka+South+Bend+IN/@41.6619927,-86.1586156,14z",2025-09-17T23:56:34.270Z,
"https://www.google.com/maps/place/Caring+Cove+Hospice/@41.6891945,-86.1477653,17z/data=!3m1!4b1!4m6!3m5!1s0x8816cfd666c43c1b:0x563d16bf26c50db2!8m2!3d41.6891945!4d-86.1477653!16s%2Fg%2F11p_81g73h",Caring Cove Hospice,4.4,13,Hospice,"3120 N Home St, Mishawaka, IN 46545, United States","MVQ2+MV Mishawaka, Indiana, USA",http://www.caringcovehospice.com/,+1 574-855-3017,Closed ⋅ Opens 9 am Thu,,,true,9 am–5 pm,9 am–5 pm,9 am–5 pm,Closed,Closed,9 am–5 pm,9 am–5 pm,"https://www.google.com/maps/search/Hospice+clinics+in+Mishawaka+South+Bend+IN/@41.6619927,-86.1586156,14z",2025-09-17T23:56:40.521Z,
https://www.google.com/maps/place/Heart+to+Heart+Hospice/data=!4m7!3m6!1s0x8816cdf42e2343f7:0xbb236f18577747a!8m2!3d41.6955625!4d-86.1909534!16s%2Fg%2F11b8t73dqp!19sChIJ90MjLvTNFogRenR3hfE2sgs,Heart to Heart Hospice,3.6,17,Hospice,"620 W Edison Rd #122, Mishawaka, IN 46545, United States","MRW5+6J Mishawaka, Indiana, USA",https://hearttohearthospice.com/location/northern-indiana/?y_source=1_Mjg0OTA2MzctNzE1LWxvY2F0aW9uLndlYnNpdGU%3D#loc-detail?utm_source=google&utm_medium=organic&utm_campaign=yext,+1 574-855-4475,Closed ⋅ Opens 9 am Thu,,https://lh3.googleusercontent.com/gps-cs-s/AC9h4notp8jabjQquhRb7aBuO_ojgvHbtbuqKFyQL7kvvL_LJj9r_Z3l77JkQEv2QlPsZ6h_IdmfC7Z8_hrvZHgKv6KG71Cqb2VF1Y65cOwFQSlpiErvNNwOBTVluonmg25YdHLcQZ4BQg=w408-h272-k-no,true,9 am–5 pm,9 am–5 pm,9 am–5 pm,Closed,Closed,9 am–5 pm,9 am–5 pm,"https://www.google.com/maps/search/Hospice+clinics+in+Mishawaka+South+Bend+IN/@41.6619927,-86.1586156,14z",2025-09-17T23:56:44.918Z,
https://www.google.com/maps/place/Global+Partners+in+Care/data=!4m7!3m6!1s0x8816cdd63c9f38df:0x4dffa50af0ee2175!8m2!3d41.6639163!4d-86.1758899!16s%2Fg%2F11f63ygjp8!19sChIJ3zifPNbNFogRdSHu8Aql_00,Global Partners in Care,,,Hospice,"501 Comfort Pl, Mishawaka, IN 46545, United States","MR7F+HJ Mishawaka, Indiana, USA",https://globalpartnersincare.org/,+1 574-367-2455,,,https://streetviewpixels-pa.googleapis.com/v1/thumbnail?panoid=MQBkczpIYQ7c_xKtoCJMZg&cb_client=search.gws-prod.gps&w=408&h=240&yaw=231.37726&pitch=0&thumbfov=100,false,,,,,,,,"https://www.google.com/maps/search/Hospice+clinics+in+Mishawaka+South+Bend+IN/@41.6619927,-86.1586156,14z",2025-09-17T23:56:47.368Z,
https://www.google.com/maps/place/Center+for+Palliative+Care/data=!4m7!3m6!1s0x8816cfbb1d1ac11f:0x4d988a0a5802e609!8m2!3d41.6631784!4d-86.173805!16s%2Fg%2F11t318tsks!19sChIJH8EaHbvPFogRCeYCWAqKmE0,Center for Palliative Care,5.0,1,Medical Center,"211 N Cedar St, Mishawaka, IN 46545, United States","MR7G+7F Mishawaka, Indiana, USA",https://cfhcare.org/palliativecare/,+1 574-367-2476,Closed ⋅ Opens 9 am Thu,,https://lh3.googleusercontent.com/p/AF1QipOxdfsJ3Js4QRf1CEaLoekYuoO250oNKOXBbbls=w408-h273-k-no,true,9 am–4 pm,9 am–4 pm,Closed,Closed,Closed,Closed,9 am–4 pm,"https://www.google.com/maps/search/Hospice+clinics+in+Mishawaka+South+Bend+IN/@41.6619927,-86.1586156,14z",2025-09-17T23:56:51.678Z,
https://www.google.com/maps/place/Hospice+Foundation/data=!4m7!3m6!1s0x8816cdd63c9f38df:0x1dc78dc5bff7705f!8m2!3d41.6639163!4d-86.1758899!16s%2Fg%2F11f63xp8yp!19sChIJ3zifPNbNFogRX3D3v8WNxx0,Hospice Foundation,,,Hospice,"501 Comfort Pl, Mishawaka, IN 46545, United States","MR7F+HJ Mishawaka, Indiana, USA",http://foundationforhospice.org/contact/,+1 800-413-9083,Closed ⋅ Opens 8 am Thu,,https://lh3.googleusercontent.com/gps-cs-s/AC9h4nosA-VuVjulSCWuCxFqs5DDeT-qXSYKn8-1bMgTzmi8wH-ytCQI4KG8jY3Nqn9WCBbFy9KG1Oq_vwCOkbt7JFPTWI4mjDJhml6v2WD9qfG7IVG3wfvRyBnzhLq_2jzgMI7Mh2yZ=w408-h306-k-no,false,8 am–5 pm,8 am–5 pm,8 am–5 pm,Closed,Closed,8 am–5 pm,8 am–5 pm,"https://www.google.com/maps/search/Hospice+clinics+in+Mishawaka+South+Bend+IN/@41.6619927,-86.1586156,14z",2025-09-17T23:56:55.953Z,
https://www.google.com/maps/place/Elara+Caring/data=!4m7!3m6!1s0x8816cde03bccd245:0x1fe68e30c8d8e0a1!8m2!3d41.6921491!4d-86.185109!16s%2Fg%2F11tx24hxv0!19sChIJRdLMO-DNFogRoeDYyDCO5h8,Elara Caring,4.0,2,Home health care service,"314 W Catalpa Dr Suites E-F, Mishawaka, IN 46545, United States","MRR7+VX Mishawaka, Indiana, USA",https://elara.com/locations/mishawaka-in/,+1 574-233-1500,Open 24 hours,,https://streetviewpixels-pa.googleapis.com/v1/thumbnail?panoid=T7nHBgI2fXqTfbt8heOjdw&cb_client=search.gws-prod.gps&w=408&h=240&yaw=269.0097&pitch=0&thumbfov=100,true,Open 24 hours,Open 24 hours,Open 24 hours,Open 24 hours,Open 24 hours,Open 24 hours,Open 24 hours,"https://www.google.com/maps/search/Hospice+clinics+in+Mishawaka+South+Bend+IN/@41.6619927,-86.1586156,14z",2025-09-17T23:57:00.359Z,
https://www.google.com/maps/place/Center+for+Hospice+Care/data=!4m7!3m6!1s0x8816e8662eec8daf:0xa02479340f83e1e1!8m2!3d41.672788!4d-85.898637!16s%2Fg%2F1hc28vfvv!19sChIJr43sLmboFogR4eGDDzR5JKA,Center for Hospice Care,5.0,13,Hospice,"22579 Old US 20 E, Elkhart, IN 46516, United States","M4F2+4G Elkhart, Indiana, USA",https://www.cfhcare.org/,+1 574-264-3321,"Open 24 hours

Confirmed by this business 9 weeks ago",,https://lh3.googleusercontent.com/p/AF1QipOS3ifgWJntMx-p0hZGFbBMEVUUkP64ttkI6GX4=w408-h263-k-no,true,Open 24 hours,Open 24 hours,Open 24 hours,Open 24 hours,Open 24 hours,Open 24 hours,Open 24 hours,"https://www.google.com/maps/search/Hospice+clinics+in+Elkhart+South+Bend+IN/@41.6763545,-86.2519898,14z",2025-09-17T23:57:17.901Z,
"https://www.google.com/maps/place/Heart+to+Heart+Hospice/@41.6715375,-85.8888359,17z/data=!3m1!4b1!4m6!3m5!1s0x8816e9b8b974275f:0x545e787939b7ebab!8m2!3d41.6715375!4d-85.8888359!16s%2Fg%2F11rsnmkdbr",Heart to Heart Hospice,5.0,8,Hospice,"1178 Fremont Ct Suite 2, Elkhart, IN 46516, United States","M4C6+JF Elkhart, Indiana, USA",https://hearttohearthospice.com/location/eastern-indiana-area/?y_source=1_Mjg0OTA2NDItNzE1LWxvY2F0aW9uLndlYnNpdGU%3D#loc-detail?utm_source=google&utm_medium=organic&utm_campaign=yext,+1 574-350-4977,Closed ⋅ Opens 9 am Thu,,,true,9 am–5 pm,9 am–5 pm,9 am–5 pm,Closed,Closed,9 am–5 pm,9 am–5 pm,"https://www.google.com/maps/search/Hospice+clinics+in+Elkhart+South+Bend+IN/@41.6763545,-86.2519898,14z",2025-09-17T23:57:24.131Z,
https://www.google.com/maps/place/Ernestine+M.+Raclin+House/data=!4m7!3m6!1s0x8816cf31ceeb9f43:0x9191ff7cf0bca294!8m2!3d41.6633331!4d-86.174796!16s%2Fg%2F11kprqsnvm!19sChIJQ5_rzjHPFogRlKK88Hz_kZE,Ernestine M. Raclin House,5.0,7,Hospice,"Mishawaka, IN 46545, United States","MR7G+83 Mishawaka, Indiana, USA",https://cfhcare.org/raclinhouse/,,,,https://streetviewpixels-pa.googleapis.com/v1/thumbnail?panoid=TzPjLruQUAiHDZOmpD_5Uw&cb_client=search.gws-prod.gps&w=408&h=240&yaw=214.04643&pitch=0&thumbfov=100,false,,,,,,,,"https://www.google.com/maps/search/Hospice+clinics+in+Elkhart+South+Bend+IN/@41.6763545,-86.2519898,14z",2025-09-17T23:57:26.507Z,
"https://www.google.com/maps/place/Ruth+M.+Hillebrand+Center+for+Compassionate+Care+in+Medicine/@41.7007626,-86.2318878,17z/data=!3m1!4b1!4m6!3m5!1s0x8816d29e6f0bee33:0xcd8fc952212483c2!8m2!3d41.7007626!4d-86.2318878!16s%2Fg%2F1hhvp0snj",Ruth M. Hillebrand Center for Compassionate Care in Medicine,,,University,"Jordan Hall of Science, Notre Dame, IN 46556, United States","PQ29+86 Notre Dame, Indiana, USA",https://compassionatecare.nd.edu/,+1 574-631-9536,,,,false,,,,,,,,"https://www.google.com/maps/search/Hospice+clinics+in+Elkhart+South+Bend+IN/@41.6763545,-86.2519898,14z",2025-09-17T23:57:37.045Z,
"https://www.google.com/maps/place/Kristin+Vincent,+CNM/data=!4m7!3m6!1s0x8816cd97f5f70d7b:0xc43ee02d682e4a38!8m2!3d41.6794045!4d-86.2059219!16s%2Fg%2F11c6cz05r8!19sChIJew339ZfNFogROEouaC3gPsQ","Kristin Vincent, CNM",4.7,12,Midwife,"2930 McKinley Ave suite c, South Bend, IN 46615, United States","MQHV+QJ South Bend, Indiana, USA",http://midwivescare.com/,+1 574-400-2558,Closed ⋅ Opens 9 am Thu,,https://streetviewpixels-pa.googleapis.com/v1/thumbnail?panoid=PvudnqiGUuLcDpmxIWK21A&cb_client=search.gws-prod.gps&w=408&h=240&yaw=175.62625&pitch=0&thumbfov=100,true,9 am–2 pm,9 am–7 pm,Closed,Closed,Closed,9 am–2 pm,9 am–7 pm,"https://www.google.com/maps/search/Hospice+clinics+in+Elkhart+South+Bend+IN/@41.6763545,-86.2519898,14z",2025-09-17T23:57:41.554Z,
https://www.google.com/maps/place/Center+for+Hospice+Care/data=!4m7!3m6!1s0x881153b3079251af:0xc951078f72634198!8m2!3d41.3517676!4d-86.311329!16s%2Fg%2F1tds791b!19sChIJr1GSB7NTEYgRmEFjco8HUck,Center for Hospice Care,5.0,3,Hospice,"1419 N Michigan St, Plymouth, IN 46563, United States","9M2Q+PF Plymouth, Indiana, USA",https://www.cfhcare.org/,+1 574-935-4511,"Open 24 hours

Confirmed by this business 9 weeks ago",,https://lh3.googleusercontent.com/p/AF1QipMq_2rN-SHLg1TELJgE5PrJ3fje8Dm9EB8lFZHE=w408-h253-k-no,true,Open 24 hours,Open 24 hours,Open 24 hours,Open 24 hours,Open 24 hours,Open 24 hours,Open 24 hours,"https://www.google.com/maps/search/Hospice+clinics+in+Elkhart+South+Bend+IN/@41.6763545,-86.2519898,14z",2025-09-17T23:57:45.912Z,
https://www.google.com/maps/place/HarmonyCares+Medical+Group/data=!4m7!3m6!1s0x88112dd603d2f53b:0xee4fee85c80a1d6a!8m2!3d41.7364102!4d-86.3305588!16s%2Fg%2F1tdkmv0g!19sChIJO_XSA9YtEYgRah0KyIXuT-4,HarmonyCares Medical Group,3.0,4,Home health care service,"5838 Brick Rd Ste 106, South Bend, IN 46628, United States","PMP9+HQ South Bend, Indiana, USA",https://harmonycares.com/service-areas/indiana/south-bend/?utm_source=gmb&utm_medium=yext&utm_campaign=south-bend,+1 574-247-1911,Open 24 hours,,https://lh3.googleusercontent.com/p/AF1QipOxjqxpQgeJ0BvQqqagY7QUqRlKTIiALVTVo9Ex=w459-h240-k-no,true,Open 24 hours,Open 24 hours,Open 24 hours,Open 24 hours,Open 24 hours,Open 24 hours,Open 24 hours,"https://www.google.com/maps/search/Hospice+clinics+in+Elkhart+South+Bend+IN/@41.6763545,-86.2519898,14z",2025-09-17T23:57:50.448Z,
https://www.google.com/maps/place/Trailpoint+Village/data=!4m7!3m6!1s0x8816ccf5dcb9fbd5:0xc10300c1e5f2d11e!8m2!3d41.6435593!4d-86.2170218!16s%2Fg%2F11bt_gqght!19sChIJ1fu53PXMFogRHtHy5cEAA8E,Trailpoint Village,3.0,32,Nursing home,"1950 Ridgedale Rd, South Bend, IN 46614, United States","JQVM+C5 South Bend, Indiana, USA",https://asccare.com/community/trailpoint-village/,+1 574-291-6722,Open 24 hours,,https://lh3.googleusercontent.com/p/AF1QipOKu9uqVhUopvL_5MIVihtpcnaxjw_BYwHsEfF9=w408-h257-k-no,true,Open 24 hours,Open 24 hours,Open 24 hours,Open 24 hours,Open 24 hours,Open 24 hours,Open 24 hours,"https://www.google.com/maps/search/Hospice+clinics+in+Elkhart+South+Bend+IN/@41.6763545,-86.2519898,14z",2025-09-17T23:57:55.115Z,
https://www.google.com/maps/place/Corewell+Health+Lakeland+Hospitals+Homecare+%26+Hospice+-+Niles/data=!4m7!3m6!1s0x88112b9e96fc38db:0xe52276734e1b9d98!8m2!3d41.8289731!4d-86.2617709!16s%2Fg%2F11kcf7sw31!19sChIJ2zj8lp4rEYgRmJ0bTnN2IuU,Corewell Health Lakeland Hospitals Homecare & Hospice - Niles,3.0,2,Hospice,"60 N St Joseph Ave Suite 120, Niles, MI 49120, United States","RPHQ+H7 Niles, Michigan, USA",http://www.caring-circle.org/?utm_source=GoogleBusiness&utm_content=Homepage,+1 269-695-1099,"Closed ⋅ Opens 8 am Thu

Confirmed by this business 7 weeks ago",,https://lh3.googleusercontent.com/p/AF1QipNAH5tE3cHpYotieS0MPpl2GY71hvD6EQks-qid=w408-h271-k-no,true,8 am–5 pm,8 am–5 pm,8 am–5 pm,Closed,Closed,8 am–5 pm,8 am–5 pm,"https://www.google.com/maps/search/Hospice+clinics+in+Elkhart+South+Bend+IN/@41.6763545,-86.2519898,14z",2025-09-17T23:57:59.646Z,
https://www.google.com/maps/place/The+South+Bend+Clinic/data=!4m7!3m6!1s0x8816d19c1dd2436b:0xd220f15406e4717a!8m2!3d41.7322407!4d-86.1574054!16s%2Fg%2F1tfv5q_z!19sChIJa0PSHZzRFogRenHkBlTxINI,The South Bend Clinic,2.7,78,Medical clinic,"52500 N Fir Rd, Granger, IN 46530, United States","PRJV+V2 Granger, Indiana, USA",https://www.southbendclinic.com/location/52500-n-fir-rd-granger-in-usa?utm_source=pg-google&utm_medium=organic&utm_campaign=pg-listings,+1 574-234-8161,Closed ⋅ Opens 8 am Thu,,https://lh3.googleusercontent.com/gps-cs-s/AC9h4no2l5zC57tG7Q_2zEjEFUp88_aw98RtnNrxRHCz5lN-JCCI3fh_KeFJqzjJX4TwGSTj27dpnkK1oddEHj8J3QxwZsL835hrxj68dwVr_91liRz_Mrd20foFMrrscgixidISLazQOQ=w408-h263-k-no,true,8 am–5 pm,8 am–5 pm,8 am–5 pm,Closed,Closed,8 am–5 pm,8 am–5 pm,"https://www.google.com/maps/search/Hospice+clinics+in+Granger+South+Bend+IN/@41.7535224,-86.1110005,14z",2025-09-17T23:58:11.655Z,
https://www.google.com/maps/place/Goshen+Home+Care+%26+Hospice/data=!4m7!3m6!1s0x8816ec8afee35fff:0xfc82f1de08864013!8m2!3d41.5717638!4d-85.8500869!16s%2Fg%2F1v1slvfd!19sChIJ_1_j_orsFogRE0CGCN7xgvw,Goshen Home Care & Hospice,2.3,4,Home health care service,"1147 Professional Dr, Goshen, IN 46526, United States","H4CX+PX Goshen, Indiana, USA",https://goshenhealth.com/care-services/home-care-hospice,+1 574-364-2700,Closed ⋅ Opens 7:30 am Thu,,https://streetviewpixels-pa.googleapis.com/v1/thumbnail?panoid=QgF_0tpyTRtAMqCUbY8RTQ&cb_client=search.gws-prod.gps&w=408&h=240&yaw=251.80148&pitch=0&thumbfov=100,true,7:30 am–4 pm,7:30 am–4 pm,7:30 am–4 pm,Closed,Closed,7:30 am–4 pm,7:30 am–4 pm,"https://www.google.com/maps/search/Hospice+clinics+in+Goshen+South+Bend+IN/@41.6763545,-86.2519898,14z",2025-09-17T23:58:45.943Z,
https://www.google.com/maps/place/St.+Croix+Hospice/data=!4m7!3m6!1s0x8816ed6e85679ac7:0xa10e38b862ab31f2!8m2!3d41.5722498!4d-85.8166635!16s%2Fg%2F11vr1v1yd2!19sChIJx5pnhW7tFogR8jGrYrg4DqE,St. Croix Hospice,,,Hospice,"1104 S 16th St, Goshen, IN 46526, United States","H5CM+V8 Goshen, Indiana, USA",https://www.stcroixhospice.com/clarinda-ia/?utm_source=google&utm_medium=organic&utm_campaign=gmb+website+location+page,+1 712-560-3868,,,https://streetviewpixels-pa.googleapis.com/v1/thumbnail?panoid=LEaZ9g31E1cetfv5IpyfvQ&cb_client=search.gws-prod.gps&w=408&h=240&yaw=98.54567&pitch=0&thumbfov=100,false,,,,,,,,"https://www.google.com/maps/search/Hospice+clinics+in+Goshen+South+Bend+IN/@41.6763545,-86.2519898,14z",2025-09-17T23:58:48.146Z,
,,,,,,,,,,,,,,,,,,,,"https://www.google.com/maps/search/Hospice+clinics+in+Niles+South+Bend+IN/@41.6763545,-86.2519898,14z",2025-09-17T23:59:12.221Z,No new results found
"https://www.google.com/maps/place/Leah+D.+Craft,+MD/data=!4m7!3m6!1s0x8816cd4b910f3efd:0x918ef9e49615366e!8m2!3d41.723589!4d-86.281929!16s%2Fg%2F11ckwzgh0k!19sChIJ_T4PkUvNFogRbjYVluT5jpE","Leah D. Craft, MD",4.8,16,Family practice physician,"2235 Cleveland Rd, South Bend, IN 46628, United States","PPF9+C6 South Bend, Indiana, USA",https://checkin.beaconhealthsystem.org/previsit/app/?y_source=1_OTg1NjQ4OC03MTUtbG9jYXRpb24ud2Vic2l0ZQ%3D%3D#/directory/beacon/providers/Leah-Diane-Craft-family-medicine,+1 574-647-4530,Closed ⋅ Opens 8 am Thu,,https://lh3.googleusercontent.com/p/AF1QipOu_lOqh5_P8FqvsrowB25Lpzv_z5Py3sJ4GVB3=w426-h240-k-no,true,8 am–5 pm,8 am–5 pm,8 am–5 pm,Closed,Closed,8 am–5 pm,8 am–5 pm,"https://www.google.com/maps/search/Hospice+clinics+in+Notre+Dame+South+Bend+IN/@41.7051917,-86.2351655,14z",2025-09-17T23:59:24.899Z,
https://www.google.com/maps/place/Group+Home+by+the+dome/data=!4m7!3m6!1s0x8816d2be56f00001:0xb3f19331ab34b256!8m2!3d41.7162441!4d-86.2385098!16s%2Fg%2F11gyxhdg5y!19sChIJAQDwVr7SFogRVrI0qzGT8bM,Group Home by the dome,5.0,17,Group home,"19125 Pendle Rd, South Bend, IN 46637, United States","PQ86+FH South Bend, Indiana, USA",http://www.grouphomebythedome.com/,+1 574-323-4955,,,https://lh3.googleusercontent.com/gps-cs-s/AC9h4nrsvWVOgk5SSqFUqZF09CxBje98I2Le6a-rgjrwRpMF88dmLBtARMSSazl7wSGg5efxu0yHqQllK8Zv8DQfcnP7glAdT-oJQeweuVAtmTCu385vxuITBJRYzsTXrNso-D12ESxE9Q=w408-h306-k-no,true,,,,,,,,"https://www.google.com/maps/search/Hospice+clinics+in+Notre+Dame+South+Bend+IN/@41.7051917,-86.2351655,14z",2025-09-17T23:59:27.461Z,
https://www.google.com/maps/place/Holy+Cross+Village+at+Notre+Dame/data=!4m7!3m6!1s0x8816d2ae15cd1545:0x5c50decdfb656b3e!8m2!3d41.7005672!4d-86.2512191!16s%2Fg%2F1tlbprsp!19sChIJRRXNFa7SFogRPmtl-83eUFw,Holy Cross Village at Notre Dame,4.5,48,Retirement community,"54515 State Hwy 933, Notre Dame, IN 46556, United States","PP2X+6G Notre Dame, Indiana, USA",https://holycrossvillage.org/,+1 574-287-1838,Open 24 hours,,https://lh3.googleusercontent.com/p/AF1QipMmAJlK-6EOpEG6T7MeZla9XeeMywzcDmAclbCH=w408-h272-k-no,true,Open 24 hours,Open 24 hours,Open 24 hours,Open 24 hours,Open 24 hours,Open 24 hours,Open 24 hours,"https://www.google.com/maps/search/Hospice+clinics+in+Notre+Dame+South+Bend+IN/@41.7051917,-86.2351655,14z",2025-09-17T23:59:31.797Z,
"https://www.google.com/maps/place/Dujarie+House/@41.7040099,-86.254128,17z/data=!3m1!4b1!4m6!3m5!1s0x8816d3f7b27acf5b:0xdf53a2784a3f8b09!8m2!3d41.7040099!4d-86.254128!16s%2Fg%2F11hdyjkd9n",Dujarie House,3.5,2,Assisted living facility,"54313 State Hwy 933, Notre Dame, IN 46556, United States","PP3W+J8 Notre Dame, Indiana, USA",https://holycrossvillage.com/,+1 574-287-1838,,,,false,,,,,,,,"https://www.google.com/maps/search/Hospice+clinics+in+Notre+Dame+South+Bend+IN/@41.7051917,-86.2351655,14z",2025-09-17T23:59:46.676Z,
https://www.google.com/maps/place/Andre+Place/data=!4m7!3m6!1s0x8816d3caba2f68f1:0xc87a62fb5bf28b13!8m2!3d41.7016179!4d-86.253003!16s%2Fg%2F11j1tzmqzp!19sChIJ8WgvusrTFogRE4vyW_tiesg,Andre Place,4.0,5,Retirement community,"54501 State Hwy 933, South Bend, IN 46637, United States","PP2W+JQ South Bend, Indiana, USA",https://holycrossvillage.com/,,,,https://lh3.googleusercontent.com/gps-cs-s/AC9h4npMdCFuFNcQ82TXJuDk2kMsCIVICgQc_-WB3kcSotbfW5xB3tleLIV6lanod6y2Lyjk4f44r0tbt7v0kpO-3INA9WzL9VCr1-rUtFG9s1LvIE8UsdTgx-KBYi_SuFA9ygsl3-NXgw=w426-h240-k-no,false,,,,,,,,"https://www.google.com/maps/search/Hospice+clinics+in+Notre+Dame+South+Bend+IN/@41.7051917,-86.2351655,14z",2025-09-17T23:59:49.141Z,
,,,,,,,,,,,,,,,,,,,,"https://www.google.com/maps/search/Hospice+clinics+in+Osceola+South+Bend+IN/@41.6763545,-86.2519898,14z",2025-09-18T00:00:03.308Z,No new results found
https://www.google.com/maps/place/Dunes+Hospice/data=!4m7!3m6!1s0x881153b7d565d347:0x75cbbb6c6fd5456b!8m2!3d41.3515842!4d-86.3114416!16s%2Fg%2F11q3qytr7b!19sChIJR9Nl1bdTEYgRa0XVb2y7y3U,Dunes Hospice,5.0,1,Hospice,"1417 N Michigan St, Plymouth, IN 46563, United States","9M2Q+JC Plymouth, Indiana, USA",https://www.duneshospicellc.com/,+1 888-602-9004,"Open 24 hours

Updated by others 1 week ago",,https://streetviewpixels-pa.googleapis.com/v1/thumbnail?panoid=9Mvs7gUpozZv6Ki37jntaQ&cb_client=search.gws-prod.gps&w=408&h=240&yaw=79.39856&pitch=0&thumbfov=100,false,Open 24 hours,Open 24 hours,Open 24 hours,Open 24 hours,Open 24 hours,Open 24 hours,Open 24 hours,"https://www.google.com/maps/search/Hospice+clinics+in+Plymouth+South+Bend+IN/@41.659548,-86.3229609,14z",2025-09-18T00:00:15.528Z,
https://www.google.com/maps/place/Briarcliff+Health+%26+Rehabilitation/data=!4m7!3m6!1s0x881132378e575d3f:0x2309e7af5ba0a2d9!8m2!3d41.6715333!4d-86.3191081!16s%2Fg%2F11byn1j07r!19sChIJP11XjjcyEYgR2aKgW6_nCSM,Briarcliff Health & Rehabilitation,3.9,63,Rehabilitation center,"5024 W Western Ave, South Bend, IN 46619, United States","MMCJ+J9 South Bend, Indiana, USA",http://www.briarcliffsouthbend.com/,+1 574-318-4600,Open 24 hours,,https://lh3.googleusercontent.com/p/AF1QipOduy0v_Co3xVJ3ckbXRzZrqhlJiOfH1Zv_KjMQ=w408-h272-k-no,true,Open 24 hours,Open 24 hours,Open 24 hours,Open 24 hours,Open 24 hours,Open 24 hours,Open 24 hours,"https://www.google.com/maps/search/Hospice+clinics+in+Plymouth+South+Bend+IN/@41.659548,-86.3229609,14z",2025-09-18T00:00:19.961Z,
https://www.google.com/maps/place/Center+for+Hospice+Care/data=!4m7!3m6!1s0x88110fe855d0ada9:0xeb23f6e1e6f8e6fe!8m2!3d41.6427063!4d-86.7597264!16s%2Fg%2F11kryhmf1x!19sChIJqa3QVegPEYgR_ub45uH2I-s,Center for Hospice Care,5.0,2,Non-profit organization,"309 W Johnson Rd Suite A, La Porte, IN 46350, United States","J6VR+34 La Porte, Indiana, USA",https://cfhcare.org/,+1 219-575-7930,Closed ⋅ Opens 8 am Thu,,https://lh3.googleusercontent.com/p/AF1QipOAZDDeXMPly6rvi5Jb_B7Hfd1EBXfxBLTKgmL9=w408-h305-k-no,true,8 am–5 pm,8 am–5 pm,8 am–5 pm,Closed,Closed,8 am–5 pm,8 am–5 pm,"https://www.google.com/maps/search/Hospice+clinics+in+LaPorte+South+Bend+IN/@41.6763545,-86.2519898,14z",2025-09-18T00:00:44.063Z,
https://www.google.com/maps/place/Center+For+the+Homeless/data=!4m7!3m6!1s0x8816cd2ebff75869:0x6c3c54e55b914793!8m2!3d41.6659317!4d-86.2504674!16s%2Fg%2F1wk4dnpm!19sChIJaVj3vy7NFogRk0eRW-VUPGw,Center For the Homeless,3.9,202,Homeless shelter,"813 S Michigan St, South Bend, IN 46601, United States","MP8X+9R South Bend, Indiana, USA",https://www.cfh.net/,+1 574-282-8700,Open ⋅ Closes 10 pm,,https://lh3.googleusercontent.com/gps-cs-s/AC9h4nobdHyECi1SLkRyxmQrdGbQA5Eqji2r_9-7CeoEytXUmVOofxac7PA_sVo2A8vAQ4A0s_gzdjrudIbo-C2fAvsN2Cj_KmGbOQhKI0p4LcLVNwBKhOYfgNvq-d0eaZGpIX_NyPxIVw=w408-h543-k-no,false,6 am–10 pm,6 am–10 pm,6 am–10 pm,8 am–11 pm,8 am–11 pm,6 am–10 pm,6 am–10 pm,"https://www.google.com/maps/search/Hospice+clinics+in+LaPorte+South+Bend+IN/@41.6763545,-86.2519898,14z",2025-09-18T00:00:58.848Z,
https://www.google.com/maps/place/Dunes+Hospice/data=!4m7!3m6!1s0x88119bde97964f61:0xd2ebb100361811cc!8m2!3d41.4785471!4d-87.0038052!16s%2Fg%2F11b6zq03wd!19sChIJYU-Wl96bEYgRzBEYNgCx69I,Dunes Hospice,4.7,60,Hospice,"4711 Evans Ave, Valparaiso, IN 46383, United States","FXHW+CF Valparaiso, Indiana, USA",http://duneshospicellc.com/,+1 888-602-9004,Open 24 hours,,https://lh3.googleusercontent.com/gps-cs-s/AC9h4nrU9dU1OzXZu5R2aR0IzUxC3H8hYKcMkk4-0p5tSTaFGWMeVqnxqxMXOVAwG4xOpoXuMbMwQxMoC4yfnvYkzPUsiZhevA5YLRSObQMv2Bp1DNFvcjedx6XCI2e6Q1zC3b2uQYe_=w408-h306-k-no,true,Open 24 hours,Open 24 hours,Open 24 hours,Open 24 hours,Open 24 hours,Open 24 hours,Open 24 hours,"https://www.google.com/maps/search/Hospice+clinics+in+LaPorte+South+Bend+IN/@41.6763545,-86.2519898,14z",2025-09-18T00:01:03.259Z,
https://www.google.com/maps/place/Beacon+Medical+Group+Pulmonology+and+Critical+Care+South+Bend/data=!4m7!3m6!1s0x8816cdf7517b0dbb:0x44a517e0c501c156!8m2!3d41.6838356!4d-86.2532191!16s%2Fg%2F11tdgk64z9!19sChIJuw17UffNFogRVsEBxeAXpUQ,Beacon Medical Group Pulmonology and Critical Care South Bend,5.0,3,Pulmonologist,"621 Memorial Drive # 302, South Bend, IN 46601, United States","MPMW+GP South Bend, Indiana, USA",https://locations.beaconhealthsystem.org/in/south-bend/beacon-medical-group-pulmonology-and-critical-care-south-bend?y_source=1_NTY1OTgzNDAtNzE1LWxvY2F0aW9uLndlYnNpdGU%3D,+1 574-246-9350,Closed ⋅ Opens 8 am Thu,,https://streetviewpixels-pa.googleapis.com/v1/thumbnail?panoid=90B5IKFGP8eS3GypEZY0jA&cb_client=search.gws-prod.gps&w=408&h=240&yaw=90.889145&pitch=0&thumbfov=100,true,"8 am–12 pm, 1–4:30 pm","8 am–12 pm, 1–4:30 pm","8 am–12 pm, 1–4:30 pm",Closed,Closed,"8 am–12 pm, 1–4:30 pm","8 am–12 pm, 1–4:30 pm","https://www.google.com/maps/search/Hospice+clinics+in+LaPorte+South+Bend+IN/@41.6763545,-86.2519898,14z",2025-09-18T00:01:07.799Z,
"https://www.google.com/maps/place/Indiana+HomeCare+Northwest/@41.6024674,-86.6961404,17z/data=!3m1!4b1!4m6!3m5!1s0x881113084260c70f:0xa782d195c1476c69!8m2!3d41.6024674!4d-86.6961404!16s%2Fg%2F11g0ssjbpk",Indiana HomeCare Northwest,3.8,4,Home health care service,"300 Legacy Plaza W, La Porte, IN 46350, United States","J823+XG La Porte, Indiana, USA",https://lhcgroup.com/locations/la-porte-home-health/?utm_source=GMB&utm_campaign=Google_Local_Listing&utm_medium=referral&utm_content=La_Porte_Home_Health_La_Porte_IN_46350,+1 219-344-5508,Closed ⋅ Opens 8 am Thu,,,true,8 am–4:30 pm,8 am–4:30 pm,8 am–4:30 pm,Closed,Closed,8 am–4:30 pm,8 am–4:30 pm,"https://www.google.com/maps/search/Hospice+clinics+in+LaPorte+South+Bend+IN/@41.6763545,-86.2519898,14z",2025-09-18T00:01:14.027Z,
https://www.google.com/maps/place/Memorial+Lymphedema+and+Edema+Clinic/data=!4m7!3m6!1s0x8816cd1be43e7b17:0x31407e0d045b992a!8m2!3d41.675237!4d-86.251564!16s%2Fg%2F11gsb9cwyf!19sChIJF3s-5BvNFogRKplbBA1-QDE,Memorial Lymphedema and Edema Clinic,1.0,1,Oncologist,"111 W Jefferson Blvd # 100, South Bend, IN 46601, United States","MPGX+39 South Bend, Indiana, USA",https://locations.beaconhealthsystem.org/in/south-bend/memorial-lymphedema-and-edema-clinic?y_source=1_OTg1NDY5Ny03MTUtbG9jYXRpb24ud2Vic2l0ZQ%3D%3D,+1 574-647-2600,Closed ⋅ Opens 8 am Thu,,https://streetviewpixels-pa.googleapis.com/v1/thumbnail?panoid=qAlQQbBRJ2ZsjY-zFQM_Qg&cb_client=search.gws-prod.gps&w=408&h=240&yaw=75.209305&pitch=0&thumbfov=100,true,8 am–5 pm,8 am–5 pm,8 am–4 pm,Closed,Closed,8 am–5 pm,8 am–5 pm,"https://www.google.com/maps/search/Hospice+clinics+in+New+Carlisle+South+Bend+IN/@41.650678,-86.2802899,14z",2025-09-18T00:01:32.086Z,
https://www.google.com/maps/place/Miller%27s+Merry+Manor/data=!4m7!3m6!1s0x88113caebe4d9c49:0xd12e5922b9884195!8m2!3d41.7004206!4d-86.5077362!16s%2Fg%2F1tkvbc6v!19sChIJSZxNvq48EYgRlUGIuSJZLtE,Miller's Merry Manor,3.5,13,Nursing home,"220 E Dunn Rd, New Carlisle, IN 46552, United States","PF2R+5W New Carlisle, Indiana, USA",http://www.millersmerrymanor.com/locations/new-carlisle,+1 574-654-7244,Open 24 hours,,https://lh3.googleusercontent.com/p/AF1QipO6qHnJyLO73gDMCJ0oeMn2hbRn1gxmhE9I9Ec=w408-h305-k-no,true,Open 24 hours,Open 24 hours,Open 24 hours,Open 24 hours,Open 24 hours,Open 24 hours,Open 24 hours,"https://www.google.com/maps/search/Hospice+clinics+in+New+Carlisle+South+Bend+IN/@41.650678,-86.2802899,14z",2025-09-18T00:01:51.695Z,
https://www.google.com/maps/place/Hospice+of+the+Calumet+Area/data=!4m7!3m6!1s0x8811e04a773bd46f:0x7feb874c9c826479!8m2!3d41.536869!4d-87.5132151!16s%2Fg%2F12hklpp5m!19sChIJb9Q7d0rgEYgReWSCnEyH638,Hospice of the Calumet Area,4.5,19,Hospice,"600 Superior Ave, Munster, IN 46321, United States","GFPP+PP Munster, Indiana, USA",http://www.hospicecalumet.org/,+1 219-922-2732,"Open 24 hours

Updated by this business 6 weeks ago",,https://lh3.googleusercontent.com/p/AF1QipMWNqCPKDjoZ3CmSzUXEQwBE-IOepmFGjtPB4ls=w408-h320-k-no,true,Open 24 hours,Open 24 hours,Open 24 hours,Open 24 hours,Closed,Open 24 hours,Open 24 hours,"https://www.google.com/maps/search/Hospice+clinics+in+New+Carlisle+South+Bend+IN/@41.650678,-86.2802899,14z",2025-09-18T00:01:56.249Z,
https://www.google.com/maps/place/Alick%27s+Home+Medical/data=!4m7!3m6!1s0x8816d26eec922d3d:0x1ab9940e4028e8fa!8m2!3d41.7125919!4d-86.201336!16s%2Fg%2F1vcjmw0p!19sChIJPS2S7G7SFogR-ugoQA6UuRo,Alick's Home Medical,3.6,227,Home health care service,"17187 IN-23, South Bend, IN 46635, United States","PQ7X+2F South Bend, Indiana, USA",https://www.alicks.com/,+1 574-273-6000,Closed ⋅ Opens 8 am Thu,,https://lh3.googleusercontent.com/gps-cs-s/AC9h4nrtr4LdU_TrwvxLjsZEIbeS1oa4fgb1LI1omOAhlS17U4G5JwffgsEBLMG9nes8ham-Kid8eUp2_lpA4ou4Uj-xVTyV1OVFsBDXZS-yLmeOm4HRxZY4VMWLMwqAiYgALaVLyIEIAg=w408-h306-k-no,true,8 am–6 pm,8 am–6 pm,8 am–6 pm,9 am–3 pm,Closed,8 am–6 pm,8 am–6 pm,"https://www.google.com/maps/search/Hospice+clinics+in+New+Carlisle+South+Bend+IN/@41.650678,-86.2802899,14z",2025-09-18T00:02:00.690Z,
https://www.google.com/maps/place/The+South+Bend+Clinic/data=!4m7!3m6!1s0x88113cce9e7a75af:0xf522ac6479cf9dc1!8m2!3d41.7027167!4d-86.5262335!16s%2Fg%2F1tdj4thz!19sChIJr3V6ns48EYgRwZ3PeWSsIvU,The South Bend Clinic,3.8,11,Medical clinic,"8984 US-20, New Carlisle, IN 46552, United States","PF3F+3G New Carlisle, Indiana, USA",https://www.southbendclinic.com/?utm_source=GMBSocialClimb&utm_medium=NewCarlisleCampus,+1 574-654-8490,Closed ⋅ Opens 8 am Thu,,https://lh3.googleusercontent.com/gps-cs-s/AC9h4nq7R1UoZs7WbIzx28pE8DrEvVFZVDoSXHjtEYcn5TG9fQUixs5rTYidc2y3TfbOrjchVcXSAErt0ccYDOjwdzeCOOevbn9tYEen86Zrx48WCBwURF-AW5HZfvsLTyET9E87JtBoCg=w408-h306-k-no,true,8 am–5 pm,8 am–5 pm,8 am–5 pm,Closed,Closed,8 am–5 pm,8 am–5 pm,"https://www.google.com/maps/search/Hospice+clinics+in+New+Carlisle+South+Bend+IN/@41.650678,-86.2802899,14z",2025-09-18T00:02:04.962Z,
,,,,,,,,,,,,,,,,,,,,"https://www.google.com/maps/search/Hospice+clinics+in+Buchanan+South+Bend+IN/@41.6763545,-86.2519898,14z",2025-09-18T00:02:20.243Z,No new results found
https://www.google.com/maps/place/Gentiva+Hospice/data=!4m7!3m6!1s0x8819b1bde70720e5:0x3637861dde188baa!8m2!3d42.2006242!4d-85.611504!16s%2Fg%2F1vgw970p!19sChIJ5SAH572xGYgRqosY3h2GNzY,Gentiva Hospice,4.8,40,Hospice,"1911 W Centre Ave #1, Portage, MI 49024, United States","692Q+69 Portage, Michigan, USA",https://www.gentivahs.com/,+1 269-342-9308,Open 24 hours,,https://lh3.googleusercontent.com/p/AF1QipPNhJmXJjDb_JRxMiXpxN1XJMmmr9TOGpHpB2bw=w426-h240-k-no,true,Open 24 hours,Open 24 hours,Open 24 hours,Open 24 hours,Open 24 hours,Open 24 hours,Open 24 hours,"https://www.google.com/maps/search/Hospice+clinics+in+Portage+South+Bend+IN/@41.6763545,-86.2519898,14z",2025-09-18T00:02:44.874Z,
https://www.google.com/maps/place/Family+Pet+Health+Center/data=!4m7!3m6!1s0x8816cdaed7457487:0x4d69350f251c5695!8m2!3d41.6654898!4d-86.2063915!16s%2Fg%2F1tdv_hc7!19sChIJh3RF167NFogRlVYcJQ81aU0,Family Pet Health Center,4.8,481,Veterinarian,"2910 E Mishawaka Ave, South Bend, IN 46615, United States","MQ8V+5C South Bend, Indiana, USA",https://familypethealthcenter.com/,+1 574-282-2303,Closed ⋅ Opens 8 am Thu,,https://lh3.googleusercontent.com/gps-cs-s/AC9h4nqbOKUBEA4-Xpz5AZGATE5i5tk38F4E3FZECwz5XUEURSAHux5krFocL4xDQxpTxlen_SBmVc0qarlhZ4OP_1rK1HXr6DvprGr-_wwnHitm88rbBw1N35inveqc1Rbh05dZ6tGXeg=w408-h306-k-no,true,8 am–5 pm,8 am–5 pm,8 am–5 pm,Closed,Closed,8 am–5 pm,8 am–5 pm,"https://www.google.com/maps/search/Hospice+clinics+in+Portage+South+Bend+IN/@41.6763545,-86.2519898,14z",2025-09-18T00:02:49.604Z,
https://www.google.com/maps/place/Heartland+Hospice/data=!4m7!3m6!1s0x88179e2866e530cd:0xa9a956f8a75333e6!8m2!3d42.2003828!4d-85.6001783!16s%2Fg%2F1xg5t8lt!19sChIJzTDlZiieF4gR5jNTp_hWqak,Heartland Hospice,4.8,19,Hospice,"8075 Creekside Dr # 120, Portage, MI 49024, United States","692X+5W Portage, Michigan, USA",http://heartlandhospice.com/,+1 269-324-5705,Open 24 hours,,https://lh3.googleusercontent.com/p/AF1QipPlyb8K52nugwRfy-pN6sujq38juBj5ZL22s5w0=w426-h240-k-no,true,Open 24 hours,Open 24 hours,Open 24 hours,Open 24 hours,Open 24 hours,Open 24 hours,Open 24 hours,"https://www.google.com/maps/search/Hospice+clinics+in+Portage+South+Bend+IN/@41.6763545,-86.2519898,14z",2025-09-18T00:02:54.143Z,
,,,,,,,,,,,,,,,,,,,,"https://www.google.com/maps/search/Hospice+clinics+in+Dunlap+South+Bend+IN/@41.6763545,-86.2519898,14z",2025-09-18T00:03:08.567Z,No new results found
https://www.google.com/maps/place/Community+Hospital+of+Bremen/data=!4m7!3m6!1s0x8816b14b155a45f9:0xb8c7c9d450ab8f8d!8m2!3d41.4564245!4d-86.15869!16s%2Fg%2F1tdrfzl7!19sChIJ-UVaFUuxFogRjY-rUNTJx7g,Community Hospital of Bremen,2.6,69,Hospital,"1020 High Rd, Bremen, IN 46506, United States","FR4R+HG Bremen, Indiana, USA",https://locations.beaconhealthsystem.org/in/bremen/community-hospital-of-bremen?y_source=1_MTE1ODI1MTItNzE1LWxvY2F0aW9uLndlYnNpdGU%3D,+1 574-546-2211,,,https://lh3.googleusercontent.com/p/AF1QipM-F8g8-Q-I2WewIL50Nk2m2-M1ruQfxd-YZmqn=w426-h240-k-no,true,Open 24 hours,Open 24 hours,Open 24 hours,Open 24 hours,Open 24 hours,Open 24 hours,Open 24 hours,"https://www.google.com/maps/search/Hospice+clinics+in+Bremen+South+Bend+IN/@41.6763545,-86.2519898,14z",2025-09-18T00:03:21.569Z,
https://www.google.com/maps/place/Beacon+Medical+Group+Bremen/data=!4m7!3m6!1s0x8816b14ff2146ab7:0x922f0fda0f167c07!8m2!3d41.4459317!4d-86.1597596!16s%2Fg%2F11fj48j_x2!19sChIJt2oU8k-xFogRB3wWD9oPL5I,Beacon Medical Group Bremen,4.6,76,Medical clinic,"1144 W Plymouth St, Bremen, IN 46506, United States","CRWR+93 Bremen, Indiana, USA",https://locations.beaconhealthsystem.org/in/bremen/beacon-medical-group-bremen?y_source=1_MTE2MDU0MjEtNzE1LWxvY2F0aW9uLndlYnNpdGU%3D,+1 574-546-5363,Closed ⋅ Opens 8 am Thu,,https://streetviewpixels-pa.googleapis.com/v1/thumbnail?panoid=Te35Uz5au-fvvhDd1bD4CA&cb_client=search.gws-prod.gps&w=408&h=240&yaw=181.9757&pitch=0&thumbfov=100,true,"8 am–1 pm, 2–5 pm","8 am–1 pm, 2–7 pm","8 am–1 pm, 2–5 pm",Closed,Closed,"8 am–1 pm, 2–7 pm","8 am–1 pm, 2–7 pm","https://www.google.com/maps/search/Hospice+clinics+in+Bremen+South+Bend+IN/@41.6763545,-86.2519898,14z",2025-09-18T00:03:26.094Z,
"https://www.google.com/maps/place/Community+Hospital+of+Bremen:+Emergency+Room/@41.4564215,-86.1581308,17z/data=!3m1!4b1!4m6!3m5!1s0x8816b14b46e2f141:0xecee3061cb55a44e!8m2!3d41.4564215!4d-86.1581308!16s%2Fg%2F11g6y_c1m1",Community Hospital of Bremen: Emergency Room,2.6,5,Emergency room,"1020 High Rd, Bremen, IN 46506, United States","FR4R+HP Bremen, Indiana, USA",http://www.bremenhospital.com/,+1 574-546-2211,Open 24 hours,,,false,Open 24 hours,Open 24 hours,Open 24 hours,Open 24 hours,Open 24 hours,Open 24 hours,Open 24 hours,"https://www.google.com/maps/search/Hospice+clinics+in+Bremen+South+Bend+IN/@41.6763545,-86.2519898,14z",2025-09-18T00:03:39.057Z,
https://www.google.com/maps/place/B.A.B.E.+%26+More/data=!4m7!3m6!1s0x8816cdd06a3d6e47:0x99e189bf631c9192!8m2!3d41.679958!4d-86.254055!16s%2Fg%2F1tdbrgtb!19sChIJR249atDNFogRkpEcY7-J4Zk,B.A.B.E. & More,4.9,9,Childbirth class,"325 N Lafayette Blvd, South Bend, IN 46601, United States","MPHW+X9 South Bend, Indiana, USA",https://www.beaconhealthsystem.org/mother-baby-unit/?y_source=1_OTg1NDcwMi03MTUtbG9jYXRpb24ud2Vic2l0ZQ%3D%3D,+1 574-647-2201,Closed ⋅ Opens 1 pm Thu,,https://streetviewpixels-pa.googleapis.com/v1/thumbnail?panoid=otwnxwDE-wT3iAH2fSjavA&cb_client=search.gws-prod.gps&w=408&h=240&yaw=275.48483&pitch=0&thumbfov=100,true,Closed,1–4 pm,Closed,Closed,Closed,Closed,1–4 pm,"https://www.google.com/maps/search/Hospice+clinics+in+Walkerton+South+Bend+IN/@41.6763545,-86.2519898,14z",2025-09-18T00:03:56.494Z,
https://www.google.com/maps/place/Beacon+Medical+Group+Palliative+Care/data=!4m7!3m6!1s0x8816cda10b97ae9b:0xfb9da0b8ed27581c!8m2!3d41.6836909!4d-86.2519755!16s%2Fg%2F11gwmbcw0l!19sChIJm66XC6HNFogRHFgn7bignfs,Beacon Medical Group Palliative Care,,,,"615 N Michigan St, South Bend, IN 46601, United States","MPMX+F6 South Bend, Indiana, USA",https://www.beaconhealthsystem.org/palliative-care/?y_source=1_OTg1NDc0NS03MTUtbG9jYXRpb24ud2Vic2l0ZQ%3D%3D,+1 574-647-3050,Permanently closed,,https://streetviewpixels-pa.googleapis.com/v1/thumbnail?panoid=373RtdKrlIxUnfNT-K6ORg&cb_client=search.gws-prod.gps&w=408&h=240&yaw=16.425209&pitch=0&thumbfov=100,true,,,,,,,,"https://www.google.com/maps/search/Hospice+clinics+in+Walkerton+South+Bend+IN/@41.6763545,-86.2519898,14z",2025-09-18T00:04:11.366Z,
https://www.google.com/maps/place/The+Francis+House/data=!4m7!3m6!1s0x8816d15b0fd48017:0x9ddf87e4eb82eafe!8m2!3d41.737773!4d-86.159378!16s%2Fg%2F11mcx2j4v3!19sChIJF4DUD1vRFogR_uqC6-SH350,The Francis House,5.0,1,Home health care service,"52065 N Fir Rd, Granger, IN 46530, United States","PRQR+46 Granger, Indiana, USA",https://www.epicfrancishouse.com/,+1 574-318-4822,Open 24 hours,,https://lh3.googleusercontent.com/p/AF1QipN-KpDaEgaA_EdoG5J_0IuH2jEifky-DyAtjzyn=w408-h306-k-no,true,Open 24 hours,Open 24 hours,Open 24 hours,Open 24 hours,Open 24 hours,Open 24 hours,Open 24 hours,"https://www.google.com/maps/search/Hospice+clinics+in+Culver+South+Bend+IN/@41.6763545,-86.2519898,14z",2025-09-18T00:04:30.623Z,
https://www.google.com/maps/place/Firefly+Home+Care+LLC/data=!4m7!3m6!1s0x8816cd9e55b58817:0x4c43a8c82a645a3a!8m2!3d41.693283!4d-86.2287463!16s%2Fg%2F11h1dp5tlv!19sChIJF4i1VZ7NFogROlpkKsioQ0w,Firefly Home Care LLC,4.7,15,Home health care service,"1400 E Angela Blvd Suite 239B, South Bend, IN 46617, United States","MQVC+8G South Bend, Indiana, USA",https://fireflyhomecare.com/,+1 574-830-6121,,,https://streetviewpixels-pa.googleapis.com/v1/thumbnail?panoid=FXl98YXXeg0KCz7UxcBRog&cb_client=search.gws-prod.gps&w=408&h=240&yaw=305.8649&pitch=0&thumbfov=100,true,,,,,,,,"https://www.google.com/maps/search/Hospice+clinics+in+South+Whitley+South+Bend+IN/@41.6763545,-86.2519898,14z",2025-09-18T00:04:56.915Z,
https://www.google.com/maps/place/West+Bend+Nursing+and+Rehabilitation/data=!4m7!3m6!1s0x88113245d30af6bf:0x94f0b793766fa90b!8m2!3d41.673545!4d-86.311595!16s%2Fg%2F1tgf8cxh!19sChIJv_YK00UyEYgRC6lvdpO38JQ,West Bend Nursing and Rehabilitation,3.4,59,Nursing home,"4600 W Washington St, South Bend, IN 46619, United States","MMFQ+C9 South Bend, Indiana, USA",https://asccare.com/community/west-bend-nursing-rehabilitation/,+1 574-282-1294,Open 24 hours,,https://lh3.googleusercontent.com/p/AF1QipPLxiJnXHG0nyegwtG4yPHbBuGWvrQTJaqzm6Gw=w408-h272-k-no,true,Open 24 hours,Open 24 hours,Open 24 hours,Open 24 hours,Open 24 hours,Open 24 hours,Open 24 hours,"https://www.google.com/maps/search/Hospice+clinics+in+South+Whitley+South+Bend+IN/@41.6763545,-86.2519898,14z",2025-09-18T00:05:05.880Z,
"https://www.google.com/maps/place/Parkview+Hospice/@41.4515019,-85.296929,17z/data=!3m1!4b1!4m6!3m5!1s0x88166b5f30d6b411:0x8b8513026ae7e51a!8m2!3d41.4515019!4d-85.296929!16s%2Fg%2F11w9xtwmbg",Parkview Hospice,1.0,1,Medical clinic,"1836 Ida Red Rd, Kendallville, IN 46755, United States","FP23+J6 Kendallville, Indiana, USA",https://www.parkview.com/medical-services/hospice-care?y_source=1_MTA2NjY0NzEyNi03MTUtbG9jYXRpb24ud2Vic2l0ZQ%3D%3D,+1 260-347-8910,,,,true,,,,,,,,"https://www.google.com/maps/search/Hospice+clinics+in+Kendallville+South+Bend+IN/@41.6763545,-86.2519898,14z",2025-09-18T00:05:26.636Z,
,,,,,,,,,,,,,,,,,,,,"https://www.google.com/maps/search/Hospice+clinics+in+Rolling+Prairie+South+Bend+IN/@41.6763545,-86.2519898,14z",2025-09-18T00:05:56.909Z,No new results found