placeUrl,title,rating,reviewCount,category,address,plusCode,website,phoneNumber,currentStatus,imgUrl,isClaimed,wednesday,thursday,friday,saturday,sunday,monday,tuesday,query,timestamp,attributes,info,isBlackOwned,error
https://www.google.com/maps/place/Safe+Haven+Hospice/data=!4m7!3m6!1s0x88753967f77ca83d:0x6ff6f8cac21588b5!8m2!3d39.764749!4d-89.689311!16s%2Fg%2F11gnsgv9sb!19sChIJPah892c5dYgRtYgVwsr49m8,Safe Haven Hospice,4.7,13,Hospice,"1999 Wabash Ave #202, Springfield, IL 62704, United States","Q876+V7 Springfield, Illinois, USA",,+1 855-879-4096,Open 24 hours,https://streetviewpixels-pa.googleapis.com/v1/thumbnail?panoid=iSRHNVThpd1zoFBI98uVqA&cb_client=search.gws-prod.gps&w=408&h=240&yaw=93.018715&pitch=0&thumbfov=100,true,Open 24 hours,Open 24 hours,Open 24 hours,Open 24 hours,Open 24 hours,Open 24 hours,Open 24 hours,"https://www.google.com/maps/search/Hospice+clinics+in+Springfield+Springfield+IL/@39.8006593,-89.6449345,14z",2025-09-17T23:48:11.621Z,,,,
https://www.google.com/maps/place/Gentiva+Hospice/data=!4m7!3m6!1s0x887547629a721ae5:0x998772485040b71b!8m2!3d39.7872361!4d-89.708162!16s%2Fg%2F11fk1snz4p!19sChIJ5RpymmJHdYgRG7dAUEhyh5k,Gentiva Hospice,4.6,20,Hospice,"2815 Old Jacksonville Rd #202, Springfield, IL 62704, United States","Q7PR+VP Springfield, Illinois, USA",https://www.gentivahs.com/,+1 217-525-6200,Open 24 hours,https://lh3.googleusercontent.com/p/AF1QipOWpSu9-KUy19otDaqv-v-qci0F2O-dBJtzDvuZ=w426-h240-k-no,true,Open 24 hours,Open 24 hours,Open 24 hours,Open 24 hours,Open 24 hours,Open 24 hours,Open 24 hours,"https://www.google.com/maps/search/Hospice+clinics+in+Springfield+Springfield+IL/@39.8006593,-89.6449345,14z",2025-09-17T23:48:17.287Z,,,,
https://www.google.com/maps/place/Memorial+Home+Services/data=!4m7!3m6!1s0x887539d399cc1611:0x54cfecda9b420008!8m2!3d39.808283!4d-89.6529783!16s%2Fg%2F1tnpg5ny!19sChIJERbMmdM5dYgRCABCm9rsz1Q,Memorial Home Services,4.4,8,Hospice,"644 N 2nd St, Springfield, IL 62702, United States","R85W+8R Springfield, Illinois, USA",https://memorial.health/medical-services/memorial-home-care/home-hospice-care/palliative-care,+1 800-582-8667,Closed ⋅ Opens 8 am Thu,https://lh3.googleusercontent.com/gps-cs-s/AC9h4npigip6KLMJIoFcHikjCNU4lI05rjUOXkeRR8_HAla_RI95nfWKWmCtkTpAxiIvAYNMxln-LiScGX2iG-7yxZ9UZKKxiw_xdhbTt6K36Xon43IhfKHzLoPBatwHF_enJwL1aQEU=w408-h253-k-no,false,8 am–5 pm,8 am–5 pm,8 am–5 pm,9 am–1 pm,Closed,8 am–5 pm,8 am–5 pm,"https://www.google.com/maps/search/Hospice+clinics+in+Springfield+Springfield+IL/@39.8006593,-89.6449345,14z",2025-09-17T23:48:22.780Z,,,,
https://www.google.com/maps/place/Elara+Caring/data=!4m7!3m6!1s0x8875478beebb8f23:0x25bbf8bd3d331cd6!8m2!3d39.7587736!4d-89.6099983!16s%2Fg%2F11cn69dprd!19sChIJI4-77otHdYgR1hwzPb34uyU,Elara Caring,3.3,20,Hospice,"3085 Adlai Stevenson Dr Ste. 200A, Springfield, IL 62703, United States","Q95R+G2 Springfield, Illinois, USA",https://elara.com/locations/springfield-il/,+1 217-210-8457,Open 24 hours,https://streetviewpixels-pa.googleapis.com/v1/thumbnail?panoid=CEoGUdEcsxC9CIUiETJWmQ&cb_client=search.gws-prod.gps&w=408&h=240&yaw=188.76459&pitch=0&thumbfov=100,true,Open 24 hours,Open 24 hours,Open 24 hours,Open 24 hours,Open 24 hours,Open 24 hours,Open 24 hours,"https://www.google.com/maps/search/Hospice+clinics+in+Springfield+Springfield+IL/@39.8006593,-89.6449345,14z",2025-09-17T23:48:27.770Z,,,,
https://www.google.com/maps/place/Hands+of+God+Hospice/data=!4m7!3m6!1s0x88753764000fffff:0xce105cde029ea5b3!8m2!3d39.8214059!4d-89.6487347!16s%2Fg%2F11l5tmd_w5!19sChIJ__8PAGQ3dYgRs6WeAt5cEM4,Hands of God Hospice,5.0,3,,"1500 N 5th St, Springfield, IL 62702, United States","R9C2+HG Springfield, Illinois, USA",https://handsofgodhospice.com/contact-us,+1 217-284-9070,,https://streetviewpixels-pa.googleapis.com/v1/thumbnail?panoid=DmmgWUu10K1fSAx0-URbmQ&cb_client=search.gws-prod.gps&w=408&h=240&yaw=84.32387&pitch=0&thumbfov=100,false,,,,,,,,"https://www.google.com/maps/search/Hospice+clinics+in+Springfield+Springfield+IL/@39.8006593,-89.6449345,14z",2025-09-17T23:48:30.328Z,,,,
https://www.google.com/maps/place/Heartland+Hospice/data=!4m7!3m6!1s0x887539c21e7598d3:0x47cf9382c50f9453!8m2!3d39.7647486!4d-89.689311!16s%2Fg%2F11scpg27hf!19sChIJ05h1HsI5dYgRU5QPxYKTz0c,Heartland Hospice,4.0,8,Hospice,"1999 Wabash Ave Suite 105, Springfield, IL 62704, United States","Q876+V7 Springfield, Illinois, USA",http://heartlandhospice.com/,+1 217-361-0234,Open 24 hours,https://lh3.googleusercontent.com/p/AF1QipOyOIoHMk0lfI9V9M_LPgn88DXkR7NlEtxZViW_=w426-h240-k-no,true,Open 24 hours,Open 24 hours,Open 24 hours,Open 24 hours,Open 24 hours,Open 24 hours,Open 24 hours,"https://www.google.com/maps/search/Hospice+clinics+in+Springfield+Springfield+IL/@39.8006593,-89.6449345,14z",2025-09-17T23:48:35.353Z,,,,
https://www.google.com/maps/place/Enhabit+Hospice+-+Springfield/data=!4m7!3m6!1s0x887539dc1cd96627:0x7ef3e7f0a72a1139!8m2!3d39.7616568!4d-89.6440175!16s%2Fg%2F11vjx4z5zn!19sChIJJ2bZHNw5dYgROREqp_Dn834,Enhabit Hospice - Springfield,,,Hospice,"2970 Baker Dr Suite B, Springfield, IL 62703, United States","Q964+M9 Springfield, Illinois, USA",https://www.ehab.com/?utm_source=gmb&utm_medium=chatmeter,+1 447-442-1237,"Open 24 hours

Confirmed by this business 5 weeks ago",https://lh3.googleusercontent.com/p/AF1QipN5y6QBTIPnel3BxKxxqcq7ddLFsM7t0ehavewb=w528-h240-k-no,true,Open 24 hours,Open 24 hours,Open 24 hours,Open 24 hours,Open 24 hours,Open 24 hours,Open 24 hours,"https://www.google.com/maps/search/Hospice+clinics+in+Springfield+Springfield+IL/@39.8006593,-89.6449345,14z",2025-09-17T23:48:40.270Z,,,,
https://www.google.com/maps/place/Transitions+Care+Springfield/data=!4m7!3m6!1s0x887547d9f927bae3:0xe09c2e98aa22ad47!8m2!3d39.7500475!4d-89.7171571!16s%2Fg%2F11qb8pwk0y!19sChIJ47on-dlHdYgRR60iqpgunOA,Transitions Care Springfield,4.1,12,Home health care service,"3430 Constitution Dr Suite 113 # C, Springfield, IL 62711, United States","Q72M+24 Springfield, Illinois, USA",https://transitionscare.com/,+1 877-726-6494,Open 24 hours,https://streetviewpixels-pa.googleapis.com/v1/thumbnail?panoid=huUF-tgfsA1WW-QMZqlsog&cb_client=search.gws-prod.gps&w=408&h=240&yaw=90.682465&pitch=0&thumbfov=100,true,Open 24 hours,Open 24 hours,Open 24 hours,Open 24 hours,Open 24 hours,Open 24 hours,Open 24 hours,"https://www.google.com/maps/search/Hospice+clinics+in+Springfield+Springfield+IL/@39.8006593,-89.6449345,14z",2025-09-17T23:48:45.321Z,,,,
https://www.google.com/maps/place/Illinois+Home+Care+%26+Hospice/data=!4m7!3m6!1s0x887539cf3ec74165:0xe394d5ec980ae60c!8m2!3d39.801555!4d-89.6546361!16s%2Fg%2F1tr9p54k!19sChIJZUHHPs85dYgRDOYKmOzVlOM,Illinois Home Care & Hospice,,,Hospice,"100 E Washington St, Springfield, IL 62701, United States","R82W+J4 Springfield, Illinois, USA",https://www.ilhomecare.org/,+1 217-753-4422,,https://streetviewpixels-pa.googleapis.com/v1/thumbnail?panoid=bLRuLqHlLriSC9afGPLjxg&cb_client=search.gws-prod.gps&w=408&h=240&yaw=189.1945&pitch=0&thumbfov=100,true,,,,,,,,"https://www.google.com/maps/search/Hospice+clinics+in+Springfield+Springfield+IL/@39.8006593,-89.6449345,14z",2025-09-17T23:48:48.066Z,,,,
https://www.google.com/maps/place/Moments+Hospice/data=!4m7!3m6!1s0x8875477f439045e3:0x98617fbf52f1aa1d!8m2!3d39.7757332!4d-89.7099397!16s%2Fg%2F11v747x83r!19sChIJ40WQQ39HdYgRHarxUr9_YZg,Moments Hospice,,,Hospice,"2131 West Oaks Drive Suite C, Springfield, IL 62704, United States","Q7GR+72 Springfield, Illinois, USA",https://momentshospice.com/,+1 217-401-4111,Open 24 hours,https://streetviewpixels-pa.googleapis.com/v1/thumbnail?panoid=tDifvPRK47zI1sRUrsniHg&cb_client=search.gws-prod.gps&w=408&h=240&yaw=238.85156&pitch=0&thumbfov=100,true,Open 24 hours,Open 24 hours,Open 24 hours,Open 24 hours,Open 24 hours,Open 24 hours,Open 24 hours,"https://www.google.com/maps/search/Hospice+clinics+in+Springfield+Springfield+IL/@39.8006593,-89.6449345,14z",2025-09-17T23:48:52.960Z,,,,
https://www.google.com/maps/place/Hospice+Care+of+Sangamon+County/data=!4m7!3m6!1s0x887539c51fa83317:0xae36f5ad6563f8d2!8m2!3d39.8045257!4d-89.6511876!16s%2Fg%2F11b_2w2jsr!19sChIJFzOoH8U5dYgR0vhjZa31Nq4,Hospice Care of Sangamon County,,,Health consultant,"Centrum Building, 319 E Madison St #3l, Springfield, IL 62701, United States","R83X+RG Springfield, Illinois, USA",,+1 217-241-2454,,https://streetviewpixels-pa.googleapis.com/v1/thumbnail?panoid=jWre4BPBij8Qc3lu4UuOew&cb_client=search.gws-prod.gps&w=408&h=240&yaw=18.413614&pitch=0&thumbfov=100,false,,,,,,,,"https://www.google.com/maps/search/Hospice+clinics+in+Springfield+Springfield+IL/@39.8006593,-89.6449345,14z",2025-09-17T23:48:55.649Z,,,,
https://www.google.com/maps/place/Memorial+Care+in+Chatham/data=!4m7!3m6!1s0x887540796bffba8b:0x89303cc227bf0616!8m2!3d39.686478!4d-89.703688!16s%2Fg%2F11b7g0ryg1!19sChIJi7r_a3lAdYgRFga_J8I8MIk,Memorial Care in Chatham,3.5,23,Medical clinic,"101 Plummer Blvd, Chatham, IL 62629, United States","M7PW+HG Chatham, Illinois, USA",https://memorial.health/memorial-care-in-chatham/overview?y_source=1_MTU0MzQ4ODktNzE1LWxvY2F0aW9uLndlYnNpdGU%3D,+1 217-483-3487,"Closed ⋅ Opens 7 am Thu

Confirmed by this business 8 weeks ago",https://lh3.googleusercontent.com/p/AF1QipN_EFc0J7Zcaydj-bcQMGwjPDonZKM7_mBVy9DW=w408-h272-k-no,true,7 am–4:30 pm,7 am–4:30 pm,7 am–4:30 pm,Closed,Closed,7 am–4:30 pm,7 am–4:30 pm,"https://www.google.com/maps/search/Hospice+clinics+in+Chatham+Springfield+IL/@39.6732774,-89.6647197,14z",2025-09-17T23:49:10.687Z,,,,
https://www.google.com/maps/place/HSHS+St.+John%27s+Hospital/data=!4m7!3m6!1s0x887539dd69e9fcd7:0x53367ba7aeafb6ce!8m2!3d39.8060875!4d-89.6453183!16s%2Fm%2F04g37wg!19sChIJ1_zpad05dYgRzravrqd7NlM,HSHS St. John's Hospital,3.4,510,Hospital,"800 E Carpenter St, Springfield, IL 62769, United States","R943+CV Springfield, Illinois, USA",https://www.hshs.org/st-johns?utm_campaign=ent-local-listing&utm_medium=local-listing&utm_source=gmb,+1 217-544-6464,Open 24 hours,https://lh3.googleusercontent.com/p/AF1QipNo88xgdjCXmayrkNU_zdBhzQxC3UiAp4390ar0=w426-h240-k-no,true,Open 24 hours,Open 24 hours,Open 24 hours,Open 24 hours,Open 24 hours,Open 24 hours,Open 24 hours,"https://www.google.com/maps/search/Hospice+clinics+in+Chatham+Springfield+IL/@39.6732774,-89.6647197,14z",2025-09-17T23:49:15.881Z,,,,
https://www.google.com/maps/place/Regency+Care/data=!4m7!3m6!1s0x88753811f0820833:0xe090ddce9e4c36a5!8m2!3d39.8007397!4d-89.6912785!16s%2Fg%2F1vl9s7dm!19sChIJMwiC8BE4dYgRpTZMns7dkOA,Regency Care,3.4,14,Nursing home,"2120 W Washington St, Springfield, IL 62704, United States","R825+7F Springfield, Illinois, USA",https://heritageofcare.com/regency/,+1 217-793-4880,Open 24 hours,https://lh3.googleusercontent.com/p/AF1QipMuJKAYqFAIq396_vnBtQgBIetGajkBlyI9lUyE=w408-h272-k-no,true,Open 24 hours,Open 24 hours,Open 24 hours,Open 24 hours,Open 24 hours,Open 24 hours,Open 24 hours,"https://www.google.com/maps/search/Hospice+clinics+in+Chatham+Springfield+IL/@39.6732774,-89.6647197,14z",2025-09-17T23:49:20.710Z,,,,
https://www.google.com/maps/place/Memorial+Care+Urgent+Care+in+Chatham/data=!4m7!3m6!1s0x887540793e8f280b:0x29ddd7e1df0d1b90!8m2!3d39.6864608!4d-89.7037027!16s%2Fg%2F11c7038p8d!19sChIJCyiPPnlAdYgRkBsN3-HX3Sk,Memorial Care Urgent Care in Chatham,2.4,49,Urgent care center,"101 Plummer Blvd, Chatham, IL 62629, United States","M7PW+HG Chatham, Illinois, USA",https://memorial.health/memorial-care-chatham-urgent-care/overview?y_source=1_Mjg5MTMzMDQtNzE1LWxvY2F0aW9uLndlYnNpdGU%3D,+1 217-588-2600,"Open ⋅ Closes 8 pm

Confirmed by this business 8 weeks ago",https://streetviewpixels-pa.googleapis.com/v1/thumbnail?panoid=3jocG--2GQPmzi-KUhqAyg&cb_client=search.gws-prod.gps&w=408&h=240&yaw=42.077408&pitch=0&thumbfov=100,true,8 am–8 pm,8 am–8 pm,8 am–8 pm,8 am–8 pm,8 am–8 pm,8 am–8 pm,8 am–8 pm,"https://www.google.com/maps/search/Hospice+clinics+in+Chatham+Springfield+IL/@39.6732774,-89.6647197,14z",2025-09-17T23:49:25.587Z,,,,
https://www.google.com/maps/place/Elara+Caring/data=!4m7!3m6!1s0x887539219be125f3:0xa8ed31fa8ffc1700!8m2!3d39.7646831!4d-89.6892612!16s%2Fg%2F11m6m7mtjl!19sChIJ8yXhmyE5dYgRABf8j_ox7ag,Elara Caring,,,Home health care service,"1999 Wabash Ave #103, Springfield, IL 62704, United States","Q876+V7 Springfield, Illinois, USA",https://elara.com/locations/springfield-il/,+1 217-718-4889,Open 24 hours,https://streetviewpixels-pa.googleapis.com/v1/thumbnail?panoid=BVi-ZAGgmOeVuR5RY4Oscg&cb_client=search.gws-prod.gps&w=408&h=240&yaw=272.85712&pitch=0&thumbfov=100,true,Open 24 hours,Open 24 hours,Open 24 hours,Open 24 hours,Open 24 hours,Open 24 hours,Open 24 hours,"https://www.google.com/maps/search/Hospice+clinics+in+Chatham+Springfield+IL/@39.6732774,-89.6647197,14z",2025-09-17T23:49:30.428Z,,,,
https://www.google.com/maps/place/The+Village+Veterinarian/data=!4m7!3m6!1s0x887540742207007d:0xfc31c2b747360991!8m2!3d39.6769592!4d-89.7042885!16s%2Fg%2F1tgyxgdh!19sChIJfQAHInRAdYgRkQk2R7fCMfw,The Village Veterinarian,4.9,114,Animal hospital,"306 N Main, Chatham, IL 62629, United States","M7GW+Q7 Chatham, Illinois, USA",https://thevillageveterinarian.com/,+1 217-483-6000,Closed ⋅ Opens 8:30 am Thu,https://lh3.googleusercontent.com/p/AF1QipPxTUHvXMFvce22XaYNBt-hqkQ2yVlQBIU7-J8U=w408-h556-k-no,true,8:30 am–5 pm,8:30 am–5 pm,8:30 am–5 pm,Closed,Closed,8:30 am–5 pm,8:30 am–5 pm,"https://www.google.com/maps/search/Hospice+clinics+in+Chatham+Springfield+IL/@39.6732774,-89.6647197,14z",2025-09-17T23:49:35.447Z,,,,
https://www.google.com/maps/place/HSHS+Medical+Group+Pediatrics+Specialty+Clinic+-+Chatham/data=!4m7!3m6!1s0x887541c7cbafc0a3:0x7869bf4d49029252!8m2!3d39.6869634!4d-89.7026137!16s%2Fg%2F11kl604nk8!19sChIJo8Cvy8dBdYgRUpICSU2_aXg,HSHS Medical Group Pediatrics Specialty Clinic - Chatham,5.0,1,Pediatrician,"125 Plummer Blvd Suite A, Chatham, IL 62629, United States","M7PW+QX Chatham, Illinois, USA",https://www.hshs.org/medical-group/hshs-medical-group-pediatrics-specialty-clinic-chatham?utm_campaign=ent-local-listing&utm_medium=local-listing&utm_source=gmb,+1 217-241-1295,Closed ⋅ Opens 1 pm Thu,https://lh3.googleusercontent.com/p/AF1QipPAYfws4QWVl2REdBIk9hy-1tku54cIxPjPgwpL=w425-h240-k-no,true,Closed,1–5 pm,Closed,Closed,Closed,Closed,Closed,"https://www.google.com/maps/search/Hospice+clinics+in+Chatham+Springfield+IL/@39.6732774,-89.6647197,14z",2025-09-17T23:49:40.268Z,,,,
https://www.google.com/maps/place/Butler+Funeral+Home+%26+Cremation+Tribute+Center-Chatham/data=!4m7!3m6!1s0x8875400da28a8e07:0x86b4d6f32a4ba54c!8m2!3d39.6712414!4d-89.7069874!16s%2Fg%2F1tkb5vzx!19sChIJB46Kog1AdYgRTKVLKvPWtIY,Butler Funeral Home & Cremation Tribute Center-Chatham,4.7,6,Funeral home,"8855 State Rte 4, Chatham, IL 62629, United States","M7CV+F6 Chatham, Illinois, USA",https://www.dignitymemorial.com/funeral-homes/illinois/chatham/butler-funeral-home-cremation-tribute-center-chatham/3494?utm_source=google_my_business&utm_medium=organic,+1 217-483-9292,Open 24 hours,https://lh3.googleusercontent.com/p/AF1QipODtdUx-D0SGmIVzX5XrXkIiu_GmUGhvUVQh1cO=w408-h272-k-no,true,Open 24 hours,Open 24 hours,Open 24 hours,Open 24 hours,Open 24 hours,Open 24 hours,Open 24 hours,"https://www.google.com/maps/search/Hospice+clinics+in+Chatham+Springfield+IL/@39.6732774,-89.6647197,14z",2025-09-17T23:49:45.625Z,,,,
https://www.google.com/maps/place/Mill+Creek+Alzheimer%27s+Special+Care+Center/data=!4m7!3m6!1s0x88754773edb008f3:0x73ca7498fbb1696!8m2!3d39.769504!4d-89.718993!16s%2Fg%2F1vd721_n!19sChIJ8wiw7XNHdYgRlha7j0mnPAc,Mill Creek Alzheimer's Special Care Center,4.9,15,Assisted living facility,"3319 Ginger Creek Dr, Springfield, IL 62711, United States","Q79J+RC Springfield, Illinois, USA",https://sinceriseniorliving.com/mill-creek/,+1 217-726-7900,Closed ⋅ Opens 9 am Thu,https://lh3.googleusercontent.com/p/AF1QipPnkRbjI-20vKvrFeRdamiG4hdR9pAVGHvTici8=w408-h271-k-no,true,9 am–5 pm,9 am–5 pm,9 am–5 pm,9 am–5 pm,9 am–5 pm,9 am–5 pm,9 am–5 pm,"https://www.google.com/maps/search/Hospice+clinics+in+Chatham+Springfield+IL/@39.6732774,-89.6647197,14z",2025-09-17T23:49:50.530Z,,,,
https://www.google.com/maps/place/Sullivan+Chiropractic+Center/data=!4m7!3m6!1s0x887540798430ff25:0x3e47bf7077382c06!8m2!3d39.687226!4d-89.7052327!16s%2Fg%2F1tfjx0p0!19sChIJJf8whHlAdYgRBiw4d3C_Rz4,Sullivan Chiropractic Center,5.0,7,Chiropractor,"1209 N Main Ste B, Chatham, IL 62629, United States","M7PV+VW Chatham, Illinois, USA",https://www.jones-chiropractic.com/the-practice,+1 217-483-2207,Closed ⋅ Opens 5:30 am Fri,https://streetviewpixels-pa.googleapis.com/v1/thumbnail?panoid=0t6PtIYLMuNLapu5jFwcCw&cb_client=search.gws-prod.gps&w=408&h=240&yaw=264.47626&pitch=0&thumbfov=100,true,5:30 am–12 pm,Closed,"5:30–11 am, 1–2:30 pm",Closed,Closed,"5:30–11 am, 1–6 pm","5:30 am–12 pm, 4–6:30 pm","https://www.google.com/maps/search/Hospice+clinics+in+Chatham+Springfield+IL/@39.6732774,-89.6647197,14z",2025-09-17T23:49:55.511Z,,,,
https://www.google.com/maps/place/HSHS+Home+Care+%26+Hospice+Southern+Illinois/data=!4m7!3m6!1s0x887603394ec1aa3d:0x2f140694585f66e0!8m2!3d38.9019836!4d-89.4095876!16s%2Fg%2F11fmqbzfm8!19sChIJParBTjkDdogR4GZfWJQGFC8,HSHS Home Care & Hospice Southern Illinois,2.0,4,Hospice,"150 Health Care Dr, Greenville, IL 62246, United States","WH2R+Q5 Greenville, Illinois, USA",http://www.hshshomecare.org/,+1 800-551-6566,Open 24 hours,https://lh3.googleusercontent.com/p/AF1QipP2kbBnPY0tnT8ei__Xr5Mr4U84FXtWwP4s2IdN=w408-h408-k-no,false,Open 24 hours,Open 24 hours,Open 24 hours,Open 24 hours,Open 24 hours,Open 24 hours,Open 24 hours,"https://www.google.com/maps/search/Hospice+clinics+in+Chatham+Springfield+IL/@39.6732774,-89.6647197,14z",2025-09-17T23:50:00.688Z,,,,
https://www.google.com/maps/place/Springfield+Memorial+Hospital/data=!4m7!3m6!1s0x887539d0e818585d:0x6aa14e51f847982d!8m2!3d39.809223!4d-89.6554137!16s%2Fg%2F1th0z321!19sChIJXVgY6NA5dYgRLZhH-FFOoWo,Springfield Memorial Hospital,2.7,402,Medical Center,"701 N 1st St, Springfield, IL 62781, United States","R85V+MR Springfield, Illinois, USA",https://www.memorial.health/springfield-memorial-hospital/overview?y_source=1_MTU0MzQ4NjAtNzE1LWxvY2F0aW9uLndlYnNpdGU%3D,+1 217-788-3000,,https://lh3.googleusercontent.com/gps-cs-s/AC9h4nqF8JYx2FfZP8_EP4ZMwoy8Bl0liT1NxUb-0lbekkhxHhm9khgabTBax17W3sflmWPgGJA35nw73fz_o-K9DRPZ1Wg1PS_WaBfi0xerH-7PQOjEIwcLIpMTleZ-M8ghcVycEBuIUA=w408-h305-k-no,true,Open 24 hours,Open 24 hours,Open 24 hours,Open 24 hours,Open 24 hours,Open 24 hours,Open 24 hours,"https://www.google.com/maps/search/Hospice+clinics+in+Chatham+Springfield+IL/@39.6732774,-89.6647197,14z",2025-09-17T23:50:05.644Z,,,,
https://www.google.com/maps/place/Memorial+Home+Medical+Supply/data=!4m7!3m6!1s0x887539da874a36bb:0x8011cfba034c9644!8m2!3d39.8085229!4d-89.6527232!16s%2Fg%2F1tfv5wnc!19sChIJuzZKh9o5dYgRRJZMA7rPEYA,Memorial Home Medical Supply,2.6,59,Medical supply store,"644 N 2nd St, Springfield, IL 62702, United States","R85W+CW Springfield, Illinois, USA",https://memorial.health/medical-services/memorial-home-care/medical-home-supply?y_source=1_MTU0MzQ4NzctNzE1LWxvY2F0aW9uLndlYnNpdGU%3D,+1 217-788-4663,Closed ⋅ Opens 8 am Thu,https://streetviewpixels-pa.googleapis.com/v1/thumbnail?panoid=5L6xHKcgLPcGU-JoE2ayVg&cb_client=search.gws-prod.gps&w=408&h=240&yaw=69.85313&pitch=0&thumbfov=100,true,8 am–5 pm,8 am–5 pm,8 am–5 pm,Closed,Closed,8 am–5 pm,8 am–5 pm,"https://www.google.com/maps/search/Hospice+clinics+in+Chatham+Springfield+IL/@39.6732774,-89.6647197,14z",2025-09-17T23:50:10.681Z,· Kerbside pickup · Delivery,,,
https://www.google.com/maps/place/HSHS+Home+Care+Central+Illinois/data=!4m7!3m6!1s0x8875479ce292d797:0x73f537224678382d!8m2!3d39.645476!4d-89.618307!16s%2Fg%2F11fmxpv8l2!19sChIJl9eS4pxHdYgRLTh4RiI39XM,HSHS Home Care Central Illinois,1.0,4,Home health care service,,,,+1 217-525-5641,Closed ⋅ Opens 8:30 am Thu,https://lh3.googleusercontent.com/p/AF1QipNFMUr0GJuCY12R5ryPGn967YCJyM9ZneEwnK9B=w408-h266-k-no,true,8:30 am–4:30 pm,8:30 am–4:30 pm,8:30 am–4:30 pm,Closed,Closed,8:30 am–4:30 pm,8:30 am–4:30 pm,"https://www.google.com/maps/search/Hospice+clinics+in+Chatham+Springfield+IL/@39.6732774,-89.6647197,14z",2025-09-17T23:50:15.552Z,,,,
https://www.google.com/maps/place/HSHS+Home+Care+Illinois/data=!4m7!3m6!1s0x8873974975f2cb89:0xacea4ab010561136!8m2!3d39.1284321!4d-88.5531328!16s%2Fg%2F11dz_2gv4g!19sChIJicvydUmXc4gRNhFWELBK6qw,HSHS Home Care Illinois,5.0,3,Home health care service,"900 W Temple Ave Building A, Suite 101, Effingham, IL 62401, United States","4CHW+9P Effingham, Illinois, USA",https://www.hshs.org/services/home-health?utm_campaign=ent-local-listing&utm_medium=local-listing&utm_source=gmb,+1 800-551-6566,Open 24 hours,https://lh3.googleusercontent.com/p/AF1QipO7zdHZhY4qMHj96B6ClVsPaFDl32ysGPZNS-lU=w408-h262-k-no,true,Open 24 hours,Open 24 hours,Open 24 hours,Open 24 hours,Open 24 hours,Open 24 hours,Open 24 hours,"https://www.google.com/maps/search/Hospice+clinics+in+Chatham+Springfield+IL/@39.6732774,-89.6647197,14z",2025-09-17T23:50:20.353Z,,,,
https://www.google.com/maps/place/Centennial+Pointe+Senior+Living/data=!4m7!3m6!1s0x8875476d43891b0f:0x7d05f394d9e53365!8m2!3d39.7627722!4d-89.7202985!16s%2Fg%2F11b7yybmqp!19sChIJDxuJQ21HdYgRZTPl2ZTzBX0,Centennial Pointe Senior Living,4.3,11,Assisted living facility,"3440 Hedley Rd, Springfield, IL 62711, United States","Q77H+4V Springfield, Illinois, USA",https://www.americareusa.net/senior-living/il/springfield/centennial-pointe/,+1 217-546-9301,Open 24 hours,https://lh3.googleusercontent.com/p/AF1QipPPxsIn0eMN6fIwLR0QHLXdHySRDupEaQCuEUyq=w408-h242-k-no,true,Open 24 hours,Open 24 hours,Open 24 hours,Open 24 hours,Open 24 hours,Open 24 hours,Open 24 hours,"https://www.google.com/maps/search/Hospice+clinics+in+Chatham+Springfield+IL/@39.6732774,-89.6647197,14z",2025-09-17T23:50:25.380Z,,,,
https://www.google.com/maps/place/Baylis+Medical+Building/data=!4m7!3m6!1s0x887539d16f1bdee3:0x3d029b1aae54ebc5!8m2!3d39.809415!4d-89.658747!16s%2Fg%2F1pxwq33k6!19sChIJ494bb9E5dYgRxetUrhqbAj0,Baylis Medical Building,4.4,45,Medical clinic,"747 N Rutledge St, Springfield, IL 62701, United States","R85R+QG Springfield, Illinois, USA",https://www.memorial.health/?y_source=1_MTU0MzQ5NTQtNzE1LWxvY2F0aW9uLndlYnNpdGU%3D,+1 217-788-3000,Open ⋅ Closes 8 pm,https://lh3.googleusercontent.com/gps-cs-s/AC9h4npSplo0synWjQBBYBMpo7KhsJbbKyiuMhio50XwqiMrfsHRNB84BCyukBlDKd_QcVqvC4_FZaRRLVDvnbShZoG9VG3KxPNDRJmwjKHrvh5f2xpHikB6MXR-8v_iU0LVn8ve2V0bBQ=w408-h305-k-no,true,6:30 am–8 pm,6:30 am–8 pm,6:30 am–8 pm,Closed,Closed,6:30 am–8 pm,6:30 am–8 pm,"https://www.google.com/maps/search/Hospice+clinics+in+Chatham+Springfield+IL/@39.6732774,-89.6647197,14z",2025-09-17T23:50:30.557Z,,,,
https://www.google.com/maps/place/Memorial+Care+on+Koke+Mill/data=!4m7!3m6!1s0x88754799f8c4c845:0x68fa8508c3f92904!8m2!3d39.7850206!4d-89.7146609!16s%2Fg%2F11dxl58w21!19sChIJRcjE-JlHdYgRBCn5wwiF-mg,Memorial Care on Koke Mill,2.6,39,Medical clinic,"3132 Old Jacksonville Rd, Springfield, IL 62704, United States","Q7PP+24 Springfield, Illinois, USA",https://memorial.health/memorial-care-on-koke-mill/overview?y_source=1_MTU0MzQ4NTctNzE1LWxvY2F0aW9uLndlYnNpdGU%3D,+1 217-862-0800,"Closed ⋅ Opens 7:30 am Thu

Confirmed by this business 8 weeks ago",https://lh3.googleusercontent.com/gps-cs-s/AC9h4nqedudIhTi3_h7l86ujE0A_JFDvTrp90qMCZgcJR3MoTVoN9SsvbypKzIcBVHz3ahH4s2cWhX4bjivvbMYYp-SEc71E_MOykTDOqZLCCWuxBIDUdZuGs_7T882GH6zTf_rkRhV4=w408-h306-k-no,true,7:30 am–5 pm,7:30 am–5 pm,7:30 am–5 pm,Closed,Closed,7:30 am–5 pm,7:30 am–5 pm,"https://www.google.com/maps/search/Hospice+clinics+in+Chatham+Springfield+IL/@39.6732774,-89.6647197,14z",2025-09-17T23:50:35.431Z,,,,
https://www.google.com/maps/place/SYNERGY+HomeCare/data=!4m7!3m6!1s0x8875476e6a7dbe53:0xc572782c2fcae264!8m2!3d39.7718314!4d-89.717032!16s%2Fg%2F11j3hccf5w!19sChIJU759am5HdYgRZOLKLyx4csU,SYNERGY HomeCare,5.0,260,Home health care service,"3259 W Iles Ave, Springfield, IL 62711, United States","Q7CM+P5 Springfield, Illinois, USA",https://synergyhomecare.com/il-springfield-62711/?utm_source=google&utm_medium=local&utm_campaign=localmaps&utm_content=1409522,+1 217-303-8555,Open 24 hours,https://lh3.googleusercontent.com/p/AF1QipPReYb1LFG22D1J3DhQOaPaJ0XBl4rrsOJfmR4=w546-h240-k-no,true,Open 24 hours,Open 24 hours,Open 24 hours,Open 24 hours,Open 24 hours,Open 24 hours,Open 24 hours,"https://www.google.com/maps/search/Hospice+clinics+in+Sherman+Springfield+IL/@39.8936608,-89.6048231,14z",2025-09-17T23:50:50.415Z,,,,
https://www.google.com/maps/place/Cornerstone+Caregiving/data=!4m7!3m6!1s0x8875476907fba867:0x4d57614b6e96084d!8m2!3d39.7434467!4d-89.7149122!16s%2Fg%2F11vkz8zv8h!19sChIJZ6j7B2lHdYgRTQiWbkthV00,Cornerstone Caregiving,5.0,5,Home health care service,"3171 Greenhead Dr Suite A, Springfield, IL 62711, United States","P7VP+92 Springfield, Illinois, USA",https://cornerstonecaregiving.com/locations/springfield-il/?utm_source=google&utm_medium=yext,+1 217-670-6361,Open 24 hours,https://streetviewpixels-pa.googleapis.com/v1/thumbnail?panoid=Lnejt-LWwFS9IDZN7yULhA&cb_client=search.gws-prod.gps&w=408&h=240&yaw=352.40555&pitch=0&thumbfov=100,true,Open 24 hours,Open 24 hours,Open 24 hours,Open 24 hours,Open 24 hours,Open 24 hours,Open 24 hours,"https://www.google.com/maps/search/Hospice+clinics+in+Sherman+Springfield+IL/@39.8936608,-89.6048231,14z",2025-09-17T23:50:55.451Z,,,,
https://www.google.com/maps/place/Springfield+Clinic+Urgent+Care+-+Sherman/data=!4m7!3m6!1s0x8875314334971a9d:0xc5c243a1a8efdc01!8m2!3d39.888202!4d-89.6095777!16s%2Fg%2F11c5sxvs5p!19sChIJnRqXNEMxdYgRAdzvqKFDwsU,Springfield Clinic Urgent Care - Sherman,4.8,465,Urgent care center,"400 St John Dr, Sherman, IL 62684, United States","V9QR+75 Sherman, Illinois, USA",https://www.springfieldclinic.com/our-locations/springfield-clinic-urgent-care-sherman,+1 217-247-9811,"Closed ⋅ Opens 8 am Thu

Confirmed by this business 9 weeks ago",https://lh3.googleusercontent.com/p/AF1QipMSMDTE9VgFTC-BudU7Lb3RqS5amGyy9pnyvVd6=w424-h240-k-no,true,8 am–6 pm,8 am–6 pm,8 am–6 pm,8 am–6 pm,8 am–6 pm,8 am–6 pm,8 am–6 pm,"https://www.google.com/maps/search/Hospice+clinics+in+Sherman+Springfield+IL/@39.8936608,-89.6048231,14z",2025-09-17T23:51:00.453Z,,,,
https://www.google.com/maps/place/Springfield+Clinic+Sherman+Rehabilitation+Services/data=!4m7!3m6!1s0x88753136459c985d:0x34eac13cdad72e68!8m2!3d39.8988915!4d-89.6026603!16s%2Fg%2F11gy8kchqw!19sChIJXZicRTYxdYgRaC7X2jzB6jQ,Springfield Clinic Sherman Rehabilitation Services,4.9,66,Medical clinic,"129 Illini Blvd, Sherman, IL 62684, United States","V9XW+HW Sherman, Illinois, USA",https://www.springfieldclinic.com/our-locations/springfield-clinic-sherman-rehabilitation-services,+1 217-496-3481,"Closed ⋅ Opens 7 am Thu

Confirmed by this business 9 weeks ago",https://lh3.googleusercontent.com/p/AF1QipNutm5nYvPhgfujdjmcMWRTe5meDNJ871-OA-LI=w424-h240-k-no,true,7 am–5:30 pm,7 am–5:30 pm,7 am–4:30 pm,Closed,Closed,7 am–5:30 pm,7 am–5:30 pm,"https://www.google.com/maps/search/Hospice+clinics+in+Sherman+Springfield+IL/@39.8936608,-89.6048231,14z",2025-09-17T23:51:05.541Z,,,,
https://www.google.com/maps/place/Visiting+Angels/data=!4m7!3m6!1s0x8875388578c00001:0x8fa179777c19f104!8m2!3d39.7690233!4d-89.6687296!16s%2Fg%2F11gg_v8gym!19sChIJAQDAeIU4dYgRBPEZfHd5oY8,Visiting Angels,4.8,54,Home health care service,"2731 S MacArthur Blvd #201, Springfield, IL 62704, United States","Q89J+JG Springfield, Illinois, USA",https://www.visitingangels.com/springfieldil/home?utm_source=gmb&utm_medium=organic&utm_campaign=local,+1 217-568-6308,Open 24 hours,https://lh3.googleusercontent.com/p/AF1QipMLVBkCEbVKFKu2XKSMxWywoMq8WC45qm6Xob2c=w408-h240-k-no,true,Open 24 hours,Open 24 hours,Open 24 hours,Open 24 hours,Open 24 hours,Open 24 hours,Open 24 hours,"https://www.google.com/maps/search/Hospice+clinics+in+Sherman+Springfield+IL/@39.8936608,-89.6048231,14z",2025-09-17T23:51:10.857Z,,,,
https://www.google.com/maps/place/HSHS+Medical+Group+Family+Medicine+-+Sherman/data=!4m7!3m6!1s0x887531efc13f9ad5:0x71e0b7920d3e5e79!8m2!3d39.8958782!4d-89.6013836!16s%2Fg%2F11ht1zjxpv!19sChIJ1Zo_we8xdYgReV4-DZK34HE,HSHS Medical Group Family Medicine - Sherman,1.0,1,Family practice physician,"2806 E Andrew Rd, Sherman, IL 62684, United States","V9WX+9C Sherman, Illinois, USA",https://www.hshs.org/medical-group/hshs-medical-group-family-medicine-sherman?utm_campaign=ent-local-listing&utm_medium=local-listing&utm_source=gmb,+1 217-483-1900,Closed ⋅ Opens 7:30 am Thu,https://streetviewpixels-pa.googleapis.com/v1/thumbnail?panoid=7yRH0Jy_OcHp_xN1rd-fqg&cb_client=search.gws-prod.gps&w=408&h=240&yaw=143.41347&pitch=0&thumbfov=100,true,7:30 am–4:30 pm,7:30 am–4:30 pm,7:30 am–4:30 pm,Closed,Closed,7:30 am–4:30 pm,7:30 am–4:30 pm,"https://www.google.com/maps/search/Hospice+clinics+in+Sherman+Springfield+IL/@39.8936608,-89.6048231,14z",2025-09-17T23:51:15.790Z,,,,
https://www.google.com/maps/place/Enhabit+Home+Health/data=!4m7!3m6!1s0x887539d226b4ce71:0x2f4c6493f9cf9fbe!8m2!3d39.7617375!4d-89.6440383!16s%2Fg%2F11h70ptt90!19sChIJcc60JtI5dYgRvp_P-ZNkTC8,Enhabit Home Health,3.0,4,Home health care service,"2970 Baker Dr, Springfield, IL 62703, United States","Q964+M9 Springfield, Illinois, USA",https://www.ehab.com/?utm_source=gmb&utm_medium=chatmeter,+1 217-542-7138,"Open 24 hours

Confirmed by this business 5 weeks ago",https://streetviewpixels-pa.googleapis.com/v1/thumbnail?panoid=N88LO6hOUeeUW1Z4-oJf6A&cb_client=search.gws-prod.gps&w=408&h=240&yaw=92.68286&pitch=0&thumbfov=100,true,Open 24 hours,Open 24 hours,Open 24 hours,Open 24 hours,Open 24 hours,Open 24 hours,Open 24 hours,"https://www.google.com/maps/search/Hospice+clinics+in+Sherman+Springfield+IL/@39.8936608,-89.6048231,14z",2025-09-17T23:51:20.736Z,,Identifies as women-owned,,
https://www.google.com/maps/place/Help+at+Home/data=!4m7!3m6!1s0x8875374930a1f07b:0x2e05f3d5a37f4b27!8m2!3d39.8036314!4d-89.6624436!16s%2Fg%2F1tddyj7r!19sChIJe_ChMEk3dYgRJ0t_o9XzBS4,Help at Home,2.8,33,Home health care service,"605 W Jefferson St Suite B, Springfield, IL 62702, United States","R83Q+F2 Springfield, Illinois, USA",https://www.helpathome.com/?utm_source=Google&utm_medium=Yext&y_source=1_MTU1Mzg4OTAtNzE1LWxvY2F0aW9uLndlYnNpdGU%3D,+1 217-753-0211,Closed ⋅ Opens 8 am Thu,https://streetviewpixels-pa.googleapis.com/v1/thumbnail?panoid=LsNkUVI6u9GB2m8-rO8Ezg&cb_client=search.gws-prod.gps&w=408&h=240&yaw=11.484608&pitch=0&thumbfov=100,true,8 am–5 pm,8 am–5 pm,8 am–5 pm,Closed,Closed,8 am–5 pm,8 am–5 pm,"https://www.google.com/maps/search/Hospice+clinics+in+Sherman+Springfield+IL/@39.8936608,-89.6048231,14z",2025-09-17T23:51:25.668Z,,,,
https://www.google.com/maps/place/Memorial+Learning+Center/data=!4m7!3m6!1s0x887539d19f058227:0x8ba17b19aee6a52a!8m2!3d39.808363!4d-89.657066!16s%2Fg%2F11clzh_3yn!19sChIJJ4IFn9E5dYgRKqXmrhl7oYs,Memorial Learning Center,4.9,15,Tutoring service,"228 W Miller St, Springfield, IL 62702, United States","R85V+85 Springfield, Illinois, USA",https://memorial.health/memorial-learning-center/overview?y_source=1_MjYxNjU4NjktNzE1LWxvY2F0aW9uLndlYnNpdGU%3D,+1 217-588-6254,Closed ⋅ Opens 6:30 am Thu,https://lh3.googleusercontent.com/gps-cs-s/AC9h4nr1Zx4OgEzgcpCxqj7XQtQVTr1E06Hpg4zolJ0xT0rznnz0poPenQctrWG7gmDdqccL1znst7GzTad94CJL6QByGvHI5GThVozqvwuX3FXZPeo6gPwoPyORjyvMGZW3KN1c-sc=w513-h240-k-no,true,6:30 am–6:30 pm,6:30 am–6:30 pm,6:30 am–6:30 pm,Closed,Closed,6:30 am–6:30 pm,6:30 am–6:30 pm,"https://www.google.com/maps/search/Hospice+clinics+in+Sherman+Springfield+IL/@39.8936608,-89.6048231,14z",2025-09-17T23:51:30.812Z,,,,
https://www.google.com/maps/place/Springfield+Clinic+Main+Campus+East/data=!4m7!3m6!1s0x887539a0d404ba89:0x83c26767c0ce912e!8m2!3d39.7910387!4d-89.6477529!16s%2Fg%2F11c37jmfh1!19sChIJiboE1KA5dYgRLpHOwGdnwoM,Springfield Clinic Main Campus East,4.8,712,Medical clinic,"1025 S 6th St, Springfield, IL 62703, United States","Q9R2+CV Springfield, Illinois, USA",https://www.springfieldclinic.com/our-locations/springfield-clinic-main-campus-east,+1 217-528-7541,"Closed ⋅ Opens 8 am Thu

Confirmed by this business 8 weeks ago",https://lh3.googleusercontent.com/p/AF1QipOv9KdcKZHVGv4ef3MHt-c6o9FbWHOpvLQVWAo=w424-h240-k-no,true,8 am–5 pm,8 am–5 pm,8 am–5 pm,Closed,Closed,8 am–5 pm,8 am–5 pm,"https://www.google.com/maps/search/Hospice+clinics+in+Sherman+Springfield+IL/@39.8936608,-89.6048231,14z",2025-09-17T23:51:35.908Z,,,,
https://www.google.com/maps/place/Springfield+Clinic+Wabash/data=!4m7!3m6!1s0x8875389ce7c6fb9f:0x9ead7d9cb55e5938!8m2!3d39.7636022!4d-89.6971106!16s%2Fg%2F1tc_rryt!19sChIJn_vG55w4dYgROFletZx9rZ4,Springfield Clinic Wabash,4.9,1417,Medical Center,"2200 Wabash Ave, Springfield, IL 62704, United States","Q873+C5 Springfield, Illinois, USA",https://www.springfieldclinic.com/our-locations/springfield-clinic-wabash,+1 217-960-8280,"Closed ⋅ Opens 8 am Thu

Confirmed by this business 8 weeks ago",https://lh3.googleusercontent.com/p/AF1QipOYVmw4yKmEeuDlydrUHP2VwiFawBil_vDluTDo=w424-h240-k-no,true,8 am–5 pm,8 am–5 pm,8 am–5 pm,Closed,Closed,8 am–5 pm,8 am–5 pm,"https://www.google.com/maps/search/Hospice+clinics+in+Sherman+Springfield+IL/@39.8936608,-89.6048231,14z",2025-09-17T23:51:41.049Z,,,,
https://www.google.com/maps/place/Memorial+Care+on+N.+Dirksen/data=!4m7!3m6!1s0x88753094b9b9ff4b:0x30b7e0acdb945348!8m2!3d39.8358496!4d-89.6026375!16s%2Fg%2F11c703d5yn!19sChIJS_-5uZQwdYgRSFOU26zgtzA,Memorial Care on N. Dirksen,2.0,13,Medical clinic,"3220 Atlanta St, Springfield, IL 62707, United States","R9PW+8W Springfield, Illinois, USA",https://memorial.health/memorial-care-on-n-dirksen/overview/?y_source=1_MTA1MDkyNzgxMC03MTUtbG9jYXRpb24ud2Vic2l0ZQ%3D%3D,+1 217-588-7400,"Closed ⋅ Opens 7:45 am Thu

Confirmed by this business 8 weeks ago",https://lh3.googleusercontent.com/p/AF1QipMOocNda4zUbpezN062BQMDFhOspsF4OlTlTGiu=w408-h271-k-no,true,7:45 am–4:30 pm,7:45 am–4:30 pm,7:45 am–4:30 pm,Closed,Closed,7:45 am–4:30 pm,7:45 am–4:30 pm,"https://www.google.com/maps/search/Hospice+clinics+in+Sherman+Springfield+IL/@39.8936608,-89.6048231,14z",2025-09-17T23:51:46.515Z,,,,
https://www.google.com/maps/place/HSHS+Medical+Group+Priority+Care+-+South+MacArthur/data=!4m7!3m6!1s0x8875393e049e24ef:0x77d99ae043781587!8m2!3d39.7801127!4d-89.6680412!16s%2Fg%2F1tk68fg6!19sChIJ7ySeBD45dYgRhxV4Q-Ca2Xc,HSHS Medical Group Priority Care - South MacArthur,2.9,80,Urgent care center,"1836 S MacArthur Blvd, Springfield, IL 62704, United States","Q8JJ+2Q Springfield, Illinois, USA",https://www.hshs.org/medical-group/hshs-medical-group-priority-care-s-macarthur?utm_campaign=ent-local-listing&utm_medium=local-listing&utm_source=gmb,+1 217-789-1403,Open ⋅ Closes 8 pm,https://lh3.googleusercontent.com/p/AF1QipMIPj5CkVrL7nh2Y0f8th6_umK5nO9rC9js7gw9=w426-h240-k-no,true,8 am–8 pm,8 am–8 pm,8 am–8 pm,8 am–8 pm,8 am–8 pm,8 am–8 pm,8 am–8 pm,"https://www.google.com/maps/search/Hospice+clinics+in+Sherman+Springfield+IL/@39.8936608,-89.6048231,14z",2025-09-17T23:51:51.403Z,,,,
https://www.google.com/maps/place/Addus+HomeCare/data=!4m7!3m6!1s0x88753bdee043c583:0x24709e8838f6dd31!8m2!3d39.7639032!4d-89.7191764!16s%2Fg%2F11bw150jtl!19sChIJg8VD4N47dYgRMd32OIiecCQ,Addus HomeCare,1.9,29,Home health care service,"3408 Hedley Rd, Springfield, IL 62711, United States","Q77J+H8 Springfield, Illinois, USA",https://addus.com/?y_source=1_MTI1NTg5OTUtNzE1LWxvY2F0aW9uLndlYnNpdGU%3D,+1 217-585-6693,Closed ⋅ Opens 8 am Thu,https://lh3.googleusercontent.com/gps-cs-s/AC9h4nrNbYjwgYEt_eRs0iHA_iWtrlegoInD_dHFJLP6nTZeYvwtn8to19g0P6ZkZ2QBKet6ORBxuQDQ1HTimVhxQcuBdLboNoKb5RQJGgsu_NaxaIGaTZ1mKl45yh1k15w4RulGkbyw=w408-h306-k-no,true,8 am–5 pm,8 am–5 pm,8 am–5 pm,Closed,Closed,8 am–5 pm,8 am–5 pm,"https://www.google.com/maps/search/Hospice+clinics+in+Sherman+Springfield+IL/@39.8936608,-89.6048231,14z",2025-09-17T23:51:56.546Z,,,,
https://www.google.com/maps/place/Springfield+Clinic+1st+-+900+Building/data=!4m7!3m6!1s0x887539431592428b:0x5b36fae845ee54d6!8m2!3d39.8109311!4d-89.6538307!16s%2Fg%2F11ff5b1t1v!19sChIJi0KSFUM5dYgR1lTuRej6Nls,Springfield Clinic 1st - 900 Building,4.9,512,Medical clinic,"900 N 1st St, Springfield, IL 62702, United States","R86W+9F Springfield, Illinois, USA",https://www.springfieldclinic.com/our-locations/springfield-clinic-1st-900-building,+1 217-528-7541,"Closed ⋅ Opens 8 am Thu

Confirmed by others 6 weeks ago",https://lh3.googleusercontent.com/p/AF1QipNg9ouZsEGIeV0qnuHRTA1_vLuZsYFVwe4D-Z0z=w424-h240-k-no,true,8 am–5 pm,8 am–5 pm,8 am–5 pm,Closed,Closed,8 am–5 pm,8 am–5 pm,"https://www.google.com/maps/search/Hospice+clinics+in+Sherman+Springfield+IL/@39.8936608,-89.6048231,14z",2025-09-17T23:52:01.810Z,,,,
https://www.google.com/maps/place/Springfield+Clinic+1st+-+800+Building/data=!4m7!3m6!1s0x887539d094d57691:0xbe2bba48e86fdd77!8m2!3d39.8099098!4d-89.6539993!16s%2Fg%2F1tjfb_zl!19sChIJkXbVlNA5dYgRd91v6Ei6K74,Springfield Clinic 1st - 800 Building,4.9,3977,Medical clinic,"800 N 1st St, Springfield, IL 62702, United States","R85W+XC Springfield, Illinois, USA",https://www.springfieldclinic.com/our-locations/springfield-clinic-1st-800-building,+1 217-528-7541,"Closed ⋅ Opens 8 am Thu

Confirmed by this business 9 weeks ago",https://lh3.googleusercontent.com/p/AF1QipPANA_fgQnhPX5Eri1feEEqdSl_LUwf_Nx_G0kU=w424-h240-k-no,true,8 am–5 pm,8 am–5 pm,8 am–5 pm,Closed,Closed,8 am–5 pm,8 am–5 pm,"https://www.google.com/maps/search/Hospice+clinics+in+Sherman+Springfield+IL/@39.8936608,-89.6048231,14z",2025-09-17T23:52:06.849Z,,,,
https://www.google.com/maps/place/North+Church+Nursing+%26+Rehab/data=!4m7!3m6!1s0x87dfe9457dd748c9:0xf580e1c0c98398ec!8m2!3d39.7473365!4d-90.2343016!16s%2Fg%2F1tf7y84z!19sChIJyUjXfUXp34cR7JiDycDhgPU,North Church Nursing & Rehab,4.0,2,Hospice,"1021 N Church St, Jacksonville, IL 62650, United States","PQW8+W7 Jacksonville, Illinois, USA",,+1 217-245-4174,,https://streetviewpixels-pa.googleapis.com/v1/thumbnail?panoid=6MUt5tLRZwicYJ5HK-Yf_A&cb_client=search.gws-prod.gps&w=408&h=240&yaw=277.17365&pitch=0&thumbfov=100,false,,,,,,,,"https://www.google.com/maps/search/Hospice+clinics+in+Jacksonville+Springfield+IL/@39.733936,-90.2290098,14z",2025-09-17T23:52:19.377Z,,,,
https://www.google.com/maps/place/The+Grove+Health+and+Rehab/data=!4m7!3m6!1s0x87dfebe0e24110e7:0x5be0d66949970887!8m2!3d39.7301901!4d-90.2412463!16s%2Fg%2F11b8jd9912!19sChIJ5xBB4uDr34cRhwiXSWnW4Fs,The Grove Health and Rehab,4.5,58,Nursing home,"873 Grove St, Jacksonville, IL 62650, United States","PQJ5+3G Jacksonville, Illinois, USA",http://www.thegrovehc.com/,+1 217-479-3400,Open 24 hours,https://lh3.googleusercontent.com/p/AF1QipPcSLm4n2oEJOZAX7X3HdAX_lLG128vpZ-EcFgg=w408-h272-k-no,true,Open 24 hours,Open 24 hours,Open 24 hours,Open 24 hours,Open 24 hours,Open 24 hours,Open 24 hours,"https://www.google.com/maps/search/Hospice+clinics+in+Jacksonville+Springfield+IL/@39.733936,-90.2290098,14z",2025-09-17T23:52:24.588Z,,,,
https://www.google.com/maps/place/Springfield+Clinic+Jacksonville/data=!4m7!3m6!1s0x87dfe97728ff5fb3:0xfbd3c5ab1ea11e8b!8m2!3d39.7469975!4d-90.2586433!16s%2Fg%2F12hm_mj0z!19sChIJs1__KHfp34cRix6hHqvF0_s,Springfield Clinic Jacksonville,4.9,661,Medical clinic,"15 Founders Ln, Jacksonville, IL 62650, United States","PPWR+QG Jacksonville, Illinois, USA",https://www.springfieldclinic.com/our-locations/springfield-clinic-jacksonville,+1 217-291-1041,"Closed ⋅ Opens 8 am Thu

Confirmed by this business 8 weeks ago",https://lh3.googleusercontent.com/p/AF1QipOlxytVJPLlD16uFLUXMZ3iAUoxMq3uPwsA-MW3=w424-h240-k-no,true,8 am–5 pm,8 am–5 pm,8 am–5 pm,Closed,Closed,8 am–5 pm,8 am–5 pm,"https://www.google.com/maps/search/Hospice+clinics+in+Jacksonville+Springfield+IL/@39.733936,-90.2290098,14z",2025-09-17T23:52:29.676Z,,,,
https://www.google.com/maps/place/Home+Instead/data=!4m7!3m6!1s0x87dfe97062304fcb:0x29201b06e60cdf8c!8m2!3d39.7458047!4d-90.2561374!16s%2Fg%2F1tcty2ss!19sChIJy08wYnDp34cRjN8M5gYbICk,Home Instead,5.0,26,Home health care service,"1440 W Walnut St A6, Jacksonville, IL 62650, United States","PPWV+8G Jacksonville, Illinois, USA",https://www.homeinstead.com/home-care/usa/il/jacksonville-jerseyville-litchfield/545/?utm_source=google&utm_medium=organic&utm_campaign=google_organic_businesslisting_y,+1 217-245-9192,"Open 24 hours

Confirmed by this business 6 weeks ago",https://lh3.googleusercontent.com/p/AF1QipPvnReL43f-3pxExAbpbqzT2nFULpgjU1Xwov4D=w408-h293-k-no,true,Open 24 hours,Open 24 hours,Open 24 hours,Open 24 hours,Open 24 hours,Open 24 hours,Open 24 hours,"https://www.google.com/maps/search/Hospice+clinics+in+Jacksonville+Springfield+IL/@39.733936,-90.2290098,14z",2025-09-17T23:52:35.010Z,,LGBTQ+ friendly,,
https://www.google.com/maps/place/Arcadia+Care+Jacksonville/data=!4m7!3m6!1s0x87dfe94166388031:0xbe239ebf4f85f979!8m2!3d39.7473487!4d-90.2343237!16s%2Fg%2F11p_1s613l!19sChIJMYA4ZkHp34cRefmFT7-eI74,Arcadia Care Jacksonville,3.4,14,Nursing home,"1021 N Church St, Jacksonville, IL 62650, United States","PQW8+W7 Jacksonville, Illinois, USA",http://arcadialtc.com/,+1 217-245-4174,Open 24 hours,https://streetviewpixels-pa.googleapis.com/v1/thumbnail?panoid=6MUt5tLRZwicYJ5HK-Yf_A&cb_client=search.gws-prod.gps&w=408&h=240&yaw=279.06888&pitch=0&thumbfov=100,true,Open 24 hours,Open 24 hours,Open 24 hours,Open 24 hours,Open 24 hours,Open 24 hours,Open 24 hours,"https://www.google.com/maps/search/Hospice+clinics+in+Jacksonville+Springfield+IL/@39.733936,-90.2290098,14z",2025-09-17T23:52:40.495Z,,,,
"https://www.google.com/maps/place/Prairie+Village+Healthcare+Center/@39.7476246,-90.2448733,17z/data=!3m1!4b1!4m6!3m5!1s0x87dfe9688e3d63a1:0x51783249b9078b8a!8m2!3d39.7476246!4d-90.2448733!16s%2Fg%2F1v1slsg8",Prairie Village Healthcare Center,2.9,8,Nursing home,"1024 W Walnut St, Jacksonville, IL 62650, United States","PQX4+23 Jacksonville, Illinois, USA",https://prairievillagehealthcare.com/,+1 217-245-5175,Open 24 hours,,false,Open 24 hours,Open 24 hours,Open 24 hours,Open 24 hours,Open 24 hours,Open 24 hours,Open 24 hours,"https://www.google.com/maps/search/Hospice+clinics+in+Jacksonville+Springfield+IL/@39.733936,-90.2290098,14z",2025-09-17T23:52:47.645Z,,,,
https://www.google.com/maps/place/Springfield+Clinic+MOHA+Jacksonville/data=!4m7!3m6!1s0x87dfebe8636d3f47:0x1da7b829fe222e0d!8m2!3d39.7236935!4d-90.2437439!16s%2Fg%2F1tfm7608!19sChIJRz9tY-jr34cRDS4i_im4px0,Springfield Clinic MOHA Jacksonville,2.4,7,Medical Center,"1000 W Morton Ave, Jacksonville, IL 62650, United States","PQF4+FG Jacksonville, Illinois, USA",https://www.springfieldclinic.com/our-locations/springfield-clinic-moha-jacksonville,+1 217-479-9071,"Closed ⋅ Opens 8 am Thu

Confirmed by this business 8 weeks ago",https://lh3.googleusercontent.com/p/AF1QipPRaxK1iGl7oi2-xz2KMjLusAgQteck_y5yE9VI=w424-h240-k-no,true,8 am–5 pm,8 am–5 pm,8 am–5 pm,Closed,Closed,8 am–5 pm,8 am–5 pm,"https://www.google.com/maps/search/Hospice+clinics+in+Jacksonville+Springfield+IL/@39.733936,-90.2290098,14z",2025-09-17T23:52:52.811Z,,,,
https://www.google.com/maps/place/Jacksonville+Memorial+Hospital/data=!4m7!3m6!1s0x87dfe97707f8a3a1:0x6920985b99acde9a!8m2!3d39.7463781!4d-90.2601826!16s%2Fg%2F11clyt5zrp!19sChIJoaP4B3fp34cRmt6smVuYIGk,Jacksonville Memorial Hospital,2.4,104,Hospital,"1600 W Walnut St, Jacksonville, IL 62650, United States","PPWQ+HW Jacksonville, Illinois, USA",https://www.memorial.health/?y_source=1_MTU0MzQ4NzUtNzE1LWxvY2F0aW9uLndlYnNpdGU%3D,+1 217-245-9541,,https://lh3.googleusercontent.com/gps-cs-s/AC9h4np7FGIVgOAHBfbi0ZHPNW7XuRuusi2g67_XFyHRR7Jo52yYorMAbdtZvDDTMBIiToHQjPuoRAZXSw6VYzI--gHUpK3TYFVH98_bDtkYNvpkAj0TaraoS1hYke9sDL0u9ry-j0Yd=w408-h268-k-no,true,Open 24 hours,Open 24 hours,Open 24 hours,Open 24 hours,Open 24 hours,Open 24 hours,Open 24 hours,"https://www.google.com/maps/search/Hospice+clinics+in+Jacksonville+Springfield+IL/@39.733936,-90.2290098,14z",2025-09-17T23:52:58.094Z,,,,
https://www.google.com/maps/place/Woodhaven+Volunteer+Hospice/data=!4m7!3m6!1s0x87dfebe677b33b6d:0x242c4e28966eed29!8m2!3d39.7251582!4d-90.2405187!16s%2Fg%2F1tf87myj!19sChIJbTuzd-br34cRKe1ulihOLCQ,Woodhaven Volunteer Hospice,,,Hospice,"800 Hoagland Blvd, Jacksonville, IL 62650, United States","PQG5+3Q Jacksonville, Illinois, USA",,+1 217-245-0838,,https://streetviewpixels-pa.googleapis.com/v1/thumbnail?panoid=yxIDgGyiMIIKQ4yd6svGSQ&cb_client=search.gws-prod.gps&w=408&h=240&yaw=250.08942&pitch=0&thumbfov=100,false,,,,,,,,"https://www.google.com/maps/search/Hospice+clinics+in+Jacksonville+Springfield+IL/@39.733936,-90.2290098,14z",2025-09-17T23:53:01.280Z,,,,
https://www.google.com/maps/place/Springfield+Clinic+Urgent+Care+-+Jacksonville/data=!4m7!3m6!1s0x87dfebe87cef7763:0xdd19ca7e3c681148!8m2!3d39.7236526!4d-90.2437979!16s%2Fg%2F1tcvvdjq!19sChIJY3fvfOjr34cRSBFoPH7KGd0,Springfield Clinic Urgent Care - Jacksonville,4.6,608,Medical clinic,"1000 W Morton Ave, Jacksonville, IL 62650, United States","PQF4+FF Jacksonville, Illinois, USA",https://www.springfieldclinic.com/our-locations/springfield-clinic-urgent-care-jacksonville,+1 217-243-6520,"Closed ⋅ Opens 8 am Thu

Confirmed by this business 9 weeks ago",https://lh3.googleusercontent.com/p/AF1QipOyoExtof1eYLd8n-By1uQ4pV6IEda30ZoXcshC=w424-h240-k-no,true,8 am–6 pm,8 am–6 pm,8 am–6 pm,8 am–6 pm,8 am–6 pm,8 am–6 pm,8 am–6 pm,"https://www.google.com/maps/search/Hospice+clinics+in+Jacksonville+Springfield+IL/@39.733936,-90.2290098,14z",2025-09-17T23:53:06.576Z,,,,
https://www.google.com/maps/place/Memorial+Care+Urgent+Care+on+Morton/data=!4m7!3m6!1s0x87dfebc017cc75d9:0xc9c808b7e2153601!8m2!3d39.7229147!4d-90.2427972!16s%2Fg%2F11sjprlj21!19sChIJ2XXMF8Dr34cRATYV4rcIyMk,Memorial Care Urgent Care on Morton,2.9,25,Urgent care center,"901 W Morton Ave Suite 22, Jacksonville, IL 62650, United States","PQF4+5V Jacksonville, Illinois, USA",https://memorial.health/medical-services/urgent-care/?y_source=1_ODIwMDM3NDctNzE1LWxvY2F0aW9uLndlYnNpdGU%3D,+1 217-588-2600,Open ⋅ Closes 8 pm,https://streetviewpixels-pa.googleapis.com/v1/thumbnail?panoid=kOk2YwWtfSWaNWJEYTcVOg&cb_client=search.gws-prod.gps&w=408&h=240&yaw=247.92157&pitch=0&thumbfov=100,true,8 am–8 pm,8 am–8 pm,8 am–8 pm,8 am–8 pm,8 am–8 pm,8 am–8 pm,8 am–8 pm,"https://www.google.com/maps/search/Hospice+clinics+in+Jacksonville+Springfield+IL/@39.733936,-90.2290098,14z",2025-09-17T23:53:11.564Z,,,,
https://www.google.com/maps/place/Sunny+Acres+Nursing+Home/data=!4m7!3m6!1s0x880ab2c23ad3a7d5:0xb917c22685f530d3!8m2!3d39.9998432!4d-89.8264943!16s%2Fg%2F1tlz_rz2!19sChIJ1afTOsKyCogR0zD1hSbCF7k,Sunny Acres Nursing Home,3.8,12,Nursing home,"19130 Sunny Acres Rd, Petersburg, IL 62675, United States","X5XF+WC Petersburg, Illinois, USA",http://www.sunnyacreshome.org/,+1 217-632-2334,Open 24 hours,https://lh3.googleusercontent.com/p/AF1QipNHkSYPNOkXNgy0lH0bXcIPQkEdHzIu-5o6ikgV=w408-h272-k-no,true,Open 24 hours,Open 24 hours,Open 24 hours,Open 24 hours,Open 24 hours,Open 24 hours,Open 24 hours,"https://www.google.com/maps/search/Hospice+clinics+in+Petersburg+Springfield+IL/@40.0117151,-89.8481652,14z",2025-09-17T23:53:24.989Z,,,,
https://www.google.com/maps/place/Springfield+Clinic+at+Memorial+Physician+Services+-+Petersburg/data=!4m7!3m6!1s0x886e29fe71b5314d:0xd8f50ae4c97cf8c8!8m2!3d40.014329!4d-89.8250972!16s%2Fg%2F1tj3lv5d!19sChIJTTG1cf4pbogRyPh8yeQK9dg,Springfield Clinic at Memorial Physician Services - Petersburg,,,Hospital department,"1 Centre Dr, Petersburg, IL 62675, United States","257F+PX Petersburg, Illinois, USA",,+1 217-632-7761,,https://streetviewpixels-pa.googleapis.com/v1/thumbnail?panoid=kzoLdUdUg1atT3cri7Q0-g&cb_client=search.gws-prod.gps&w=408&h=240&yaw=133.9473&pitch=0&thumbfov=100,true,,,,,,,,"https://www.google.com/maps/search/Hospice+clinics+in+Petersburg+Springfield+IL/@40.0117151,-89.8481652,14z",2025-09-17T23:53:27.995Z,,,,
https://www.google.com/maps/place/VITAS+Healthcare/data=!4m7!3m6!1s0x8875a3fa712284e7:0xe54464539b047ef5!8m2!3d39.1785612!4d-89.662617!16s%2Fg%2F11k45rstrc!19sChIJ54QicfqjdYgR9X4Em1NkROU,VITAS Healthcare,,,Hospice,"703 W Union Ave #1, Litchfield, IL 62056, United States","58HP+CX Litchfield, Illinois, USA",https://www.vitas.com/locations-search/fairview-heights/litchfield-hospice-office?utm_source=google&utm_medium=locallisting&utm_content=SAT7301&y_source=1_NzE3NzgzMTgtNzE1LWxvY2F0aW9uLndlYnNpdGU%3D,+1 217-250-3055,Open 24 hours,https://lh3.googleusercontent.com/p/AF1QipNeVTM13d-_TKRk70Mmt5Hm0qIYtjQNQDn3LSLR=w426-h240-k-no,true,Open 24 hours,Open 24 hours,Open 24 hours,Open 24 hours,Open 24 hours,Open 24 hours,Open 24 hours,"https://www.google.com/maps/search/Hospice+clinics+in+Litchfield+Springfield+IL/@39.176356,-89.6554379,14z",2025-09-17T23:53:40.864Z,,,,
https://www.google.com/maps/place/Litchfield+Health+and+Rehab+Center/data=!4m7!3m6!1s0x8875a33f5e069e03:0x650eb4b6e05026bc!8m2!3d39.1703413!4d-89.6437405!16s%2Fg%2F1tcylsyl!19sChIJA54GXj-jdYgRvCZQ4La0DmU,Litchfield Health and Rehab Center,4.8,35,Nursing home,"628 S Illinois Ave, Litchfield, IL 62056, United States","59C4+4G Litchfield, Illinois, USA",http://www.litchfieldhrc.com/,+1 217-324-2153,Open 24 hours,https://lh3.googleusercontent.com/p/AF1QipMRHv82kEhe3YEzojG7ZonMUQwYiZ5uCNL32bo5=w408-h306-k-no,true,Open 24 hours,Open 24 hours,Open 24 hours,Open 24 hours,Open 24 hours,Open 24 hours,Open 24 hours,"https://www.google.com/maps/search/Hospice+clinics+in+Litchfield+Springfield+IL/@39.176356,-89.6554379,14z",2025-09-17T23:53:45.911Z,,,,
https://www.google.com/maps/place/Home+Instead/data=!4m7!3m6!1s0x8875a31ef68a5d11:0x7e84efb47a7567a5!8m2!3d39.1777627!4d-89.6598934!16s%2Fg%2F11ck4dvr10!19sChIJEV2K9h6jdYgRpWd1erTvhH4,Home Instead,5.0,7,Home health care service,"500 W Union Ave Unit 2, Litchfield, IL 62056, United States","58HR+42 Litchfield, Illinois, USA",https://www.homeinstead.com/home-care/usa/il/jacksonville-jerseyville-litchfield/545/?utm_source=google&utm_medium=organic&utm_campaign=google_organic_businesslisting_y,+1 217-324-2299,"Open 24 hours

Confirmed by this business 6 weeks ago",https://lh3.googleusercontent.com/p/AF1QipMB1PqaOC7z2tOz-bSk0I1D2cF5bsmnSuWj1BLz=w408-h293-k-no,true,Open 24 hours,Open 24 hours,Open 24 hours,Open 24 hours,Open 24 hours,Open 24 hours,Open 24 hours,"https://www.google.com/maps/search/Hospice+clinics+in+Litchfield+Springfield+IL/@39.176356,-89.6554379,14z",2025-09-17T23:53:51.449Z,,LGBTQ+ friendly,,
https://www.google.com/maps/place/Springfield+Clinic+at+St.+Francis+Hospital+Specialty+Clinic/data=!4m7!3m6!1s0x8875a36b8ac5eb91:0xb36743820dab0cf5!8m2!3d39.1812744!4d-89.6389347!16s%2Fg%2F1w347c4p!19sChIJkevFimujdYgR9QyrDYJDZ7M,Springfield Clinic at St. Francis Hospital Specialty Clinic,,,Medical clinic,"1215 Franciscan Dr, Litchfield, IL 62056, United States","59J6+GC Litchfield, Illinois, USA",https://www.springfieldclinic.com/our-locations/hshs-st-francis-hospital-specialty-clinic#providers-specialties,+1 800-444-7541,,https://streetviewpixels-pa.googleapis.com/v1/thumbnail?panoid=66kxnxyfUQ6QJZpvp46lkQ&cb_client=search.gws-prod.gps&w=408&h=240&yaw=173.09636&pitch=0&thumbfov=100,true,,,,,,,,"https://www.google.com/maps/search/Hospice+clinics+in+Litchfield+Springfield+IL/@39.176356,-89.6554379,14z",2025-09-17T23:53:54.227Z,,,,
https://www.google.com/maps/place/Central+Counties+Health+Centers/data=!4m7!3m6!1s0x88753a2033346529:0x1470c902f62c39b!8m2!3d39.795352!4d-89.6224635!16s%2Fg%2F1tyt62wx!19sChIJKWU0MyA6dYgRm8NiL5AMRwE,Central Counties Health Centers,3.0,73,Medical clinic,"2239 E Cook St, Springfield, IL 62703, United States","Q9WH+42 Springfield, Illinois, USA",https://www.centralcounties.org/,+1 217-788-2300,Closes soon ⋅ 7 pm ⋅ Opens 8 am Thu,https://streetviewpixels-pa.googleapis.com/v1/thumbnail?panoid=ShLBJC_lVwzWNmKHHgBPQw&cb_client=search.gws-prod.gps&w=408&h=240&yaw=241.87708&pitch=0&thumbfov=100,true,10 am–7 pm,8 am–5 pm,8 am–5 pm,9 am–1 pm,Closed,8 am–5 pm,8 am–5 pm,"https://www.google.com/maps/search/Hospice+clinics+in+Riverton+Springfield+IL/@39.8442164,-89.5395417,14z",2025-09-17T23:54:09.290Z,,,,
https://www.google.com/maps/place/Lincoln+Prairie+Behavioral+Health+Center/data=!4m7!3m6!1s0x8875393e5657f481:0x9959eb2e6262f6ed!8m2!3d39.7257475!4d-89.6407112!16s%2Fg%2F1tjt2plv!19sChIJgfRXVj45dYgR7fZiYi7rWZk,Lincoln Prairie Behavioral Health Center,2.4,337,Mental health clinic,"5230 S 6th Street Frontage Rd E, Springfield, IL 62703, United States","P9G5+7P Springfield, Illinois, USA",https://lincolnprairiebhc.com/,+1 217-585-1180,Open 24 hours,https://lh3.googleusercontent.com/p/AF1QipPasAt5j9LfZ8oGVpjPx3BKriVnfIuKzvnn5osY=w426-h240-k-no,true,Open 24 hours,Open 24 hours,Open 24 hours,Open 24 hours,Open 24 hours,Open 24 hours,Open 24 hours,"https://www.google.com/maps/search/Hospice+clinics+in+Riverton+Springfield+IL/@39.8442164,-89.5395417,14z",2025-09-17T23:54:14.584Z,,,,
https://www.google.com/maps/place/Springfield+Clinic+Taylorville/data=!4m7!3m6!1s0x8874e43a9a8bc30f:0xd844ebfcc0160265!8m2!3d39.5555899!4d-89.2943383!16s%2Fg%2F1tfr15c1!19sChIJD8OLmjrkdIgRZQIWwPzrRNg,Springfield Clinic Taylorville,4.8,424,Medical clinic,"600 N Main St, Taylorville, IL 62568, United States","HP44+67 Taylorville, Illinois, USA",https://www.springfieldclinic.com/our-locations/springfield-clinic-taylorville,+1 217-287-8855,"Closed ⋅ Opens 8 am Thu

Confirmed by this business 8 weeks ago",https://lh3.googleusercontent.com/p/AF1QipMtsJ2wv_U5QFaM_QeBW1qsVdOrCbZwPSs27-BI=w424-h240-k-no,true,8 am–5 pm,8 am–5 pm,8 am–5 pm,8 am–12 pm,Closed,8 am–5 pm,8 am–5 pm,"https://www.google.com/maps/search/Hospice+clinics+in+Taylorville+Springfield+IL/@39.5493457,-89.2949777,14z",2025-09-17T23:54:30.049Z,,,,
https://www.google.com/maps/place/Springfield+Clinic+Taylorville+Walk-In/data=!4m7!3m6!1s0x8874e51194190115:0x2418c642524758eb!8m2!3d39.5551761!4d-89.2938501!16s%2Fg%2F11sf9t2kj9!19sChIJFQEZlBHldIgR61hHUkLGGCQ,Springfield Clinic Taylorville Walk-In,3.9,9,Medical clinic,"600 N Main St, Taylorville, IL 62568, United States","HP44+3F Taylorville, Illinois, USA",https://www.springfieldclinic.com/our-locations/springfield-clinic-taylorville,+1 217-287-8855,"Open ⋅ Closes 8 pm

Confirmed by this business 6 weeks ago",https://lh3.googleusercontent.com/p/AF1QipM3BjwCGCKoXlRKyPQ-oO9nVP5z_-ESstYMoHkm=w424-h240-k-no,true,8 am–8 pm,8 am–8 pm,8 am–8 pm,Closed,Closed,8 am–8 pm,8 am–8 pm,"https://www.google.com/maps/search/Hospice+clinics+in+Taylorville+Springfield+IL/@39.5493457,-89.2949777,14z",2025-09-17T23:54:35.138Z,,,,
https://www.google.com/maps/place/Springfield+Clinic+Taylorville+-+Cheney/data=!4m7!3m6!1s0x8874e5e685aca6a7:0x117b44f120b5d806!8m2!3d39.5540075!4d-89.3063201!16s%2Fg%2F11h07pxql4!19sChIJp6ashebldIgRBti1IPFEexE,Springfield Clinic Taylorville - Cheney,4.9,37,Medical clinic,"500 N Cheney St, Taylorville, IL 62568, United States","HM3V+JF Taylorville, Illinois, USA",https://www.springfieldclinic.com/our-locations/springfield-clinic-taylorville-cheney,+1 217-777-2020,"Closed ⋅ Opens 8 am Thu

Confirmed by this business 9 weeks ago",https://lh3.googleusercontent.com/p/AF1QipN9NiICmaP-8B4atqoaebtKEjEPJHSMeZ_PWpyW=w424-h240-k-no,true,8 am–5 pm,8 am–5 pm,8 am–5 pm,Closed,Closed,8 am–5 pm,8 am–5 pm,"https://www.google.com/maps/search/Hospice+clinics+in+Taylorville+Springfield+IL/@39.5493457,-89.2949777,14z",2025-09-17T23:54:40.147Z,,,,
https://www.google.com/maps/place/Springfield+clinic/data=!4m7!3m6!1s0x8874e50032aec949:0xb0bc9d3313f6115e!8m2!3d39.5637672!4d-89.301334!16s%2Fg%2F11vws640t7!19sChIJScmuMgDldIgRXhH2EzOdvLA,Springfield clinic,,,Medical Center,"1307 N Lawrence Ave, Taylorville, IL 62568, United States","HM7X+GF Taylorville, Illinois, USA",https://www.springfieldclinic.com/our-locations/springfield-clinic-taylorville,,,https://streetviewpixels-pa.googleapis.com/v1/thumbnail?panoid=sbWHZoGvBp9S390ftoJeZw&cb_client=search.gws-prod.gps&w=408&h=240&yaw=284.19446&pitch=0&thumbfov=100,false,,,,,,,,"https://www.google.com/maps/search/Hospice+clinics+in+Taylorville+Springfield+IL/@39.5493457,-89.2949777,14z",2025-09-17T23:54:42.891Z,,,,
https://www.google.com/maps/place/Taylorville+Urgent+Care/data=!4m7!3m6!1s0x8874e6a7bed48a61:0xf3d362510e51b1f9!8m2!3d39.5677337!4d-89.3119812!16s%2Fg%2F11c4wr6g5k!19sChIJYYrUvqfmdIgR-bFRDlFi0_M,Taylorville Urgent Care,4.7,339,Urgent care center,"1510 W Springfield Rd, Taylorville, IL 62568, United States","HM9Q+36 Taylorville, Illinois, USA",https://centralillinoisurgentcare.com/locations/taylorville-urgent-care/,+1 217-824-8244,Closes soon ⋅ 7 pm ⋅ Opens 9 am Thu,https://lh3.googleusercontent.com/p/AF1QipNF4QY13sFU8ddHGdxLdo-rmf0VtU73AKQXKBeo=w408-h272-k-no,true,9 am–7 pm,9 am–7 pm,9 am–7 pm,10 am–6 pm,10 am–6 pm,9 am–7 pm,9 am–7 pm,"https://www.google.com/maps/search/Hospice+clinics+in+Taylorville+Springfield+IL/@39.5493457,-89.2949777,14z",2025-09-17T23:54:48.041Z,,,,
https://www.google.com/maps/place/Taylorville+Memorial+Hospital/data=!4m7!3m6!1s0x8874e430768bbf95:0xcdca767bc816b6b1!8m2!3d39.5551444!4d-89.2938195!16s%2Fg%2F1ty7500v!19sChIJlb-LdjDkdIgRsbYWyHt2ys0,Taylorville Memorial Hospital,2.7,55,Hospital,"201 E Pleasant St, Taylorville, IL 62568, United States","HP44+3F Taylorville, Illinois, USA",https://www.memorial.health/?y_source=1_MTU0MzQ4NjItNzE1LWxvY2F0aW9uLndlYnNpdGU%3D,+1 217-707-5555,,https://lh3.googleusercontent.com/p/AF1QipO8sme4oi75xjZnUXpTs-itQw6mOKWbEB6j1zni=w426-h240-k-no,true,Open 24 hours,Open 24 hours,Open 24 hours,Open 24 hours,Open 24 hours,Open 24 hours,Open 24 hours,"https://www.google.com/maps/search/Hospice+clinics+in+Taylorville+Springfield+IL/@39.5493457,-89.2949777,14z",2025-09-17T23:54:53.048Z,,,,
"https://www.google.com/maps/place/Pavinderpal+S.+Gill,+MD/data=!4m7!3m6!1s0x8874e43a9a8bc30f:0x5add5493479b7d7e!8m2!3d39.555213!4d-89.293914!16s%2Fg%2F1thl65fg!19sChIJD8OLmjrkdIgRfn2bR5NU3Vo","Pavinderpal S. Gill, MD",4.9,149,Internist,"600 N Main St, Taylorville, IL 62568, United States","HP44+3C Taylorville, Illinois, USA",https://www.springfieldclinic.com/our-providers/pavinderpal-gill,+1 217-287-8855,"Closed ⋅ Opens 8 am Thu

Confirmed by this business 8 weeks ago",https://lh3.googleusercontent.com/p/AF1QipMZqK2IHigy2W_kZ7oxqctWwOLViOvnAxMvtDRi=w424-h240-k-no,true,8 am–5 pm,8 am–5 pm,8 am–5 pm,8 am–12 pm,Closed,8 am–5 pm,8 am–5 pm,"https://www.google.com/maps/search/Hospice+clinics+in+Taylorville+Springfield+IL/@39.5493457,-89.2949777,14z",2025-09-17T23:54:58.359Z,,,,
https://www.google.com/maps/place/Litchfield+Urgent+Care/data=!4m7!3m6!1s0x8874e72961875c25:0xb3dddf247b45eea3!8m2!3d39.5678424!4d-89.3120569!16s%2Fg%2F11fszzlpsw!19sChIJJVyHYSnndIgRo-5FeyTf3bM,Litchfield Urgent Care,,,Urgent care center,"1510 W Springfield Rd STE A, Taylorville, IL 62568, United States","HM9Q+45 Taylorville, Illinois, USA",https://www.centralillinoisurgentcare.com/,+1 217-324-3400,,https://streetviewpixels-pa.googleapis.com/v1/thumbnail?panoid=mjWwWUDK-3g7i_ihuwHzGA&cb_client=search.gws-prod.gps&w=408&h=240&yaw=33.009037&pitch=0&thumbfov=100,true,,,,,,,,"https://www.google.com/maps/search/Hospice+clinics+in+Taylorville+Springfield+IL/@39.5493457,-89.2949777,14z",2025-09-17T23:55:00.982Z,,,,
https://www.google.com/maps/place/Taylorville+Care+Center/data=!4m7!3m6!1s0x8874e46d771192a7:0xec8290b873083f!8m2!3d39.5443183!4d-89.3120666!16s%2Fg%2F1tdhfrr8!19sChIJp5IRd23kdIgRPwhzuJCC7AA,Taylorville Care Center,3.6,10,Nursing home,"600 S Houston St, Taylorville, IL 62568, United States","GMVQ+P5 Taylorville, Illinois, USA",https://www.palladianmgt.com/taylorville-care-center/,+1 217-824-9636,Open 24 hours,https://lh3.googleusercontent.com/gps-cs-s/AC9h4nrtCT0PztKu1ZfoujkE0HpLzYjQ_r8cNj24zoDgvFgbcSZFYvJ2yF0h6Oawv49FQ2a6SoivJojcv86ryyJ6WYI3WjFQJDWQn5AXRvp8C8EgZdQYJG8BMGOKX2xG6-yMggzktVl0Aw=w408-h270-k-no,true,Open 24 hours,Open 24 hours,Open 24 hours,Open 24 hours,Open 24 hours,Open 24 hours,Open 24 hours,"https://www.google.com/maps/search/Hospice+clinics+in+Taylorville+Springfield+IL/@39.5493457,-89.2949777,14z",2025-09-17T23:55:05.875Z,,,,
https://www.google.com/maps/place/High+Point+Residence+Taylorville/data=!4m7!3m6!1s0x8874e5131b6e9815:0xce72776391eaa8d5!8m2!3d39.5584498!4d-89.274559!16s%2Fg%2F11rwlvx5mn!19sChIJFZhuGxPldIgR1ajqkWN3cs4,High Point Residence Taylorville,4.7,14,Assisted living facility,"920 Mc Adam Dr, Taylorville, IL 62568, United States","HP5G+95 Taylorville, Illinois, USA",https://highpointtaylorville.com/,+1 217-287-7000,Open 24 hours,https://lh3.googleusercontent.com/p/AF1QipOIXTIHPOLwtVR4RKGs3yOZ5FQthpKkNMuHPh8z=w648-h240-k-no,true,Open 24 hours,Open 24 hours,Open 24 hours,Open 24 hours,Open 24 hours,Open 24 hours,Open 24 hours,"https://www.google.com/maps/search/Hospice+clinics+in+Taylorville+Springfield+IL/@39.5493457,-89.2949777,14z",2025-09-17T23:55:10.679Z,,,,
https://www.google.com/maps/place/Quad+County+Hospice/data=!4m7!3m6!1s0x88748b481d90e60f:0xcd5c0c09fd041d71!8m2!3d39.3793334!4d-89.0855844!16s%2Fg%2F1tjdmh8z!19sChIJD-aQHUiLdIgRcR0E_QkMXM0,Quad County Hospice,3.5,2,Hospice,"8 Huber St, Pana, IL 62557, United States","9WH7+PQ Pana, Illinois, USA",https://panahospital.com/services/quad-county-home-health,+1 217-562-6380,Closed ⋅ Opens 8 am Thu,https://lh3.googleusercontent.com/p/AF1QipONiP1WA7MPb_T6Arg6RR0-bKgjwGLSafJMWbMw=w408-h301-k-no,true,8 am–4:30 pm,8 am–4:30 pm,8 am–4:30 pm,Open 24 hours,Open 24 hours,8 am–4:30 pm,8 am–4:30 pm,"https://www.google.com/maps/search/Hospice+clinics+in+Taylorville+Springfield+IL/@39.5493457,-89.2949777,14z",2025-09-17T23:55:15.538Z,,,,
https://www.google.com/maps/place/Traditions+Health+Hospice+%26+Palliative+Care/data=!4m7!3m6!1s0x8874b2693e202953:0x56889ac7edf78cc8!8m2!3d39.8976164!4d-88.9522634!16s%2Fg%2F1td6ywb1!19sChIJUykgPmmydIgRyIz37ceaiFY,Traditions Health Hospice & Palliative Care,3.6,10,Hospice,"365 E Ash Ave, Decatur, IL 62526, United States","V2XX+23 Decatur, Illinois, USA",https://www.traditionshealth.com/locations/decatur-il/?utm_source=google&utm_medium=organic&utm_campaign=gbp-listing&utm_content=decatur-il,+1 217-875-4395,Open 24 hours,https://lh3.googleusercontent.com/p/AF1QipOuUzV-cKUIQ9bLi08XPAngRmJarax9qI6S4mDl=w408-h271-k-no,true,Open 24 hours,Open 24 hours,Open 24 hours,Open 24 hours,Open 24 hours,Open 24 hours,Open 24 hours,"https://www.google.com/maps/search/Hospice+clinics+in+Taylorville+Springfield+IL/@39.5493457,-89.2949777,14z",2025-09-17T23:55:20.503Z,,,,
https://www.google.com/maps/place/Transitions+Hospice/data=!4m7!3m6!1s0x880b653074100001:0xaa456478981dd9af!8m2!3d40.4570217!4d-88.9141078!16s%2Fg%2F11h3vbpn8r!19sChIJAQAQdDBlC4gRr9kdmHhkRao,Transitions Hospice,5.0,3,Hospice,"1713 Tullamore Ave, Bloomington, IL 61704, United States","F34P+R9 Bloomington, Illinois, USA",,,,https://streetviewpixels-pa.googleapis.com/v1/thumbnail?panoid=8ZXO1f01cRDnst7r7RR1AQ&cb_client=search.gws-prod.gps&w=408&h=240&yaw=83.70275&pitch=0&thumbfov=100,false,,,,,,,,"https://www.google.com/maps/search/Hospice+clinics+in+Taylorville+Springfield+IL/@39.5493457,-89.2949777,14z",2025-09-17T23:55:23.279Z,,,,
https://www.google.com/maps/place/Pana+Health+and+Rehab+Center/data=!4m7!3m6!1s0x88748b6de6c1a4b9:0x103b709ecf81b9cd!8m2!3d39.3836152!4d-89.0665601!16s%2Fg%2F1trxl0jm!19sChIJuaTB5m2LdIgRzbmBz55wOxA,Pana Health and Rehab Center,4.7,34,Nursing home,"1000 E 6th St, Pana, IL 62557, United States","9WMM+C9 Pana, Illinois, USA",http://www.panahrc.com/,+1 217-562-2174,Open 24 hours,https://lh3.googleusercontent.com/p/AF1QipMLc4DZJBKu_upkUDBtzASwIbA0Glc4Taj_q8uh=w408-h272-k-no,true,Open 24 hours,Open 24 hours,Open 24 hours,Open 24 hours,Open 24 hours,Open 24 hours,Open 24 hours,"https://www.google.com/maps/search/Hospice+clinics+in+Taylorville+Springfield+IL/@39.5493457,-89.2949777,14z",2025-09-17T23:55:28.692Z,,,,
https://www.google.com/maps/place/Springfield+Clinic+Rehabilitation+Services/data=!4m7!3m6!1s0x887539f8efcc6115:0x32a7329490318808!8m2!3d39.7602482!4d-89.6471762!16s%2Fg%2F11b69fn024!19sChIJFWHM7_g5dYgRCIgxkJQypzI,Springfield Clinic Rehabilitation Services,4.9,143,Medical clinic,"3020 S 6th St, Springfield, IL 62703, United States","Q963+34 Springfield, Illinois, USA",https://www.springfieldclinic.com/our-locations/springfield-clinic-rehabilitation-services,+1 217-960-9151,"Closed ⋅ Opens 7 am Thu

Confirmed by this business 9 weeks ago",https://lh3.googleusercontent.com/p/AF1QipPswuIoLo6df_e4RxYcEJNjg24Rk8ruFs4GVtXk=w424-h240-k-no,true,7 am–5:30 pm,7 am–5:30 pm,7 am–5 pm,Closed,Closed,7 am–5:30 pm,7 am–5:30 pm,"https://www.google.com/maps/search/Hospice+clinics+in+Taylorville+Springfield+IL/@39.5493457,-89.2949777,14z",2025-09-17T23:55:33.887Z,,,,
https://www.google.com/maps/place/Springfield+Clinic+Center+for+Plastic+Surgery/data=!4m7!3m6!1s0x8875478299608b75:0xab550327b85c55bc!8m2!3d39.7758898!4d-89.7081883!16s%2Fg%2F1td59c4s!19sChIJdYtgmYJHdYgRvFVcuCcDVas,Springfield Clinic Center for Plastic Surgery,4.9,242,Plastic surgery clinic,"2901 Greenbriar Dr, Springfield, IL 62704, United States","Q7GR+9P Springfield, Illinois, USA",https://www.springfieldclinic.com/our-locations/springfield-clinic-center-for-plastic-surgery,+1 217-793-3019,"Closed ⋅ Opens 8 am Thu

Confirmed by this business 8 weeks ago",https://lh3.googleusercontent.com/p/AF1QipNp4abhZDev9e9-XSc8DQ5JumP0aTQitplRu1QP=w424-h240-k-no,true,8 am–5 pm,8 am–5 pm,8 am–5 pm,Closed,Closed,8 am–5 pm,8 am–5 pm,"https://www.google.com/maps/search/Hospice+clinics+in+Taylorville+Springfield+IL/@39.5493457,-89.2949777,14z",2025-09-17T23:55:39.124Z,,,,
https://www.google.com/maps/place/Seasons+Hospice/data=!4m7!3m6!1s0x87cf6273d59bfdf3:0xfa9015813398b066!8m2!3d37.2430748!4d-93.3137907!16s%2Fg%2F1tw1fc3y!19sChIJ8_2b1XNiz4cRZrCYM4EVkPo,Seasons Hospice,4.7,35,Hospice,"1831 W Melville Rd, Springfield, MO 65803, United States","6MVP+6F Springfield, Missouri, USA",https://springfieldhospice.com/,+1 417-890-5533,Open 24 hours,https://lh3.googleusercontent.com/p/AF1QipNpHUllr_j3o14PVR_wReTYwH6pa6BLVew8B_nC=w551-h240-k-no,true,Open 24 hours,Open 24 hours,Open 24 hours,Open 24 hours,Open 24 hours,Open 24 hours,Open 24 hours,"https://www.google.com/maps/search/Hospice+clinics+in+Taylorville+Springfield+IL/@39.5493457,-89.2949777,14z",2025-09-17T23:55:45.060Z,,Identifies as women-owned,,
https://www.google.com/maps/place/Springfield+Clinic+Koke+Mill/data=!4m7!3m6!1s0x88754796db6018af:0x3393a415dbc487d9!8m2!3d39.7886634!4d-89.7162784!16s%2Fg%2F11c542xq9r!19sChIJrxhg25ZHdYgR2YfE2xWkkzM,Springfield Clinic Koke Mill,4.8,55,Allergist,"901 S Koke Mill Rd, Springfield, IL 62711, United States","Q7QM+FF Springfield, Illinois, USA",https://www.springfieldclinic.com/our-locations/springfield-clinic-koke-mill,+1 217-303-8868,"Closed ⋅ Opens 8 am Thu

Confirmed by this business 9 weeks ago",https://lh3.googleusercontent.com/p/AF1QipMbAx7T2T6DyB6ST6vGODfVZkEt6Kt8P5AC5Umd=w424-h240-k-no,true,8 am–5 pm,8 am–5 pm,8 am–5 pm,Closed,Closed,8 am–5 pm,8 am–5 pm,"https://www.google.com/maps/search/Hospice+clinics+in+Taylorville+Springfield+IL/@39.5493457,-89.2949777,14z",2025-09-17T23:55:50.588Z,,,,
"https://www.google.com/maps/place/SBL+Hospice/@39.4874093,-88.2714517,17z/data=!3m1!4b1!4m6!3m5!1s0x88731b24afd00b17:0xf189d7754263c85b!8m2!3d39.4874093!4d-88.2714517!16s%2Fg%2F11bvcvb5yv",SBL Hospice,3.0,2,Hospice,"1004 Health Center Dr, Mattoon, IL 61938, United States","FPPH+XC Mattoon, Illinois, USA",http://www.sarahbush.org/hospice,+1 800-454-4055,,,true,,,,,,,,"https://www.google.com/maps/search/Hospice+clinics+in+Taylorville+Springfield+IL/@39.5493457,-89.2949777,14z",2025-09-17T23:55:55.448Z,,,,
https://www.google.com/maps/place/Memorial+Care+Urgent+Care+on+South+Sixth+St./data=!4m7!3m6!1s0x887539123b21e779:0xba93826e54b46964!8m2!3d39.7619364!4d-89.647354!16s%2Fg%2F125_zj714!19sChIJeechOxI5dYgRZGm0VG6Ck7o,Memorial Care Urgent Care on South Sixth St.,3.4,94,Urgent care center,"2950 S 6th St, Springfield, IL 62703, United States","Q963+Q3 Springfield, Illinois, USA",https://memorial.health/memorial-care-s-sixth-urgent-care/overview?y_source=1_Mjg5MTMyMTEtNzE1LWxvY2F0aW9uLndlYnNpdGU%3D,+1 217-588-2600,"Open ⋅ Closes 8 pm

Confirmed by this business 8 weeks ago",https://lh3.googleusercontent.com/p/AF1QipPgIDbzS1aGQiPfasPQWQyCo7KUV33dY9uzuUa9=w408-h612-k-no,true,8 am–8 pm,8 am–8 pm,8 am–8 pm,8 am–8 pm,8 am–8 pm,8 am–8 pm,8 am–8 pm,"https://www.google.com/maps/search/Hospice+clinics+in+Taylorville+Springfield+IL/@39.5493457,-89.2949777,14z",2025-09-17T23:56:00.536Z,,,,
https://www.google.com/maps/place/Arcadia+Care+Auburn/data=!4m7!3m6!1s0x88756ba40a520caf:0xb3087ffd1f3b4043!8m2!3d39.5954159!4d-89.7441172!16s%2Fg%2F1tdn4vwm!19sChIJrwxSCqRrdYgRQ0A7H_1_CLM,Arcadia Care Auburn,2.7,18,Retirement community,"304 W Maple Ave, Auburn, IL 62615, United States","H7W4+59 Auburn, Illinois, USA",http://arcadialtc.com/,+1 217-438-6125,Open 24 hours,https://lh3.googleusercontent.com/p/AF1QipO3XHJm9RHq7Uzzq5yI_EexZYGbsZwKojxA6sMc=w408-h306-k-no,true,Open 24 hours,Open 24 hours,Open 24 hours,Open 24 hours,Open 24 hours,Open 24 hours,Open 24 hours,"https://www.google.com/maps/search/Hospice+clinics+in+Auburn+Springfield+IL/@39.5917197,-89.7464874,14z",2025-09-17T23:56:15.990Z,,,,
https://www.google.com/maps/place/Home+Instead/data=!4m7!3m6!1s0x8875477e6440e1a5:0x2c0791dbd00e32d5!8m2!3d39.7694167!4d-89.6919774!16s%2Fg%2F11b61rbb26!19sChIJpeFAZH5HdYgR1TIO0NuRByw,Home Instead,4.8,85,Home health care service,"2040 W Iles Ave Suite A, Springfield, IL 62704, United States","Q895+Q6 Springfield, Illinois, USA",https://www.homeinstead.com/home-care/usa/il/springfield/762/?utm_source=google&utm_medium=organic&utm_campaign=google_organic_businesslisting_y,+1 447-910-0536,"Open 24 hours

Confirmed by this business 5 weeks ago",https://lh3.googleusercontent.com/p/AF1QipOuk1kFN1YrEfeGYyNlGlUlsRbl-GtsiHoE7Knv=w408-h485-k-no,true,Open 24 hours,Open 24 hours,Open 24 hours,Open 24 hours,Open 24 hours,Open 24 hours,Open 24 hours,"https://www.google.com/maps/search/Hospice+clinics+in+Auburn+Springfield+IL/@39.5917197,-89.7464874,14z",2025-09-17T23:56:21.526Z,,LGBTQ+ friendly,,
https://www.google.com/maps/place/EverTrue+Concordia+Village/data=!4m7!3m6!1s0x88754706f08c18f7:0x1ebeb6a4d346df41!8m2!3d39.7721233!4d-89.7322528!16s%2Fg%2F1tjt2ply!19sChIJ9xiM8AZHdYgRQd9G06S2vh4,EverTrue Concordia Village,4.1,22,Retirement community,"4101 W Iles Ave, Springfield, IL 62711, United States","Q7C9+R3 Springfield, Illinois, USA",https://www.evertrueliving.org/concordia-village/?utm_source=google&utm_medium=Yext,+1 217-793-9429,Open 24 hours,https://lh3.googleusercontent.com/p/AF1QipONoGpmica0aYQXdvbFWsjA7sCU6iBoGA0dHKff=w408-h272-k-no,true,Open 24 hours,Open 24 hours,Open 24 hours,Open 24 hours,Open 24 hours,Open 24 hours,Open 24 hours,"https://www.google.com/maps/search/Hospice+clinics+in+Auburn+Springfield+IL/@39.5917197,-89.7464874,14z",2025-09-17T23:56:27.020Z,,,,
https://www.google.com/maps/place/BrightStar+Care/data=!4m7!3m6!1s0x887539c72522b559:0x166406fa5c82a9f1!8m2!3d39.7940352!4d-89.6684329!16s%2Fg%2F11bwm46y16!19sChIJWbUiJcc5dYgR8amCXPoGZBY,BrightStar Care,4.7,28,Home health care service,"801 S MacArthur Blvd, Springfield, IL 62704, United States","Q8VJ+JJ Springfield, Illinois, USA",https://www.brightstarcare.com/locations/springfield-bloomington/,+1 217-318-3396,Open 24 hours,https://lh3.googleusercontent.com/p/AF1QipOk0N6DTFMBWMrjORO1Sx-0_nT8tHPZLy236zXi=w426-h240-k-no,true,Open 24 hours,Open 24 hours,Open 24 hours,Open 24 hours,Open 24 hours,Open 24 hours,Open 24 hours,"https://www.google.com/maps/search/Hospice+clinics+in+Auburn+Springfield+IL/@39.5917197,-89.7464874,14z",2025-09-17T23:56:32.040Z,,LGBTQ+ friendly,true,
https://www.google.com/maps/place/Compassus/data=!4m7!3m6!1s0x87e1bdf8393f2919:0x2a9921f18c8169cd!8m2!3d40.956812!4d-90.3829835!16s%2Fg%2F12603qjk5!19sChIJGSk_Ofi94YcRzWmBjPEhmSo,Compassus,5.0,5,Hospice,"799 N Henderson St, Galesburg, IL 61401, United States","XJ48+PR Galesburg, Illinois, USA",https://www.compassus.com/locations/illinois/galesburg/,+1 309-315-4817,"Open 24 hours

Updated by this business 7 weeks ago",https://lh3.googleusercontent.com/p/AF1QipNctzxDdnK4Mb2llDLQw5-sZNOj2-vOgBKQuQlO=w408-h272-k-no,true,Open 24 hours,Open 24 hours,Open 24 hours,11 am–12 am,Open 24 hours,Open 24 hours,Open 24 hours,"https://www.google.com/maps/search/Hospice+clinics+in+Williamsville+Springfield+IL/@39.954216,-89.5487126,14z",2025-09-17T23:56:46.639Z,,,,
https://www.google.com/maps/place/Butler+Funeral+Home-New+Berlin/data=!4m7!3m6!1s0x88755c0e82738da5:0xec818bdc8940bec9!8m2!3d39.727447!4d-89.9052069!16s%2Fg%2F1tfvtpr7!19sChIJpY1zgg5cdYgRyb5AidyLgew,Butler Funeral Home-New Berlin,5.0,4,Funeral home,"714 E Gibson St, New Berlin, IL 62670, United States","P3GV+XW New Berlin, Illinois, USA",https://www.dignitymemorial.com/funeral-homes/illinois/new-berlin/butler-funeral-home-new-berlin/3498?utm_source=google_my_business&utm_medium=organic,+1 217-488-3535,Open 24 hours,https://streetviewpixels-pa.googleapis.com/v1/thumbnail?panoid=At0iqALbdtW6hWvGj0q80w&cb_client=search.gws-prod.gps&w=408&h=240&yaw=354.7029&pitch=0&thumbfov=100,true,Open 24 hours,Open 24 hours,Open 24 hours,Open 24 hours,Open 24 hours,Open 24 hours,Open 24 hours,"https://www.google.com/maps/search/Hospice+clinics+in+New+Berlin+Springfield+IL/@39.7248243,-89.9112802,14z",2025-09-17T23:57:00.219Z,,,,
,,,,,,,,,,,,,,,,,,,"https://www.google.com/maps/search/Hospice+clinics+in+Glenarm+Springfield+IL/@39.6236631,-89.6489863,14z",2025-09-17T23:57:09.741Z,,,,No new results found
,,,,,,,,,,,,,,,,,,,"https://www.google.com/maps/search/Hospice+clinics+in+Dawson+Springfield+IL/@39.806637,-89.6795862,14z",2025-09-17T23:57:19.223Z,,,,No new results found
https://www.google.com/maps/place/Springfield+Supportive+Living/data=!4m7!3m6!1s0x887539f618211bf7:0x53ad33bb5ad95ce6!8m2!3d39.8014381!4d-89.6259909!16s%2Fg%2F1tddyj80!19sChIJ9xshGPY5dYgR5lzZWrszrVM,Springfield Supportive Living,4.9,9,Assisted living facility,"2034 E Clear Lake Ave, Springfield, IL 62703, United States","R92F+HJ Springfield, Illinois, USA",http://www.springfieldsupportiveliving.com/,+1 217-522-8843,,https://lh3.googleusercontent.com/p/AF1QipMvNQKdjITa7ETw66CNyIo905arMw0Rkh4swvFn=w408-h319-k-no,true,,,,,,,,"https://www.google.com/maps/search/Hospice+clinics+in+Rochester+Springfield+IL/@39.7852855,-89.6107053,14z",2025-09-17T23:57:31.787Z,,,,
https://www.google.com/maps/place/LeadingAge+Illinois/data=!4m7!3m6!1s0x887539b7bc401715:0xf1a14e785091366a!8m2!3d39.794317!4d-89.6546893!16s%2Fg%2F1ttdnr62!19sChIJFRdAvLc5dYgRajaRUHhOofE,LeadingAge Illinois,,,Nursing home,"2 W Lawrence Ave # A, Springfield, IL 62704, United States","Q8VW+P4 Springfield, Illinois, USA",https://leadingageil.org/,+1 217-789-1677,,https://streetviewpixels-pa.googleapis.com/v1/thumbnail?panoid=BJTLX3D6Kt7Qj5KNMtSAWg&cb_client=search.gws-prod.gps&w=408&h=240&yaw=152.22884&pitch=0&thumbfov=100,false,,,,,,,,"https://www.google.com/maps/search/Hospice+clinics+in+Rochester+Springfield+IL/@39.7852855,-89.6107053,14z",2025-09-17T23:57:34.680Z,,,,
https://www.google.com/maps/place/Arcadia+Care+On+the+Hill/data=!4m7!3m6!1s0x887539d2cc71b351:0xb9c1e165bd7f91a8!8m2!3d39.8080066!4d-89.6631031!16s%2Fg%2F1tk4rxnm!19sChIJUbNxzNI5dYgRqJF_vWXhwbk,Arcadia Care On the Hill,2.5,49,Nursing home,"555 W Carpenter St, Springfield, IL 62702, United States","R85P+6Q Springfield, Illinois, USA",https://www.arcadialtc.com/arcadia-care-on-the-hill,+1 217-525-1880,Open 24 hours,https://lh3.googleusercontent.com/p/AF1QipNtmDf5d8p3dOPttQ2Dd5POJAO78imYTjFjh9bd=w408-h306-k-no,true,Open 24 hours,Open 24 hours,Open 24 hours,Open 24 hours,Open 24 hours,Open 24 hours,Open 24 hours,"https://www.google.com/maps/search/Hospice+clinics+in+Rochester+Springfield+IL/@39.7852855,-89.6107053,14z",2025-09-17T23:57:39.816Z,,,,
https://www.google.com/maps/place/Beacon+of+Hope+Hospice+of+Illinois/data=!4m7!3m6!1s0x87e1be0f5a9f9b19:0x551df53001082f56!8m2!3d40.9473214!4d-90.3695139!16s%2Fg%2F11b8jc__ng!19sChIJGZufWg--4YcRVi8IATD1HVU,Beacon of Hope Hospice of Illinois,4.9,98,Hospice,"102 E Main St, Galesburg, IL 61401, United States","WJWJ+W5 Galesburg, Illinois, USA",https://www.bohhospice.org/,+1 309-760-0466,Closed ⋅ Opens 8 am Thu,https://streetviewpixels-pa.googleapis.com/v1/thumbnail?panoid=QYooBRs8Y4SD5pRPUk3DNQ&cb_client=search.gws-prod.gps&w=408&h=240&yaw=150.89558&pitch=0&thumbfov=100,true,8 am–5 pm,8 am–5 pm,8 am–5 pm,Closed,Closed,8 am–5 pm,8 am–5 pm,"https://www.google.com/maps/search/Hospice+clinics+in+Pleasant+Plains+Springfield+IL/@39.8728269,-89.9212211,14z",2025-09-17T23:57:54.005Z,,,,
https://www.google.com/maps/place/OSF+Richard+L.+Owens+Hospice+Home/data=!4m7!3m6!1s0x880a5d2a13872ecd:0xfd80ebfc8d858314!8m2!3d40.7925471!4d-89.6636408!16s%2Fg%2F11bbwywy_7!19sChIJzS6HEypdCogRFIOFjfzrgP0,OSF Richard L. Owens Hospice Home,4.6,36,Hospice,"8630 IL-91, Peoria, IL 61615, United States","Q8VP+2G Peoria, Illinois, USA",https://www.osfhealthcare.org/services/home-care/hospice-home/about/?utm_campaign=gobu&utm_source=google&utm_medium=referral&utm_content=loc,+1 309-683-8444,"Closed ⋅ Opens 8 am Thu

Confirmed by this business 7 weeks ago",https://lh3.googleusercontent.com/gps-cs-s/AC9h4no0yMJk6RSzQKtb3s5E4CfulDmXNAn0yoOy_4ybpb36q7kj8t4Bvmfto7fpWYtJuw1tRCEx4NG1-IPyoiKbnEatRgp_M7wtMUOrl8nUYewJEeCcNIW7pmN0lxPBIxTmx-_7-2e4=w408-h685-k-no,true,8 am–5 pm,8 am–5 pm,8 am–5 pm,8 am–5 pm,8 am–5 pm,8 am–5 pm,8 am–5 pm,"https://www.google.com/maps/search/Hospice+clinics+in+Pleasant+Plains+Springfield+IL/@39.8728269,-89.9212211,14z",2025-09-17T23:57:59.623Z,,,,
,,,,,,,,,,,,,,,,,,,"https://www.google.com/maps/search/Hospice+clinics+in+Springfield+Township+Springfield+IL/@39.8625807,-89.6675144,14z",2025-09-17T23:58:09.535Z,,,,No new results found
https://www.google.com/maps/place/Trustwell+Living+of+Springfield/data=!4m7!3m6!1s0x88754779df024d67:0xe01e6fe0c8f74dfe!8m2!3d39.7714646!4d-89.7102976!16s%2Fg%2F1vxvjm0l!19sChIJZ00C33lHdYgR_k33yOBvHuA,Trustwell Living of Springfield,3.9,22,Assisted living facility,"2451 W White Oaks Dr, Springfield, IL 62704, United States","Q7CQ+HV Springfield, Illinois, USA",https://www.trustwellliving.com/communities/springfield/?utm_source=google&utm_medium=organic&utm_campaign=gbp-listing,+1 217-759-9549,Open 24 hours,https://lh3.googleusercontent.com/p/AF1QipPCcixIslEbb3U44-RahH-CZ95h78Wy1coUA7w8=w408-h273-k-no,true,Open 24 hours,Open 24 hours,Open 24 hours,Open 24 hours,Open 24 hours,Open 24 hours,Open 24 hours,"https://www.google.com/maps/search/Hospice+clinics+in+Loami+Springfield+IL/@39.7558533,-89.7134992,14z",2025-09-17T23:58:24.869Z,,,,
https://www.google.com/maps/place/Illinois+Health+and+Hospital+Association/data=!4m7!3m6!1s0x887539b7f7f106ff:0xd859ed596f2454f3!8m2!3d39.7948103!4d-89.653047!16s%2Fg%2F1tdq1wvw!19sChIJ_wbx97c5dYgR81Qkb1ntWdg,Illinois Health and Hospital Association,,,Medical clinic,"700 S 2nd St, Springfield, IL 62704, United States","Q8VW+WQ Springfield, Illinois, USA",https://www.team-iha.org/,+1 217-541-1150,,https://streetviewpixels-pa.googleapis.com/v1/thumbnail?panoid=DHU9v0FYyiv87WvPoLy5Iw&cb_client=search.gws-prod.gps&w=408&h=240&yaw=83.304794&pitch=0&thumbfov=100,false,,,,,,,,"https://www.google.com/maps/search/Hospice+clinics+in+Loami+Springfield+IL/@39.7558533,-89.7134992,14z",2025-09-17T23:58:27.879Z,,,,
https://www.google.com/maps/place/B3+Performance+and+Aesthetic+Medicine/data=!4m7!3m6!1s0x887539bf2b536703:0x2dcccf37a46bd69a!8m2!3d39.7756745!4d-89.7101421!16s%2Fg%2F11tn6plsb9!19sChIJA2dTK785dYgRmtZrpDfPzC0,B3 Performance and Aesthetic Medicine,5.0,71,Medical spa,"2131 W White Oaks Dr, Springfield, IL 62704, United States","Q7GQ+7W Springfield, Illinois, USA",https://www.b3medspa.com/,+1 217-508-5859,Closed ⋅ Opens 8:30 am Thu,https://lh3.googleusercontent.com/p/AF1QipNP09pToDSNQe7iocbYDx82ebshdK9UZoX3-Ew=w408-h272-k-no,true,8:30 am–5 pm,8:30 am–5 pm,8:30 am–5 pm,Closed,Closed,Closed,8:30 am–5 pm,"https://www.google.com/maps/search/Hospice+clinics+in+Loami+Springfield+IL/@39.7558533,-89.7134992,14z",2025-09-17T23:58:33.051Z,,,,
,,,,,,,,,,,,,,,,,,,"https://www.google.com/maps/search/Hospice+clinics+in+Pawnee+Springfield+IL/@39.8006593,-89.6449345,14z",2025-09-17T23:58:42.434Z,,,,No new results found
https://www.google.com/maps/place/HSHS+Medical+Group+Diabetes+and+Endocrinology+-+Springfield/data=!4m7!3m6!1s0x88753889709912cb:0xfb4c742893c6257d!8m2!3d39.7517073!4d-89.6705646!16s%2Fg%2F1thzpnby!19sChIJyxKZcIk4dYgRfSXGkyh0TPs,HSHS Medical Group Diabetes and Endocrinology - Springfield,3.7,15,Diabetes center,"1118 Legacy Pointe Dr, Springfield, IL 62711, United States","Q82H+MQ Springfield, Illinois, USA",https://www.hshs.org/medical-group/hshs-medical-group-diabetes-and-endocrinology-springfield?utm_campaign=ent-local-listing&utm_medium=local-listing&utm_source=gmb,+1 217-787-8870,Closed ⋅ Opens 8 am Thu,https://lh3.googleusercontent.com/p/AF1QipNakZMFThhJwBrktQ8-hVeQmRAidEryDPMg59vd=w426-h240-k-no,true,8 am–4:30 pm,8 am–4:30 pm,8 am–4:30 pm,Closed,Closed,8 am–4:30 pm,8 am–4:30 pm,"https://www.google.com/maps/search/Hospice+clinics+in+Cantrall+Springfield+IL/@39.7273629,-89.6368078,14z",2025-09-17T23:58:58.600Z,,,,
,,,,,,,,,,,,,,,,,,,"https://www.google.com/maps/search/Hospice+clinics+in+Thayer+Springfield+IL/@39.7649002,-89.671581,14z",2025-09-17T23:59:08.615Z,,,,No new results found