placeUrl,title,rating,reviewCount,category,address,plusCode,website,phoneNumber,currentStatus,imgUrl,isClaimed,query,timestamp,tuesday,wednesday,thursday,friday,saturday,sunday,monday,info,error
"https://www.google.com/maps/place/Dr.+Lewis+Lyons/@30.5185768,-87.8889416,17z/data=!3m1!4b1!4m6!3m5!1s0x889a407b8ee896d7:0xd622704693f142a8!8m2!3d30.5185768!4d-87.8889416!16s%2Fg%2F11sd2xpbgr",Dr. Lewis Lyons,5.0,2,Vascular surgeon,"188 Hospital Dr Suite 202, Fairhope, AL 36532, United States","G496+CC Fairhope, Alabama, USA",,+1 251-471-3544,,,false,"https://www.google.com/maps/search/vein+clinics+in+Fairhope+Mobile+AL/@30.5229719,-87.9033261,14z",2025-12-16T22:24:54.204Z,,,,,,,,,
"https://www.google.com/maps/place/Cardio-Thoracic+%26+Vascular+Surgical+Associates+%7C+Fairhope/@30.5185768,-87.8889416,17z/data=!3m1!4b1!4m6!3m5!1s0x889a41f156670a61:0x2bc04798b8a3b590!8m2!3d30.5185768!4d-87.8889416!16s%2Fg%2F11h8r59qt_",Cardio-Thoracic & Vascular Surgical Associates | Fairhope,4.5,2,Cardiologist,"188 Hospital Dr Suite 305, Fairhope, AL 36532, United States","G496+CC Fairhope, Alabama, USA",http://ctvsa.org/,+1 251-471-3544,Closes soon · 5 pm · Opens 8 am Wed,,true,"https://www.google.com/maps/search/vein+clinics+in+Fairhope+Mobile+AL/@30.5229719,-87.9033261,14z",2025-12-16T22:25:01.244Z,8 am–5 pm,8 am–5 pm,8 am–5 pm,8 am–5 pm,Closed,Closed,8 am–5 pm,,
https://www.google.com/maps/place/Vascular+Center+of+Mobile/data=!4m7!3m6!1s0x889a4e1d4f2589e5:0xc4d4f41da99b7c4c!8m2!3d30.6872378!4d-88.0627439!16s%2Fg%2F1hc1fkbwz!19sChIJ5YklTx1OmogRTHybqR301MQ,Vascular Center of Mobile,4.6,20,Vascular surgeon,"1151 Dauphin St, Mobile, AL 36604, United States","MWPP+VW Mobile, Alabama, USA",http://www.mobilevascular.com/,+1 251-445-0075,Closes soon · 5 pm · Opens 8 am Wed,https://lh3.googleusercontent.com/p/AF1QipOo_o28GKXQvjkfn9ZAHswu0rFkGYWlJtCs4ywV=w408-h261-k-no,true,"https://www.google.com/maps/search/vein+clinics+in+Fairhope+Mobile+AL/@30.5229719,-87.9033261,14z",2025-12-16T22:25:06.806Z,8 am–5 pm,8 am–5 pm,8 am–5 pm,8 am–5 pm,Closed,Closed,8 am–5 pm,,
https://www.google.com/maps/place/Coastal+Medical+Group+%7C+East/data=!4m7!3m6!1s0x889a407a34a78337:0x998604ecd53a97cd!8m2!3d30.5178668!4d-87.8869476!16s%2Fg%2F11hcz37qw6!19sChIJN4OnNHpAmogRzZc61ewEhpk,Coastal Medical Group | East,3.2,17,Medical clinic,"300 S Greeno Rd Suite B, Fairhope, AL 36532, United States","G497+46 Fairhope, Alabama, USA",https://www.infirmaryhealth.org/coastal,+1 251-929-3424,Closes soon · 5 pm · Opens 8 am Wed,https://streetviewpixels-pa.googleapis.com/v1/thumbnail?panoid=fJtyPoxC3bw7KwbLOHHqhQ&cb_client=search.gws-prod.gps&w=408&h=240&yaw=270.02664&pitch=0&thumbfov=100,true,"https://www.google.com/maps/search/vein+clinics+in+Fairhope+Mobile+AL/@30.5229719,-87.9033261,14z",2025-12-16T22:25:11.892Z,8 am–5 pm,8 am–5 pm,8 am–5 pm,8 am–5 pm,Closed,Closed,8 am–5 pm,,
https://www.google.com/maps/place/Eastern+Shore+Cosmetic+Surgery/data=!4m7!3m6!1s0x889a40ff81cc8591:0xe558a993eec8fddc!8m2!3d30.5543888!4d-87.8941385!16s%2Fg%2F1tcy9pdc!19sChIJkYXMgf9AmogR3P3I7pOpWOU,Eastern Shore Cosmetic Surgery,4.9,97,Plastic surgeon,"7541 Cipriano Ct, Fairhope, AL 36532, United States","H434+Q8 Fairhope, Alabama, USA",https://www.easternshoreplasticsurgery.com/,+1 251-929-8290,Closes soon · 4:30 pm · Opens 8 am Wed,https://lh3.googleusercontent.com/p/AF1QipOTiw8fVoxaEkc-Tt-9hU9FDuXjOh_fepoK9QDZ=w408-h408-k-no,true,"https://www.google.com/maps/search/vein+clinics+in+Fairhope+Mobile+AL/@30.5229719,-87.9033261,14z",2025-12-16T22:25:16.936Z,8 am–4:30 pm,8 am–4:30 pm,8 am–4:30 pm,8 am–4:30 pm,Closed,Closed,8 am–4:30 pm,,
https://www.google.com/maps/place/Baldwin+Health+Wound+Care+and+Hyperbaric+Medicine+-+Fairhope/data=!4m7!3m6!1s0x889a408d120c7a8f:0xa7958524cd6a1b9b!8m2!3d30.5317374!4d-87.9025012!16s%2Fg%2F11bwpz73sh!19sChIJj3oMEo1AmogRmxtqzSSFlac,Baldwin Health Wound Care and Hyperbaric Medicine - Fairhope,4.5,10,Medical Center,"411 N Section St #1, Fairhope, AL 36532, United States","G3JW+MX Fairhope, Alabama, USA",https://www.baldwinhealth.com/wound-care-service?utm_source=gmb&utm_medium=homepage&utm_campaign=biz-listings,+1 251-928-9090,Closes soon · 5 pm · Opens 8 am Wed,https://lh3.googleusercontent.com/p/AF1QipNwkQBHuuk0x_iqvSzStP9uOAUp14GkogcOz6Rd=w408-h306-k-no,true,"https://www.google.com/maps/search/vein+clinics+in+Fairhope+Mobile+AL/@30.5229719,-87.9033261,14z",2025-12-16T22:25:21.857Z,8 am–5 pm,8 am–5 pm,8 am–5 pm,8 am–5 pm,Closed,Closed,8 am–5 pm,,
https://www.google.com/maps/place/Dr.+James+Koehler/data=!4m7!3m6!1s0x87b68e0754b5d70d:0x2a98b8ba843decc5!8m2!3d30.5541717!4d-87.8939921!16s%2Fg%2F1tdhfhzg!19sChIJDde1VAeOtocRxew9hLq4mCo,Dr. James Koehler,5.0,184,Plastic surgeon,"7541 Cipriano Ct, Fairhope, AL 36532, United States","H434+MC Fairhope, Alabama, USA",https://www.easternshoreplasticsurgery.com/,+1 251-929-8290,Closes soon · 4:30 pm · Opens 8 am Wed,https://lh3.googleusercontent.com/p/AF1QipMaDIKzYULAt6EN2JhYWljHg-sLI-rMH3DqqJxB=w413-h240-k-no,true,"https://www.google.com/maps/search/vein+clinics+in+Fairhope+Mobile+AL/@30.5229719,-87.9033261,14z",2025-12-16T22:25:27.061Z,8 am–4:30 pm,8 am–4:30 pm,8 am–4:30 pm,8 am–4:30 pm,Closed,Closed,8 am–4:30 pm,,
https://www.google.com/maps/place/Violet+Aesthetic+Centre/data=!4m7!3m6!1s0x889a1583d1f08343:0xd167be5844496b0f!8m2!3d30.500949!4d-87.8516155!16s%2Fg%2F11h1j39b07!19sChIJQ4Pw0YMVmogRD2tJRFi-Z9E,Violet Aesthetic Centre,5.0,10,Skin care clinic,"880 Holcomb Blvd #5, Fairhope, AL 36532, United States","G42X+99 Fairhope, Alabama, USA",http://www.violetaestheticcentre.com/,+1 251-929-0004,Closes soon · 5 pm · Opens 9 am Wed,https://lh3.googleusercontent.com/p/AF1QipPcu0XTFu6ZlMo6NI7Vg_VW0XSwIyRnn1bkUj9X=w408-h272-k-no,true,"https://www.google.com/maps/search/vein+clinics+in+Fairhope+Mobile+AL/@30.5229719,-87.9033261,14z",2025-12-16T22:25:31.953Z,9 am–5 pm,9 am–5 pm,9 am–5 pm,9 am–5 pm,Closed,Closed,Closed,,
https://www.google.com/maps/place/Bayside+Regenerative+Medicine/data=!4m7!3m6!1s0x889a408e5537fc67:0xe6132131ea2e0a4c!8m2!3d30.525527!4d-87.9016819!16s%2Fg%2F11ddyj24vq!19sChIJZ_w3VY5AmogRTAou6jEhE-Y,Bayside Regenerative Medicine,3.9,14,Doctor,"100 N Bancroft St, Fairhope, AL 36532, United States","G3GX+68 Fairhope, Alabama, USA",https://www.baysideregenerativemedicine.com/,+1 251-517-1050,Closes soon · 4:30 pm · Opens 9 am Wed,https://streetviewpixels-pa.googleapis.com/v1/thumbnail?panoid=cKYZo_ukfXjgNh_KsJc3JQ&cb_client=search.gws-prod.gps&w=408&h=240&yaw=102.80455&pitch=0&thumbfov=100,true,"https://www.google.com/maps/search/vein+clinics+in+Fairhope+Mobile+AL/@30.5229719,-87.9033261,14z",2025-12-16T22:25:37.076Z,9 am–4:30 pm,9 am–4:30 pm,9 am–4:30 pm,8:30 am–4:30 pm,Closed,Closed,8:30 am–4:30 pm,,
https://www.google.com/maps/place/MD+Aesthetics+of+Mobile+Bay/data=!4m7!3m6!1s0x889a3fecc57f7851:0x9ef0888dcd5fd51!8m2!3d30.5259763!4d-87.9017123!16s%2Fg%2F11nzrdf3p9!19sChIJUXh_xew_mogRUf3V3IgI7wk,MD Aesthetics of Mobile Bay,4.7,20,Medical spa,"106 N Bancroft St, Fairhope, AL 36532, United States","G3GX+98 Fairhope, Alabama, USA",https://mdaestheticsmobilebay.com/,+1 251-281-8776,Closes soon · 4:30 pm · Opens 8:30 am Wed,https://lh3.googleusercontent.com/p/AF1QipNEe33VTkmZj6AmloqEBAsEKugiAxoSryT-n3X8=w408-h272-k-no,true,"https://www.google.com/maps/search/vein+clinics+in+Fairhope+Mobile+AL/@30.5229719,-87.9033261,14z",2025-12-16T22:25:42.114Z,8:30 am–4:30 pm,8:30 am–4:30 pm,8:30 am–4:30 pm,8:30 am–4:30 pm,Closed,Closed,8:30 am–4:30 pm,,
https://www.google.com/maps/place/Fairhope+Surgery+Center/data=!4m7!3m6!1s0x889a4177acdaf9a3:0x997ec3d13e4ded8!8m2!3d30.5317537!4d-87.902419!16s%2Fg%2F11tcknk0dg!19sChIJo_narHdBmogR2N7kEz3slwk,Fairhope Surgery Center,5.0,8,Surgical center,"411 N Section St, Fairhope, AL 36532, United States","G3JX+P2 Fairhope, Alabama, USA",https://www.infirmaryhealth.org/,+1 251-517-5020,Closes soon · 5 pm · Opens 8 am Wed,https://lh3.googleusercontent.com/p/AF1QipPzjDiqmwuttyihY_VXIjU0V4V0tqenMHHN66kX=w408-h272-k-no,true,"https://www.google.com/maps/search/vein+clinics+in+Fairhope+Mobile+AL/@30.5229719,-87.9033261,14z",2025-12-16T22:25:47.040Z,8 am–5 pm,8 am–5 pm,8 am–5 pm,8 am–5 pm,Closed,Closed,8 am–5 pm,,
https://www.google.com/maps/place/Fountain+of+Youth+Med+Spa/data=!4m7!3m6!1s0x889a4317cf611cb1:0xb2b62007b7b1dc8!8m2!3d30.4896212!4d-87.8881876!16s%2Fg%2F11dyx83lqr!19sChIJsRxhzxdDmogRyB17ewBiKws,Fountain of Youth Med Spa,4.8,22,Medical spa,"18165 Wright Blvd, Fairhope, AL 36532, United States","F4Q6+RP Fairhope, Alabama, USA",https://www.foywellness.com/,+1 251-525-8446,Closes soon · 5 pm · Opens 9 am Wed,https://lh3.googleusercontent.com/p/AF1QipM-tm4kGfHnsDuK4Vv5hVW6hNYxn_H062ABbH6w=w408-h306-k-no,true,"https://www.google.com/maps/search/vein+clinics+in+Fairhope+Mobile+AL/@30.5229719,-87.9033261,14z",2025-12-16T22:25:51.925Z,9 am–5 pm,9 am–5 pm,9 am–6 pm,9 am–2 pm,Closed,Closed,9 am–5 pm,,
https://www.google.com/maps/place/Fairhope+Aesthetic+Medicine/data=!4m7!3m6!1s0x889a407c51328797:0x93b0d1907251f973!8m2!3d30.5184815!4d-87.8918686!16s%2Fg%2F11cmn2rlb2!19sChIJl4cyUXxAmogRc_lRcpDRsJM,Fairhope Aesthetic Medicine,,,Medical clinic,"150 South Ingleside Street, Medical Park #4, Fairhope, AL 36532, United States","G495+97 Fairhope, Alabama, USA",http://www.fairhopeaestheticmedicine.com/,+1 251-459-3881,Closes soon · 5 pm · Opens 8 am Wed,https://lh3.googleusercontent.com/p/AF1QipMUj78YQMtcr1FW5N4kiT14T91tHCg0Bx8dQvGC=w500-h240-k-no,true,"https://www.google.com/maps/search/vein+clinics+in+Fairhope+Mobile+AL/@30.5229719,-87.9033261,14z",2025-12-16T22:25:56.787Z,8 am–5 pm,8 am–5 pm,8 am–5 pm,8 am–5 pm,Closed,Closed,8 am–5 pm,,
https://www.google.com/maps/place/Park+%26+Rebowe+Clinic+for+Plastic+Surgery+-+Fairhope/data=!4m7!3m6!1s0x889a408d0c39641d:0xdc85277ac6357d1!8m2!3d30.5317269!4d-87.9025656!16s%2Fg%2F11c3kvv5fj!19sChIJHWQ5DI1AmogR0VdjrHdSyA0,Park & Rebowe Clinic for Plastic Surgery - Fairhope,4.6,9,Plastic surgeon,"411 N Section St 3rd floor, Fairhope, AL 36532, United States","G3JW+MX Fairhope, Alabama, USA",https://www.parkrebowe.com/?utm_source=google&utm_medium=organic&utm_campaign=gbp,+1 251-340-6600,Closed · Opens 9 am Fri,https://lh3.googleusercontent.com/p/AF1QipN1C8eVdVjAKZn7ALs1GPCYazj0sB8U_CMQZTRy=w408-h544-k-no,true,"https://www.google.com/maps/search/vein+clinics+in+Fairhope+Mobile+AL/@30.5229719,-87.9033261,14z",2025-12-16T22:26:01.849Z,Closed,Closed,Closed,9 am–4 pm,Closed,Closed,Closed,,
"https://www.google.com/maps/place/Vein+Center+of+South+Baldwin+in+Foley,+AL/data=!4m7!3m6!1s0x889a0de42cba3d5d:0xb2941a01381828cf!8m2!3d30.4236116!4d-87.6823517!16s%2Fg%2F1thxrdx7!19sChIJXT26LOQNmogRzygYOAEalLI","Vein Center of South Baldwin in Foley, AL",5.0,7,Surgical center,"1502 N McKenzie St # 112, Foley, AL 36535, United States","C8F9+C3 Foley, Alabama, USA",https://www.veincenterofflorida.com/,+1 251-971-8346,Closes soon · 5 pm · Opens 8:30 am Wed,https://lh3.googleusercontent.com/p/AF1QipOvEfAlVkMgByFGS3ocLzM58NY48ILJJd2x3ck0=w408-h306-k-no,true,"https://www.google.com/maps/search/vein+clinics+in+Fairhope+Mobile+AL/@30.5229719,-87.9033261,14z",2025-12-16T22:26:06.869Z,8:30 am–5 pm,8:30 am–5 pm,8:30 am–5 pm,8:30 am–5 pm,Closed,Closed,8:30 am–5 pm,,
https://www.google.com/maps/place/Dr.+Vincent+Gardner/data=!4m7!3m6!1s0x88605f9436a7c075:0x914df006a0164775!8m2!3d30.5544048!4d-87.8941564!16s%2Fg%2F11fr1csfpd!19sChIJdcCnNpRfYIgRdUcWoAbwTZE,Dr. Vincent Gardner,5.0,46,Cosmetic surgeon,"7541 Cipriano Ct, Fairhope, AL 36532, United States","H434+Q8 Fairhope, Alabama, USA",https://www.easternshoreplasticsurgery.com/,+1 251-929-8290,"Closes soon · 4:30 pm · Opens 8 am Wed

Updated by this business 10 weeks ago",https://lh3.googleusercontent.com/p/AF1QipNkmKn8pnrLRafOJ97Yhp5j81Ow96irVQ0OdrKi=w408-h408-k-no,true,"https://www.google.com/maps/search/vein+clinics+in+Fairhope+Mobile+AL/@30.5229719,-87.9033261,14z",2025-12-16T22:26:12.033Z,8 am–4:30 pm,8 am–4:30 pm,8 am–4:30 pm,8 am–4:30 pm,Closed,Closed,8 am–4:30 pm,LGBTQ+ friendly,
https://www.google.com/maps/place/Retina+Specialty+Institute/data=!4m7!3m6!1s0x889a41cfa53cc6c9:0xe98e3513d3f7a4ca!8m2!3d30.531736!4d-87.9025211!16s%2Fg%2F11p_1zs2j9!19sChIJycY8pc9BmogRyqT30xM1juk,Retina Specialty Institute,4.2,5,Ophthalmology clinic,"411 N Section St Ste 200, Fairhope, AL 36532, United States","G3JW+MX Fairhope, Alabama, USA",https://www.retinaspecialty.com/?utm_source=googlemybusiness&utm_medium=organic&utm_campaign=Retina+Specialty+Institute+Fairhope+AL,+1 850-476-6759,Closes soon · 5 pm · Opens 8 am Wed,https://lh3.googleusercontent.com/p/AF1QipPnBWPaJbemZu481aWHugIANBRFNTxqV7_DJglE=w408-h306-k-no,true,"https://www.google.com/maps/search/vein+clinics+in+Fairhope+Mobile+AL/@30.5229719,-87.9033261,14z",2025-12-16T22:26:17.082Z,8 am–5 pm,8 am–5 pm,8 am–5 pm,8 am–5 pm,Closed,Closed,8 am–5 pm,LGBTQ+ friendly,
https://www.google.com/maps/place/Minto+Oral+%26+Maxillofacial+Surgery/data=!4m7!3m6!1s0x889a40784f80d401:0xeb6485ee3941d6b5!8m2!3d30.5129359!4d-87.8854399!16s%2Fg%2F1tlbpy7z!19sChIJAdSAT3hAmogRtdZBOe6FZOs,Minto Oral & Maxillofacial Surgery,4.9,170,Oral and maxillofacial surgeon,"19748 S Greeno Rd, Fairhope, AL 36532, United States","G477+5R Fairhope, Alabama, USA",http://www.momfs.org/?utm_source=google&utm_medium=organic&utm_campaign=google_my_business,+1 251-990-5959,Closes soon · 5 pm · Opens 8 am Wed,https://lh3.googleusercontent.com/p/AF1QipP2sEMJhrNSh_Wfx3DNTX6JTYLadL3JJS3Pwx88=w408-h408-k-no,true,"https://www.google.com/maps/search/vein+clinics+in+Fairhope+Mobile+AL/@30.5229719,-87.9033261,14z",2025-12-16T22:26:22.121Z,8 am–5 pm,8 am–3 pm,8 am–5 pm,8 am–3 pm,Closed,Closed,8 am–5 pm,,
"https://www.google.com/maps/place/Jimmie+Gavras,+MD/@30.5185768,-87.8889416,17z/data=!3m1!4b1!4m6!3m5!1s0x889a40791ee81969:0x9d8d2534bfe37b96!8m2!3d30.5185768!4d-87.8889416!16s%2Fg%2F1vvr6_52","Jimmie Gavras, MD",4.8,177,Surgeon,"188 Hospital Dr Suite 205, Fairhope, AL 36532, United States","G496+CC Fairhope, Alabama, USA",http://www.infirmarysurgicalspecialists.org/,+1 251-990-9191,Closes soon · 5 pm · Opens 8 am Wed,,false,"https://www.google.com/maps/search/vein+clinics+in+Fairhope+Mobile+AL/@30.5229719,-87.9033261,14z",2025-12-16T22:26:28.938Z,8 am–5 pm,8 am–5 pm,8 am–5 pm,8 am–5 pm,Closed,Closed,8 am–5 pm,,
https://www.google.com/maps/place/Vampire+Facelift/data=!4m7!3m6!1s0x889a408544e3e4a7:0x88c12f6c7349f21a!8m2!3d30.5218003!4d-87.9032319!16s%2Fg%2F11g8v5dlm2!19sChIJp-TjRIVAmogRGvJJc2wvwYg,Vampire Facelift,,,Medical clinic,"52 S Section St, Fairhope, AL 36532, United States","G3CW+PP Fairhope, Alabama, USA",http://vampirefacelift.com/contact-us/,+1 888-920-5311,,https://streetviewpixels-pa.googleapis.com/v1/thumbnail?panoid=BlzYq2SU6WyAp1Jb_y0H3Q&cb_client=search.gws-prod.gps&w=408&h=240&yaw=281.30508&pitch=0&thumbfov=100,false,"https://www.google.com/maps/search/vein+clinics+in+Fairhope+Mobile+AL/@30.5229719,-87.9033261,14z",2025-12-16T22:26:31.952Z,,,,,,,,,
https://www.google.com/maps/place/Fairhope+OBGYN+-+Dr+Dylan+Wells/data=!4m7!3m6!1s0x889a407c51328797:0x3a1edbc4cf177704!8m2!3d30.5085375!4d-87.8855043!16s%2Fg%2F1xb2fbzp!19sChIJl4cyUXxAmogRBHcXz8TbHjo,Fairhope OBGYN - Dr Dylan Wells,4.5,193,Obstetrician-gynecologist,"19450 S Greeno Rd, Fairhope, AL 36532, United States","G457+CQ Fairhope, Alabama, USA",http://www.fairhopeobgyn.com/,+1 251-928-1222,Closes soon · 4:30 pm · Opens 8 am Wed,https://streetviewpixels-pa.googleapis.com/v1/thumbnail?panoid=zOQft4perFMzqRiIqlK9Vg&cb_client=search.gws-prod.gps&w=408&h=240&yaw=84.79698&pitch=0&thumbfov=100,true,"https://www.google.com/maps/search/vein+clinics+in+Fairhope+Mobile+AL/@30.5229719,-87.9033261,14z",2025-12-16T22:26:36.885Z,8 am–4:30 pm,8 am–4:30 pm,8 am–4:30 pm,8 am–4:30 pm,Closed,Closed,8 am–4:30 pm,,
"https://www.google.com/maps/place/Charles+Runels,+MD/data=!4m7!3m6!1s0x889a408544e3e4a7:0x58adb31096c08a15!8m2!3d30.5217998!4d-87.9032331!16s%2Fg%2F1tj74csd!19sChIJp-TjRIVAmogRFYrAlhCzrVg","Charles Runels, MD",4.7,12,Doctor,"52 S Section St, Fairhope, AL 36532, United States","G3CW+PP Fairhope, Alabama, USA",http://orgasmdoctor.com/,+1 251-648-7704,Closes soon · 5 pm · Opens 9 am Wed,https://lh3.googleusercontent.com/gps-cs-s/AG0ilSxNPuRzu_N7P383ra5_l2lONLCKQ3FvOBXRQMi4yBf1kud2YO1SblEAqFtIJHBHBLUN_2QzC64LDvF3W6VKaqLeaREQcjowal200T7x7XAasTkfVVi1sp0ICzSbNFeo2ptSIzVirQ=w408-h306-k-no,true,"https://www.google.com/maps/search/vein+clinics+in+Fairhope+Mobile+AL/@30.5229719,-87.9033261,14z",2025-12-16T22:26:41.758Z,9 am–5 pm,9 am–5 pm,9 am–5 pm,9 am–12 pm,Closed,Closed,9 am–5 pm,,
https://www.google.com/maps/place/Vascular+Associates+of+South+county+RI/data=!4m7!3m6!1s0x889a4e1908abc32f:0xdabfe075c66eae72!8m2!3d30.6898796!4d-88.0736261!16s%2Fg%2F11bw2hqgry!19sChIJL8OrCBlOmogRcq5uxnXgv9o,Vascular Associates of South county RI,4.0,25,Surgical center,"1551 Old Shell Rd, Mobile, AL 36604, United States","MWQG+XG Mobile, Alabama, USA",http://www.myvasadoc.net/,+1 251-410-8272,Closes soon · 4:30 pm · Opens 8 am Wed,https://lh3.googleusercontent.com/p/AF1QipO2H2xFSKKneSYu_NLxTrrnEXOe_f7litnzJ5-p=w602-h240-k-no,true,"https://www.google.com/maps/search/vein+clinics+in+Fairhope+Mobile+AL/@30.5229719,-87.9033261,14z",2025-12-16T22:26:46.929Z,8 am–4:30 pm,8 am–4:30 pm,8 am–4:30 pm,8 am–4:30 pm,Closed,Closed,8 am–4:30 pm,,
"https://www.google.com/maps/place/Melanie+Rose/@30.5185768,-87.8889416,17z/data=!3m1!4b1!4m6!3m5!1s0x889a407b8ee896d7:0x5c16e3d53b9f7d22!8m2!3d30.5185768!4d-87.8889416!16s%2Fg%2F11p07b32p0",Melanie Rose,,,Surgeon,"188 Hospital Dr Suite 305, Fairhope, AL 36532, United States","G496+CC Fairhope, Alabama, USA",,+1 251-471-3544,,,false,"https://www.google.com/maps/search/vein+clinics+in+Fairhope+Mobile+AL/@30.5229719,-87.9033261,14z",2025-12-16T22:26:51.508Z,,,,,,,,,
https://www.google.com/maps/place/Thomas+Hospital/data=!4m7!3m6!1s0x889a407b73392aa1:0xae8000934a60e450!8m2!3d30.5187996!4d-87.8896788!16s%2Fm%2F04g399v!19sChIJoSo5c3tAmogRUORgSpMAgK4,Thomas Hospital,3.1,432,General hospital,"750 Morphy Ave, Fairhope, AL 36532, United States","G496+G4 Fairhope, Alabama, USA",https://www.infirmaryhealth.org/hospitals/thomas-hospital,+1 251-928-2375,,https://lh3.googleusercontent.com/p/AF1QipOp4380brC5wruXK9Ph7vRaC7F20dAIUYQgmnqK=w408-h271-k-no,true,"https://www.google.com/maps/search/vein+clinics+in+Fairhope+Mobile+AL/@30.5229719,-87.9033261,14z",2025-12-16T22:26:56.638Z,Open 24 hours,Open 24 hours,Open 24 hours,Open 24 hours,Open 24 hours,Open 24 hours,Open 24 hours,,
https://www.google.com/maps/place/O-Shot%C2%AE/data=!4m7!3m6!1s0x889a408544c00001:0x28487ee2b3a27a91!8m2!3d30.521822!4d-87.903214!16s%2Fg%2F11srgjv3tg!19sChIJAQDARIVAmogRkXqis-J-SCg,O-Shot®,3.0,2,Doctor,"52 S Section St, Fairhope, AL 36532, United States","G3CW+PP Fairhope, Alabama, USA",https://oshot.info/members/contact-us/,+1 888-920-5311,,https://streetviewpixels-pa.googleapis.com/v1/thumbnail?panoid=L6TFsr34B8UyKzE-iDjiZw&cb_client=search.gws-prod.gps&w=408&h=240&yaw=262.75513&pitch=0&thumbfov=100,false,"https://www.google.com/maps/search/vein+clinics+in+Fairhope+Mobile+AL/@30.5229719,-87.9033261,14z",2025-12-16T22:26:59.296Z,,,,,,,,,
https://www.google.com/maps/place/Clear+Medspa/data=!4m7!3m6!1s0x889a41a6074022ab:0xe5674daebbd3daaa!8m2!3d30.5677519!4d-87.8928603!16s%2Fg%2F1wf39d4v!19sChIJqyJAB6ZBmogRqtrTu65NZ-U,Clear Medspa,5.0,2,Medical spa,"202 Rock Creek Pkwy, Fairhope, AL 36532, United States","H494+4V Fairhope, Alabama, USA",http://haleyderm.com/,+1 251-928-2310,"Closes soon · 5 pm · Opens 8 am Wed

Updated by phone call 10 weeks ago",https://streetviewpixels-pa.googleapis.com/v1/thumbnail?panoid=Z9uxBh5u6jS4-9DJWQcrtA&cb_client=search.gws-prod.gps&w=408&h=240&yaw=84.63313&pitch=0&thumbfov=100,false,"https://www.google.com/maps/search/vein+clinics+in+Fairhope+Mobile+AL/@30.5229719,-87.9033261,14z",2025-12-16T22:27:04.377Z,8 am–5 pm,8 am–5 pm,8 am–5 pm,8 am–1 pm,Closed,Closed,8 am–5 pm,,
https://www.google.com/maps/place/Center+For+Advanced+Vein+Care/data=!4m7!3m6!1s0x889a4d770ee5e43b:0x8aac684f5785d96e!8m2!3d30.685236!4d-88.13162!16s%2Fg%2F1thq1h57!19sChIJO-TlDndNmogRbtmFV09orIo,Center For Advanced Vein Care,,,Doctor,"3715 Dauphin St, Mobile, AL 36608, United States","MVP9+39 Mobile, Alabama, USA",,+1 251-460-5461,Closes soon · 5 pm · Opens 8 am Wed,https://streetviewpixels-pa.googleapis.com/v1/thumbnail?panoid=mvp9Q56fidrIEfOEVEHaYA&cb_client=search.gws-prod.gps&w=408&h=240&yaw=223.17758&pitch=0&thumbfov=100,false,"https://www.google.com/maps/search/vein+clinics+in+Fairhope+Mobile+AL/@30.5229719,-87.9033261,14z",2025-12-16T22:27:09.404Z,8 am–5 pm,8 am–5 pm,8 am–5 pm,8 am–5 pm,Closed,Closed,8 am–5 pm,,
https://www.google.com/maps/place/Citrin+Vein+Clinic/data=!4m7!3m6!1s0x889bb36ea6eef319:0x3d7ed12a92f32778!8m2!3d30.6785742!4d-88.1976094!16s%2Fg%2F11rzgm123w!19sChIJGfPupm6zm4gReCfzkirRfj0,Citrin Vein Clinic,,,Medical clinic,"6701 Airport Blvd Suite C-138, Mobile, AL 36608, United States","MRH2+CX Mobile, Alabama, USA",http://www.citrincardiology.com/vein%20disease,+1 251-333-3333,Closes soon · 5 pm · Opens 8 am Wed,https://lh3.googleusercontent.com/p/AF1QipMBLGu12GcnQlErTJM8yTPX7hqHaG5Gi-n1SVI6=w408-h272-k-no,true,"https://www.google.com/maps/search/vein+clinics+in+Fairhope+Mobile+AL/@30.5229719,-87.9033261,14z",2025-12-16T22:27:14.352Z,8 am–5 pm,8 am–5 pm,8 am–5 pm,Closed,Closed,Closed,8 am–5 pm,,
"https://www.google.com/maps/place/Christin+Rowe,+PA-C/data=!4m7!3m6!1s0x889a41a86d82202d:0xffbc23f642cc603e!8m2!3d30.5677271!4d-87.8928344!16s%2Fg%2F11gdt9wwgx!19sChIJLSCCbahBmogRPmDMQvYjvP8","Christin Rowe, PA-C",5.0,779,Physician assistant,"202 Rock Creek Pkwy, Fairhope, AL 36532, United States","H494+3V Fairhope, Alabama, USA",https://forefrontdermatology.com/provider/christin-rowe-pa-c/?utm_source=ExtNet&utm_medium=Yext&y_source=1_MTUwNDY4MTEtNzE1LWxvY2F0aW9uLndlYnNpdGU%3D,+1 251-928-3844,,https://streetviewpixels-pa.googleapis.com/v1/thumbnail?panoid=Z9uxBh5u6jS4-9DJWQcrtA&cb_client=search.gws-prod.gps&w=408&h=240&yaw=87.65284&pitch=0&thumbfov=100,true,"https://www.google.com/maps/search/vein+clinics+in+Fairhope+Mobile+AL/@30.5229719,-87.9033261,14z",2025-12-16T22:27:17.487Z,,,,,,,,,
https://www.google.com/maps/place/Coastal+Vein+Institute/data=!4m7!3m6!1s0x889a0de4267364d7:0x1ae4aec18ce6f1e9!8m2!3d30.4235164!4d-87.6823777!16s%2Fg%2F124t2gm91!19sChIJ12RzJuQNmogR6fHmjMGu5Bo,Coastal Vein Institute,1.0,1,Medical Center,"1502 N McKenzie St #110, Foley, AL 36535, United States","C8F9+C2 Foley, Alabama, USA",http://www.coastalveininstitute.com/,+1 251-974-5347,,https://streetviewpixels-pa.googleapis.com/v1/thumbnail?panoid=WeCk4qF-hsWDEeU6Znk9jA&cb_client=search.gws-prod.gps&w=408&h=240&yaw=182.55118&pitch=0&thumbfov=100,true,"https://www.google.com/maps/search/vein+clinics+in+Fairhope+Mobile+AL/@30.5229719,-87.9033261,14z",2025-12-16T22:27:20.278Z,,,,,,,,,
https://www.google.com/maps/place/Bay+Area+Vein+Center/data=!4m7!3m6!1s0x889a4d2e6d15e07f:0x4bc1cca725eeba55!8m2!3d30.6632409!4d-88.1621946!16s%2Fg%2F1tkp0kmd!19sChIJf-AVbS5NmogRVbruJafMwUs,Bay Area Vein Center,,,Doctor,"517 Boulevard Park W, Mobile, AL 36609, United States","MR7Q+74 Mobile, Alabama, USA",,+1 251-345-1868,,https://streetviewpixels-pa.googleapis.com/v1/thumbnail?panoid=dF7mLh2XykLyDg3im1zJfQ&cb_client=search.gws-prod.gps&w=408&h=240&yaw=137.82942&pitch=0&thumbfov=100,false,"https://www.google.com/maps/search/vein+clinics+in+Fairhope+Mobile+AL/@30.5229719,-87.9033261,14z",2025-12-16T22:27:23.195Z,,,,,,,,,
https://www.google.com/maps/place/The+PR+Medical+Spa/data=!4m7!3m6!1s0x889a4d8f9c8f0ef9:0x90b8c83cc49ea9b6!8m2!3d30.687386!4d-88.1308616!16s%2Fg%2F1hd_08mcq!19sChIJ-Q6PnI9NmogRtqmexDzIuJA,The PR Medical Spa,4.8,45,Medical spa,"3700 Dauphin St Suite A, Mobile, AL 36608, United States","MVP9+XM Mobile, Alabama, USA",https://www.parkrebowe.com/med-spa-alabama/,+1 251-340-6600,Closes soon · 4:30 pm · Opens 8 am Wed,https://lh3.googleusercontent.com/p/AF1QipPlg1FV2XbEbzgAg15IORj9nyqeq4PWkYIWrERp=w408-h272-k-no,true,"https://www.google.com/maps/search/vein+clinics+in+Fairhope+Mobile+AL/@30.5229719,-87.9033261,14z",2025-12-16T22:27:28.316Z,8 am–4:30 pm,8 am–4:30 pm,8 am–4:30 pm,8 am–4:30 pm,Closed,Closed,8 am–4:30 pm,,
https://www.google.com/maps/place/Thomas+Hospital+%7C+Outpatient+Infusion+Clinic/data=!4m7!3m6!1s0x889a41d99c9c6047:0x5a8c11a9c8cb4925!8m2!3d30.5174639!4d-87.8873074!16s%2Fg%2F11y86vfdcz!19sChIJR2CcnNlBmogRJUnLyKkRjFo,Thomas Hospital | Outpatient Infusion Clinic,,,Hospital,"312 S Greeno Rd Building C Suite B, Fairhope, AL 36532, United States","G487+X3 Fairhope, Alabama, USA",https://www.infirmaryhealth.org/,+1 251-279-1547,Closes soon · 5 pm · Opens 8 am Wed,https://streetviewpixels-pa.googleapis.com/v1/thumbnail?panoid=UuqiFyebA8bsEsZqB0K2_w&cb_client=search.gws-prod.gps&w=408&h=240&yaw=223.76671&pitch=0&thumbfov=100,true,"https://www.google.com/maps/search/vein+clinics+in+Fairhope+Mobile+AL/@30.5229719,-87.9033261,14z",2025-12-16T22:27:33.117Z,8 am–5 pm,8 am–5 pm,8 am–5 pm,8 am–5 pm,Closed,Closed,8 am–5 pm,,
https://www.google.com/maps/place/Cellular+Medicine+Association/data=!4m7!3m6!1s0x889a408544c00001:0x344e794a6246ba58!8m2!3d30.521822!4d-87.903214!16s%2Fg%2F11gr62hd_w!19sChIJAQDARIVAmogRWLpGYkp5TjQ,Cellular Medicine Association,5.0,1,Cell phone store,"52 S Section St, Fairhope, AL 36532, United States","G3CW+PP Fairhope, Alabama, USA",https://cellularmedicineassociation.org/contact/,+1 888-920-5311,Open · Closes 7 pm,https://streetviewpixels-pa.googleapis.com/v1/thumbnail?panoid=L6TFsr34B8UyKzE-iDjiZw&cb_client=search.gws-prod.gps&w=408&h=240&yaw=262.75513&pitch=0&thumbfov=100,false,"https://www.google.com/maps/search/vein+clinics+in+Fairhope+Mobile+AL/@30.5229719,-87.9033261,14z",2025-12-16T22:27:38.050Z,10 am–7 pm,10 am–7 pm,10 am–7 pm,10 am–7 pm,10 am–7 pm,12–5 pm,10 am–7 pm,,
https://www.google.com/maps/place/Vascular+Specialists+of+Mobile/data=!4m7!3m6!1s0x889a4e0343c5ff55:0xf4aeafd755eb5a72!8m2!3d30.6937409!4d-88.0816144!16s%2Fg%2F1thx06p3!19sChIJVf_FQwNOmogRclrrVdevrvQ,Vascular Specialists of Mobile,5.0,3,Surgical center,"171 Mobile Infirmary Blvd, Mobile, AL 36607, United States","MWV9+F9 Mobile, Alabama, USA",,+1 251-432-0558,,https://streetviewpixels-pa.googleapis.com/v1/thumbnail?panoid=FKoy6z5PUBePihUoKNyV3w&cb_client=search.gws-prod.gps&w=408&h=240&yaw=81.243675&pitch=0&thumbfov=100,false,"https://www.google.com/maps/search/vein+clinics+in+Fairhope+Mobile+AL/@30.5229719,-87.9033261,14z",2025-12-16T22:27:41.128Z,,,,,,,,,
https://www.google.com/maps/place/Med+Spa/data=!4m7!3m6!1s0x889a408d0e9d76e3:0x27bbd65ff7181d7e!8m2!3d30.5317361!4d-87.9025211!16s%2Fg%2F11vz8dr1c7!19sChIJ43adDo1AmogRfh0Y91_Wuyc,Med Spa,,,,"411 N Section St, Fairhope, AL 36532, United States","G3JW+MX Fairhope, Alabama, USA",https://www.parkrebowe.com/about-mobile-plastic-surgery/the-pr-clinic-bayside/,+1 251-340-6600,,https://streetviewpixels-pa.googleapis.com/v1/thumbnail?panoid=7tk9sJUDDMlrGwW7WxNXsA&cb_client=search.gws-prod.gps&w=408&h=240&yaw=210.7305&pitch=0&thumbfov=100,false,"https://www.google.com/maps/search/vein+clinics+in+Fairhope+Mobile+AL/@30.5229719,-87.9033261,14z",2025-12-16T22:27:43.797Z,,,,,,,,,
https://www.google.com/maps/place/Hampton+Inn+Fairhope-Mobile+Bay/data=!4m10!3m9!1s0x889a408fe893aa91:0x4249c3add5c4fff!5m2!4m1!1i2!8m2!3d30.5238026!4d-87.9031552!16s%2Fg%2F1tjv48yt!19sChIJkaqT6I9AmogR_09c3TqcJAQ,Hampton Inn Fairhope-Mobile Bay,4.1,603,,"23 N Section St, Fairhope, AL 36532, United States","G3FW+GP Fairhope, Alabama, USA",https://www.hilton.com/en/hotels/mobfhhx-hampton-fairhope-mobile-bay/?SEO_id=GMB-AMER-HX-MOBFHHX&y_source=1_MjA4MzE3Mi03MTUtbG9jYXRpb24ud2Vic2l0ZQ%3D%3D,+1 251-928-0956,,https://lh3.googleusercontent.com/p/AF1QipPoVQQ8T5izZGEq-ncH0PZKqkmMKdvmMAWoGmG6=w408-h272-k-no,true,"https://www.google.com/maps/search/vein+clinics+in+Fairhope+Mobile+AL/@30.5229719,-87.9033261,14z",2025-12-16T22:27:47.291Z,,,,,,,,,
https://www.google.com/maps/place/Fairhope+Fluids/data=!4m7!3m6!1s0x889a4117e4b363d5:0x37d6c826567add09!8m2!3d30.5185768!4d-87.8889416!16s%2Fg%2F11rfr35m3d!19sChIJ1WOz5BdBmogRCd16VibI1jc,Fairhope Fluids,1.0,1,Alternative medicine practitioner,"188 Hospital Dr Suite 300, Fairhope, AL 36532, United States","G496+CC Fairhope, Alabama, USA",http://fairhopefluids.com/,+1 251-200-4397,,https://lh3.googleusercontent.com/gps-cs-s/AG0ilSxtmBWrjSObPsqq-8Hjm46hM1pQMQaUI4EoKwEw6o-eaRp112PSTfOufe0TXL-5RtAEQBTXeKtqM2XvETGMWhwMJeX5XBF8-v2v057Yy1EphB9qTNCj7jmmgQhRWB3ybbo_CuCn=w488-h240-k-no,false,"https://www.google.com/maps/search/vein+clinics+in+Fairhope+Mobile+AL/@30.5229719,-87.9033261,14z",2025-12-16T22:27:49.937Z,,,,,,,,,
https://www.google.com/maps/place/Dr.+Lee+Ferguson/data=!4m7!3m6!1s0x889a4e1908b591bf:0x9baabb9abd2b0223!8m2!3d30.6898796!4d-88.0736261!16s%2Fg%2F11qgb6hv_y!19sChIJv5G1CBlOmogRIwIrvZq7qps,Dr. Lee Ferguson,5.0,3,Vascular surgeon,"1551 Old Shell Rd, Mobile, AL 36604, United States","MWQG+XG Mobile, Alabama, USA",http://myvasadoc.net/,+1 251-300-6988,Closes soon · 4:30 pm · Opens 8 am Wed,https://lh3.googleusercontent.com/p/AF1QipNxQQbYoUx2r3ChPRAeW6xo01qE0mfb38T4D0M5=w408-h509-k-no,true,"https://www.google.com/maps/search/vein+clinics+in+Fairhope+Mobile+AL/@30.5229719,-87.9033261,14z",2025-12-16T22:27:54.832Z,8 am–4:30 pm,8 am–4:30 pm,8 am–4:30 pm,8 am–4:30 pm,Closed,Closed,8 am–4:30 pm,,
https://www.google.com/maps/place/Drip+Lounge+%26+Wellness+%7C+Beauty+%2B+Wellness+Clinic/data=!4m7!3m6!1s0x889a57642710ec49:0xdcdcdeee7563ed1b!8m2!3d30.813287!4d-88.0724824!16s%2Fg%2F11st7nd783!19sChIJSewQJ2RXmogRG-1jde7e3Nw,Drip Lounge & Wellness | Beauty + Wellness Clinic,5.0,70,Wellness center,"90 McKeough Ave B, Saraland, AL 36571, United States","RW7H+82 Saraland, Alabama, USA",https://driplounge-wellness.com/,+1 251-765-0418,Open · Closes 6 pm,https://lh3.googleusercontent.com/p/AF1QipNbsHns5AQIi4OjqIjkBQMDEuFhUjIP6UUYAKdB=w408-h306-k-no,true,"https://www.google.com/maps/search/vein+clinics+in+Saraland+Mobile+AL/@30.820742,-88.0705556,14z",2025-12-16T22:28:08.250Z,10 am–6 pm,10 am–6 pm,10 am–2 pm,10 am–2 pm,10 am–2 pm,Closed,Closed,Identifies as women-owned,
"https://www.google.com/maps/place/Lewis+%22Trey%22+Lyons,+MD/data=!4m7!3m6!1s0x889a4f9bd22a4b63:0xb487d8079eb1ce63!8m2!3d30.6914212!4d-88.0854382!16s%2Fg%2F11fvmwl885!19sChIJY0sq0ptPmogRY86xngfYh7Q","Lewis ""Trey"" Lyons, MD",4.9,136,Vascular surgeon,"1855 SpringHill Ave, Mobile, AL 36607, United States","MWR7+HR Mobile, Alabama, USA",http://ctvsa.org/,+1 251-471-3544,Closes soon · 5 pm · Opens 8 am Wed,https://lh3.googleusercontent.com/p/AF1QipPdy3Kwztx6Z7IqwCC25dv-Hd1z3_eftXOAtrx7=w408-h510-k-no,true,"https://www.google.com/maps/search/vein+clinics+in+Chickasaw+Mobile+AL/@30.7637991,-88.0747222,14z",2025-12-16T22:28:23.349Z,8 am–5 pm,8 am–5 pm,8 am–5 pm,8 am–5 pm,Closed,Closed,8 am–5 pm,Identifies as veteran-owned,
https://www.google.com/maps/place/Vascular+Specialists+of+Mobile:+Pfeiffer+Ralph+B+MD/data=!4m7!3m6!1s0x889a4e0343c5ff55:0xf8187ca9abf34ce9!8m2!3d30.6937278!4d-88.0816132!16s%2Fg%2F1tdr8zqh!19sChIJVf_FQwNOmogR6Uzzq6l8GPg,Vascular Specialists of Mobile: Pfeiffer Ralph B MD,5.0,2,Vascular surgeon,"171 Mobile Infirmary Blvd, Mobile, AL 36607, United States","MWV9+F9 Mobile, Alabama, USA",,+1 251-432-0558,,https://streetviewpixels-pa.googleapis.com/v1/thumbnail?panoid=FKoy6z5PUBePihUoKNyV3w&cb_client=search.gws-prod.gps&w=408&h=240&yaw=86.09983&pitch=0&thumbfov=100,false,"https://www.google.com/maps/search/vein+clinics+in+Chickasaw+Mobile+AL/@30.7637991,-88.0747222,14z",2025-12-16T22:28:26.341Z,,,,,,,,,
"https://www.google.com/maps/place/Dr.+Glenn+E.+Esses,+MD/data=!4m7!3m6!1s0x889a4e1d4f2589e5:0xb37a78beede391a!8m2!3d30.6873578!4d-88.0630116!16s%2Fg%2F1tfntsr0!19sChIJ5YklTx1OmogRGjne7ounNws","Dr. Glenn E. Esses, MD",4.2,24,Vascular surgeon,"1151 Dauphin St, Mobile, AL 36604, United States","MWPP+WQ Mobile, Alabama, USA",http://www.mobilevascular.com/,+1 251-445-0075,Closes soon · 5 pm · Opens 8 am Wed,https://streetviewpixels-pa.googleapis.com/v1/thumbnail?panoid=gUybHOZMz3E33ywlgdAcrw&cb_client=search.gws-prod.gps&w=408&h=240&yaw=184.57939&pitch=0&thumbfov=100,false,"https://www.google.com/maps/search/vein+clinics+in+Chickasaw+Mobile+AL/@30.7637991,-88.0747222,14z",2025-12-16T22:28:31.285Z,8 am–5 pm,8 am–5 pm,8 am–5 pm,8 am–5 pm,Closed,Closed,8 am–5 pm,,
https://www.google.com/maps/place/Cardio-Thoracic+%26+Vascular+Surgical+Associates/data=!4m7!3m6!1s0x889a4e06a68bf3bb:0x3e6a609f70c4d881!8m2!3d30.6914329!4d-88.0854346!16s%2Fg%2F1tctsf_q!19sChIJu_OLpgZOmogRgdjEcJ9gaj4,Cardio-Thoracic & Vascular Surgical Associates,3.7,15,Cardiologist,"1855 SpringHill Ave, Mobile, AL 36607, United States","MWR7+HR Mobile, Alabama, USA",http://ctvsa.org/,+1 251-471-3544,Closes soon · 5 pm · Opens 8 am Wed,https://streetviewpixels-pa.googleapis.com/v1/thumbnail?panoid=zErBahJLrYjTaEE1R9VIig&cb_client=search.gws-prod.gps&w=408&h=240&yaw=218.09612&pitch=0&thumbfov=100,true,"https://www.google.com/maps/search/vein+clinics+in+Chickasaw+Mobile+AL/@30.7637991,-88.0747222,14z",2025-12-16T22:28:36.296Z,8 am–5 pm,8 am–5 pm,8 am–5 pm,8 am–5 pm,Closed,Closed,8 am–5 pm,,
https://www.google.com/maps/place/Dr.+Benjamin+Makamson/data=!4m7!3m6!1s0x889a4e1908b591bf:0xa297c5bd92f56cdb!8m2!3d30.6873457!4d-88.0627815!16s%2Fg%2F11p07b2hxv!19sChIJv5G1CBlOmogR22z1kr3Fl6I,Dr. Benjamin Makamson,5.0,2,Vascular surgeon,"1151 Dauphin St, Mobile, AL 36604, United States","MWPP+WV Mobile, Alabama, USA",https://mobilevascular.com/,+1 251-445-0075,Temporarily closed,https://lh3.googleusercontent.com/p/AF1QipO6AofshEmnxNzSiGiAkcY19G5E_8yXqWt0OHY4=w408-h272-k-no,true,"https://www.google.com/maps/search/vein+clinics+in+Chickasaw+Mobile+AL/@30.7637991,-88.0747222,14z",2025-12-16T22:28:41.176Z,,,,,,,,,
https://www.google.com/maps/place/O%27Gorman+Vein+and+Vascular/data=!4m7!3m6!1s0x889bb2eb04f9ca69:0x642b1d912f6a4192!8m2!3d30.6741378!4d-88.1898412!16s%2Fg%2F11dxcjf7cj!19sChIJacr5BOuym4gRkkFqL5EdK2Q,O'Gorman Vein and Vascular,4.3,6,Surgical center,"861 Hillcrest Rd, Mobile, AL 36695, United States","MRF6+M3 Mobile, Alabama, USA",,+1 251-410-8346,Temporarily closed,https://lh3.googleusercontent.com/p/AF1QipMCtFIANOABc4xQphrBbG5dEGScgJiKgtgVusOP=w426-h240-k-no,true,"https://www.google.com/maps/search/vein+clinics+in+Chickasaw+Mobile+AL/@30.7637991,-88.0747222,14z",2025-12-16T22:28:46.092Z,,,,,,,,,
"https://www.google.com/maps/place/Cullen+McCarthy,+M.D./data=!4m7!3m6!1s0x889a4fdc9d261ba9:0xaa7413805db94bbf!8m2!3d30.6914456!4d-88.0854581!16s%2Fg%2F11qf_g6qdj!19sChIJqRsmndxPmogRv0u5XYATdKo","Cullen McCarthy, M.D.",4.8,78,Vascular surgeon,"1855 SpringHill Ave, Mobile, AL 36607, United States","MWR7+HR Mobile, Alabama, USA",https://www.infirmaryhealth.org/,+1 251-471-3544,Closes soon · 5 pm · Opens 8 am Wed,https://streetviewpixels-pa.googleapis.com/v1/thumbnail?panoid=Fyv2IbRdRYtTFlzufCkHMw&cb_client=search.gws-prod.gps&w=408&h=240&yaw=54.121037&pitch=0&thumbfov=100,true,"https://www.google.com/maps/search/vein+clinics+in+Chickasaw+Mobile+AL/@30.7637991,-88.0747222,14z",2025-12-16T22:28:51.233Z,8 am–5 pm,8 am–5 pm,8 am–5 pm,8 am–5 pm,Closed,Closed,8 am–5 pm,,
https://www.google.com/maps/place/Dr.+Nicholas+Clapper/data=!4m7!3m6!1s0x889a4e190550695f:0x3457c8a00db23f59!8m2!3d30.6898419!4d-88.0735753!16s%2Fg%2F11tn6kv1z_!19sChIJX2lQBRlOmogRWT-yDaDIVzQ,Dr. Nicholas Clapper,5.0,1,Vascular surgeon,"1551 Old Shell Rd, Mobile, AL 36604, United States","MWQG+WH Mobile, Alabama, USA",https://www.myvasadoc.net/physicians,+1 251-410-8272,,https://streetviewpixels-pa.googleapis.com/v1/thumbnail?panoid=MnEYKwe_6ZlKk3CRQaIObQ&cb_client=search.gws-prod.gps&w=408&h=240&yaw=0.80140436&pitch=0&thumbfov=100,false,"https://www.google.com/maps/search/vein+clinics+in+Chickasaw+Mobile+AL/@30.7637991,-88.0747222,14z",2025-12-16T22:28:53.974Z,,,,,,,,,
"https://www.google.com/maps/place/Michael+Do,+MD/data=!4m7!3m6!1s0x889a4f3be57e1189:0xacf350fc729025e5!8m2!3d30.6914375!4d-88.0854302!16s%2Fg%2F11h8xy9n24!19sChIJiRF-5TtPmogR5SWQcvxQ86w","Michael Do, MD",4.5,100,Surgeon,"1855 SpringHill Ave, Mobile, AL 36607, United States","MWR7+HR Mobile, Alabama, USA",http://ctvsa.org/,+1 251-471-3544,Closes soon · 5 pm · Opens 8 am Wed,https://streetviewpixels-pa.googleapis.com/v1/thumbnail?panoid=zOIo4TEFt5uc64bN8bR7ag&cb_client=search.gws-prod.gps&w=408&h=240&yaw=171.16939&pitch=0&thumbfov=100,true,"https://www.google.com/maps/search/vein+clinics+in+Chickasaw+Mobile+AL/@30.7637991,-88.0747222,14z",2025-12-16T22:28:58.907Z,8 am–5 pm,8 am–5 pm,8 am–5 pm,8 am–5 pm,Closed,Closed,8 am–5 pm,,
https://www.google.com/maps/place/North+Bay+Dental+of+Chickasaw/data=!4m7!3m6!1s0x889a5144040e2b6d:0xb4b7d1d1452f824e!8m2!3d30.772927!4d-88.0757821!16s%2Fg%2F11h5q8k1d4!19sChIJbSsOBERRmogRToIvRdHRt7Q,North Bay Dental of Chickasaw,4.9,412,Dentist,"457 N Craft Hwy, Mobile, AL 36611, United States","QWFF+5M Mobile, Alabama, USA",https://www.northbaydentalclinic.com/,+1 251-456-8406,Closes soon · 5 pm · Opens 8 am Wed,https://lh3.googleusercontent.com/p/AF1QipPFrUgX2umtbtMoPs1zwQcfIHRbMiVAeDGL7ENO=w408-h272-k-no,true,"https://www.google.com/maps/search/vein+clinics+in+Chickasaw+Mobile+AL/@30.7637991,-88.0747222,14z",2025-12-16T22:29:03.785Z,8 am–5 pm,8 am–5 pm,8 am–5 pm,8 am–12 pm,Closed,Closed,8 am–5 pm,,
https://www.google.com/maps/place/Park+%26+Rebowe+Clinic+for+Plastic+Surgery/data=!4m7!3m6!1s0x889a4d8f9044aa95:0xca10019573b477bb!8m2!3d30.687386!4d-88.1308616!16s%2Fg%2F1tnblxtf!19sChIJlapEkI9NmogRu3e0c5UBEMo,Park & Rebowe Clinic for Plastic Surgery,4.9,163,Plastic surgery clinic,"3700 Dauphin St Suite A, Mobile, AL 36608, United States","MVP9+XM Mobile, Alabama, USA",http://www.parkrebowe.com/,+1 251-340-6600,"Closes soon · 5 pm · Opens 8 am Wed

Updated by this business 8 weeks ago",https://lh3.googleusercontent.com/p/AF1QipOk8UhDnniZnyo47Frgg6eHZmBGsuv7PJYzH-wz=w408-h271-k-no,true,"https://www.google.com/maps/search/vein+clinics+in+Chickasaw+Mobile+AL/@30.7637991,-88.0747222,14z",2025-12-16T22:29:08.910Z,8 am–5 pm,8 am–5 pm,8 am–5 pm,8 am–3:30 pm,Closed,Closed,8 am–5 pm,,
"https://www.google.com/maps/place/Alabama+Medical+Group,+P.C./data=!4m7!3m6!1s0x889a4d770ee5e43b:0xd962e54504235290!8m2!3d30.683049!4d-88.1298412!16s%2Fg%2F1td1f5s7!19sChIJO-TlDndNmogRkFIjBEXlYtk","Alabama Medical Group, P.C.",4.8,2234,Medical clinic,"101 Memorial Hospital Dr, Mobile, AL 36608, United States","MVMC+63 Mobile, Alabama, USA",http://www.alabamamedicalgroup.com/,+1 251-414-5900,Closes soon · 5 pm · Opens 7:30 am Wed,https://lh3.googleusercontent.com/p/AF1QipMc5GMBSiNZqVY2enR6k3M3dsln0GlirXij7R8C=w408-h266-k-no,true,"https://www.google.com/maps/search/vein+clinics+in+Chickasaw+Mobile+AL/@30.7637991,-88.0747222,14z",2025-12-16T22:29:14.129Z,7:30 am–5 pm,7:30 am–5 pm,7:30 am–5 pm,7:30 am–5 pm,12–5 pm,12–5 pm,7:30 am–5 pm,,
https://www.google.com/maps/place/Mobile+Vascular+Labs/data=!4m7!3m6!1s0x889a4f02478a738f:0xa48171c7b5911e00!8m2!3d30.6898796!4d-88.0736261!16s%2Fg%2F11fnpcq3zv!19sChIJj3OKRwJPmogRAB6RtcdxgaQ,Mobile Vascular Labs,5.0,1,Medical clinic,"1551 Old Shell Rd, Mobile, AL 36604, United States","MWQG+XG Mobile, Alabama, USA",,+1 251-433-1180,,https://streetviewpixels-pa.googleapis.com/v1/thumbnail?panoid=MnEYKwe_6ZlKk3CRQaIObQ&cb_client=search.gws-prod.gps&w=408&h=240&yaw=352.6795&pitch=0&thumbfov=100,true,"https://www.google.com/maps/search/vein+clinics+in+Chickasaw+Mobile+AL/@30.7637991,-88.0747222,14z",2025-12-16T22:29:16.875Z,,,,,,,,,
https://www.google.com/maps/place/Greater+Mobile+Laser+%26+Aesthetic+Center/data=!4m7!3m6!1s0x889a4d621e680003:0xbd6e675240d8490b!8m2!3d30.6976991!4d-88.143589!16s%2Fg%2F1pp2wzngp!19sChIJAwBoHmJNmogRC0nYQFJnbr0,Greater Mobile Laser & Aesthetic Center,4.6,32,Skin care clinic,"4402 Old Shell Rd, Mobile, AL 36608, United States","MVX4+3H Mobile, Alabama, USA",https://greatermobilelac.com/,+1 251-445-7546,"Open · Closes 6 pm

Confirmed by phone call 4 weeks ago",https://lh3.googleusercontent.com/p/AF1QipNDkvfUH3BCWAv0Bc3fUgrJK_7liwODR8NbfVd1=w408-h357-k-no,true,"https://www.google.com/maps/search/vein+clinics+in+Chickasaw+Mobile+AL/@30.7637991,-88.0747222,14z",2025-12-16T22:29:21.723Z,8 am–6 pm,8 am–4:30 pm,8 am–6 pm,8 am–12 pm,Closed,Closed,8 am–4:30 pm,LGBTQ+ friendly,
"https://www.google.com/maps/place/Michael+E.+Kellam,+DMD/data=!4m7!3m6!1s0x889a541b232d7d6b:0x9767b28ec0513256!8m2!3d30.8027369!4d-88.0968877!16s%2Fg%2F1tdn08xb!19sChIJa30tIxtUmogRVjJRwI6yZ5c","Michael E. Kellam, DMD",4.9,424,Oral surgeon,"1064 Industrial Pkwy, Saraland, AL 36571, United States","RW33+36 Saraland, Alabama, USA",http://www.michaelekellamdmd.com/,+1 251-675-8150,"Closes soon · 5 pm · Opens 8 am Wed

Updated by others 9 weeks ago",https://lh3.googleusercontent.com/p/AF1QipOgBaa6eVpD1k67Rlwz1feWvtOoKYj4pDKQV_d9=w431-h240-k-no,true,"https://www.google.com/maps/search/vein+clinics+in+Chickasaw+Mobile+AL/@30.7637991,-88.0747222,14z",2025-12-16T22:29:26.611Z,8 am–5 pm,8 am–5 pm,8 am–5 pm,8 am–3 pm,Closed,Closed,8 am–5 pm,,
https://www.google.com/maps/place/Aesthetics+%26+Weightloss/data=!4m7!3m6!1s0x889a4e1d6b3aedc1:0xe0df5c570623b44e!8m2!3d30.6955509!4d-88.079789!16s%2Fg%2F1tm13cxl!19sChIJwe06ax1OmogRTrQjBldc3-A,Aesthetics & Weightloss,4.1,18,Skin care clinic,"3 Mobile Infirmary Cir #312, Mobile, AL 36607, United States","MWWC+63 Mobile, Alabama, USA",http://www.aestheticsandweightloss.com/,+1 251-433-7546,Closes soon · 4:30 pm · Opens 8 am Wed,https://streetviewpixels-pa.googleapis.com/v1/thumbnail?panoid=9MK4SlEp8aM4Nvv8PQiXpQ&cb_client=search.gws-prod.gps&w=408&h=240&yaw=335.44803&pitch=0&thumbfov=100,true,"https://www.google.com/maps/search/vein+clinics+in+Chickasaw+Mobile+AL/@30.7637991,-88.0747222,14z",2025-12-16T22:29:31.476Z,8 am–4:30 pm,8 am–4:30 pm,8 am–4:30 pm,Closed,Closed,Closed,8 am–4:30 pm,,
https://www.google.com/maps/place/Center+for+Vein+Restoration+%7C+Dr.+Michael+Aikens/data=!4m7!3m6!1s0x888ced1110bd7cdf:0xb59d1661d8c32d67!8m2!3d32.6338548!4d-85.4127095!16s%2Fg%2F11gmtpdbdr!19sChIJ33y9EBHtjIgRZy3D2GEWnbU,Center for Vein Restoration | Dr. Michael Aikens,4.9,207,Vascular surgeon,"107 N 24th St, Opelika, AL 36801, United States","JHMP+GW Opelika, Alabama, USA",https://www.centerforvein.com/our-clinics/locations/opelika-alabama,+1 334-259-3580,"Closes soon · 5 pm · Opens 6 am Wed

Updated by this business 4 weeks ago",https://lh3.googleusercontent.com/p/AF1QipMSFNajIdtODf8B4TFbgNpHm4tGCc5M0dqRQQGw=w408-h426-k-no,true,"https://www.google.com/maps/search/vein+clinics+in+Chickasaw+Mobile+AL/@30.7637991,-88.0747222,14z",2025-12-16T22:29:37.120Z,6 am–5 pm,6 am–5 pm,6 am–5 pm,6 am–5 pm,Closed,Closed,6 am–5 pm,,
https://www.google.com/maps/place/The+Vein+Center+of+Florida/data=!4m7!3m6!1s0x8890c0b2720f75cb:0x7d5e7a0efa641848!8m2!3d30.4256723!4d-87.1844093!16s%2Fg%2F1tngr1qw!19sChIJy3UPcrLAkIgRSBhk-g56Xn0,The Vein Center of Florida,4.6,9,Surgical center,"2802 E Cervantes St, Pensacola, FL 32503, United States","CRG8+76 Pensacola, Florida, USA",https://www.veincenterofflorida.com/,+1 850-607-7570,Closes soon · 5 pm · Opens 8:30 am Wed,https://lh3.googleusercontent.com/p/AF1QipNHEntEkD4FayMMUsGwPFQU0CdmHmtuD8XqjSXy=w408-h271-k-no,true,"https://www.google.com/maps/search/vein+clinics+in+Chickasaw+Mobile+AL/@30.7637991,-88.0747222,14z",2025-12-16T22:29:42.463Z,8:30 am–5 pm,8:30 am–5 pm,8:30 am–5 pm,8:30 am–5 pm,Closed,Closed,8:30 am–5 pm,,
"https://www.google.com/maps/place/Vascular+Specialist+of+Mobile/@30.6786012,-88.1977792,17z/data=!3m1!4b1!4m6!3m5!1s0x889bb28d76f1a4c9:0xfde0dd7dcaf92ba7!8m2!3d30.6786012!4d-88.1977792!16s%2Fg%2F1264h07wf",Vascular Specialist of Mobile,,,Surgical center,"6701 Airport Blvd # B318, Mobile, AL 36608, United States","MRH2+CV Mobile, Alabama, USA",,+1 251-639-1942,,,false,"https://www.google.com/maps/search/vein+clinics+in+Chickasaw+Mobile+AL/@30.7637991,-88.0747222,14z",2025-12-16T22:29:47.256Z,,,,,,,,,
,,,,,,,,,,,,"https://www.google.com/maps/search/vein+clinics+in+Satsuma+Mobile+AL/@30.853241,-88.0561106,14z",2025-12-16T22:29:56.215Z,,,,,,,,,No new results found
https://www.google.com/maps/place/BayouClinic/data=!4m7!3m6!1s0x889bcea05dc4e11d:0x261860af5a657e3d!8m2!3d30.4160742!4d-88.2452062!16s%2Fg%2F1tj33xvb!19sChIJHeHEXaDOm4gRPX5lWq9gGCY,BayouClinic,3.6,8,Medical clinic,"13220 Wintzell Ave, Bayou La Batre, AL 36509, United States","CQ83+CW Bayou La Batre, Alabama, USA",http://www.bayouclinic.org/,+1 251-824-4985,Closes soon · 5 pm · Opens 9 am Wed,https://streetviewpixels-pa.googleapis.com/v1/thumbnail?panoid=5pCrXDNOGjqOSQXmt-l_IA&cb_client=search.gws-prod.gps&w=408&h=240&yaw=296.94012&pitch=0&thumbfov=100,false,"https://www.google.com/maps/search/vein+clinics+in+Bayou+La+Batre+Mobile+AL/@30.4069515,-88.2607188,14z",2025-12-16T22:30:09.374Z,9 am–5 pm,9 am–5 pm,9 am–5 pm,9 am–5 pm,Closed,Closed,9 am–5 pm,,
https://www.google.com/maps/place/Mostellar+Medical+Center/data=!4m7!3m6!1s0x889bcbf85b358ccb:0xe43e1bdc257afe12!8m2!3d30.4263772!4d-88.2372095!16s%2Fg%2F1tm8fr_g!19sChIJy4w1W_jLm4gREv56JdwbPuQ,Mostellar Medical Center,3.9,138,Medical Center,"12701 Padgett Switch Rd, Irvington, AL 36544, United States","CQG7+H4 Irvington, Alabama, USA",http://mostellarmedical.org/,+1 251-824-2174,Closes soon · 5 pm · Opens 8 am Wed,https://lh3.googleusercontent.com/gps-cs-s/AG0ilSxzPl7QcjEvz9r8TvZoJHOVcaoltdk9PF9pvEYj_HJZNB5s6qt25O3_pAnerYGZ53c_9IY82FRRHI58XyjSX3kg3hLDzcO_Z79BsNzEshOinX6ObUKnLCefTX6kkinybhMSjWk=w408-h725-k-no,true,"https://www.google.com/maps/search/vein+clinics+in+Bayou+La+Batre+Mobile+AL/@30.4069515,-88.2607188,14z",2025-12-16T22:30:14.657Z,8 am–5 pm,8 am–5 pm,8 am–5 pm,8 am–5 pm,Closed,Closed,8 am–5 pm,,
https://www.google.com/maps/place/Vein+Institute+of+South+Mississippi+-+D%27Iberville/data=!4m7!3m6!1s0x889c0d640f0b26fd:0xf5c3b11ce9a6a986!8m2!3d30.4568351!4d-88.9037716!16s%2Fg%2F11vs39gq8y!19sChIJ_SYLD2QNnIgRhqmm6Ryxw_U,Vein Institute of South Mississippi - D'Iberville,5.0,92,Medical clinic,"3950 Promenade Pkwy # E, D'Iberville, MS 39540, United States","F34W+PF D'Iberville, Mississippi, USA",https://veinsms.com/,+1 228-200-9449,Closes soon · 5 pm · Opens 9 am Wed,https://lh3.googleusercontent.com/p/AF1QipPGzOGPTwYosczJOu2VcniAhpOCQftX1bVKGuzJ=w408-h328-k-no,true,"https://www.google.com/maps/search/vein+clinics+in+Bayou+La+Batre+Mobile+AL/@30.4069515,-88.2607188,14z",2025-12-16T22:30:19.899Z,9 am–5 pm,9 am–5 pm,9 am–5 pm,9 am–5 pm,Closed,Closed,9 am–5 pm,,
https://www.google.com/maps/place/Coastal+Vein+Institute/data=!4m7!3m6!1s0x889a0546ca5e24f5:0x10a0ef09dda20fe9!8m2!3d30.3032827!4d-87.6838845!16s%2Fg%2F1hhj1fmy5!19sChIJ9SReykYFmogR6Q-i3QnvoBA,Coastal Vein Institute,,,Doctor,"3817 Gulf Shores Pkwy STE 7, Gulf Shores, AL 36542, United States","8838+8C Gulf Shores, Alabama, USA",http://www.coastalveininstitute.com/,+1 251-948-4002,,https://streetviewpixels-pa.googleapis.com/v1/thumbnail?panoid=kp9WyqfsYEQWkPYAO8u5ug&cb_client=search.gws-prod.gps&w=408&h=240&yaw=353.30005&pitch=0&thumbfov=100,true,"https://www.google.com/maps/search/vein+clinics+in+Bayou+La+Batre+Mobile+AL/@30.4069515,-88.2607188,14z",2025-12-16T22:30:22.773Z,,,,,,,,,
,,,,,,,,,,,,"https://www.google.com/maps/search/vein+clinics+in+Creola+Mobile+AL/@30.8918509,-88.0397213,14z",2025-12-16T22:30:31.274Z,,,,,,,,,No new results found
https://www.google.com/maps/place/Fast+Pace+Health+Urgent+Care+-+Semmes+-+AL/data=!4m7!3m6!1s0x889baf134eb560a3:0x48c4df6a0a154960!8m2!3d30.7781191!4d-88.2495978!16s%2Fg%2F11w4qzz2n_!19sChIJo2C1ThOvm4gRYEkVCmrfxEg,Fast Pace Health Urgent Care - Semmes - AL,4.5,242,Urgent care center,"8780 Moffett Rd, Semmes, AL 36575, United States","QQH2+65 Semmes, Alabama, USA",https://fastpacehealth.com/,+1 251-237-8161,Open · Closes 8 pm,https://lh3.googleusercontent.com/p/AF1QipMiykEOCXTIE0al_6293G0jcA6F_2l2Bxe7TAQx=w426-h240-k-no,true,"https://www.google.com/maps/search/vein+clinics+in+Semmes+Mobile+AL/@30.7786677,-88.2588731,14z",2025-12-16T22:30:45.860Z,8 am–8 pm,8 am–8 pm,8 am–8 pm,8 am–8 pm,8 am–5 pm,8 am–5 pm,8 am–8 pm,,
https://www.google.com/maps/place/Greater+Mobile+Urgent+Care+-+Semmes/data=!4m7!3m6!1s0x889bac3f23f7ae4f:0xebfef508254b960b!8m2!3d30.7643221!4d-88.2286045!16s%2Fg%2F1tdfp105!19sChIJT673Iz-sm4gRC5ZLJQj1_us,Greater Mobile Urgent Care - Semmes,4.2,290,Urgent care center,"7943 Moffett Rd, Semmes, AL 36575, United States","QQ7C+PH Semmes, Alabama, USA",http://www.greatermobileurgentcare.com/,+1 251-633-0123,Open · Closes 7:30 pm,https://lh3.googleusercontent.com/p/AF1QipMFCJ_DUdux-MhsEuw-1zw9vN_kxVJZnMH8bPqn=w408-h335-k-no,true,"https://www.google.com/maps/search/vein+clinics+in+Semmes+Mobile+AL/@30.7786677,-88.2588731,14z",2025-12-16T22:30:51.191Z,8 am–7:30 pm,8 am–7:30 pm,8 am–7:30 pm,8 am–7:30 pm,8 am–3:30 pm,8 am–3:30 pm,8 am–7:30 pm,,
https://www.google.com/maps/place/Animal+Care+of+Mobile+County/data=!4m7!3m6!1s0x889bac3f99bc2c69:0x440ba534d650c277!8m2!3d30.7674459!4d-88.2276056!16s%2Fg%2F11bw8ds591!19sChIJaSy8mT-sm4gRd8JQ1jSlC0Q,Animal Care of Mobile County,4.6,399,Veterinarian,"3678 Oak Tree Dr, Semmes, AL 36575, United States","QQ8C+XX Semmes, Alabama, USA",http://www.acmcal.com/,+1 251-649-5556,Closes soon · 5 pm · Opens 7 am Wed,https://lh3.googleusercontent.com/gps-cs-s/AG0ilSxLxQp2H55iA-WG8zV4e6jBVGIwUMbXa6ZKQxXL_fhpkxq3Sn-z6r7yGP17lcQC1WqPAqoMjMRmEoQq9c6u5uim4qfPsffSi2grbaX92ehOwiw_X13gQDiGpr0LO_cBlbM53DtW=w408-h544-k-no,true,"https://www.google.com/maps/search/vein+clinics+in+Semmes+Mobile+AL/@30.7786677,-88.2588731,14z",2025-12-16T22:30:56.599Z,7 am–5 pm,7 am–5 pm,7 am–6 pm,7 am–6 pm,8 am–1 pm,Closed,7 am–6 pm,,
https://www.google.com/maps/place/Accordia+Health+-+Citronelle/data=!4m7!3m6!1s0x889b1d2ca444eff9:0x170fcd8f1adfe2a!8m2!3d31.0903931!4d-88.237523!16s%2Fg%2F11f9xjgxql!19sChIJ-e9EpCwdm4gRKv6t8dj8cAE,Accordia Health - Citronelle,4.8,51,Medical clinic,"19140 S 3rd St PC, Citronelle, AL 36522, United States","3QR6+5X Citronelle, Alabama, USA",https://accordia-health.org/contactus-locations/,+1 251-866-0086,Closed · Opens 8 am Wed,https://lh3.googleusercontent.com/p/AF1QipNNSDxvo5slYd2FPzpk_t5Zx7ynnt2SbWFIg4im=w408-h326-k-no,true,"https://www.google.com/maps/search/vein+clinics+in+Citronelle+Mobile+AL/@31.0907338,-88.2280622,14z",2025-12-16T22:31:11.296Z,8 am–4 pm,8 am–4 pm,8 am–4 pm,8 am–4 pm,Closed,Closed,8 am–4 pm,,
https://www.google.com/maps/place/Greater+Mobile+Urgent+Care/data=!4m7!3m6!1s0x889b1c9ae8ccc019:0x1585a7050251e5dc!8m2!3d31.0949368!4d-88.2385523!16s%2Fg%2F1pp2ty3_l!19sChIJGcDM6Jocm4gR3OVRAgWnhRU,Greater Mobile Urgent Care,4.3,47,Urgent care center,"19355 N 3rd St, Citronelle, AL 36522, United States","3QV6+XH Citronelle, Alabama, USA",http://greatermobileurgentcare.com/,+1 251-633-0123,Closed · Opens 8 am Wed,https://streetviewpixels-pa.googleapis.com/v1/thumbnail?panoid=yoOTRNRqX4VNbtZ0eh--yA&cb_client=search.gws-prod.gps&w=408&h=240&yaw=275.8098&pitch=0&thumbfov=100,false,"https://www.google.com/maps/search/vein+clinics+in+Citronelle+Mobile+AL/@31.0907338,-88.2280622,14z",2025-12-16T22:31:16.559Z,8 am–4 pm,8 am–4 pm,8 am–4 pm,8 am–4 pm,Closed,Closed,8 am–4 pm,,
https://www.google.com/maps/place/Mobile+Heart+Specialists+PC/data=!4m7!3m6!1s0x889b1ca2a2246cdf:0x5841dc19ec4dd549!8m2!3d31.0894672!4d-88.23855!16s%2Fg%2F1tw1fm22!19sChIJ32wkoqIcm4gRSdVN7BncQVg,Mobile Heart Specialists PC,,,Doctor,"19140 S 3rd St, Citronelle, AL 36522, United States","3QQ6+QH Citronelle, Alabama, USA",http://mobheart.com/,,Closes soon · 5 pm · Opens 8 am Wed,https://lh3.googleusercontent.com/p/AF1QipP82kseaKQqW5KLgx7mMkWgUKRT86zKF2JRZQYT=w408-h306-k-no,true,"https://www.google.com/maps/search/vein+clinics+in+Citronelle+Mobile+AL/@31.0907338,-88.2280622,14z",2025-12-16T22:31:21.791Z,8 am–5 pm,8 am–5 pm,8 am–5 pm,8 am–5 pm,Closed,Closed,8 am–5 pm,,
"https://www.google.com/maps/place/Lee+Wagner,+MD/data=!4m7!3m6!1s0x889b1d74d5f900ff:0xf6c85eb262d64fc7!8m2!3d31.0903931!4d-88.237523!16s%2Fg%2F11rxptcgtb!19sChIJ_wD51XQdm4gRx0_WYrJeyPY","Lee Wagner, MD",4.9,25,,"19140 S 3rd St, Citronelle, AL 36522, United States","3QR6+5X Citronelle, Alabama, USA",https://www.usahealthsystem.com/providers/lee-wagner,+1 251-866-0086,Permanently closed,https://streetviewpixels-pa.googleapis.com/v1/thumbnail?panoid=l-v-XngaHX3C0wGcflMtkg&cb_client=search.gws-prod.gps&w=408&h=240&yaw=91.269226&pitch=0&thumbfov=100,false,"https://www.google.com/maps/search/vein+clinics+in+Citronelle+Mobile+AL/@31.0907338,-88.2280622,14z",2025-12-16T22:31:26.778Z,,,,,,,,,
,,,,,,,,,,,,"https://www.google.com/maps/search/vein+clinics+in+Grand+Bay+Mobile+AL/@30.4763084,-88.3422303,14z",2025-12-16T22:31:35.482Z,,,,,,,,,No new results found
https://www.google.com/maps/place/American+Family+Care+Tillmans+Corner/data=!4m7!3m6!1s0x889a4b51ff8cbe59:0x2279ab8fe4f85e6d!8m2!3d30.5957153!4d-88.1632991!16s%2Fg%2F1261jr8xk!19sChIJWb6M_1FLmogRbV745I-reSI,American Family Care Tillmans Corner,4.2,1296,Urgent care center,"5235 Rangeline Service Rd, Mobile, AL 36619, United States","HRWP+7M Mobile, Alabama, USA",https://www.afcurgentcare.com/tillmans-corner/?utm_source=gmb&utm_medium=organic&utm_campaign=tillmans-corner,+1 251-544-6449,"Open · Closes 7 pm

Updated by this business 5 weeks ago",https://lh3.googleusercontent.com/gps-cs-s/AG0ilSyEu0ycFHCGfrefbQvP9y5KhjlVk-LMXrJiNBKPPPyV2uiDiiA5vXB8IiKOL2MZy6toN7OpM0MwlSB1_W-Zj__whVj6_bNhpbbTmVhI9cyuhpzWG-n52cgRyAE8QsRmiPyPkJ0=w408-h544-k-no,true,"https://www.google.com/maps/search/vein+clinics+in+Tillmans+Corner+Mobile+AL/@30.5815941,-88.1821572,14z",2025-12-16T22:31:50.382Z,8 am–7 pm,8 am–7 pm,8 am–7 pm,8 am–7 pm,8 am–6 pm,8 am–6 pm,8 am–7 pm,LGBTQ+ friendly,
https://www.google.com/maps/place/Theodore+Veterinary+Hospital/data=!4m7!3m6!1s0x889bb52a699be361:0x2697fa4f8d36f3b7!8m2!3d30.5600262!4d-88.1721957!16s%2Fg%2F1tdpmw38!19sChIJYeObaSq1m4gRt_M2jU_6lyY,Theodore Veterinary Hospital,4.6,760,Animal hospital,"5761 US-90, Theodore, AL 36582, United States","HR6H+24 Theodore, Alabama, USA",http://theodore.vetstreet.com/,+1 251-653-7831,Open · Closes 7:30 pm,https://lh3.googleusercontent.com/gps-cs-s/AG0ilSzZa8v_zVOeCC6WD_ccP9XW5-Za_psftfiYxHHQP5ShAcq8muEP_BTKlVhjsT7TrYu4ILb0X0mh6qMlX0fsjUdLey61T68Wm0phveT_JKFCou9djvd92Tan0c1qh_Vip-ZsqhXR=w408-h544-k-no,true,"https://www.google.com/maps/search/vein+clinics+in+Theodore+Mobile+AL/@30.5549276,-88.17925,14z",2025-12-16T22:32:06.261Z,7:30 am–7:30 pm,7:30 am–5:30 pm,7:30 am–7:30 pm,7:30 am–5:30 pm,Closed,Closed,7:30 am–5:30 pm,,
https://www.google.com/maps/place/Highlands+Veterinary+Hospital/data=!4m7!3m6!1s0x889bb5f472fdb9f3:0x5fc34bf3b501a0a2!8m2!3d30.5735515!4d-88.1721378!16s%2Fg%2F11h3t45twb!19sChIJ87n9cvS1m4gRoqABtfNLw18,Highlands Veterinary Hospital,4.6,235,Veterinarian,"5596 US-90, Theodore, AL 36582, United States","HRFH+C4 Theodore, Alabama, USA",http://www.highlandsvethospital.com/,+1 251-345-4114,Closes soon · 5:30 pm · Opens 8:30 am Wed,https://lh3.googleusercontent.com/p/AF1QipPO51GiRQmHFXtojZmRSwP6WDT8Awp6SGVRpYWu=w408-h401-k-no,true,"https://www.google.com/maps/search/vein+clinics+in+Theodore+Mobile+AL/@30.5549276,-88.17925,14z",2025-12-16T22:32:11.417Z,7:30 am–5:30 pm,8:30 am–7 pm,7:30 am–5:30 pm,7:30 am–5:30 pm,Closed,Closed,7:30 am–5:30 pm,Identifies as women-owned,
https://www.google.com/maps/place/The+Pet+Doctor/data=!4m7!3m6!1s0x889bb44d527aef75:0x7c8edc5de16e72e9!8m2!3d30.5621287!4d-88.2168467!16s%2Fg%2F1tj2cshb!19sChIJde96Uk20m4gR6XJu4V3cjnw,The Pet Doctor,4.5,191,Veterinarian,"7451 Old Pascagoula Rd, Theodore, AL 36582, United States","HQ6M+V7 Theodore, Alabama, USA",https://www.thepetdoctor.us/,+1 251-653-5578,Closes soon · 5 pm · Opens 7:30 am Wed,https://lh3.googleusercontent.com/p/AF1QipPZr0SGRxk2WqXW0B09Wxc8Xiy1dIg79yEnkdYX=w408-h306-k-no,true,"https://www.google.com/maps/search/vein+clinics+in+Theodore+Mobile+AL/@30.5549276,-88.17925,14z",2025-12-16T22:32:16.611Z,7:30 am–5 pm,7:30 am–5 pm,7:30 am–5 pm,7:30 am–5 pm,Closed,Closed,7:30 am–5 pm,,
https://www.google.com/maps/place/Oasis+Veterinary+Hospital/data=!4m7!3m6!1s0x889a3590460ecaab:0x27df6860832079d3!8m2!3d30.5010954!4d-88.1175991!16s%2Fg%2F1td2n83d!19sChIJq8oORpA1mogR03kgg2Bo3yc,Oasis Veterinary Hospital,4.5,223,Animal hospital,"3351 Laurendine Rd, Theodore, AL 36582, United States","GV2J+CX Theodore, Alabama, USA",https://www.oasisvethospital.com/,+1 251-973-1455,Open · Closes 6 pm,https://lh3.googleusercontent.com/p/AF1QipO936oA1SgXaLe5UFL6v0b2BFwtyzlVS3zeWSFC=w408-h544-k-no,true,"https://www.google.com/maps/search/vein+clinics+in+Theodore+Mobile+AL/@30.5549276,-88.17925,14z",2025-12-16T22:32:21.874Z,7 am–6 pm,7 am–6 pm,7 am–6 pm,Closed,Closed,Closed,7 am–6 pm,,
"https://www.google.com/maps/place/Surgical+Innovations+Inc/@30.5627452,-88.1257625,17z/data=!3m1!4b1!4m6!3m5!1s0x889a4bab0dc8e6a9:0x39a36d359d13b10a!8m2!3d30.5627452!4d-88.1257625!16s%2Fg%2F1tqg135f",Surgical Innovations Inc,,,Medical clinic,"6215 Rangeline Service Rd #101, Theodore, AL 36582, United States","HV7F+3M Theodore, Alabama, USA",,+1 251-443-5004,,,false,"https://www.google.com/maps/search/vein+clinics+in+Theodore+Mobile+AL/@30.5549276,-88.17925,14z",2025-12-16T22:32:26.839Z,,,,,,,,,
https://www.google.com/maps/place/Mobile+Heart+Specialists/data=!4m7!3m6!1s0x889bb28d5df20b1b:0x25f174dd00f7d207!8m2!3d30.6785735!4d-88.1976109!16s%2Fg%2F1tdk5zcb!19sChIJGwvyXY2ym4gRB9L3AN108SU,Mobile Heart Specialists,4.9,474,Medical clinic,"6701 Airport Blvd # A107, Mobile, AL 36608, United States","MRH2+CX Mobile, Alabama, USA",http://mobheart.com/,+1 251-433-4700,Closes soon · 5 pm · Opens 8 am Wed,https://lh3.googleusercontent.com/p/AF1QipOnomoAunlV9dmlKMHUtEQIlzgyiK9RKANgd4xr=w408-h306-k-no,true,"https://www.google.com/maps/search/vein+clinics+in+Theodore+Mobile+AL/@30.5549276,-88.17925,14z",2025-12-16T22:32:32.049Z,8 am–5 pm,8 am–5 pm,8 am–5 pm,8 am–4:30 pm,Closed,Closed,8 am–5 pm,,
https://www.google.com/maps/place/Recovery+Room/data=!4m7!3m6!1s0x889a4d6a9f9f3ca1:0x98060323e29e3fd3!8m2!3d30.677251!4d-88.1489428!16s%2Fg%2F11c0xxz78m!19sChIJoTyfn2pNmogR0z-e4iMDBpg,Recovery Room,4.6,37,Medical spa,"281 McGregor Ave, Mobile, AL 36608, United States","MVG2+WC Mobile, Alabama, USA",https://www.recoveryroomal.com/,+1 888-597-3747,Open · Closes 6 pm,https://lh3.googleusercontent.com/p/AF1QipO9-UzDyVrl9mTH1rioUQf5TQcmdZphCriD9lcB=w408-h271-k-no,true,"https://www.google.com/maps/search/vein+clinics+in+Theodore+Mobile+AL/@30.5549276,-88.17925,14z",2025-12-16T22:32:37.682Z,10 am–6 pm,10 am–6 pm,10 am–6 pm,10 am–6 pm,9 am–3 pm,Closed,10 am–6 pm,,
https://www.google.com/maps/place/Varicosity+Vein+Center/data=!4m7!3m6!1s0x888c2c0e56862503:0x22dd384c7ab64cc!8m2!3d32.3535141!4d-86.1672586!16s%2Fg%2F11b8t6lxcf!19sChIJAyWGVg4sjIgRzGSrx4TTLQI,Varicosity Vein Center,4.9,134,Surgical center,"1950 Berryhill Rd, Montgomery, AL 36117, United States","9R3M+C3 Montgomery, Alabama, USA",https://varicosityveincenter.com/?utm_source=google&utm_medium=organic&utm_campaign=gbp&utm_content=montgomery,+1 334-647-1811,Closes soon · 5 pm · Opens 8 am Thu,https://lh3.googleusercontent.com/p/AF1QipNWvE00J8K4xfLze_gNCXLFoUwqNm1PUv2P9BuR=w426-h240-k-no,true,"https://www.google.com/maps/search/vein+clinics+in+Theodore+Mobile+AL/@30.5549276,-88.17925,14z",2025-12-16T22:32:42.488Z,8 am–5 pm,Closed,8 am–5 pm,8 am–12 pm,Closed,Closed,8 am–5 pm,,
https://www.google.com/maps/place/Retina+Specialty+Institute/data=!4m7!3m6!1s0x889a4d8382173f9f:0xe6dbf9ef3352e41a!8m2!3d30.689976!4d-88.124606!16s%2Fg%2F11cjj370x0!19sChIJnz8XgoNNmogRGuRSM-_52-Y,Retina Specialty Institute,4.8,31,Ophthalmology clinic,"3290 Dauphin St #502, Mobile, AL 36606, United States","MVQG+X5 Mobile, Alabama, USA",https://www.retinaspecialty.com/?utm_source=googlemybusiness&utm_medium=organic&utm_campaign=Retina+Specialty+Institute+Mobile+AL+Dauphin+St,+1 850-476-6759,Closes soon · 5 pm · Opens 8 am Wed,https://lh3.googleusercontent.com/p/AF1QipNF5ItIwiG5TyPlb49jG9tKRCFg347P1xJdC5eK=w426-h240-k-no,true,"https://www.google.com/maps/search/vein+clinics+in+Theodore+Mobile+AL/@30.5549276,-88.17925,14z",2025-12-16T22:32:47.493Z,8 am–5 pm,8 am–5 pm,8 am–5 pm,8 am–5 pm,Closed,Closed,8 am–5 pm,LGBTQ+ friendly,
https://www.google.com/maps/place/Coastal+Vascular+Intrvntnl/data=!4m7!3m6!1s0x889a0546d45887f5:0x4f7997ff6882d308!8m2!3d30.2947447!4d-87.6796097!16s%2Fg%2F1tdzb5tx!19sChIJ9YdY1EYFmogRCNOCaP-XeU8,Coastal Vascular Intrvntnl,,,Surgical center,"3620 Gulf Shores Pkwy # 240, Gulf Shores, AL 36542, United States","78VC+V5 Gulf Shores, Alabama, USA",http://www.coastalveininstitute.com/,,,https://streetviewpixels-pa.googleapis.com/v1/thumbnail?panoid=9LWpH_c8zhGmp47VKCiaGA&cb_client=search.gws-prod.gps&w=408&h=240&yaw=87.67118&pitch=0&thumbfov=100,false,"https://www.google.com/maps/search/vein+clinics+in+Orange+Beach+Mobile+AL/@30.2697033,-87.5867598,14z",2025-12-16T22:33:03.975Z,,,,,,,,,
https://www.google.com/maps/place/Rejuvenation+Med+Spa/data=!4m7!3m6!1s0x889a05db552959b5:0xc8735c6fb5f216ca!8m2!3d30.2860472!4d-87.5819364!16s%2Fg%2F11bwckv_y6!19sChIJtVkpVdsFmogRyhbytW9cc8g,Rejuvenation Med Spa,4.3,18,Medical spa,"4223 Orange Beach Blvd suite b, Orange Beach, AL 36561, United States","7CP9+C6 Orange Beach, Alabama, USA",https://www.rejuvenationoba.com/,+1 251-981-4772,Closes soon · 5 pm · Opens 10 am Wed,https://lh3.googleusercontent.com/gps-cs-s/AG0ilSwfRqUAY4Vq-1JZAtFIMvyYiDlQfyqk8Z6b-ojsW2vlEvAQJfWn8VsBVmUSjTCXCHodhbGc41qFCW9UCQtzOLB2NsDM6ICt0li0Sa4HM8BR4iCX25W5GTe3HmSzYy9ncNkwYJF9=w408-h544-k-no,true,"https://www.google.com/maps/search/vein+clinics+in+Orange+Beach+Mobile+AL/@30.2697033,-87.5867598,14z",2025-12-16T22:33:09.274Z,10 am–5 pm,10 am–5 pm,10 am–5 pm,10 am–5 pm,Closed,Closed,10 am–5 pm,Identifies as women-owned,
https://www.google.com/maps/place/Baptist+Vein+Center/data=!4m7!3m6!1s0x8890bf0262fc0a9f:0x1ed069061c65b5c5!8m2!3d30.4692359!4d-87.2296727!16s%2Fg%2F11l5f3vfdb!19sChIJnwr8YgK_kIgRxbVlHAZp0B4,Baptist Vein Center,5.0,1,Medical clinic,"125 Baptist Wy Suite 3B, Pensacola, FL 32503, United States","FQ9C+M4 Pensacola, Florida, USA",https://ebaptisthealthcare.org/BaptistMedicalGroup/location/baptist-vein-center-at-the-bear-center,+1 850-969-8346,,https://streetviewpixels-pa.googleapis.com/v1/thumbnail?panoid=vgGl9vGuRMYa9VXPHnmCAg&cb_client=search.gws-prod.gps&w=408&h=240&yaw=38.126236&pitch=0&thumbfov=100,true,"https://www.google.com/maps/search/vein+clinics+in+Orange+Beach+Mobile+AL/@30.2697033,-87.5867598,14z",2025-12-16T22:33:12.338Z,,,,,,,,,
https://www.google.com/maps/place/Coastal+Vein+Institute+%26+Aesthetic+Center/data=!4m7!3m6!1s0x8890c090f498067b:0x3ec1314f04a9d711!8m2!3d30.4374108!4d-87.210863!16s%2Fg%2F11b6zw7ymz!19sChIJewaY9JDAkIgREdepBE8xwT4,Coastal Vein Institute & Aesthetic Center,2.6,7,Surgical center,"2301 N 9th Ave #100, Pensacola, FL 32503, United States","CQPQ+XM Pensacola, Florida, USA",http://coastalveininstitute.com/,+1 850-912-8249,Closed · Opens 8:30 am Wed,https://streetviewpixels-pa.googleapis.com/v1/thumbnail?panoid=9TsvAfeFn8i_bImfRNhflg&cb_client=search.gws-prod.gps&w=408&h=240&yaw=251.20476&pitch=0&thumbfov=100,true,"https://www.google.com/maps/search/vein+clinics+in+Orange+Beach+Mobile+AL/@30.2697033,-87.5867598,14z",2025-12-16T22:33:17.346Z,8:30 am–4:30 pm,8:30 am–4:30 pm,8:30 am–4:30 pm,8:30 am–4 pm,Closed,Closed,8:30 am–4:30 pm,,
,,,,,,,,,,,,"https://www.google.com/maps/search/vein+clinics+in+Foley+Mobile+AL/@30.4065868,-87.6835974,14z",2025-12-16T22:33:25.578Z,,,,,,,,,No new results found
https://www.google.com/maps/place/Fast+Pace+Health+Urgent+Care+-+Spanish+Fort+-+AL/data=!4m7!3m6!1s0x889a690be7fff965:0x36cc4f26a9e25b9e!8m2!3d30.6762879!4d-87.8533148!16s%2Fg%2F11khcpjmsz!19sChIJZfn_5wtpmogRnlviqSZPzDY,Fast Pace Health Urgent Care - Spanish Fort - AL,4.7,368,Urgent care center,"9932 Spanish Fort Blvd, Daphne, AL 36527, United States","M4GW+GM Daphne, Alabama, USA",https://fastpacehealth.com/location/spanish-fort?utm_source=google&utm_medium=listings&utm_campaign=daphneal,+1 251-237-8181,Open · Closes 8 pm,https://lh3.googleusercontent.com/p/AF1QipO1i8kfJ90vx7NsI5mg4XUgfWrOVpDFwoPWAiDg=w426-h240-k-no,true,"https://www.google.com/maps/search/vein+clinics+in+Spanish+Fort+Mobile+AL/@30.6685159,-87.9108534,14z",2025-12-16T22:33:40.720Z,8 am–8 pm,8 am–8 pm,8 am–8 pm,8 am–8 pm,8 am–5 pm,8 am–5 pm,8 am–8 pm,,
https://www.google.com/maps/place/Any+Lab+Test+Now/data=!4m7!3m6!1s0x889a43d3e3f0b327:0x1d24e5efad231591!8m2!3d30.6098729!4d-87.8989253!16s%2Fg%2F11cks0t4k1!19sChIJJ7Pw49NDmogRkRUjre_lJB0,Any Lab Test Now,4.9,120,Blood testing service,"2200 US-98 Suite 5B, Daphne, AL 36526, United States","J452+WC Daphne, Alabama, USA",https://www.anylabtestnow.com/daphne-36526/,+1 251-625-2805,,https://lh3.googleusercontent.com/p/AF1QipNYKiAnR2UQlDNy3rbaq4-6CB_63NzexBZVHPIt=w408-h408-k-no,true,"https://www.google.com/maps/search/vein+clinics+in+Spanish+Fort+Mobile+AL/@30.6685159,-87.9108534,14z",2025-12-16T22:33:46.147Z,,,,,,,,LGBTQ+ friendly,
https://www.google.com/maps/place/Genesis+Health+and+Beauty+Bar/data=!4m7!3m6!1s0x889a437973506ba3:0x98cb5d1db6f728fb!8m2!3d30.6082895!4d-87.8997436!16s%2Fg%2F11k9l92wl9!19sChIJo2tQc3lDmogR-yj3th1dy5g,Genesis Health and Beauty Bar,5.0,14,Medical spa,"2101 US-98 Suite K, Daphne, AL 36526, United States","J452+84 Daphne, Alabama, USA",https://www.genesishealthandbeauty.com/,+1 251-240-7020,Closed · Opens 8:30 am Wed,https://lh3.googleusercontent.com/p/AF1QipPcYHp50a5LLFQupj5QkiUnmf4hFyvpaZeNich7=w408-h272-k-no,true,"https://www.google.com/maps/search/vein+clinics+in+Spanish+Fort+Mobile+AL/@30.6685159,-87.9108534,14z",2025-12-16T22:33:51.216Z,8:30 am–4:30 pm,8:30 am–4:30 pm,8:30 am–4:30 pm,8:30 am–4:30 pm,9 am–3 pm,Closed,Closed,Identifies as women-owned,
https://www.google.com/maps/place/Alabama+Vein+%26+Restoration+Medspa/data=!4m7!3m6!1s0x8889191cc43fbc3d:0xd4bfca5804e058ad!8m2!3d33.3683777!4d-86.8012314!16s%2Fg%2F1tjl6p6_!19sChIJPbw_xBwZiYgRrVjgBFjKv9Q,Alabama Vein & Restoration Medspa,4.9,345,Vascular surgeon,"4721 Chace Cir, Hoover, AL 35244, United States","959X+9G Hoover, Alabama, USA",https://www.alabamaveincenter.com/?utm_source=gmb_auth,+1 205-823-0151,Closes soon · 5 pm · Opens 7:30 am Wed,https://lh3.googleusercontent.com/gps-cs-s/AG0ilSzWywInrexpk66BWre3lyqWhecbgdUtJHvNqnP49vH9Eos9q4G9kRrk0EFzXYHt0go2QayfOLt561eqX88k4o6-fX81KHQVmjqYKdaaiDRNCoYXyRHOB_6HvvycnOOtlXj8-tfi4A=w427-h240-k-no,true,"https://www.google.com/maps/search/vein+clinics+in+Spanish+Fort+Mobile+AL/@30.6685159,-87.9108534,14z",2025-12-16T22:33:56.509Z,7:30 am–5 pm,7:30 am–5 pm,7:30 am–5 pm,7:30 am–12 pm,Closed,Closed,7:30 am–5 pm,,
https://www.google.com/maps/place/Flo+%26+Glo+IV+Daphne/data=!4m7!3m6!1s0x889a41406adbb115:0x7f10001031067270!8m2!3d30.6023009!4d-87.8987727!16s%2Fg%2F11wt_fl5d0!19sChIJFbHbakBBmogRcHIGMRAAEH8,Flo & Glo IV Daphne,5.0,33,Health spa,"1703 US-98 Suite C, Daphne, AL 36526, United States","J422+WF Daphne, Alabama, USA",https://flongloivdaphne.com/,+1 251-301-1010,Closes soon · 5 pm · Opens 9 am Wed,https://lh3.googleusercontent.com/p/AF1QipNjPCuL8czo6MVqMvOxJzWAgWF4BdCM-XFI_ElP=w408-h544-k-no,true,"https://www.google.com/maps/search/vein+clinics+in+Spanish+Fort+Mobile+AL/@30.6685159,-87.9108534,14z",2025-12-16T22:34:01.842Z,9 am–5 pm,9 am–5 pm,9 am–5 pm,9 am–5 pm,9 am–5 pm,Closed,9 am–5 pm,,
https://www.google.com/maps/place/Premier+Laser+and+Aesthetics/data=!4m7!3m6!1s0x889a69f6cd973fd7:0x7b0b2317a22827fe!8m2!3d30.6928816!4d-87.8083778!16s%2Fg%2F11x5bskppt!19sChIJ1z-XzfZpmogR_icoohcjC3s,Premier Laser and Aesthetics,,,Medical group,"32128 Broken Branch Cir, Spanish Fort, AL 36527, United States","M5VR+5J Spanish Fort, Alabama, USA",https://premierfamilycareclinic.com/,+1 251-626-6757,,https://streetviewpixels-pa.googleapis.com/v1/thumbnail?panoid=qCdhRJtx7hpi5T2EuVt6yw&cb_client=search.gws-prod.gps&w=408&h=240&yaw=253.09413&pitch=0&thumbfov=100,true,"https://www.google.com/maps/search/vein+clinics+in+Spanish+Fort+Mobile+AL/@30.6685159,-87.9108534,14z",2025-12-16T22:34:04.861Z,,,,,,,,,
"https://www.google.com/maps/place/Vascular+Center+of+Mobile/@30.6035255,-87.9036047,14z/data=!4m6!3m5!1s0x889a4e1d4f2589e5:0xc4d4f41da99b7c4c!8m2!3d30.6872378!4d-88.0627439!16s%2Fg%2F1hc1fkbwz",Vascular Center of Mobile,4.6,20,Vascular surgeon,"1151 Dauphin St, Mobile, AL 36604, United States","MWPP+VW Mobile, Alabama, USA",http://www.mobilevascular.com/,+1 251-445-0075,Closes soon · 5 pm · Opens 8 am Wed,https://lh3.googleusercontent.com/p/AF1QipOo_o28GKXQvjkfn9ZAHswu0rFkGYWlJtCs4ywV=w408-h261-k-no,true,"https://www.google.com/maps/search/vein+clinics+in+Daphne+Mobile+AL/@30.6035255,-87.9036047,14z",2025-12-16T22:34:13.252Z,8 am–5 pm,8 am–5 pm,8 am–5 pm,8 am–5 pm,Closed,Closed,8 am–5 pm,,Already found
https://www.google.com/maps/place/Varicosity+Vein+Center/data=!4m7!3m6!1s0x88891bb620d677ad:0x32a9afee82c6128a!8m2!3d33.4826576!4d-86.78787!16s%2Fg%2F1tnctnw5!19sChIJrXfWILYbiYgRihLGgu6vqTI,Varicosity Vein Center,5.0,284,Surgical center,"2704 20th St S #100, Homewood, AL 35209, United States","F6M6+3V Homewood, Alabama, USA",https://varicosityveincenter.com/?utm_source=google&utm_medium=organic&utm_campaign=gbp&utm_content=homewood,+1 205-592-1800,Closes soon · 5 pm · Opens 7:30 am Wed,https://lh3.googleusercontent.com/p/AF1QipO2wt9v2WTrQ2lGK2lEgfc5KsUrk4unk-I5dBF4=w408-h271-k-no,true,"https://www.google.com/maps/search/vein+clinics+in+Robertsdale+Mobile+AL/@30.5457158,-87.7084037,14z",2025-12-16T22:34:28.795Z,7:30 am–5 pm,7:30 am–5 pm,7:30 am–5 pm,7:30 am–12 pm,Closed,Closed,7:30 am–5 pm,,
"https://www.google.com/maps/place/Christopher+J.+Bosarge,+M.D./data=!4m7!3m6!1s0x889a0de4267364d7:0x3fa4f23abed894e5!8m2!3d30.4235794!4d-87.6823827!16s%2Fg%2F124sxkvrh!19sChIJ12RzJuQNmogR5ZTYvjrypD8","Christopher J. Bosarge, M.D.",5.0,3,Vascular surgeon,"1502 N McKenzie St #110, Foley, AL 36535, United States","C8F9+C2 Foley, Alabama, USA",http://www.coastalveininstitute.com/,+1 251-974-5347,,https://lh3.googleusercontent.com/p/AF1QipPmQUO7isGj-DsBMSWQ7bKyRtpamTOzccjN5HRt=w408-h375-k-no,true,"https://www.google.com/maps/search/vein+clinics+in+Robertsdale+Mobile+AL/@30.5457158,-87.7084037,14z",2025-12-16T22:34:31.958Z,,,,,,,,,
https://www.google.com/maps/place/Varicosity+Vein+Center/data=!4m7!3m6!1s0x888cf3e206d0d7e5:0x72ba5025ccfb31b4!8m2!3d32.606208!4d-85.4393514!16s%2Fg%2F11j4njbnk0!19sChIJ5dfQBuLzjIgRtDH7zCVQunI,Varicosity Vein Center,4.9,104,Surgical center,"1935 E Glenn Ave Ste 202, Auburn, AL 36830, United States","JH46+F7 Auburn, Alabama, USA",https://varicosityveincenter.com/?utm_source=google&utm_medium=organic&utm_campaign=gbp&utm_content=auburn,+1 334-647-1811,Closes soon · 5 pm · Opens 9 am Wed,https://lh3.googleusercontent.com/gps-cs-s/AG0ilSy0gumDeAmbEGDXNPMvJpfjRU9hQ9GibYTOXIedbbKrnK6TVfM9Ku_GdbAIpgAIPYJU2B0fJ9cULuxVDU47shzTdJ68gKy9rVqupIkClLPVTfwgMqhzTydaEh92p2WhERDLq1I=w426-h240-k-no,true,"https://www.google.com/maps/search/vein+clinics+in+Robertsdale+Mobile+AL/@30.5457158,-87.7084037,14z",2025-12-16T22:34:36.939Z,8 am–5 pm,9 am–5 pm,8 am–5 pm,Closed,Closed,Closed,8 am–5 pm,,
https://www.google.com/maps/place/Dauphin+Island+Medical+LLC/data=!4m7!3m6!1s0x889a2d631eac613f:0xb3c248f0e0e37376!8m2!3d30.2534278!4d-88.1144371!16s%2Fg%2F11s890yd51!19sChIJP2GsHmMtmogRdnPj4PBIwrM,Dauphin Island Medical LLC,5.0,14,Medical group,"1008 Alabama Ave, Dauphin Island, AL 36528, United States","7V3P+96 Dauphin Island, Alabama, USA",http://www.dauphinislandmedical.com/,+1 251-313-2115,Closed · Opens 9 am Wed,https://lh3.googleusercontent.com/p/AF1QipP8u7URJ-a8Bd4IR_S1Shfwwg-oB17uDHLyVN1J=w408-h408-k-no,true,"https://www.google.com/maps/search/vein+clinics+in+Dauphin+Island+Mobile+AL/@30.2542565,-88.1124155,14z",2025-12-16T22:34:51.540Z,9 am–2 pm,9 am–2 pm,9 am–2 pm,Closed,Closed,Closed,9 am–2 pm,,
https://www.google.com/maps/place/Surgicare+of+Mobile/data=!4m7!3m6!1s0x889a4d8d1a6c9c4b:0x27139fed0b93379a!8m2!3d30.6914698!4d-88.1112722!16s%2Fg%2F1tpn3bnh!19sChIJS5xsGo1NmogRmjeTC-2fEyc,Surgicare of Mobile,4.0,72,Surgical center,"2890 Dauphin St, Mobile, AL 36606, United States","MVRQ+HF Mobile, Alabama, USA",http://www.surgicareofmobile.com/,+1 251-473-2020,Closes soon · 5 pm · Opens 6 am Wed,https://lh3.googleusercontent.com/gps-cs-s/AG0ilSxG_ZQ1TyVSqxJmYIsDnBZMzF7vUl7amKiQuRkrt5KhR2bryg9AIOT0HWjhwfTjGJK7Yq7IQn10jv83j1t_WpeRx3XCCAy7yJBS5pMDkMuZ6lyso3Dz2Kgm3B8c35r6slZQSsYqZw=w408-h342-k-no,false,"https://www.google.com/maps/search/vein+clinics+in+Dauphin+Island+Mobile+AL/@30.2542565,-88.1124155,14z",2025-12-16T22:34:56.897Z,6 am–5 pm,6 am–5 pm,6 am–5 pm,6 am–5 pm,Closed,Closed,6 am–5 pm,,
"https://www.google.com/maps/place/North+Baldwin+Infirmary+:+Emergency+Room/@30.903297,-87.784833,17z/data=!3m1!4b1!4m6!3m5!1s0x889a8a2317d487eb:0x9dc928669edfa101!8m2!3d30.903297!4d-87.784833!16s%2Fg%2F11g6w_vgnc",North Baldwin Infirmary : Emergency Room,1.8,5,Emergency room,"1815 Hand Ave, Bay Minette, AL 36507, United States","W638+83 Bay Minette, Alabama, USA",http://www.infirmaryhealth.org/hospitals/north-baldwin-infirmary,+1 251-937-5521,Open 24 hours,,false,"https://www.google.com/maps/search/vein+clinics+in+Bay+Minette+Mobile+AL/@30.8829628,-87.7730474,14z",2025-12-16T22:35:12.138Z,Open 24 hours,Open 24 hours,Open 24 hours,Open 24 hours,Open 24 hours,Open 24 hours,Open 24 hours,,
https://www.google.com/maps/place/Vascular+Center+of+Mobile/data=!4m7!3m6!1s0x889079a280100001:0xa11b4a243ea14a2b!8m2!3d31.0171213!4d-87.4800864!16s%2Fg%2F11kc8mwwt7!19sChIJAQAQgKJ5kIgRK0qhPiRKG6E,Vascular Center of Mobile,5.0,1,Medical laboratory,"406 Medical Park Dr, Atmore, AL 36502, United States","2G89+RX Atmore, Alabama, USA",https://mobilevascular.com/contact/,+1 251-445-0075,,https://streetviewpixels-pa.googleapis.com/v1/thumbnail?panoid=b1190plJfTw1LtDS74FVww&cb_client=search.gws-prod.gps&w=408&h=240&yaw=127.77424&pitch=0&thumbfov=100,false,"https://www.google.com/maps/search/vein+clinics+in+Bay+Minette+Mobile+AL/@30.8829628,-87.7730474,14z",2025-12-16T22:35:15.275Z,,,,,,,,,
https://www.google.com/maps/place/Center+For+Dermatology/data=!4m7!3m6!1s0x889a4d627f19fb9b:0x5dae121e989fd246!8m2!3d30.698899!4d-88.1415985!16s%2Fg%2F1wd3wv1v!19sChIJm_sZf2JNmogRRtKfmB4Srl0,Center For Dermatology,4.9,852,Dermatologist,"4310 Old Shell Rd, Mobile, AL 36608, United States","MVX5+H9 Mobile, Alabama, USA",http://www.centerfordermatology.info/,+1 251-343-9100,Closed · Opens 8:30 am Wed,https://lh3.googleusercontent.com/gps-cs-s/AG0ilSwZY1KfxX-wjOfbMSZyTEpaoVVprrMDKs-P3LDyIVv8NBy8nealSu_hQxtxkd0b75G9Up-SatoZMTDgFO5e2n3iR07roUMbIvestDg7sBtGK58X00K67fu0XHkjAWP8ej-M9dBCHwiUSCor=w408-h544-k-no,true,"https://www.google.com/maps/search/vein+clinics+in+Prichard+Mobile+AL/@30.7451545,-88.0896618,14z",2025-12-16T22:35:30.803Z,8:30 am–4 pm,8:30 am–4 pm,8:30 am–4 pm,8:30–10:30 am,Closed,Closed,8:30 am–4 pm,,
https://www.google.com/maps/place/Varicosity+Vein+Center/data=!4m7!3m6!1s0x886267e5164f7189:0x45f38ea54ecd256!8m2!3d34.7457549!4d-86.7668671!16s%2Fg%2F11ldlj93t8!19sChIJiXFPFuVnYogRVtLsVOo4XwQ,Varicosity Vein Center,4.9,118,Vascular surgeon,"1041 Balch Rd Suite 375, Madison, AL 35758, United States","P6WM+87 Madison, Alabama, USA",https://varicosityveincenter.com/?utm_source=google&utm_medium=organic&utm_campaign=gbp&utm_content=madison,+1 256-258-9940,Closes soon · 5 pm · Opens 7 am Wed,https://lh3.googleusercontent.com/p/AF1QipN9md6hWS06KRHZbmhW22fAG7loMBLssn_f6maO=w408-h272-k-no,true,"https://www.google.com/maps/search/vein+clinics+in+Prichard+Mobile+AL/@30.7451545,-88.0896618,14z",2025-12-16T22:35:35.536Z,7 am–5 pm,7 am–5 pm,7 am–5 pm,Closed,Closed,Closed,7 am–5 pm,,
https://www.google.com/maps/place/Infirmary+Imaging+%26+Laboratory+Services+%7C+I65/data=!4m7!3m6!1s0x889a4d836653bf4f:0x2733f2f140e2f746!8m2!3d30.689976!4d-88.124606!16s%2Fg%2F1tf9p0x5!19sChIJT79TZoNNmogRRvfiQPHyMyc,Infirmary Imaging & Laboratory Services | I65,4.7,202,X-ray lab,"3290 Dauphin St, Mobile, AL 36606, United States","MVQG+X5 Mobile, Alabama, USA",https://www.infirmaryhealth.org/,+1 251-435-2453,Closes soon · 5 pm · Opens 8 am Wed,https://lh3.googleusercontent.com/gps-cs-s/AG0ilSz4uoyi5VlVAIAu2Q4D5eSPuljKF0kjT-1ipSxiT8cFJsQbLlKe7E2Yq-VfK1Mqfs3AW56NLHwZK8_CsgspH8JU49H_0iMbcOtK_R2om3zsb41KwWGpbp6S3qz8sqlncE072y_icA=w451-h240-k-no,true,"https://www.google.com/maps/search/vein+clinics+in+Prichard+Mobile+AL/@30.7451545,-88.0896618,14z",2025-12-16T22:35:40.915Z,8 am–5 pm,8 am–5 pm,8 am–5 pm,8 am–5 pm,Closed,Closed,8 am–5 pm,,
https://www.google.com/maps/place/Dr.+Kumar+Deepak/data=!4m7!3m6!1s0x889a4d7687d412a5:0xa9b5c114d4a6f8b8!8m2!3d30.683049!4d-88.1298411!16s%2Fg%2F1tff8d0g!19sChIJpRLUh3ZNmogRuPim1BTBtak,Dr. Kumar Deepak,4.8,360,Rheumatologist,"101 Memorial Hospital Dr, Mobile, AL 36608, United States","MVMC+63 Mobile, Alabama, USA",http://alabamamedicalgroup.com/,+1 251-414-5900,Closes soon · 5 pm · Opens 8 am Wed,https://lh3.googleusercontent.com/p/AF1QipMLybuaiZSlIE0rO5mtA0w1WIdiUnAQbYK7yTBM=w408-h306-k-no,true,"https://www.google.com/maps/search/vein+clinics+in+Prichard+Mobile+AL/@30.7451545,-88.0896618,14z",2025-12-16T22:35:46.061Z,8 am–5 pm,8 am–5 pm,8 am–5 pm,8 am–5 pm,Closed,Closed,8 am–5 pm,,
https://www.google.com/maps/place/The+Connexus+Clinic/data=!4m7!3m6!1s0x889a4d9df342387f:0x2d8722050666a590!8m2!3d30.6894053!4d-88.1105675!16s%2Fg%2F11t1dwh3f4!19sChIJfzhC851NmogRkKVmBgUihy0,The Connexus Clinic,5.0,45,Medical clinic,"2864 Dauphin St Ste A, Mobile, AL 36606, United States","MVQQ+QQ Mobile, Alabama, USA",http://www.theconnexusclinic.com/,+1 251-300-8724,Closed · Opens 8 am Wed,https://lh3.googleusercontent.com/p/AF1QipOsivZNuk-AnjO7tI9svvXsvEMWQ6cQUx9YW1a1=w408-h665-k-no,true,"https://www.google.com/maps/search/vein+clinics+in+Prichard+Mobile+AL/@30.7451545,-88.0896618,14z",2025-12-16T22:35:51.176Z,8 am–4 pm,8 am–4 pm,8 am–4 pm,8 am–12 pm,Closed,Closed,8 am–4 pm,,
,,,,,,,,,,,,"https://www.google.com/maps/search/vein+clinics+in+Mount+Vernon+Mobile+AL/@31.0864893,-88.0112954,14z",2025-12-16T22:36:04.621Z,,,,,,,,,No new results found
https://www.google.com/maps/place/Dr.+Amy+Strassburg/data=!4m7!3m6!1s0x889a4d7687d412a5:0x93400be203dda38f!8m2!3d30.683049!4d-88.1298412!16s%2Fg%2F1tt8d14f!19sChIJpRLUh3ZNmogRj6PdA-ILQJM,Dr. Amy Strassburg,4.8,443,Internist,"101 Memorial Hospital Dr, Mobile, AL 36608, United States","MVMC+63 Mobile, Alabama, USA",http://alabamamedicalgroup.com/,+1 251-414-5900,Closes soon · 5 pm · Opens 7:30 am Wed,https://streetviewpixels-pa.googleapis.com/v1/thumbnail?panoid=7dfinYxFgWwOJ2S9Oy0Q5A&cb_client=search.gws-prod.gps&w=408&h=240&yaw=42.85355&pitch=0&thumbfov=100,true,"https://www.google.com/maps/search/vein+clinics+in+Gulf+Crest+Mobile+AL/@30.6552885,-88.0988607,14z",2025-12-16T22:36:20.998Z,7:30 am–5 pm,7:30 am–5 pm,7:30 am–5 pm,7:30 am–5 pm,Closed,Closed,7:30 am–5 pm,,
https://www.google.com/maps/place/OCUFOLIN+%7C+Medical+Food/data=!4m7!3m6!1s0x888c2a19000b01d5:0x4b883e0120180963!8m2!3d30.6662346!4d-88.1411846!16s%2Fg%2F11c58nph6t!19sChIJ1QELABkqjIgRYwkYIAE-iEs,OCUFOLIN | Medical Food,5.0,4,Medical clinic,"3755 Professional Pkwy B, Mobile, AL 36609, United States","MV85+FG Mobile, Alabama, USA",https://ocufolin.com/,+1 866-878-7576,,https://lh3.googleusercontent.com/p/AF1QipPcFu743q7AWCCUTr9V5ybQqf26K5OOwgErV0Ny=w408-h349-k-no,true,"https://www.google.com/maps/search/vein+clinics+in+Gulf+Crest+Mobile+AL/@30.6552885,-88.0988607,14z",2025-12-16T22:36:24.185Z,,,,,,,,,
https://www.google.com/maps/place/Coastal+Contours+%26+Wellness/data=!4m7!3m6!1s0x889a530bc57f3833:0x94ba3ae7f1ff16d4!8m2!3d30.7047025!4d-88.1479321!16s%2Fg%2F11j47y37wh!19sChIJMzh_xQtTmogR1Bb_8ec6upQ,Coastal Contours & Wellness,4.9,90,Skin care clinic,"4621-A SpringHill Ave, Mobile, AL 36608, United States","PV32+VR Mobile, Alabama, USA",https://www.coastalcontours.com/,+1 251-751-2073,Open · Closes 6:30 pm,https://lh3.googleusercontent.com/gps-cs-s/AG0ilSy3xmu5EQCYN0IIMmH_bgWkKL8Swq96eGTLIIovYEf1aoR4BlumJiDi7-87nph2mallwi38FLsSwMgF3k0qhXtVSligsCzHof9LwrEmMamdtbKCbLR0cQ1qqMGQf5C_TGc5GMXPWkdnaC5s=w408-h306-k-no,true,"https://www.google.com/maps/search/vein+clinics+in+Gulf+Crest+Mobile+AL/@30.6552885,-88.0988607,14z",2025-12-16T22:36:29.299Z,8 am–6:30 pm,8 am–6:30 pm,8 am–6:30 pm,8 am–6:30 pm,8 am–4 pm,Closed,8 am–6:30 pm,LGBTQ+ friendly,
https://www.google.com/maps/place/USA+Health+Cardiovascular+Surgery/data=!4m7!3m6!1s0x889a4e06be761651:0xf617c49a1921e78e!8m2!3d30.691211!4d-88.085914!16s%2Fg%2F1w2yvnyp!19sChIJURZ2vgZOmogRjuchGZrEF_Y,USA Health Cardiovascular Surgery,2.6,5,Medical group,"1901 SpringHill Ave, Mobile, AL 36607, United States","MWR7+FJ Mobile, Alabama, USA",https://www.usahealthsystem.com/locations/cardiovascular-surgery,+1 251-300-2240,Closes soon · 5 pm · Opens 8 am Wed,https://streetviewpixels-pa.googleapis.com/v1/thumbnail?panoid=k86DUp_h2YsV2HJAquxvDA&cb_client=search.gws-prod.gps&w=408&h=240&yaw=190.97292&pitch=0&thumbfov=100,true,"https://www.google.com/maps/search/vein+clinics+in+Gulf+Crest+Mobile+AL/@30.6552885,-88.0988607,14z",2025-12-16T22:36:34.669Z,8 am–5 pm,8 am–5 pm,8 am–5 pm,8 am–5 pm,Closed,Closed,8 am–5 pm,,
"https://www.google.com/maps/place/Ryan+Rebowe,+MD/data=!4m7!3m6!1s0x889a4dd14276c1db:0xc717e68ffd95b23b!8m2!3d30.687386!4d-88.1308616!16s%2Fg%2F11j0sf7qpc!19sChIJ28F2QtFNmogRO7KV_Y_mF8c","Ryan Rebowe, MD",5.0,21,Plastic surgeon,"3700 Dauphin St Suite A, Mobile, AL 36608, United States","MVP9+XM Mobile, Alabama, USA",https://www.parkrebowe.com/alabama-plastic-surgeon-dr-ryan-rebowe/,+1 251-340-6600,Closes soon · 5 pm · Opens 8 am Wed,https://lh3.googleusercontent.com/p/AF1QipOZpb0u2aT1rjhICm-brzKI4GAWbTneCQk-onmY=w408-h306-k-no,true,"https://www.google.com/maps/search/vein+clinics+in+Gulf+Crest+Mobile+AL/@30.6552885,-88.0988607,14z",2025-12-16T22:36:40.237Z,8 am–5 pm,8 am–5 pm,8 am–5 pm,8 am–4 pm,Closed,Closed,8 am–5 pm,LGBTQ+ friendly,
"https://www.google.com/maps/place/Tung+Vu,+MD/data=!4m7!3m6!1s0x889a4f417bd9fceb:0x8852aec7a062f474!8m2!3d30.6914562!4d-88.0854894!16s%2Fg%2F11lp113ybr!19sChIJ6_zZe0FPmogRdPRioMeuUog","Tung Vu, MD",5.0,5,Cardiovascular and thoracic surgeon,"1855 SpringHill Ave, Mobile, AL 36607, United States","MWR7+HR Mobile, Alabama, USA",,+1 251-471-3544,Closes soon · 5 pm · Opens 8 am Wed,https://streetviewpixels-pa.googleapis.com/v1/thumbnail?panoid=zOIo4TEFt5uc64bN8bR7ag&cb_client=search.gws-prod.gps&w=408&h=240&yaw=180.25223&pitch=0&thumbfov=100,true,"https://www.google.com/maps/search/vein+clinics+in+Gulf+Crest+Mobile+AL/@30.6552885,-88.0988607,14z",2025-12-16T22:36:45.288Z,8 am–5 pm,8 am–5 pm,8 am–5 pm,8 am–5 pm,Closed,Closed,8 am–5 pm,,
https://www.google.com/maps/place/The+Sol%C3%A9+Med+Spa/data=!4m7!3m6!1s0x889a4d6cc65de349:0x20399a7b385496ea!8m2!3d30.6868334!4d-88.120101!16s%2Fg%2F11sb34d5sy!19sChIJSeNdxmxNmogR6pZUOHuaOSA,The Solé Med Spa,5.0,21,Medical spa,"70 Midtown Park E Floor 2, Mobile, AL 36606, United States","MVPH+PX Mobile, Alabama, USA",http://thesolemedspa.com/,+1 251-308-4046,Closed · Opens 7:30 am Wed,https://lh3.googleusercontent.com/p/AF1QipOxOKWlczJLUP483zps-A8GjJuPp5BMzL-0N-cj=w408-h544-k-no,true,"https://www.google.com/maps/search/vein+clinics+in+Gulf+Crest+Mobile+AL/@30.6552885,-88.0988607,14z",2025-12-16T22:36:51.160Z,7:30 am–3:30 pm,7:30 am–3:30 pm,7:30 am–3:30 pm,7:30 am–3 pm,Closed,Closed,7:30 am–3:30 pm,,
"https://www.google.com/maps/place/The+Orthopaedic+Group,+P.C./data=!4m7!3m6!1s0x889a4e1ca74c89e3:0xa74100de05150b93!8m2!3d30.6830361!4d-88.1286944!16s%2Fg%2F1tfkx2jm!19sChIJ44lMpxxOmogRkwsVBd4AQac","The Orthopaedic Group, P.C.",4.8,814,Orthopedic surgeon,"3610 Springhill Memorial Dr N, Mobile, AL 36608, United States","MVMC+6G Mobile, Alabama, USA",https://www.theorthogroup.com/,+1 251-476-5050,Closed · Opens 8 am Wed,https://lh3.googleusercontent.com/p/AF1QipM9QFH7pVTn6_WHvISNgN2RvkvFmw7Kc03Qvigz=w408-h315-k-no,true,"https://www.google.com/maps/search/vein+clinics+in+Gulf+Crest+Mobile+AL/@30.6552885,-88.0988607,14z",2025-12-16T22:36:56.921Z,8 am–4:30 pm,8 am–4:30 pm,8 am–4:30 pm,8 am–4:30 pm,Closed,Closed,8 am–4:30 pm,,
,,,,,,,,,,,,"https://www.google.com/maps/search/vein+clinics+in+Loxley+Mobile+AL/@30.6182476,-87.7530454,14z",2025-12-16T22:37:10.941Z,,,,,,,,,No new results found