placeUrl,title,rating,reviewCount,category,address,plusCode,website,phoneNumber,currentStatus,imgUrl,isClaimed,wednesday,thursday,friday,saturday,sunday,monday,tuesday,query,timestamp,info,attributes,error
https://www.google.com/maps/place/CarePartners+Hospice+Solace+Center/data=!4m7!3m6!1s0x8859f31bbabed61d:0x449a9adf51d7d9bd!8m2!3d35.561857!4d-82.533811!16s%2Fg%2F1q6kk0nq3!19sChIJHda-uhvzWYgRvdnXUd-amkQ,CarePartners Hospice Solace Center,4.3,50,Medical clinic,"21 Belvedere Rd, Asheville, NC 28803, United States","HF68+PF Asheville, North Carolina, USA",https://www.missionhealth.org/locations/carepartners-hospice-solace-center?utm_campaign=corp_listings_mgmt&utm_source=google&utm_medium=business_listing,+1 828-210-3150,Open 24 hours,https://lh3.googleusercontent.com/p/AF1QipMvmV-Qz1G5ua2x4WI9W-7lHXUCfICi3ccr9qib=w426-h240-k-no,true,Open 24 hours,Open 24 hours,Open 24 hours,Open 24 hours,Open 24 hours,Open 24 hours,Open 24 hours,"https://www.google.com/maps/search/Hospice+clinics+in+Black+Mountain+Asheville+NC/@35.6178951,-82.3212302,14z",2025-09-17T23:25:53.999Z,,,
https://www.google.com/maps/place/Center+for+Conscious+Living+%26+Dying/data=!4m7!3m6!1s0x8859f3c1cb01cf7d:0x26eb2f4d0e2b4ca6!8m2!3d35.601255!4d-82.4354422!16s%2Fg%2F11t7cy060l!19sChIJfc8By8HzWYgRpkwrDk0v6yY,Center for Conscious Living & Dying,5.0,17,Serviced accommodation,"83 Sanctuary Rd, Swannanoa, NC 28778, United States","JH27+GR Swannanoa, North Carolina, USA",http://ccld.community/,+1 828-329-0823,,https://lh3.googleusercontent.com/p/AF1QipO5jETAX-HmbFCzA_jvcUjqvePJxjBVENiI5Seb=w468-h240-k-no,true,,,,,,,,"https://www.google.com/maps/search/Hospice+clinics+in+Black+Mountain+Asheville+NC/@35.6178951,-82.3212302,14z",2025-09-17T23:25:57.673Z,,,
https://www.google.com/maps/place/Solace+Inpatient+Unit/data=!4m7!3m6!1s0x8859f31a313502e1:0x18f0cdb94375b01b!8m2!3d35.561857!4d-82.533811!16s%2Fg%2F1vn197cy!19sChIJ4QI1MRrzWYgRG7B1Q7nN8Bg,Solace Inpatient Unit,,,Medical group,"21 Belvedere Rd, Asheville, NC 28803, United States","HF68+PF Asheville, North Carolina, USA",,+1 828-210-3150,,https://streetviewpixels-pa.googleapis.com/v1/thumbnail?panoid=SeK0Dx-x8lCr4qvZS2BNWQ&cb_client=search.gws-prod.gps&w=408&h=240&yaw=77.06371&pitch=0&thumbfov=100,false,,,,,,,,"https://www.google.com/maps/search/Hospice+clinics+in+Black+Mountain+Asheville+NC/@35.6178951,-82.3212302,14z",2025-09-17T23:26:00.317Z,,,
https://www.google.com/maps/place/CarePartners+Asheville/data=!4m7!3m6!1s0x8859f31aee2340e9:0xe151ef8e4316e296!8m2!3d35.5616311!4d-82.5318864!16s%2Fg%2F1th5_j6t!19sChIJ6UAj7hrzWYgRluIWQ47vUeE,CarePartners Asheville,4.0,47,Physical therapy clinic,"68 Sweeten Creek Rd, Asheville, NC 28803, United States","HF69+M6 Asheville, North Carolina, USA",https://www.missionhealth.org/locations/carepartners?utm_campaign=corp_listings_mgmt&utm_source=google&utm_medium=business_listing,+1 828-277-4800,Open 24 hours,https://lh3.googleusercontent.com/p/AF1QipPRGNcXuQBYgVYDtLUB_X66gw8INAkOdkZ9kG6p=w426-h240-k-no,true,Open 24 hours,Open 24 hours,Open 24 hours,Open 24 hours,Open 24 hours,Open 24 hours,Open 24 hours,"https://www.google.com/maps/search/Hospice+clinics+in+Black+Mountain+Asheville+NC/@35.6178951,-82.3212302,14z",2025-09-17T23:26:05.629Z,,,
https://www.google.com/maps/place/Mountain+Ridge+Wellness+Center/data=!4m7!3m6!1s0x8859fed9a49e6bd5:0x729964abdbe8f7f2!8m2!3d35.621121!4d-82.2887631!16s%2Fg%2F1t_kh7hx!19sChIJ1WuepNn-WYgR8vfo26tkmXI,Mountain Ridge Wellness Center,4.1,25,Nursing home,"611 Old US Hwy 70 E, Black Mountain, NC 28711, United States","JPC6+CF Black Mountain, North Carolina, USA",https://mtnrhr.com/,+1 828-669-9991,Open 24 hours,https://lh3.googleusercontent.com/gps-cs-s/AC9h4nrznqQMtw3efGHm1D2FNyFMRMChyvTyAx7CyG8gLn6AvZuWhhhehTznXrKhUnjy7C9NJnpgyUM1_pPQkK6Awjg5znN75J-6m19TYUGeIld5JzdcnSvJGk7vpEo3KhZvt3msdh9D=w408-h725-k-no,true,Open 24 hours,Open 24 hours,Open 24 hours,Open 24 hours,Open 24 hours,Open 24 hours,Open 24 hours,"https://www.google.com/maps/search/Hospice+clinics+in+Black+Mountain+Asheville+NC/@35.6178951,-82.3212302,14z",2025-09-17T23:26:10.433Z,,,
https://www.google.com/maps/place/Givens+Highland+Farms/data=!4m7!3m6!1s0x8859f9a6aa2c0889:0xea12d5736d788647!8m2!3d35.612774!4d-82.350463!16s%2Fg%2F11g0k1090c!19sChIJiQgsqqb5WYgRR4Z4bXPVEuo,Givens Highland Farms,4.4,96,Retirement community,"200 Tabernacle Rd, Black Mountain, NC 28711, United States","JJ7X+4R Black Mountain, North Carolina, USA",https://givenshighlandfarms.org/,+1 828-357-3611,Closed ⋅ Opens 9 am Thu,https://lh3.googleusercontent.com/gps-cs-s/AC9h4noIxQ_fnqDGmXH9XjSjQ5-iAbjSXIulOh3sIOp9fYOhnAMtlaZZdkFk5dQ0CQ58lc0IujreXSrri2B0V2M9LkbGdJpDpuMMHzfixr5Y_FJ4K8oCX9LR-_LHUV79oDACTSp-3NvP=w408-h306-k-no,true,9 am–5 pm,9 am–5 pm,9 am–5 pm,Closed,Closed,9 am–5 pm,9 am–5 pm,"https://www.google.com/maps/search/Hospice+clinics+in+Black+Mountain+Asheville+NC/@35.6178951,-82.3212302,14z",2025-09-17T23:26:15.497Z,,,
https://www.google.com/maps/place/Marjorie+Mc+Cune+Memorial+Center/data=!4m7!3m6!1s0x8859f9bb20161bb7:0xb6bce9f3f4b99f8e!8m2!3d35.615528!4d-82.357335!16s%2Fg%2F1vhlyxmz!19sChIJtxsWILv5WYgRjp-59PPpvLY,Marjorie Mc Cune Memorial Center,4.2,10,Assisted living facility,"101 Lions Way, Black Mountain, NC 28711, United States","JJ8V+63 Black Mountain, North Carolina, USA",http://www.mccunecenter.org/,+1 828-669-8452,Closed ⋅ Opens 9 am Thu,https://lh3.googleusercontent.com/gps-cs-s/AC9h4nqFxVvy0lPNy1BD7FbiSV9sed5SOqStb1Ipfor1OTQ1eVqGTe8GJvyg0fy9QaZ6gpYFk5_qHfZSQFUF1GWNEzJPQ5YVwEVPbspRk6IiHgf0Kt4sv63KaihzBFiE8T8gAuBbLfj9=w426-h240-k-no,false,9 am–5 pm,9 am–5 pm,9 am–5 pm,Closed,Closed,9 am–5 pm,9 am–5 pm,"https://www.google.com/maps/search/Hospice+clinics+in+Black+Mountain+Asheville+NC/@35.6178951,-82.3212302,14z",2025-09-17T23:26:20.375Z,,,
https://www.google.com/maps/place/Mission+Hospital/data=!4m7!3m6!1s0x8859f346091490c5:0xbe15de3589356d91!8m2!3d35.576583!4d-82.549222!16zL20vMGYxMXJ6!19sChIJxZAUCUbzWYgRkW01iTXeFb4,Mission Hospital,3.9,3500,Hospital,"509 Biltmore Ave, Asheville, NC 28801, United States","HFG2+J8 Asheville, North Carolina, USA",https://www.missionhealth.org/locations/mission-hospital?utm_campaign=corp_listings_mgmt&utm_source=google&utm_medium=business_listing,+1 828-213-1111,,https://lh3.googleusercontent.com/p/AF1QipNw09YwXJMoFIl1DKiJ8tuGMmDzFTUmjqhAP2RD=w426-h240-k-no,true,Open 24 hours,Open 24 hours,Open 24 hours,Open 24 hours,Open 24 hours,Open 24 hours,Open 24 hours,"https://www.google.com/maps/search/Hospice+clinics+in+Black+Mountain+Asheville+NC/@35.6178951,-82.3212302,14z",2025-09-17T23:26:25.309Z,,,
https://www.google.com/maps/place/Peace+of+Happiness+Home+Health+Care+LLC/data=!4m7!3m6!1s0x8859f8ca3b2f5ccb:0x5568c9fc3c3552cf!8m2!3d35.645854!4d-82.306483!16s%2Fg%2F11pv8lfgs5!19sChIJy1wvO8r4WYgRz1I1PPzJaFU,Peace of Happiness Home Health Care LLC,,,Home health care service,"221 N Carolina Terrace, Montreat, NC 28757, United States","JMWV+8C Montreat, North Carolina, USA",,+1 888-551-1145,Closed ⋅ Opens 9 am Thu,https://streetviewpixels-pa.googleapis.com/v1/thumbnail?panoid=obwly4UEevkDhfR5TwhAXw&cb_client=search.gws-prod.gps&w=408&h=240&yaw=14.355215&pitch=0&thumbfov=100,true,9 am–5 pm,9 am–5 pm,9 am–5 pm,9 am–5 pm,9 am–5 pm,9 am–5 pm,9 am–5 pm,"https://www.google.com/maps/search/Hospice+clinics+in+Black+Mountain+Asheville+NC/@35.6178951,-82.3212302,14z",2025-09-17T23:26:30.249Z,,,
https://www.google.com/maps/place/Elizabeth+House/data=!4m7!3m6!1s0x8859c2ec5baefeef:0x8d3b8c822232601f!8m2!3d35.3030311!4d-82.4173633!16s%2Fg%2F1tql5hgh!19sChIJ7_6uW-zCWYgRH2AyIoKMO40,Elizabeth House,4.3,33,Hospice,"581 S Allen Rd, Flat Rock, NC 28731, United States","8H3M+63 Flat Rock, North Carolina, USA",https://fourseasonscare.org/our-services/elizabeth-house,+1 828-692-9633,Open 24 hours,https://lh3.googleusercontent.com/p/AF1QipOu7QjgoPoxnIvwTYrpc8qjsaQ8fH8vJY0YiP9p=w408-h612-k-no,true,Open 24 hours,Open 24 hours,Open 24 hours,Open 24 hours,Open 24 hours,Open 24 hours,Open 24 hours,"https://www.google.com/maps/search/Hospice+clinics+in+Black+Mountain+Asheville+NC/@35.6178951,-82.3212302,14z",2025-09-17T23:26:35.367Z,,,
https://www.google.com/maps/place/Four+Seasons/data=!4m7!3m6!1s0x8859c219d05c2ef9:0x1b3c14f6d5391736!8m2!3d35.3020542!4d-82.4166915!16s%2Fg%2F1tk23ngk!19sChIJ-S5c0BnCWYgRNhc51fYUPBs,Four Seasons,4.3,11,Medical clinic,"571 S Allen Rd, Flat Rock, NC 28731, United States","8H2M+R8 Flat Rock, North Carolina, USA",http://www.fourseasonscfl.org/,+1 828-692-6178,Closed ⋅ Opens 8 am Thu,https://streetviewpixels-pa.googleapis.com/v1/thumbnail?panoid=0QjcQgpzAG-vwfZTT14JQA&cb_client=search.gws-prod.gps&w=408&h=240&yaw=142.14796&pitch=0&thumbfov=100,true,8 am–4:30 pm,8 am–4:30 pm,8 am–4:30 pm,Closed,Closed,8 am–4:30 pm,8 am–4:30 pm,"https://www.google.com/maps/search/Hospice+clinics+in+Black+Mountain+Asheville+NC/@35.6178951,-82.3212302,14z",2025-09-17T23:26:40.252Z,,,
https://www.google.com/maps/place/Compassionate+Care+Western+North+Carolina/data=!4m7!3m6!1s0x885a09a07480fd71:0x678901746795a26b!8m2!3d35.9039535!4d-82.2581787!16s%2Fg%2F1vc82jhm!19sChIJcf2AdKAJWogRa6KVZ3QBiWc,Compassionate Care Western North Carolina,5.0,12,Hospice,"856 Georges Fork Rd, Burnsville, NC 28714, United States","WP3R+HP Burnsville, North Carolina, USA",http://www.compassionatecarewnc.org/,+1 828-682-9675,Closed ⋅ Opens 8 am Thu,https://lh3.googleusercontent.com/p/AF1QipNGs32Np-nwDjUoWS0P0yelefm_iLZuF_Wn_AoE=w425-h240-k-no,true,8 am–4:30 pm,8 am–4:30 pm,8 am–4:30 pm,Closed,Closed,8 am–4:30 pm,8 am–4:30 pm,"https://www.google.com/maps/search/Hospice+clinics+in+Black+Mountain+Asheville+NC/@35.6178951,-82.3212302,14z",2025-09-17T23:26:45.201Z,LGBTQ+ friendly,,
"https://www.google.com/maps/place/Four+Seasons,+The+Care+You+Trust/data=!4m7!3m6!1s0x8859c2ec0aabdb7b:0xddeccf037823bcfa!8m2!3d35.3021548!4d-82.4166144!16s%2Fg%2F1tczl5s8!19sChIJe9urCuzCWYgR-rwjeAPP7N0","Four Seasons, The Care You Trust",3.7,21,Hospice,"571 S Allen Rd, Flat Rock, NC 28731, United States","8H2M+V9 Flat Rock, North Carolina, USA",https://fourseasonscare.org/,+1 828-692-6178,,https://lh3.googleusercontent.com/p/AF1QipMFZ3bmiY9ajHabqS8airERJQCashLH_k2LJK2g=w452-h240-k-no,true,,,,,,,,"https://www.google.com/maps/search/Hospice+clinics+in+Black+Mountain+Asheville+NC/@35.6178951,-82.3212302,14z",2025-09-17T23:26:48.071Z,,,
"https://www.google.com/maps/place/Hospice+of+Mitchell+County+Inc/@35.9114687,-82.0618512,17z/data=!3m1!4b1!4m6!3m5!1s0x8850a4a031c086e3:0x541197db0647141c!8m2!3d35.9114687!4d-82.0618512!16s%2Fg%2F1tnssmgd",Hospice of Mitchell County Inc,5.0,5,Hospice,"236 Hospital Dr, Spruce Pine, NC 28777, United States","WW6Q+H7 Spruce Pine, North Carolina, USA",https://www.hospiceblueridge.com/,+1 828-765-5677,,,true,,,,,,,,"https://www.google.com/maps/search/Hospice+clinics+in+Black+Mountain+Asheville+NC/@35.6178951,-82.3212302,14z",2025-09-17T23:26:52.844Z,,,
"https://www.google.com/maps/place/Blue+Ridge+Animal+Hospital+Inc:+Wagener,+Al+V.M.D./data=!4m7!3m6!1s0x8859f93d45352c71:0x897e5ec4c6b4a361!8m2!3d35.615357!4d-82.322805!16s%2Fg%2F1tcv24t0!19sChIJcSw1RT35WYgRYaO0xsRefok","Blue Ridge Animal Hospital Inc: Wagener, Al V.M.D.",4.6,17,Veterinarian,"306 W State St, Black Mountain, NC 28711, United States","JM8G+4V Black Mountain, North Carolina, USA",http://www.brahinc.com/,+1 828-669-8719,Closed ⋅ Opens 8 am Thu,https://lh3.googleusercontent.com/gps-cs-s/AC9h4npg4Ek8lYVnU8oYUA9ddKszx_Vg11OZxuL63QhzR7OpG5FBsW4GtSn9A8ST_IY-LKLywUV92OWsXMm-zH_kYWNTKMOwW-oM9bHmHzJN8Eb-Yh-ryY2Ssm2JzpmNJHL760oiuwUc=w426-h240-k-no,false,8 am–3 pm,8 am–3 pm,8 am–3 pm,Closed,Closed,8 am–3 pm,8 am–3 pm,"https://www.google.com/maps/search/Hospice+clinics+in+Black+Mountain+Asheville+NC/@35.6178951,-82.3212302,14z",2025-09-17T23:26:57.857Z,,,
https://www.google.com/maps/place/Haywood+Hospice+%26+Palliative+Care/data=!4m7!3m6!1s0x8859773f7a492fff:0xe7a7e2cc406212e5!8m2!3d35.5277027!4d-82.9611291!16s%2Fg%2F11h4kwtx9h!19sChIJ_y9Jej93WYgR5RJiQMzip-c,Haywood Hospice & Palliative Care,5.0,25,Hospice,"13 Haywood Office Park Suite 107, Waynesville, NC 28785, United States","G2HQ+3G Waynesville, North Carolina, USA",https://lhcgroup.com/locations/haywood-hospice-and-palliative-care/?utm_source=google&utm_medium=GMB&utm_campaign=google_my_business,+1 828-452-5039,Open 24 hours,https://lh3.googleusercontent.com/p/AF1QipOuVR5CvYnI5WS_SjjVY4LaBKN80wK7ptLEYS7J=w408-h306-k-no,true,Open 24 hours,Open 24 hours,Open 24 hours,Open 24 hours,Open 24 hours,Open 24 hours,Open 24 hours,"https://www.google.com/maps/search/Hospice+clinics+in+Black+Mountain+Asheville+NC/@35.6178951,-82.3212302,14z",2025-09-17T23:27:02.899Z,,,
https://www.google.com/maps/place/Four+Seasons+Palliative+Care/data=!4m7!3m6!1s0x8859c21ae6ab37fb:0x87a865900dc182f0!8m2!3d35.3172159!4d-82.4689083!16s%2Fg%2F11c71b2sw5!19sChIJ-zer5hrCWYgR8ILBDZBlqIc,Four Seasons Palliative Care,3.9,7,Doctor,"513 N Justice St, Hendersonville, NC 28739, United States","8G8J+VC Hendersonville, North Carolina, USA",https://fourseasonscare.org/our-services/palliative-care/,+1 828-692-6178,,https://streetviewpixels-pa.googleapis.com/v1/thumbnail?panoid=gg2W8EH3va7-0duqx62VRA&cb_client=search.gws-prod.gps&w=408&h=240&yaw=293.00525&pitch=0&thumbfov=100,false,,,,,,,,"https://www.google.com/maps/search/Hospice+clinics+in+Black+Mountain+Asheville+NC/@35.6178951,-82.3212302,14z",2025-09-17T23:27:05.734Z,,,
https://www.google.com/maps/place/Hendersonville+Pain+Management+and+Palliative+Care/data=!4m7!3m6!1s0x88598d776727242f:0x157c705ab08a842c!8m2!3d35.4272212!4d-82.502727!16s%2Fg%2F11cm3vtc9y!19sChIJLyQnZ3eNWYgRLISKsFpwfBU,Hendersonville Pain Management and Palliative Care,4.1,18,Medical clinic,"4005 Hendersonville Rd #2, Fletcher, NC 28732, United States","CFGW+VW Fletcher, North Carolina, USA",https://hendersonvillepainmanagement.com/,+1 828-667-9155,Closed ⋅ Opens 8 am Thu,https://lh3.googleusercontent.com/gps-cs-s/AC9h4nobHq3s0W55JM1qAiWLo-v8GlcMYdEF3VA7ANuyfxCsdOWpSd_TCEPEi0JNI197cEuxVS74VsimC4bOvVLyguqR8ieZdvbpBluDUmyP50HjkfkzE4T2_PVZOiIWwO3ssYeiwoA=w408-h306-k-no,true,8 am–5 pm,8 am–5 pm,8 am–5 pm,Closed,Closed,Closed,8 am–5 pm,"https://www.google.com/maps/search/Hospice+clinics+in+Black+Mountain+Asheville+NC/@35.6178951,-82.3212302,14z",2025-09-17T23:27:10.719Z,,,
https://www.google.com/maps/place/Hospice+of+Henderson+County/data=!4m7!3m6!1s0x8859c2ec0aabdae7:0xfcb9ae998014fb38!8m2!3d35.3021066!4d-82.4166603!16s%2Fg%2F113fsf1sq!19sChIJ59qrCuzCWYgROPsUgJmuufw,Hospice of Henderson County,5.0,1,Hospice,"571 S Allen Rd, Flat Rock, NC 28731, United States","8H2M+R8 Flat Rock, North Carolina, USA",https://fourseasonscare.org/,+1 828-692-6178,,https://streetviewpixels-pa.googleapis.com/v1/thumbnail?panoid=0QjcQgpzAG-vwfZTT14JQA&cb_client=search.gws-prod.gps&w=408&h=240&yaw=136.30884&pitch=0&thumbfov=100,false,,,,,,,,"https://www.google.com/maps/search/Hospice+clinics+in+Hendersonville+Asheville+NC/@35.3187279,-82.4609528,14z",2025-09-17T23:27:27.231Z,,,
https://www.google.com/maps/place/Four+Seasons+Foundation/data=!4m7!3m6!1s0x8859c33b2d7c096d:0xe58731456a6ca988!8m2!3d35.3153296!4d-82.4601286!16s%2Fg%2F11f72_8kl6!19sChIJbQl8LTvDWYgRiKlsakUxh-U,Four Seasons Foundation,5.0,2,Non-profit organization,"211 N Main St, Hendersonville, NC 28792, United States","8G8Q+4W Hendersonville, North Carolina, USA",http://www.fourseasonsfdn.org/,+1 828-513-2440,Closed ⋅ Opens 8 am Thu,https://lh3.googleusercontent.com/p/AF1QipOTZy6p5v6Nn_JtT1H3G0a9LNrt-95N4WZoNerA=w408-h623-k-no,true,8 am–5 pm,8 am–5 pm,8 am–5 pm,Closed,Closed,8 am–5 pm,8 am–5 pm,"https://www.google.com/maps/search/Hospice+clinics+in+Hendersonville+Asheville+NC/@35.3187279,-82.4609528,14z",2025-09-17T23:27:32.195Z,,,
https://www.google.com/maps/place/Carolina+Reserve+of+Hendersonville/data=!4m7!3m6!1s0x8859c1e5bb798389:0x29a67b3b884286c2!8m2!3d35.323568!4d-82.4897852!16s%2Fg%2F1tnl23dp!19sChIJiYN5u-XBWYgRwoZCiDt7pik,Carolina Reserve of Hendersonville,3.8,24,Assisted living facility,"1820 Pisgah Dr, Hendersonville, NC 28791, United States","8GF6+C3 Hendersonville, North Carolina, USA",https://navionseniorsolutions.com/communities/carolina-reserve-of-hendersonville/,+1 828-622-4988,Open 24 hours,https://lh3.googleusercontent.com/p/AF1QipPwLBNhFRAtCC7qTJMbh5u3M2voJRnZwHBXIyhN=w408-h271-k-no,true,Open 24 hours,Open 24 hours,Open 24 hours,Open 24 hours,Open 24 hours,Open 24 hours,Open 24 hours,"https://www.google.com/maps/search/Hospice+clinics+in+Hendersonville+Asheville+NC/@35.3187279,-82.4609528,14z",2025-09-17T23:27:37.253Z,,,
https://www.google.com/maps/place/Four+Seasons+Grief+Services/data=!4m7!3m6!1s0x8859c3e10dc788e7:0x9e698fc552f67c6a!8m2!3d35.302219!4d-82.41685!16s%2Fg%2F11swzqdtyn!19sChIJ54jHDeHDWYgRanz2UsWPaZ4,Four Seasons Grief Services,1.0,1,Hospice,"571 S Allen Rd, Flat Rock, NC 28731, United States","8H2M+V7 Flat Rock, North Carolina, USA",https://fourseasonscare.org/our-services/grief-services/,+1 828-692-6178,Closed ⋅ Opens 8 am Thu,https://streetviewpixels-pa.googleapis.com/v1/thumbnail?panoid=ypnTVEcV48zlBPDDKKusvQ&cb_client=search.gws-prod.gps&w=408&h=240&yaw=157.47208&pitch=0&thumbfov=100,true,8 am–4:30 pm,8 am–4:30 pm,8 am–4:30 pm,Closed,Closed,8 am–4:30 pm,8 am–4:30 pm,"https://www.google.com/maps/search/Hospice+clinics+in+Hendersonville+Asheville+NC/@35.3187279,-82.4609528,14z",2025-09-17T23:27:42.007Z,,,
https://www.google.com/maps/place/Laurels+of+Hendersonville/data=!4m7!3m6!1s0x8859e9e8f520b1af:0x3fe38d52201893be!8m2!3d35.3429862!4d-82.4566442!16s%2Fg%2F1tglj0hd!19sChIJr7Eg9ejpWYgRvpMYIFKN4z8,Laurels of Hendersonville,4.3,86,Nursing home,"290 Clear Creek Rd, Hendersonville, NC 28792, United States","8GVV+58 Hendersonville, North Carolina, USA",http://www.laurelsofhendersonville.com/,+1 828-692-6000,Closed ⋅ Opens 9 am Thu,https://lh3.googleusercontent.com/p/AF1QipPnsKfVxhWD5Q6vKOb8Rqu62QgMoRMDWrAxgyBg=w408-h272-k-no,true,9 am–5 pm,9 am–5 pm,9 am–5 pm,9 am–5 pm,9 am–5 pm,9 am–5 pm,9 am–5 pm,"https://www.google.com/maps/search/Hospice+clinics+in+Hendersonville+Asheville+NC/@35.3187279,-82.4609528,14z",2025-09-17T23:27:46.891Z,Identifies as women-owned,,
https://www.google.com/maps/place/Life+Care+Center+of+Hendersonville/data=!4m7!3m6!1s0x8859e9c4dd2af9b5:0x4a69ba4b647755bc!8m2!3d35.34197!4d-82.44613!16s%2Fg%2F1tfwqplt!19sChIJtfkq3cTpWYgRvFV3ZEu6aUo,Life Care Center of Hendersonville,4.1,40,Nursing home,"400 Thompson St, Hendersonville, NC 28792, United States","8HR3+QG Hendersonville, North Carolina, USA",https://lcca.com/locations/nc/hendersonville/,+1 828-697-4348,Open 24 hours,https://lh3.googleusercontent.com/p/AF1QipNy-BdvHnF5jh-SGqSPKH26_6yOHzidTg0zyj86=w408-h272-k-no,true,Open 24 hours,Open 24 hours,Open 24 hours,Open 24 hours,Open 24 hours,Open 24 hours,Open 24 hours,"https://www.google.com/maps/search/Hospice+clinics+in+Hendersonville+Asheville+NC/@35.3187279,-82.4609528,14z",2025-09-17T23:27:52.083Z,,,
https://www.google.com/maps/place/Pardee+Hospital/data=!4m7!3m6!1s0x8859c204d5995f09:0x29c1c63b4e09d625!8m2!3d35.3207941!4d-82.4672157!16s%2Fg%2F1tp0fcz7!19sChIJCV-Z1QTCWYgRJdYJTjvGwSk,Pardee Hospital,2.8,447,Hospital,"800 N Justice St, Hendersonville, NC 28791, United States","8GCM+84 Hendersonville, North Carolina, USA",https://www.pardeehospital.org/,+1 828-696-1000,,https://lh3.googleusercontent.com/p/AF1QipMJx5ysGczGlGnCQ51z2zguln4PffzsA5047abV=w426-h240-k-no,true,Open 24 hours,Open 24 hours,Open 24 hours,Open 24 hours,Open 24 hours,Open 24 hours,Open 24 hours,"https://www.google.com/maps/search/Hospice+clinics+in+Hendersonville+Asheville+NC/@35.3187279,-82.4609528,14z",2025-09-17T23:27:57.082Z,,,
https://www.google.com/maps/place/Four+Seasons+Care+Navigation/data=!4m7!3m6!1s0x6ccd6f4fcc366d85:0x43ba23f80fd3dd38!8m2!3d35.5262725!4d-83.006823!16s%2Fg%2F11q4bwx2dn!19sChIJhW02zE9vzWwRON3TD_gjukM,Four Seasons Care Navigation,5.0,1,Health consultant,,,https://fourseasonscare.org/our-services/care-navigation/,+1 866-466-9734,,https://lh3.googleusercontent.com/p/AF1QipNh4-oPbrYDG3s1yFeueVbG09M4CJjwJKEXNpij=w408-h266-k-no,true,,,,,,,,"https://www.google.com/maps/search/Hospice+clinics+in+Hendersonville+Asheville+NC/@35.3187279,-82.4609528,14z",2025-09-17T23:27:59.965Z,,,
https://www.google.com/maps/place/Four+Seasons+Hospice+Home+Store-+Hendersonville/data=!4m7!3m6!1s0x8859c211444a576f:0x273eed84c5115fb5!8m2!3d35.31516!4d-82.460221!16s%2Fg%2F113jdmq11!19sChIJb1dKRBHCWYgRtV8RxYTtPic,Four Seasons Hospice Home Store- Hendersonville,4.5,177,Thrift store,"215 N Main St, Hendersonville, NC 28792, United States","8G8Q+3W Hendersonville, North Carolina, USA",https://fourseasonsfdn.org/hospice-home-store/,+1 828-696-0625,Closed ⋅ Opens 10 am Thu,https://lh3.googleusercontent.com/gps-cs-s/AC9h4nq3CS0JoEWbwtjU847sMDTRmLEcWOtxCDN10d_0b5Rq3GHlDjxPF-VEU9zvoC979xmyL3e7pjfc4W7FV8eGRPUdoTFgiW6RXWvD7opIgErUQfSlzIoa1hpPyDh_nokP6vNxJ_fv5zOTb38r=w408-h544-k-no,true,10 am–5:30 pm,10 am–5:30 pm,10 am–5:30 pm,10 am–5:30 pm,Closed,Closed,10 am–5:30 pm,"https://www.google.com/maps/search/Hospice+clinics+in+Hendersonville+Asheville+NC/@35.3187279,-82.4609528,14z",2025-09-17T23:28:04.830Z,,· In-store pick-up,
https://www.google.com/maps/place/Four+Seasons+Home+Care/data=!4m7!3m6!1s0x8859c21b5e73ce15:0x15b51a371acf0705!8m2!3d35.3021548!4d-82.4166144!16s%2Fg%2F1thvhnk7!19sChIJFc5zXhvCWYgRBQfPGjcatRU,Four Seasons Home Care,3.8,4,Home health care service,"571 S Allen Rd, Flat Rock, NC 28731, United States","8H2M+V9 Flat Rock, North Carolina, USA",https://fourseasonscare.org/our-services/home-care/,+1 828-696-0946,,https://lh3.googleusercontent.com/p/AF1QipPtL9V9-9ci7E5KkpkJYzr_ci5v7ZlaJAyHA4CW=w408-h271-k-no,true,,,,,,,,"https://www.google.com/maps/search/Hospice+clinics+in+Hendersonville+Asheville+NC/@35.3187279,-82.4609528,14z",2025-09-17T23:28:07.617Z,,,
https://www.google.com/maps/place/Carolina+Reserve+of+Laurel+Park/data=!4m7!3m6!1s0x8859c1e674ce7b69:0x19e48edd93b3e0ec!8m2!3d35.3229311!4d-82.4922874!16s%2Fg%2F1vm7c54j!19sChIJaXvOdObBWYgR7OCzk92O5Bk,Carolina Reserve of Laurel Park,4.8,30,Assisted living facility,"1825 Pisgah Dr, Hendersonville, NC 28791, United States","8GF5+53 Hendersonville, North Carolina, USA",https://navionseniorsolutions.com/communities/carolina-reserve-of-laurel-park/,+1 828-622-5087,Open 24 hours,https://lh3.googleusercontent.com/p/AF1QipNaty7z4X1jB87wer7yErLyqZT6pq5YVEgy1KAG=w408-h271-k-no,true,Open 24 hours,Open 24 hours,Open 24 hours,Open 24 hours,Open 24 hours,Open 24 hours,Open 24 hours,"https://www.google.com/maps/search/Hospice+clinics+in+Hendersonville+Asheville+NC/@35.3187279,-82.4609528,14z",2025-09-17T23:28:12.646Z,,,
https://www.google.com/maps/place/Brookdale+Hendersonville+East/data=!4m7!3m6!1s0x8859e84ab49f760f:0xac06ae6ad260ec09!8m2!3d35.3516498!4d-82.4318361!16s%2Fg%2F1tcw4bgb!19sChIJD3aftEroWYgRCexg0mquBqw,Brookdale Hendersonville East,4.3,36,Retirement community,"2601 Chimney Rock Rd, Hendersonville, NC 28792, United States","9H29+M7 Hendersonville, North Carolina, USA",https://www.brookdale.com/en/communities/brookdale-hendersonville-east.html?cid=yext,+1 828-692-1911,,https://lh3.googleusercontent.com/gps-cs-s/AC9h4nqmkk-j2PkXMXnuEFPwX0KEDg5V0CNcesouJ0PoCNo83uBPe9U3ruy6-vcZKoKhjbr-rZGOlxOrCTi7aNCRxb37VZY9eWa5f_0fdoQJhZL2RyJ_JOoDwYyXM_3DEWybgdehAwk=w408-h306-k-no,true,8 am–5 pm,8 am–5 pm,8 am–5 pm,8 am–5 pm,8 am–5 pm,8 am–5 pm,8 am–5 pm,"https://www.google.com/maps/search/Hospice+clinics+in+Hendersonville+Asheville+NC/@35.3187279,-82.4609528,14z",2025-09-17T23:28:17.674Z,,,
https://www.google.com/maps/place/Henderson+County+Habitat+For+Humanity+Restore/data=!4m7!3m6!1s0x8859c2171d701477:0xc9e39b8522991a0f!8m2!3d35.3124184!4d-82.4613563!16s%2Fg%2F1tdd1dlh!19sChIJdxRwHRfCWYgRDxqZIoWb48k,Henderson County Habitat For Humanity Restore,2.8,94,Thrift store,"230 S Washington St, Hendersonville, NC 28739, United States","8G6Q+XF Hendersonville, North Carolina, USA",https://www.habitat-hvl.org/restore/,+1 828-696-9524,Closed ⋅ Opens 10 am Thu,https://lh3.googleusercontent.com/p/AF1QipNtcUNshShTk06XD2XC73h9y9L1CMfjUalovCO5=w408-h272-k-no,true,10 am–4 pm,10 am–4 pm,10 am–4 pm,10 am–4 pm,Closed,10 am–4 pm,10 am–4 pm,"https://www.google.com/maps/search/Hospice+clinics+in+Hendersonville+Asheville+NC/@35.3187279,-82.4609528,14z",2025-09-17T23:28:22.892Z,,,
https://www.google.com/maps/place/Hospice+of+the+Carolina+Foothills/data=!4m7!3m6!1s0x885761c1384fa499:0x75f45d239387d03e!8m2!3d35.2417251!4d-82.3332167!16s%2Fg%2F1263ln16w!19sChIJmaRPOMFhV4gRPtCHkyNd9HU,Hospice of the Carolina Foothills,,,Hospice,"1074 Ozone Dr, Saluda, NC 28773, United States","6MR8+MP Saluda, North Carolina, USA",https://hocf.org/,+1 800-218-2273,Open 24 hours,https://streetviewpixels-pa.googleapis.com/v1/thumbnail?panoid=cfO4Y-ktg7w1hQrRQau9hQ&cb_client=search.gws-prod.gps&w=408&h=240&yaw=241.6975&pitch=0&thumbfov=100,true,Open 24 hours,Open 24 hours,Open 24 hours,Open 24 hours,Open 24 hours,Open 24 hours,Open 24 hours,"https://www.google.com/maps/search/Hospice+clinics+in+Hendersonville+Asheville+NC/@35.3187279,-82.4609528,14z",2025-09-17T23:28:27.654Z,,,
https://www.google.com/maps/place/Bereavement+Center/data=!4m7!3m6!1s0x8859f31aee2340e9:0xd71f480cb44fe311!8m2!3d35.5617736!4d-82.5341006!16s%2Fg%2F1w112xf_!19sChIJ6UAj7hrzWYgREeNPtAxIH9c,Bereavement Center,1.0,1,Hospice,"68 Sweeten Creek Rd, Asheville, NC 28803, United States","HF68+P9 Asheville, North Carolina, USA",,+1 828-251-0126,,https://streetviewpixels-pa.googleapis.com/v1/thumbnail?panoid=SeK0Dx-x8lCr4qvZS2BNWQ&cb_client=search.gws-prod.gps&w=408&h=240&yaw=86.00916&pitch=0&thumbfov=100,false,,,,,,,,"https://www.google.com/maps/search/Hospice+clinics+in+Hendersonville+Asheville+NC/@35.3187279,-82.4609528,14z",2025-09-17T23:28:30.378Z,,,
https://www.google.com/maps/place/Four+Seasons+Hospice+Home+Store-+Arden/data=!4m7!3m6!1s0x8859ed228387bb3d:0xfe3763e70d3f4628!8m2!3d35.4841309!4d-82.5278417!16s%2Fg%2F11ll_ljhlp!19sChIJPbuHgyLtWYgRKEY_DedjN_4,Four Seasons Hospice Home Store- Arden,4.6,38,Thrift store,"21 Long Shoals Rd, Arden, NC 28704, United States","FFMC+MV Arden, Asheville, NC, USA",https://hospicehomestore.org/,+1 828-233-0375,Closed ⋅ Opens 10 am Thu,https://lh3.googleusercontent.com/gps-cs-s/AC9h4noFWOXWowGbcpIQtAkGZONyrGDKe1SBu5LBb1GE4KSgZGb9yC9mIZVM0kyKeRpKuwCizWxnmJMhrrijwVVDh75wZZJ_IlCJYoyK4_VyB7aPgS4S6_txJL6loLILcyRiVUfs2w=w408-h799-k-no,true,10 am–5:30 pm,10 am–5:30 pm,10 am–5:30 pm,10 am–5:30 pm,Closed,Closed,10 am–5:30 pm,"https://www.google.com/maps/search/Hospice+clinics+in+Hendersonville+Asheville+NC/@35.3187279,-82.4609528,14z",2025-09-17T23:28:35.394Z,,,
https://www.google.com/maps/place/AdventHealth+Home+Health/data=!4m7!3m6!1s0x8859eb7dafc14e27:0x379f7fc6e7bea446!8m2!3d35.3973388!4d-82.4878768!16s%2Fg%2F11y364_2d9!19sChIJJ07Br33rWYgRRqS-58Z_nzc,AdventHealth Home Health,5.0,1,Home health care service,"895 Howard Gap Rd, Fletcher, NC 28732, United States","9GW6+WR Fletcher, North Carolina, USA",https://www.adventhealth.com/home-health/adventhealth-home-health/home-health-western-north-carolina,+1 828-687-5261,Open 24 hours,https://streetviewpixels-pa.googleapis.com/v1/thumbnail?panoid=7APAhfor3CnIGOyFadRXgg&cb_client=search.gws-prod.gps&w=408&h=240&yaw=56.934998&pitch=0&thumbfov=100,true,Open 24 hours,Open 24 hours,Open 24 hours,Open 24 hours,Open 24 hours,Open 24 hours,Open 24 hours,"https://www.google.com/maps/search/Hospice+clinics+in+Hendersonville+Asheville+NC/@35.3187279,-82.4609528,14z",2025-09-17T23:28:40.183Z,,,
https://www.google.com/maps/place/Home+Instead/data=!4m7!3m6!1s0x8859f291f86bcd69:0xe3f07beaa0853126!8m2!3d35.515451!4d-82.5269025!16s%2Fg%2F1tt1tdj4!19sChIJac1r-JHyWYgRJjGFoOp78OM,Home Instead,4.5,37,Home health care service,"1550 Hendersonville Rd #206, Asheville, NC 28803, United States","GF8F+56 Asheville, North Carolina, USA",https://www.homeinstead.com/home-care/usa/nc/asheville/159/?utm_source=google&utm_medium=organic&utm_campaign=google_organic_businesslisting_y,+1 828-903-8208,"Closed ⋅ Opens 8 am Thu

Confirmed by this business 6 weeks ago",https://lh3.googleusercontent.com/p/AF1QipNfHF3lkm4lXLcfVDytBBjKj1f1mGSsE_6qmPWW=w408-h271-k-no,true,8 am–5 pm,8 am–5 pm,8 am–5 pm,Closed,Closed,8 am–5 pm,8 am–5 pm,"https://www.google.com/maps/search/Hospice+clinics+in+Hendersonville+Asheville+NC/@35.3187279,-82.4609528,14z",2025-09-17T23:28:45.152Z,LGBTQ+ friendly,,
https://www.google.com/maps/place/Four+Seasons+Hospice/data=!4m7!3m6!1s0x8859e9fde12218c1:0x3f8ec479d623ddde!8m2!3d35.3326784!4d-82.4693965!16s%2Fg%2F1tcxvz55!19sChIJwRgi4f3pWYgR3t0j1nnEjj8,Four Seasons Hospice,,,,"1712 Asheville Hwy, Hendersonville, NC 28791, United States","8GMJ+36 Hendersonville, North Carolina, USA",,+1 828-694-1532,Permanently closed,https://streetviewpixels-pa.googleapis.com/v1/thumbnail?panoid=jtfRbPnoIIF-aFxhlXweQQ&cb_client=search.gws-prod.gps&w=408&h=240&yaw=340.60803&pitch=0&thumbfov=100,false,,,,,,,,"https://www.google.com/maps/search/Hospice+clinics+in+Hendersonville+Asheville+NC/@35.3187279,-82.4609528,14z",2025-09-17T23:28:49.893Z,,,
https://www.google.com/maps/place/Laurels+of+GreenTree+Ridge/data=!4m7!3m6!1s0x8859f31b496afdd5:0x3c0f9528808a97b!8m2!3d35.5595837!4d-82.5295333!16s%2Fg%2F1td4qf47!19sChIJ1f1qSRvzWYgRe6kIiFL5wAM,Laurels of GreenTree Ridge,4.2,100,Nursing home,"70 Sweeten Creek Rd, Asheville, NC 28803, United States","HF5C+R5 Asheville, North Carolina, USA",http://www.laurelsofgreentreeridge.com/,+1 828-274-7646,Closed ⋅ Opens 9 am Thu,https://lh3.googleusercontent.com/gps-cs-s/AC9h4np_cpyKLVOJ2y0JCb2rGroa4v_gUBaz224W1z1MOOfUnSqFVThyvVytqJJSkZCmbkpYSIpfDgG09S0JskocVFVEBWxKbwTUk0GPhUmiyRi3sf8LKcJOryA2JDwg5L9CgB8fQxhF=w408-h272-k-no,true,9 am–5 pm,9 am–5 pm,9 am–5 pm,9 am–5 pm,9 am–5 pm,9 am–5 pm,9 am–5 pm,"https://www.google.com/maps/search/Hospice+clinics+in+Weaverville+Asheville+NC/@35.6970547,-82.5606851,14z",2025-09-17T23:29:06.473Z,Identifies as women-owned,,
https://www.google.com/maps/place/Laurels+of+Summit+Ridge/data=!4m7!3m6!1s0x8859f3f8f5893719:0x5fda0febc9bbdeb3!8m2!3d35.5920932!4d-82.4836855!16s%2Fg%2F1tdzm8dn!19sChIJGTeJ9fjzWYgRs967yesP2l8,Laurels of Summit Ridge,4.3,87,Nursing home,"100 Riceville Rd, Asheville, NC 28805, United States","HGR8+RG Asheville, North Carolina, USA",https://www.cienahealthcare.com/locations/laurels-of-summit-ridge/,+1 828-299-1110,Closed ⋅ Opens 9 am Thu,https://lh3.googleusercontent.com/p/AF1QipPpKcig1D_e8Qb_xuKgTRJ1WB6VhmvRuqEI9rGP=w408-h272-k-no,true,9 am–5 pm,9 am–5 pm,9 am–5 pm,9 am–5 pm,9 am–5 pm,9 am–5 pm,9 am–5 pm,"https://www.google.com/maps/search/Hospice+clinics+in+Weaverville+Asheville+NC/@35.6970547,-82.5606851,14z",2025-09-17T23:29:11.628Z,,,
https://www.google.com/maps/place/Emerald+Ridge+Health+and+Rehabilitation/data=!4m7!3m6!1s0x88598ad8e751dfef:0x3a80c7ff26a78a43!8m2!3d35.645493!4d-82.57668!16s%2Fg%2F1tgdjqbp!19sChIJ799R59iKWYgRQ4qnJv_HgDo,Emerald Ridge Health and Rehabilitation,2.6,25,Rehabilitation center,"25 Reynolds Mountain Blvd, Asheville, NC 28804, United States","JCWF+58 Asheville, North Carolina, USA",https://www.emeraldridgerehabandcare.com/,+1 828-645-6619,Open 24 hours,https://lh3.googleusercontent.com/gps-cs-s/AC9h4nrnxpiKbDwS3H64Bsg8C_4LUs0OOosNC3OyPLcbEj3EsTjtBMlJpEfb2I_g9M5dp89SZzWJ0HXF0slZPW_2x84YSdXdO125xEdgBnUI69ogzjuPpD8eQyjWQOcZ5-o3TQcRRq8A2w=w408-h544-k-no,true,Open 24 hours,Open 24 hours,Open 24 hours,Open 24 hours,Open 24 hours,Open 24 hours,Open 24 hours,"https://www.google.com/maps/search/Hospice+clinics+in+Weaverville+Asheville+NC/@35.6970547,-82.5606851,14z",2025-09-17T23:29:16.475Z,,,
https://www.google.com/maps/place/CarePartners+Rehabilitation+Hospital/data=!4m7!3m6!1s0x8859f31b01a891d3:0xf6b389acceffd0ad!8m2!3d35.562078!4d-82.5318353!16s%2Fg%2F1tkkvlkr!19sChIJ05GoARvzWYgRrdD_zqyJs_Y,CarePartners Rehabilitation Hospital,4.6,29,Rehabilitation center,"16 Rotary Dr, Asheville, NC 28803, United States","HF69+R7 Asheville, North Carolina, USA",https://www.missionhealth.org/locations/carepartners/specialties/inpatient-physical-rehabilitation,+1 828-277-4800,,https://lh3.googleusercontent.com/gps-cs-s/AC9h4np2YPpxD7W_Doew97rtNFuMY4eI35pYfEs0AA7LOMYKoduJFnukUVASLaiS28w-7cSdOJLAEyHKnd46gQcjO2eeMfzXvqNIiCAVA3I1_EbCsATKGb-t2WVRzGqwTCETnZELWHc=w408-h306-k-no,true,,,,,,,,"https://www.google.com/maps/search/Hospice+clinics+in+Weaverville+Asheville+NC/@35.6970547,-82.5606851,14z",2025-09-17T23:29:19.332Z,,,
https://www.google.com/maps/place/West+Family+Funeral+Services/data=!4m7!3m6!1s0x885a216e14b174d7:0xc6b5471fee1c4275!8m2!3d35.6954859!4d-82.5624114!16s%2Fg%2F11r_dcs73k!19sChIJ13SxFG4hWogRdUIc7h9HtcY,West Family Funeral Services,4.8,23,Funeral home,"17 Merrimon Ave, Weaverville, NC 28787, United States","MCWQ+52 Weaverville, North Carolina, USA",https://westfamilyfuneralservices.com/,+1 828-645-3011,Open 24 hours,https://lh3.googleusercontent.com/p/AF1QipNvHozmvGYwA5IVwarrYZVBM273i7PUFQJRk2n8=w426-h240-k-no,true,Open 24 hours,Open 24 hours,Open 24 hours,Open 24 hours,Open 24 hours,Open 24 hours,Open 24 hours,"https://www.google.com/maps/search/Hospice+clinics+in+Weaverville+Asheville+NC/@35.6970547,-82.5606851,14z",2025-09-17T23:29:24.266Z,,,
https://www.google.com/maps/place/Harmony+at+Reynolds+Mountain/data=!4m7!3m6!1s0x88598b27878f188b:0xa1dcc50bca6196fa!8m2!3d35.6424942!4d-82.574768!16s%2Fg%2F11b7ztt3z9!19sChIJixiPhyeLWYgR-pZhygvF3KE,Harmony at Reynolds Mountain,3.9,74,Retirement community,"41 Cobblers Way, Asheville, NC 28804, United States","JCRG+X3 Asheville, North Carolina, USA",https://www.harmonyseniorservices.com/senior-living/nc/asheville/cobblers-way/?utm_source=GBP&utm_medium=organic,+1 828-575-0201,Open 24 hours,https://lh3.googleusercontent.com/p/AF1QipOw4mE_guKVn6K7oJk6TF4Tu3p8wlkiQkli1CdV=w408-h293-k-no,false,Open 24 hours,Open 24 hours,Open 24 hours,Open 24 hours,Open 24 hours,Open 24 hours,Open 24 hours,"https://www.google.com/maps/search/Hospice+clinics+in+Weaverville+Asheville+NC/@35.6970547,-82.5606851,14z",2025-09-17T23:29:29.465Z,,,
"https://www.google.com/maps/place/Madison+Home+Care+%26+Hospice/@35.8057331,-82.6522798,17z/data=!3m1!4b1!4m6!3m5!1s0x885a24769804c7eb:0x39607be3bd24e3cd!8m2!3d35.8057331!4d-82.6522798!16s%2Fg%2F1txnq59d",Madison Home Care & Hospice,1.0,1,Home health care service,"590 Medical Park Dr, Marshall, NC 28753, United States","R84X+73 Marshall, North Carolina, USA",https://www.hotspringshealth-nc.org/our-services/home-care-and-hospice,+1 828-649-2705,Closed ⋅ Opens 8 am Thu,,true,8 am–4:30 pm,8 am–4:30 pm,8 am–4:30 pm,Closed,Closed,8 am–4:30 pm,8 am–4:30 pm,"https://www.google.com/maps/search/Hospice+clinics+in+Weaverville+Asheville+NC/@35.6970547,-82.5606851,14z",2025-09-17T23:29:36.395Z,,,
https://www.google.com/maps/place/West+Memorial+Park/data=!4m7!3m6!1s0x885a1fa165921dd3:0x406ce552cd416e5b!8m2!3d35.6972621!4d-82.557976!16s%2Fg%2F11q1sbqkl3!19sChIJ0x2SZaEfWogRW25BzVLlbEA,West Memorial Park,,,Cemetery,"40 Roberts St, Weaverville, NC 28787, United States","MCWR+WR Weaverville, North Carolina, USA",https://westfamilyfuneralservices.com/,+1 828-645-3011,Open 24 hours,https://streetviewpixels-pa.googleapis.com/v1/thumbnail?panoid=roUD9gN0vmFaA4e9CKr3Ew&cb_client=search.gws-prod.gps&w=408&h=240&yaw=192.39757&pitch=0&thumbfov=100,true,Open 24 hours,Open 24 hours,Open 24 hours,Open 24 hours,Open 24 hours,Open 24 hours,Open 24 hours,"https://www.google.com/maps/search/Hospice+clinics+in+Weaverville+Asheville+NC/@35.6970547,-82.5606851,14z",2025-09-17T23:29:41.180Z,,,
https://www.google.com/maps/place/Stonecreek+Health+%26+Rehabilitation/data=!4m7!3m6!1s0x8859f336e98094ab:0x73e69753de718dc5!8m2!3d35.566653!4d-82.55763!16s%2Fg%2F11b807ppn2!19sChIJq5SA6TbzWYgRxY1x3lOX5nM,Stonecreek Health & Rehabilitation,3.3,42,Retirement home,"455 Victoria Rd, Asheville, NC 28801, United States","HC8R+MW Asheville, North Carolina, USA",https://stonecreek.sanstonehealth.com/,+1 828-252-0099,Open 24 hours,https://lh3.googleusercontent.com/p/AF1QipPNS1U5cYxqhbtmNn3vWF9cs5mRTuQB6ANlkgl2=w408-h272-k-no,true,Open 24 hours,Open 24 hours,Open 24 hours,Open 24 hours,Open 24 hours,Open 24 hours,Open 24 hours,"https://www.google.com/maps/search/Hospice+clinics+in+Weaverville+Asheville+NC/@35.6970547,-82.5606851,14z",2025-09-17T23:29:46.212Z,,,
https://www.google.com/maps/place/Visiting+Angels+Senior+Home+Care/data=!4m7!3m6!1s0x88598d0f04c68be7:0xb7a228ac7adf0fda!8m2!3d35.5267827!4d-82.6094216!16s%2Fg%2F1v3kj6t1!19sChIJ54vGBA-NWYgR2g_feqwoorc,Visiting Angels Senior Home Care,4.9,43,Home health care service,"24 Sardis Rd H-I, Asheville, NC 28806, United States","G9GR+P6 Asheville, North Carolina, USA",https://www.visitingangels.com/asheville/home?utm_source=gmb&utm_medium=organic&utm_campaign=local,+1 828-665-3944,Open 24 hours,https://lh3.googleusercontent.com/p/AF1QipPg4V6d6h37X_vLtPn1Fg51yWx4LDGrTXqdbNOO=w408-h544-k-no,true,Open 24 hours,Open 24 hours,Open 24 hours,Open 24 hours,Open 24 hours,Open 24 hours,Open 24 hours,"https://www.google.com/maps/search/Hospice+clinics+in+Weaverville+Asheville+NC/@35.6970547,-82.5606851,14z",2025-09-17T23:29:51.386Z,,,
https://www.google.com/maps/place/Hot+Springs+Health+Program/data=!4m7!3m6!1s0x885a186f3c9aaafd:0x47261c07845dbdf3!8m2!3d35.8276028!4d-82.5466934!16s%2Fg%2F11h3vbz0nl!19sChIJ_aqaPG8YWogR871dhAccJkc,Hot Springs Health Program,5.0,3,Medical clinic,"119 Mountain View Rd, Mars Hill, NC 28754, United States","RFH3+28 Mars Hill, North Carolina, USA",https://www.hotspringshealth-nc.org/,+1 828-689-3507,,https://streetviewpixels-pa.googleapis.com/v1/thumbnail?panoid=uWOmXDEENsOqKkefHBBKMg&cb_client=search.gws-prod.gps&w=408&h=240&yaw=100.04922&pitch=0&thumbfov=100,false,,,,,,,,"https://www.google.com/maps/search/Hospice+clinics+in+Weaverville+Asheville+NC/@35.6970547,-82.5606851,14z",2025-09-17T23:29:54.304Z,,,
https://www.google.com/maps/place/CarePartners+PACE+%28Program+of+All-inclusive+Care+for+the+Elderly%29/data=!4m7!3m6!1s0x8859ed15226f05cb:0x27af9f4b44f761df!8m2!3d35.4863473!4d-82.5370623!16s%2Fg%2F11bzsd2qb_!19sChIJywVvIhXtWYgR32H3REufryc,CarePartners PACE (Program of All-inclusive Care for the Elderly),3.7,10,Medical clinic,"286 Overlook Rd, Asheville, NC 28803, United States","FFP7+G5 Asheville, North Carolina, USA",https://www.missionhealth.org/locations/carepartners-pace?utm_campaign=corp_listings_mgmt&utm_source=google&utm_medium=business_listing,+1 828-213-8442,Closed ⋅ Opens 8 am Thu,https://lh3.googleusercontent.com/p/AF1QipPOaoQsg61jIobOrrS5j0nt5yiQNLGH78axHuoj=w426-h240-k-no,true,8 am–5 pm,8 am–5 pm,8 am–5 pm,Closed,Closed,8 am–5 pm,8 am–5 pm,"https://www.google.com/maps/search/Hospice+clinics+in+Weaverville+Asheville+NC/@35.6970547,-82.5606851,14z",2025-09-17T23:29:59.220Z,,,
https://www.google.com/maps/place/All+Pets+Animal+Hospital+%26+Rehabilitation+Center/data=!4m7!3m6!1s0x88598adf29e9564b:0x77fcad69d64fdb5c!8m2!3d35.6457069!4d-82.5784918!16s%2Fg%2F1tdgw33v!19sChIJS1bpKd-KWYgRXNtP1mmt_Hc,All Pets Animal Hospital & Rehabilitation Center,4.9,690,Animal hospital,"7 Reynolds Mountain Blvd, Asheville, NC 28804, United States","JCWC+7J Asheville, North Carolina, USA",https://www.allpetsasheville.com/,+1 828-645-5252,Closed ⋅ Opens 7:30 am Thu,https://lh3.googleusercontent.com/gps-cs-s/AC9h4nr3eO7mCUQap-_gpjovNHHOzyUWUYwAdN4zxT7xeWpUSwFd0WHgRmg0kvKW1mne1zsmcx9kJ55q_xIUg6oZbUPH8bBabjG1iDVnKx70IN-FMxUsuHJZNjDIHwXHuoJarWH7BAd5QA=w408-h544-k-no,true,7:30 am–5:30 pm,7:30 am–5:30 pm,7:30 am–5:30 pm,9 am–1 pm,Closed,7:30 am–7 pm,7:30 am–5:30 pm,"https://www.google.com/maps/search/Hospice+clinics+in+Weaverville+Asheville+NC/@35.6970547,-82.5606851,14z",2025-09-17T23:30:04.264Z,,,
https://www.google.com/maps/place/Broad+River+Animal+Hospital/data=!4m7!3m6!1s0x885a1f6855cf0f85:0x2439061a9d8d1426!8m2!3d35.759036!4d-82.535683!16s%2Fg%2F11f62g9sng!19sChIJhQ_PVWgfWogRJhSNnRoGOSQ,Broad River Animal Hospital,4.9,283,Veterinarian,"121 Barnardsville Hwy, Weaverville, NC 28787, United States","QF57+JP Weaverville, North Carolina, USA",https://broadrivervets.com/,+1 828-484-7771,Closed ⋅ Opens 7:45 am Thu,https://lh3.googleusercontent.com/p/AF1QipMC7JhVrqS8l0nzTtTPmkpuxhoGMHPL21i4FGeI=w426-h240-k-no,true,7:45 am–5:15 pm,7:45 am–5:15 pm,7:45 am–5:15 pm,Closed,Closed,7:45 am–5:15 pm,7:45 am–5:15 pm,"https://www.google.com/maps/search/Hospice+clinics+in+Weaverville+Asheville+NC/@35.6970547,-82.5606851,14z",2025-09-17T23:30:09.377Z,,,
https://www.google.com/maps/place/WNC+Health+Network/data=!4m7!3m6!1s0x88598d776727242f:0xf8aa90c3e510d69d!8m2!3d35.5947395!4d-82.5538472!16s%2Fg%2F1vkxm_0n!19sChIJLyQnZ3eNWYgRndYQ5cOQqvg,WNC Health Network,5.0,3,Non-profit organization,"1 Haywood St Suite 425, Asheville, NC 28801, United States","HCVW+VF Asheville, North Carolina, USA",http://www.wnchn.org/,+1 828-667-8220,Closed ⋅ Opens 8 am Thu,https://streetviewpixels-pa.googleapis.com/v1/thumbnail?panoid=8jCTu9t4hHPS7dyeorhI-w&cb_client=search.gws-prod.gps&w=408&h=240&yaw=1.6922617&pitch=0&thumbfov=100,false,8 am–5 pm,8 am–5 pm,8 am–5 pm,Closed,Closed,8 am–5 pm,8 am–5 pm,"https://www.google.com/maps/search/Hospice+clinics+in+Weaverville+Asheville+NC/@35.6970547,-82.5606851,14z",2025-09-17T23:30:14.222Z,,,
https://www.google.com/maps/place/Asheville+VA+Medical+Center/data=!4m7!3m6!1s0x8859f3f983770be9:0x95f0484986295859!8m2!3d35.5885451!4d-82.4848758!16s%2Fg%2F1hc84j9ln!19sChIJ6Qt3g_nzWYgRWVgphklI8JU,Asheville VA Medical Center,4.2,406,Veterans hospital,"1100 Tunnel Rd, Asheville, NC 28805, United States","HGQ8+C2 Asheville, North Carolina, USA",http://www.asheville.va.gov/,+1 828-298-7911,Open 24 hours,https://lh3.googleusercontent.com/gps-cs-s/AC9h4norAs3pqELanX7KrKrafSY_3ZL-L0uRH_RuIItWBu2yvTv9Co_hrgIHzD4Nou3-8lz-FfpI5pbOo_TO85BgoYyRXkpoSsUE5TWBUzrldF2o0klUOlgldOpjoLRFlG89iRyRuY6r=w408-h293-k-no,false,Open 24 hours,Open 24 hours,Open 24 hours,Open 24 hours,Open 24 hours,Open 24 hours,Open 24 hours,"https://www.google.com/maps/search/Hospice+clinics+in+Weaverville+Asheville+NC/@35.6970547,-82.5606851,14z",2025-09-17T23:30:24.237Z,,,
https://www.google.com/maps/place/Golden+Oak+Medicine/data=!4m7!3m6!1s0x8859f394a18e3ab1:0xe6f9e3701a5d31da!8m2!3d35.5273794!4d-82.5297199!16s%2Fg%2F11qsmv_2m_!19sChIJsTqOoZTzWYgR2jFdGnDj-eY,Golden Oak Medicine,5.0,88,Internist,"1257 Hendersonville Rd Suite A, Asheville, NC 28803, United States","GFGC+X4 Asheville, North Carolina, USA",https://www.goldenoakmedicine.com/,+1 828-515-1164,Closed ⋅ Opens 8:30 am Thu,https://streetviewpixels-pa.googleapis.com/v1/thumbnail?panoid=yokl3ariS6lWUM1uSmQkiw&cb_client=search.gws-prod.gps&w=408&h=240&yaw=274.87054&pitch=0&thumbfov=100,true,8:30 am–4:30 pm,8:30 am–4:30 pm,8:30 am–12 pm,Closed,Closed,8:30 am–4:30 pm,8:30 am–4:30 pm,"https://www.google.com/maps/search/Hospice+clinics+in+Weaverville+Asheville+NC/@35.6970547,-82.5606851,14z",2025-09-17T23:30:29.258Z,,,
"https://www.google.com/maps/place/Center+for+End+of+Life+Transitions/@35.5989889,-82.6343877,17z/data=!3m1!4b1!4m6!3m5!1s0x88598c0918ecdcc7:0x8206f55f28f7667c!8m2!3d35.5989889!4d-82.6343877!16s%2Fg%2F11ghr1cmym",Center for End of Life Transitions,,,Education center,"32 Mineral Dust Dr, Asheville, NC 28806, United States","H9X8+H6 Asheville, North Carolina, USA",https://ceolt.org/contact/,+1 828-318-9077,,,true,,,,,,,,"https://www.google.com/maps/search/Hospice+clinics+in+Weaverville+Asheville+NC/@35.6970547,-82.5606851,14z",2025-09-17T23:30:33.949Z,,,
https://www.google.com/maps/place/Silver+Bluff+Village/data=!4m7!3m6!1s0x88599da6995345d5:0x1c74a00f4b7ed749!8m2!3d35.4818071!4d-82.8784376!16s%2Fg%2F1tghdvzd!19sChIJ1UVTmaadWYgRSdd-Sw-gdBw,Silver Bluff Village,4.3,12,Nursing home,"100 Silver Blf Dr, Canton, NC 28716, United States","F4JC+PJ Canton, North Carolina, USA",https://www.libertyhealthcareandrehab.com/silverbluffvillage/?utm_source=GMB&utm_medium=Yext&y_source=1_MTA3ODE1MDg4OC03MTUtbG9jYXRpb24ud2Vic2l0ZQ%3D%3D,+1 828-648-2044,Open 24 hours,https://lh3.googleusercontent.com/p/AF1QipNBkMI8LvixPafVKrcC2bdleYD8rxBm9Tkbx-tT=w408-h273-k-no,true,Open 24 hours,Open 24 hours,Open 24 hours,Open 24 hours,Open 24 hours,Open 24 hours,Open 24 hours,"https://www.google.com/maps/search/Hospice+clinics+in+Weaverville+Asheville+NC/@35.6970547,-82.5606851,14z",2025-09-17T23:30:39.173Z,LGBTQ+ friendly,,
https://www.google.com/maps/place/Hot+Springs+Health+Program/data=!4m7!3m6!1s0x885a24722e04e3ef:0xaf02e138cb223a67!8m2!3d35.8057328!4d-82.6522699!16s%2Fg%2F1tjmfcf3!19sChIJ7-MELnIkWogRZzoiyzjhAq8,Hot Springs Health Program,4.3,12,Medical clinic,"590 Medical Park Dr, Marshall, NC 28753, United States","R84X+73 Marshall, North Carolina, USA",http://www.hotspringshealth-nc.org/,+1 828-649-3500,,https://lh3.googleusercontent.com/p/AF1QipOW4xhuGKZP-KBZ5sfg6E8zDMxlBZUCuiWz_BZV=w458-h240-k-no,true,,,,,,,,"https://www.google.com/maps/search/Hospice+clinics+in+Weaverville+Asheville+NC/@35.6970547,-82.5606851,14z",2025-09-17T23:30:41.988Z,,,
https://www.google.com/maps/place/Daoist+Traditions+College+of+Chinese+Medical+Arts/data=!4m7!3m6!1s0x88598b5174baac87:0x3535e99c1fadfc30!8m2!3d35.606792!4d-82.5685938!16s%2Fm%2F0h7gnfy!19sChIJh6y6dFGLWYgRMPytH5zpNTU,Daoist Traditions College of Chinese Medical Arts,3.7,19,College,"382 Montford Ave, Asheville, NC 28801, United States","JC4J+PH Asheville, North Carolina, USA",http://daoisttraditions.edu/,+1 828-225-3993,Closed ⋅ Opens 8 am Thu,https://lh3.googleusercontent.com/p/AF1QipNMKhWgCq03HAAEu5z7RJlwhmWefCWyjtGjPTIR=w408-h520-k-no,true,8 am–5 pm,8 am–5 pm,8 am–5 pm,Closed,Closed,8 am–5 pm,8 am–5 pm,"https://www.google.com/maps/search/Hospice+clinics+in+Weaverville+Asheville+NC/@35.6970547,-82.5606851,14z",2025-09-17T23:30:46.863Z,Identifies as women-owned,,
https://www.google.com/maps/place/Hospice+of+the+Carolina+Foothills/data=!4m7!3m6!1s0x8857630ed8c515f5:0x809fda02101a7578!8m2!3d35.3532096!4d-81.8848068!16s%2Fg%2F1tgzc1cw!19sChIJ9RXF2A5jV4gReHUaEALan4A,Hospice of the Carolina Foothills,4.1,14,Hospice,"374 Hudlow Rd, Forest City, NC 28043, United States","9438+73 Forest City, North Carolina, USA",https://hocf.org/,+1 800-218-2273,Open 24 hours,https://lh3.googleusercontent.com/gps-cs-s/AC9h4nr91dSXkvyS0dR1JtFP8IDp8JjG0LAObPTd9BaJWDaVIZHFr6-mE5B8xeNT6A8I3P9eYL4GYOfpce2U1HdDnFrS6YXoluCQtBgc9ZXpFMwAAW4KUc06WwQKe92YZuONKnQzQGei6g=w408-h306-k-no,true,Open 24 hours,Open 24 hours,Open 24 hours,Open 24 hours,Open 24 hours,Open 24 hours,Open 24 hours,"https://www.google.com/maps/search/Hospice+clinics+in+Weaverville+Asheville+NC/@35.6970547,-82.5606851,14z",2025-09-17T23:30:51.914Z,,,
"https://www.google.com/maps/place/Aston+Park+Health+Care+Center,+Inc./data=!4m7!3m6!1s0x88598cfcb0865715:0x222feb643d3bcf3a!8m2!3d35.5613284!4d-82.5951186!16s%2Fg%2F1w6_pjpk!19sChIJFVeGsPyMWYgROs87PWTrLyI","Aston Park Health Care Center, Inc.",4.1,29,Nursing home,"380 Brevard Rd, Asheville, NC 28806, United States","HC63+GX Asheville, North Carolina, USA",http://www.astonparkhcc.org/,+1 828-253-4437,Closed ⋅ Opens 8 am Thu,https://lh3.googleusercontent.com/gps-cs-s/AC9h4npiz_5-hbIbKRrrnBa5Z_wH1m3m-ZxwuGtHleD4-xU7zWEoA-FjoAJJZ0kBtyNYQUDNYJPa2lpozXfcxCdQnTKEvKXuHPXrc4g-u6zentkmIkkVb2rQBRpD83a98qmra8nq5qXl=w408-h544-k-no,true,8 am–5 pm,8 am–5 pm,8 am–5 pm,Closed,Closed,8 am–5 pm,8 am–5 pm,"https://www.google.com/maps/search/Hospice+clinics+in+Weaverville+Asheville+NC/@35.6970547,-82.5606851,14z",2025-09-17T23:30:56.867Z,,,
https://www.google.com/maps/place/Palliative+Medicine+Clinic+-+Morganton/data=!4m7!3m6!1s0x8850d146ffa31bdd:0x54f08f94995b357b!8m2!3d35.7281268!4d-81.6497784!16s%2Fg%2F11lhk9px71!19sChIJ3Ruj_0bRUIgRezVbmZSP8FQ,Palliative Medicine Clinic - Morganton,1.0,1,Hospice,"607 E Parker Rd Suite B, Morganton, NC 28655, United States","P9H2+73 Morganton, North Carolina, USA",https://www.carolinacaring.org/morgantonclinic?utm_source=google&utm_medium=Yext,+1 828-466-0466,,https://lh3.googleusercontent.com/p/AF1QipNq-fpfjVxo2eQBQLTm2INAsfEPcIcuMOCHfYXb=w436-h240-k-no,true,,,,,,,,"https://www.google.com/maps/search/Hospice+clinics+in+Weaverville+Asheville+NC/@35.6970547,-82.5606851,14z",2025-09-17T23:30:59.893Z,,,
https://www.google.com/maps/place/VIA+Health+Partners+-+Cleveland+County/data=!4m7!3m6!1s0x8857207e47d4e4e3:0x3380c8af2b0bc8f9!8m2!3d35.3106613!4d-81.51909!16s%2Fg%2F1tfx5lzk!19sChIJ4-TUR34gV4gR-cgLK6_IgDM,VIA Health Partners - Cleveland County,4.7,15,Hospice,"951 Wendover Heights Dr, Shelby, NC 28150, United States","8F6J+79 Shelby, North Carolina, USA",http://www.hospicecares.cc/,+1 704-487-4677,Open 24 hours,https://lh3.googleusercontent.com/p/AF1QipMDluaDJ3_4qXbqJqJBAXZoKoxSkGCJGwRJgCJ-=w408-h306-k-no,true,Open 24 hours,Open 24 hours,Open 24 hours,Open 24 hours,Open 24 hours,Open 24 hours,Open 24 hours,"https://www.google.com/maps/search/Hospice+clinics+in+Weaverville+Asheville+NC/@35.6970547,-82.5606851,14z",2025-09-17T23:31:04.783Z,,,
https://www.google.com/maps/place/The+Homestead/data=!4m7!3m6!1s0x885977839bc958e5:0xe4de1a3e42b2dd88!8m2!3d35.5253065!4d-82.9427708!16s%2Fg%2F11b66sp1t7!19sChIJ5VjJm4N3WYgRiN2yQj4a3uQ,The Homestead,3.7,6,Medical Center,"127 Sunset Ridge Rd, Clyde, NC 28721, United States","G3G4+4V Clyde, North Carolina, USA",https://www.myhaywoodregional.com/locations/the-homestead,+1 828-452-8382,Closed ⋅ Opens 8 am Thu,https://lh3.googleusercontent.com/p/AF1QipMxnPfEh-HB6U6yEPWEsYmmA05NMCfT7Pub_m2k=w408-h260-k-no,true,8 am–5 pm,8 am–5 pm,8 am–5 pm,Closed,Closed,8 am–5 pm,8 am–5 pm,"https://www.google.com/maps/search/Hospice+clinics+in+Weaverville+Asheville+NC/@35.6970547,-82.5606851,14z",2025-09-17T23:31:09.714Z,,,
https://www.google.com/maps/place/Skyland+Palliative+Medicine/data=!4m7!3m6!1s0x88596b1712baaaab:0x89e38369ba46b803!8m2!3d35.3997659!4d-83.1956699!16s%2Fg%2F11vx1gsm76!19sChIJq6q6EhdrWYgRA7hGummD44k,Skyland Palliative Medicine,,,,"430 Fisher Crk Rd, Sylva, NC 28779, United States","9RX3+WP Sylva, North Carolina, USA",https://skylandpalliativemedicine.com/contact,+1 828-506-2803,,https://streetviewpixels-pa.googleapis.com/v1/thumbnail?panoid=wvwpw30OAaecyvZ2s9LxFg&cb_client=search.gws-prod.gps&w=408&h=240&yaw=45.999386&pitch=0&thumbfov=100,false,,,,,,,,"https://www.google.com/maps/search/Hospice+clinics+in+Weaverville+Asheville+NC/@35.6970547,-82.5606851,14z",2025-09-17T23:31:12.482Z,,,
https://www.google.com/maps/place/CarePartners+Hospice+McDowell/data=!4m7!3m6!1s0x8850b2f5fe050023:0xa36e261bf8d9fbc7!8m2!3d35.6931681!4d-82.0127554!16s%2Fg%2F1tfp_jmf!19sChIJIwAF_vWyUIgRx_vZ-BsmbqM,CarePartners Hospice McDowell,5.0,2,Hospice,"575 Airport Rd, Marion, NC 28752, United States","MXVP+7V Marion, North Carolina, USA",https://missionhealth.org/services-treatments/hospice/locations/?fbclid=IwAR1Ff1ufQPhBo9JDXbyNqS9E5wSjiaoY9VlYuIzZ747qbspJYzcYLEdlgzw,+1 828-659-7068,Closed ⋅ Opens 8 am Thu,https://streetviewpixels-pa.googleapis.com/v1/thumbnail?panoid=4Kl-w80PeoDGIWSSV-zDcg&cb_client=search.gws-prod.gps&w=408&h=240&yaw=209.55215&pitch=0&thumbfov=100,false,8 am–5 pm,8 am–5 pm,8 am–5 pm,Closed,Closed,8 am–5 pm,8 am–5 pm,"https://www.google.com/maps/search/Hospice+clinics+in+Weaverville+Asheville+NC/@35.6970547,-82.5606851,14z",2025-09-17T23:31:17.372Z,,,
https://www.google.com/maps/place/Carolina+Family+Vet/data=!4m7!3m6!1s0x88598bed6535ae25:0x20f81f778d5ee122!8m2!3d35.6160386!4d-82.630808!16s%2Fg%2F1tw_nznx!19sChIJJa41Ze2LWYgRIuFejXcf-CA,Carolina Family Vet,4.7,229,Animal hospital,"557 Old County Home Rd, Asheville, NC 28806, United States","J989+CM Asheville, North Carolina, USA",http://www.carolinafamilyvet.com/,+1 828-254-4224,Closed ⋅ Opens 7:30 am Thu,https://lh3.googleusercontent.com/gps-cs-s/AC9h4np7TonDaeOAZEZBJBrK03Fc3Aon86L-M9vfdNnu_FYCMyxH5HHdeqPUQQqTTXTo31dQ_1_wp-BZPi24gKmGNcNaPDE44qFds3ZoahwI8AQPuGoyNm2IYxjSQXI2vgWLXDqspYcJ=w408-h544-k-no,true,7:30 am–5 pm,7:30 am–5 pm,7:30 am–5 pm,8:30 am–12:30 pm,Closed,7:30 am–5 pm,7:30 am–5 pm,"https://www.google.com/maps/search/Hospice+clinics+in+Weaverville+Asheville+NC/@35.6970547,-82.5606851,14z",2025-09-17T23:31:22.496Z,,,
https://www.google.com/maps/place/4+Paws+Farewell+Mobile+Pet+Hospice+and+Home+Euthanasia/data=!4m7!3m6!1s0x88598c88dd86b843:0x6c820003ef522735!8m2!3d35.572066!4d-82.5798129!16s%2Fg%2F1pp2tvvq7!19sChIJQ7iG3YiMWYgRNSdS7wMAgmw,4 Paws Farewell Mobile Pet Hospice and Home Euthanasia,5.0,319,Veterinarian,,,http://www.4pawsfarewell.com/,+1 828-707-4231,Closed ⋅ Opens 8 am Thu,https://lh3.googleusercontent.com/gps-cs-s/AC9h4nqMgcBHKsGhU5i2n3WqlbMKAKzlguz83PItHBE0GohwZpY6fvslPDo-FibIMRH776xfAO9F2BpUy5d4CH3Cg5EWunoeyxuxvvHYilo5JjPI75XDroKJEg_SNS1u893F0DwbDgQliA=w408-h306-k-no,true,8 am–4 pm,8 am–4 pm,8 am–4 pm,8 am–5 pm,8 am–5 pm,8 am–4 pm,8 am–4 pm,"https://www.google.com/maps/search/Hospice+clinics+in+Weaverville+Asheville+NC/@35.6970547,-82.5606851,14z",2025-09-17T23:31:27.521Z,,,
https://www.google.com/maps/place/Family+Care+of+Fairview/data=!4m7!3m6!1s0x8859f3d43f336929:0x3d0be446a47bb588!8m2!3d35.5540456!4d-82.4789499!16s%2Fg%2F1tr9p41y!19sChIJKWkzP9TzWYgRiLV7pEbkCz0,Family Care of Fairview,4.5,121,Internist,"136 Charlotte Hwy, Asheville, NC 28803, United States","HG3C+JC Asheville, North Carolina, USA",http://www.fcfairview.com/,+1 828-296-0880,Closed ⋅ Opens 8 am Thu,https://lh3.googleusercontent.com/gps-cs-s/AC9h4nqgIH5mASobYvpbreyRYlMyCZVoqZTo511hQPqRVXnDjQuVEHK6rYSJ7FLdlIUqiVWF-MtGsDEsg8oqcTeiSu2oe2b36QWGkE76jsM7WngaQ-liaFOvwsPK7bDXnWltxVZQsSZk=w408-h272-k-no,true,8 am–5 pm,8 am–5 pm,8:30 am–3 pm,Closed,Closed,8 am–5 pm,8 am–5 pm,"https://www.google.com/maps/search/Hospice+clinics+in+Fairview+Asheville+NC/@35.5140058,-82.3959511,14z",2025-09-17T23:31:46.700Z,,,
,,,,,,,,,,,,,,,,,,,"https://www.google.com/maps/search/Hospice+clinics+in+Flat+Rock+Asheville+NC/@35.271228,-82.441508,14z",2025-09-17T23:31:58.448Z,,,No new results found
https://www.google.com/maps/place/Mars+Hill+Medical+Center/data=!4m7!3m6!1s0x885a186a3f43af45:0x4c0ea9f6bccf6f34!8m2!3d35.8276025!4d-82.5466936!16s%2Fg%2F1vm_ylwt!19sChIJRa9DP2oYWogRNG_PvPapDkw,Mars Hill Medical Center,4.5,212,Medical clinic,"119 Mountain View Rd, Mars Hill, NC 28754, United States","RFH3+28 Mars Hill, North Carolina, USA",http://www.hotspringshealth-nc.org/,+1 828-689-3507,Closed ⋅ Opens 8:30 am Thu,https://lh3.googleusercontent.com/gps-cs-s/AC9h4noNBj4wZO5ZatugL-1rqfekAusVzJG3eydRAEUPYrVnormScka_gCxjBQOyywzlTk77yvCfrGrG4Js86KC95ycPFd4Ij9yZhy2wXDBZvAC8S7C9Ok8jF6oyP4NddGKPXshpR4o=w408-h351-k-no,true,8:30 am–5 pm,8:30 am–5 pm,8:30 am–5 pm,8:30 am–5 pm,1–5 pm,8:30 am–5 pm,8:30 am–5 pm,"https://www.google.com/maps/search/Hospice+clinics+in+Mars+Hill+Asheville+NC/@35.8264981,-82.5492999,14z",2025-09-17T23:32:12.257Z,,,
https://www.google.com/maps/place/Blue+Ridge+Funeral+%26+Cremation+Service/data=!4m7!3m6!1s0x885a22851746e5fb:0xe0897596de3b4f53!8m2!3d35.8253183!4d-82.5698036!16s%2Fg%2F113d_jzf1!19sChIJ--VGF4UiWogRU0873pZ1ieA,Blue Ridge Funeral & Cremation Service,4.7,27,Funeral home,"7626 NC-213, Mars Hill, NC 28754, United States","RCGJ+43 Mars Hill, North Carolina, USA",https://www.blueridge-funeral-service.com/blue-ridge-funeral-home-obituaries,+1 828-680-0352,Open 24 hours,https://streetviewpixels-pa.googleapis.com/v1/thumbnail?panoid=1DyGR3qT9YXELzn4G2CFww&cb_client=search.gws-prod.gps&w=408&h=240&yaw=209.44804&pitch=0&thumbfov=100,true,Open 24 hours,Open 24 hours,Open 24 hours,Open 24 hours,Open 24 hours,Open 24 hours,Open 24 hours,"https://www.google.com/maps/search/Hospice+clinics+in+Mars+Hill+Asheville+NC/@35.8264981,-82.5492999,14z",2025-09-17T23:32:17.205Z,,,
https://www.google.com/maps/place/CarePartners+Home+Health+%26+Hospice/data=!4m7!3m6!1s0x8859bb5fee6d6153:0xf2fc19b6e15d4129!8m2!3d35.2567262!4d-82.7153691!16s%2Fg%2F11c509bwv6!19sChIJU2Ft7l-7WYgRKUFd4bYZ_PI,CarePartners Home Health & Hospice,5.0,2,Home health care service,"89 Hospital Dr, Brevard, NC 28712, United States","774M+MV Brevard, North Carolina, USA",http://carepartners.org/,+1 828-883-5254,Open 24 hours,https://lh3.googleusercontent.com/gps-cs-s/AC9h4noU7KGW1b6N8kDIOmgtHhWp95GJ1frF7okrMqEm-MNw7IpIBK851-B5HFo1KSm3mgntpb9uqaVL4BuAfsRVDEQlQcbRufdhtk_dIrjbBVj-wcZgsGzofbAf6IOpiL2gVVmMGyGE=w408-h240-k-no-pi-10-ya179.00002-ro0-fo100,false,Open 24 hours,Open 24 hours,Open 24 hours,Open 24 hours,Open 24 hours,Open 24 hours,Open 24 hours,"https://www.google.com/maps/search/Hospice+clinics+in+Brevard+Asheville+NC/@35.2334472,-82.7342919,14z",2025-09-17T23:32:38.038Z,,,
https://www.google.com/maps/place/Transylvania+Regional+Hospital/data=!4m7!3m6!1s0x8859bca00d1643ef:0xf17573fc461f9ada!8m2!3d35.2563364!4d-82.7129658!16s%2Fg%2F1td48psf!19sChIJ70MWDaC8WYgR2pofRvxzdfE,Transylvania Regional Hospital,3.0,2,Home health care service,"1266 Asheville Hwy # 5, Brevard, NC 28712, United States","774P+GR Brevard, North Carolina, USA",http://www.trhospital.org/,+1 828-883-5254,Open 24 hours,https://streetviewpixels-pa.googleapis.com/v1/thumbnail?panoid=gOdY5GucnID_sLfvq9FPGw&cb_client=search.gws-prod.gps&w=408&h=240&yaw=124.51226&pitch=0&thumbfov=100,false,Open 24 hours,Open 24 hours,Open 24 hours,Open 24 hours,Open 24 hours,Open 24 hours,Open 24 hours,"https://www.google.com/maps/search/Hospice+clinics+in+Brevard+Asheville+NC/@35.2334472,-82.7342919,14z",2025-09-17T23:32:43.041Z,,,
https://www.google.com/maps/place/Transylvania+Regional+Hospital/data=!4m7!3m6!1s0x8859bb60f66569cd:0x220f958c041943ce!8m2!3d35.2562749!4d-82.7122792!16zL20vMDRuZ3dq!19sChIJzWll9mC7WYgRzkMZBIyVDyI,Transylvania Regional Hospital,4.5,415,Hospital,"260 Hospital Dr, Brevard, NC 28712, United States","774Q+G3 Brevard, North Carolina, USA",https://www.missionhealth.org/locations/transylvania-regional-hospital?utm_campaign=corp_listings_mgmt&utm_source=google&utm_medium=business_listing,+1 828-884-9111,Open 24 hours,https://lh3.googleusercontent.com/p/AF1QipMsaF6oeYWf4BRdnxB7y9lPET9JInQF4N_WSrSs=w426-h240-k-no,true,Open 24 hours,Open 24 hours,Open 24 hours,Open 24 hours,Open 24 hours,Open 24 hours,Open 24 hours,"https://www.google.com/maps/search/Hospice+clinics+in+Brevard+Asheville+NC/@35.2334472,-82.7342919,14z",2025-09-17T23:32:48.086Z,,,
https://www.google.com/maps/place/Tore%27s+Home+Inc/data=!4m7!3m6!1s0x8859bb2c22105f47:0x2bb8beb04604af1c!8m2!3d35.2226544!4d-82.7294374!16s%2Fg%2F1td9wvf4!19sChIJR18QIiy7WYgRHK8ERrC-uCs,Tore's Home Inc,4.2,20,Assisted living facility,"41 Tore's Dr #5, Brevard, NC 28712, United States","67FC+36 Brevard, North Carolina, USA",http://www.toreshome.com/,+1 828-884-5007,Closed ⋅ Opens 9 am Thu,https://lh3.googleusercontent.com/p/AF1QipPlzjgSk-uFMtK4IZdByiKwvjE9LbVJWC0D-DhX=w408-h272-k-no,true,9 am–5 pm,9 am–5 pm,9 am–1 pm,Closed,Closed,9 am–5 pm,9 am–5 pm,"https://www.google.com/maps/search/Hospice+clinics+in+Brevard+Asheville+NC/@35.2334472,-82.7342919,14z",2025-09-17T23:32:53.069Z,,,
https://www.google.com/maps/place/Four+Seasons+Hospice+Home+Store-+Brevard/data=!4m7!3m6!1s0x8859bb89b6b188ef:0x38db6bcd3b6b85c9!8m2!3d35.2487564!4d-82.7216415!16s%2Fg%2F11r_y58thy!19sChIJ74ixtom7WYgRyYVrO81r2zg,Four Seasons Hospice Home Store- Brevard,4.4,29,Thrift store,"444 Asheville Hwy, Brevard, NC 28712, United States","67XH+G8 Brevard, North Carolina, USA",https://fourseasonsfdn.org/hospice-home-store/,+1 828-435-3250,Closed ⋅ Opens 10 am Thu,https://lh3.googleusercontent.com/gps-cs-s/AC9h4nrwhr-6Cj5XTlsSqD895uRdjv0dDPzwRx8x5nKkXX9t4iuvMsbvAeWvKPnKoOP8Cr_J8o3ezp7OSSMMQMf4-venM74flRnXbJJ9jYyNmKhNrytPln1UTTlXcpEuYlGFdJ1CjB8-=w408-h272-k-no,true,10 am–5:30 pm,10 am–5:30 pm,10 am–5:30 pm,10 am–5:30 pm,Closed,Closed,10 am–5:30 pm,"https://www.google.com/maps/search/Hospice+clinics+in+Brevard+Asheville+NC/@35.2334472,-82.7342919,14z",2025-09-17T23:32:58.181Z,,,
https://www.google.com/maps/place/BLUE+RIDGE+HOME+CARE/data=!4m7!3m6!1s0x8859bb606c48041f:0xff20b4a07ed4c7c1!8m2!3d35.2575329!4d-82.7119316!16s%2Fg%2F1tgwndp5!19sChIJHwRIbGC7WYgRwcfUfqC0IP8,BLUE RIDGE HOME CARE,4.0,24,Medical equipment supplier,"89 Medical Park Dr b, Brevard, NC 28712, United States","775Q+26 Brevard, North Carolina, USA",https://ahom.com/,+1 828-884-8584,Closed ⋅ Opens 8:30 am Thu,https://streetviewpixels-pa.googleapis.com/v1/thumbnail?panoid=IZK6GrK94CLFA0_5VsE55g&cb_client=search.gws-prod.gps&w=408&h=240&yaw=12.55891&pitch=0&thumbfov=100,true,8:30 am–5 pm,8:30 am–5 pm,8:30 am–5 pm,Closed,Closed,8:30 am–5 pm,8:30 am–5 pm,"https://www.google.com/maps/search/Hospice+clinics+in+Brevard+Asheville+NC/@35.2334472,-82.7342919,14z",2025-09-17T23:33:03.336Z,,,
https://www.google.com/maps/place/The+Oaks+-+Brevard/data=!4m7!3m6!1s0x8859bc9ef5dce337:0xa8a688f44aa4dbb3!8m2!3d35.2582588!4d-82.7117996!16s%2Fg%2F1tgjl_tm!19sChIJN-Pc9Z68WYgRs9ukSvSIpqg,The Oaks - Brevard,4.0,35,Nursing home,"300 Morris Rd, Brevard, NC 28712, United States","775Q+87 Brevard, North Carolina, USA",http://www.pruitthealth.com/microsite/facilityid516?utm_source=GMB&utm_medium=WebsiteClick&utm_campaign=Brevard&utm_content=TOB3,+1 828-877-4020,Open 24 hours,https://lh3.googleusercontent.com/gps-cs-s/AC9h4npf2aiSymeNw41N3G_zuI-9g3DVfiaXdHcwZr_MVh2dgn1phLa4MJlHPy9g0T9XdaT4jeva4nLFFFTKt4UH9CU6uOOyZ6sPddXZxeubJL2bOuAZemJzMIk_olsR0JiVUNB1NeFx=w408-h240-k-no-pi-10-ya40-ro0-fo100,true,Open 24 hours,Open 24 hours,Open 24 hours,Open 24 hours,Open 24 hours,Open 24 hours,Open 24 hours,"https://www.google.com/maps/search/Hospice+clinics+in+Brevard+Asheville+NC/@35.2334472,-82.7342919,14z",2025-09-17T23:33:08.319Z,,,
https://www.google.com/maps/place/Transylvania+Habitat+For+Humanity+ReStore/data=!4m7!3m6!1s0x8859bda0d5340bff:0x5030f15aed9866a!8m2!3d35.262055!4d-82.7069343!16s%2Fg%2F11h8k511lf!19sChIJ_ws01aC9WYgRaobZrhUPAwU,Transylvania Habitat For Humanity ReStore,4.4,54,Thrift store,"690 Ecusta Rd, Brevard, NC 28712, United States","776V+R6 Brevard, North Carolina, USA",https://transylvaniahabitat.org/,+1 828-862-4663,Closed ⋅ Opens 9:30 am Thu,https://lh3.googleusercontent.com/gps-cs-s/AC9h4nrQ7ZIRdwQA6jb7-GDHu6B4cDRmu3-H-gdh3CYcLOBEfhVCtjkLmx0-YuMy-mPtRA8vBjcnlftPEhaXxr_L-pnKhUmEimOYeIBeKNiUzb2h-JHPxin9zDGnSAEillTewsg-2P3PGA=w408-h306-k-no,true,9:30 am–5 pm,9:30 am–5 pm,9:30 am–5 pm,9:30 am–4 pm,Closed,Closed,9:30 am–5 pm,"https://www.google.com/maps/search/Hospice+clinics+in+Brevard+Asheville+NC/@35.2334472,-82.7342919,14z",2025-09-17T23:33:13.130Z,,· In-store shopping · Kerbside pickup · Delivery,
https://www.google.com/maps/place/Medwest+Hospice+Services/data=!4m7!3m6!1s0x88597785242d18bd:0x7c951d1ee86c7b!8m2!3d35.524257!4d-82.94172!16s%2Fg%2F1tfw3rqv!19sChIJvRgtJIV3WYgRe2zoHh2VfAA,Medwest Hospice Services,5.0,1,Hospice,"560 Leroy George Dr, Clyde, NC 28721, United States","G3F5+P8 Clyde, North Carolina, USA",,+1 828-452-8811,,https://streetviewpixels-pa.googleapis.com/v1/thumbnail?panoid=LAoy3QnJZBwo1JrjonV77g&cb_client=search.gws-prod.gps&w=408&h=240&yaw=184.79031&pitch=0&thumbfov=100,false,,,,,,,,"https://www.google.com/maps/search/Hospice+clinics+in+Brevard+Asheville+NC/@35.2334472,-82.7342919,14z",2025-09-17T23:33:15.864Z,,,
https://www.google.com/maps/place/Moody-Connolly+Funeral+Home/data=!4m7!3m6!1s0x8859a4cc9c6c2bb3:0x46f62c834aba74b2!8m2!3d35.2318723!4d-82.736653!16s%2Fg%2F1tjv46z1!19sChIJsytsnMykWYgRsnS6SoMs9kY,Moody-Connolly Funeral Home,4.9,94,Funeral home,"181 S Caldwell St, Brevard, NC 28712, United States","67J7+P8 Brevard, North Carolina, USA",,+1 828-884-2220,Open 24 hours,https://lh3.googleusercontent.com/p/AF1QipPTyaiaHkwleMZ-u_xASEvQZGf8iX_QW0asR2yV=w545-h240-k-no,true,Open 24 hours,Open 24 hours,Open 24 hours,Open 24 hours,Open 24 hours,Open 24 hours,Open 24 hours,"https://www.google.com/maps/search/Hospice+clinics+in+Brevard+Asheville+NC/@35.2334472,-82.7342919,14z",2025-09-17T23:33:20.944Z,,,
https://www.google.com/maps/place/Fletcher+Rehabilitation+and+Healthcare+Center/data=!4m7!3m6!1s0x8859ec6a420ec86b:0xbda4e48d7475559a!8m2!3d35.441097!4d-82.500273!16s%2Fg%2F1tj2p57z!19sChIJa8gOQmrsWYgRmlV1dI3kpL0,Fletcher Rehabilitation and Healthcare Center,4.2,69,Rehabilitation center,"86 Old Airport Rd, Fletcher, NC 28732, United States","CFRX+CV Fletcher, North Carolina, USA",https://www.fletcherrehab.com/,+1 828-654-9060,Closed ⋅ Opens 9 am Thu,https://lh3.googleusercontent.com/p/AF1QipOSEYxHsBjH7Qt2hyR6epANDLHLa_4tq0D-QvMA=w408-h272-k-no,true,9 am–5 pm,9 am–5 pm,9 am–5 pm,9 am–5 pm,9 am–5 pm,9 am–5 pm,9 am–5 pm,"https://www.google.com/maps/search/Hospice+clinics+in+Mills+River+Asheville+NC/@35.3884479,-82.566789,14z",2025-09-17T23:33:35.557Z,,,
https://www.google.com/maps/place/The+Lodge+at+Mills+River+Health+and+Rehabilitation/data=!4m7!3m6!1s0x885994a7b6df4061:0xb8ca5b5176d6e99!8m2!3d35.4249997!4d-82.5752524!16s%2Fg%2F11b6hgd5pz!19sChIJYUDftqeUWYgRmW5tF7WljAs,The Lodge at Mills River Health and Rehabilitation,4.3,42,Retirement home,"5593 Old Haywood Rd, Mills River, NC 28759, United States","CCFF+XV Mills River, North Carolina, USA",https://sanstonehealth.com/locations/mills-river/,+1 828-684-4857,Open 24 hours,https://lh3.googleusercontent.com/p/AF1QipM2GNyBjctGNwrIGNywU7woSe8X0UD9MyNUcofl=w408-h271-k-no,true,Open 24 hours,Open 24 hours,Open 24 hours,Open 24 hours,Open 24 hours,Open 24 hours,Open 24 hours,"https://www.google.com/maps/search/Hospice+clinics+in+Mills+River+Asheville+NC/@35.3884479,-82.566789,14z",2025-09-17T23:33:41.082Z,,,
https://www.google.com/maps/place/Legacy+At+Mills+River/data=!4m7!3m6!1s0x8859c23f791c1d51:0x8e880405ea9ffc6f!8m2!3d35.4003829!4d-82.5437774!16s%2Fg%2F1tcwxfl1!19sChIJUR0ceT_CWYgRb_yf6gUEiI4,Legacy At Mills River,5.0,2,Retirement community,"582 Jeffress Rd, Mills River, NC 28759, United States","CF24+5F Mills River, North Carolina, USA",https://legacyatmillsriver.com/,+1 828-696-1554,Closed ⋅ Opens 8:30 am Thu,https://lh3.googleusercontent.com/p/AF1QipOKh_twhsJGY-m2-tTisnnFNsPuQ03aSfBTWphc=w408-h244-k-no,true,8:30 am–5 pm,8:30 am–5 pm,8:30 am–5 pm,Closed,Closed,8:30 am–5 pm,8:30 am–5 pm,"https://www.google.com/maps/search/Hospice+clinics+in+Mills+River+Asheville+NC/@35.3884479,-82.566789,14z",2025-09-17T23:33:45.943Z,,,
https://www.google.com/maps/place/RHA+Health+Services+-+Comprehensive+Care+Center+Asheville+%28Behavioral+Health+Services%29/data=!4m7!3m6!1s0x8859f3518485f2fd:0x318f676a439d3399!8m2!3d35.5831293!4d-82.550718!16s%2Fg%2F1pwftxs2c!19sChIJ_fKFhFHzWYgRmTOdQ2pnjzE,RHA Health Services - Comprehensive Care Center Asheville (Behavioral Health Services),3.1,38,Mental health clinic,"356 Biltmore Ave, Asheville, NC 28801, United States","HCMX+7P Asheville, North Carolina, USA",http://rhahealth.org/c3356,+1 828-254-2700,Open 24 hours,https://lh3.googleusercontent.com/p/AF1QipNDbEBPn37_fQHUz0fSHVQrJ0w7A1oyX3qH2gZk=w408-h272-k-no,true,Open 24 hours,Open 24 hours,Open 24 hours,Open 24 hours,Open 24 hours,Open 24 hours,Open 24 hours,"https://www.google.com/maps/search/Hospice+clinics+in+Biltmore+Asheville+NC/@35.5667063,-82.5422563,14z",2025-09-17T23:34:00.072Z,,,
https://www.google.com/maps/place/MAHEC+Family+Health+Center/data=!4m7!3m6!1s0x8859f4b346e00763:0x4a486dfb64734d71!8m2!3d35.5631104!4d-82.5428585!16s%2Fg%2F12ml2wvt2!19sChIJYwfgRrP0WYgRcU1zZPttSEo,MAHEC Family Health Center,2.9,165,Medical clinic,"123 Hendersonville Rd, Asheville, NC 28803, United States","HF74+6V Asheville, North Carolina, USA",https://mahec.net/family-health,+1 828-257-4730,Closed ⋅ Opens 8 am Thu,https://lh3.googleusercontent.com/p/AF1QipOHToRQqdspoONNd0-NsgukimWs5qdKHNXguHoS=w408-h306-k-no,true,8 am–5 pm,8 am–5 pm,8 am–5 pm,Closed,Closed,8 am–5 pm,8 am–5 pm,"https://www.google.com/maps/search/Hospice+clinics+in+Biltmore+Asheville+NC/@35.5667063,-82.5422563,14z",2025-09-17T23:34:05.208Z,LGBTQ+ friendly,,
https://www.google.com/maps/place/MAHEC/data=!4m7!3m6!1s0x8859f323b201163f:0x63185bd58adf1fd!8m2!3d35.5610795!4d-82.543355!16s%2Fg%2F1w3479_k!19sChIJPxYBsiPzWYgR_fGtWL2FMQY,MAHEC,3.4,60,Medical Center,"121 Hendersonville Rd, Asheville, NC 28803, United States","HF64+CM Asheville, North Carolina, USA",https://mahec.net/,+1 828-257-4400,Closed ⋅ Opens 8 am Thu,https://lh3.googleusercontent.com/p/AF1QipPSTZyyNdRE0nv1jMg-wYb0wuG4xxLAfP7QVl2p=w408-h306-k-no,true,8 am–5 pm,8 am–5 pm,8 am–5 pm,Closed,Closed,8 am–5 pm,8 am–5 pm,"https://www.google.com/maps/search/Hospice+clinics+in+Biltmore+Asheville+NC/@35.5667063,-82.5422563,14z",2025-09-17T23:34:10.467Z,,,
https://www.google.com/maps/place/Biltmore+Estate+Parking+Lot+C/data=!4m7!3m6!1s0x8859f2da543d140d:0xf0d4352421820e69!8m2!3d35.5462628!4d-82.5486316!16s%2Fg%2F11c3v6zkg2!19sChIJDRQ9VNryWYgRaQ6CISQ11PA,Biltmore Estate Parking Lot C,4.6,671,Park & ride,"Asheville, NC 28803, United States","GFW2+GG Asheville, North Carolina, USA",https://www.biltmore.com/,+1 800-411-3812,Closed ⋅ Opens 9 am Thu,https://lh3.googleusercontent.com/gps-cs-s/AC9h4no3DtZQndhBLSOW4qYZxNuQEyvDVsvuwiKRl_hytFyg-iI5ZX1oEZsAvlZzWoVPG0CM0eMMSQ9n-jQrTU9SGW6lmk875vCWlb2FAA_N7nUpxI6id_gr2C84hyHTPtoGgbj-aOKeDA=w408-h306-k-no,false,9 am–5 pm,9 am–5 pm,9 am–5 pm,9 am–5 pm,9 am–5 pm,9 am–5 pm,9 am–5 pm,"https://www.google.com/maps/search/Hospice+clinics+in+Biltmore+Asheville+NC/@35.5667063,-82.5422563,14z",2025-09-17T23:34:15.533Z,,,
https://www.google.com/maps/place/Biltmore+Walled+Garden/data=!4m7!3m6!1s0x8859f2cf4a29dd97:0xfbcce8e53a2f0f32!8m2!3d35.5386506!4d-82.5521657!16s%2Fg%2F11b708lyb3!19sChIJl90pSs_yWYgRMg8vOuXozPs,Biltmore Walled Garden,4.9,331,Garden,"15 The Glen Rd, Asheville, NC 28803, United States","GCQX+F4 Asheville, North Carolina, USA",http://www.biltmore.com/,+1 800-411-3812,,https://lh3.googleusercontent.com/gps-cs-s/AC9h4nr7ql52tEGyC4AMmM6ctpATbJh_Hv_xuo8t-NNVNaQEzyg82MYxhH4cFyc4lZtwULqn4DWb9qePiyUZntk7oBHnJkXDcPhIUZKaLbQfklUkfynDrqwG7-Hyqt6dg1eo0IdhyaSE=w408-h299-k-no,false,,,,,,,,"https://www.google.com/maps/search/Hospice+clinics+in+Biltmore+Asheville+NC/@35.5667063,-82.5422563,14z",2025-09-17T23:34:18.507Z,,,
https://www.google.com/maps/place/Biltmore/data=!4m7!3m6!1s0x8859f2cfbd375fb3:0x9255056f32ccd675!8m2!3d35.5527514!4d-82.5636905!16zL20vMDNkMmd5!19sChIJs183vc_yWYgRddbMMm8FVZI,Biltmore,4.7,37491,Historical place,"Asheville, NC 28803, United States","HC3P+4G Asheville, North Carolina, USA",https://www.biltmore.com/,+1 800-411-3812,,https://lh3.googleusercontent.com/gps-cs-s/AC9h4nqCCKVw4lb5HX_hgxqaIkE65ozhzF3SgmAIpf32DhPsysPCTFq_i7b3CmUXHFgBzVY8euDr0jLu46xuqQBUkKSzd7Ndu4DYGG7qhfmC6Prq5dE8obhUCTgy176MB4J1Tsf0rx_Paw=w408-h306-k-no,true,,,,,,,,"https://www.google.com/maps/search/Hospice+clinics+in+Biltmore+Asheville+NC/@35.5667063,-82.5422563,14z",2025-09-17T23:34:24.009Z,,"George W. Vanderbilt’s iconic French Renaissance château features 250 rooms, lavish gardens & tours.",
https://www.google.com/maps/place/Biltmore+Restorative+Medicine+and+Aesthetics/data=!4m7!3m6!1s0x8859f31f9f4ffce1:0x1556cb200426807b!8m2!3d35.5559272!4d-82.5389556!16s%2Fg%2F124t5dy2_!19sChIJ4fxPnx_zWYgRe4AmBCDLVhU,Biltmore Restorative Medicine and Aesthetics,4.9,346,Medical spa,"1 Vanderbilt Park Dr Ste 230, Asheville, NC 28803, United States","HF46+9C Asheville, North Carolina, USA",https://www.biltmorerestorativemedicine.com/,+1 828-505-2885,Closed ⋅ Opens 9 am Thu,https://lh3.googleusercontent.com/p/AF1QipPY0xJepWtBH-laZwJNV3p52176qnseHw_JJ3qf=w408-h271-k-no,true,9 am–4 pm,9 am–4 pm,9 am–12 pm,Closed,Closed,9 am–4 pm,9 am–4 pm,"https://www.google.com/maps/search/Hospice+clinics+in+Biltmore+Asheville+NC/@35.5667063,-82.5422563,14z",2025-09-17T23:34:28.933Z,,,
https://www.google.com/maps/place/Smoky+Mountain+Health+and+Rehabilitation+Center/data=!4m7!3m6!1s0x885979d13ef505df:0xf0fed3ebb0c3a4f0!8m2!3d35.541824!4d-82.95712!16s%2Fg%2F1tj4zf3y!19sChIJ3wX1PtF5WYgR8KTDsOvT_vA,Smoky Mountain Health and Rehabilitation Center,4.0,41,Home health care service,"1349 Crabtree Rd, Waynesville, NC 28785, United States","G2RV+P5 Waynesville, North Carolina, USA",http://www.smokymountaincare.com/,+1 828-454-9260,Open 24 hours,https://lh3.googleusercontent.com/p/AF1QipPqxmR9HLSHA73ntmyxacqPvrVtcXPpxsR6HYp1=w408-h299-k-no,true,Open 24 hours,Open 24 hours,Open 24 hours,Open 24 hours,Open 24 hours,Open 24 hours,Open 24 hours,"https://www.google.com/maps/search/Hospice+clinics+in+Waynesville+Asheville+NC/@35.4887145,-82.9887477,14z",2025-09-17T23:34:42.992Z,,,
https://www.google.com/maps/place/Carepartners+Home+Health/data=!4m7!3m6!1s0x8859772eede21333:0xbdd1494295b2cd7d!8m2!3d35.5002315!4d-82.9863397!16s%2Fg%2F1tlmp0xs!19sChIJMxPi7S53WYgRfc2ylUJJ0b0,Carepartners Home Health,4.0,1,Home health care service,"88 Waynesville Plaza, Waynesville, NC 28786, United States","G227+3F Waynesville, North Carolina, USA",,+1 828-452-3600,,https://lh3.googleusercontent.com/gps-cs-s/AC9h4npavZ2iY1TfVJcAjL0Pk1ZwoM8G9KCXOka5tVA7mbFWXI6IHkjWd-T2D6JYU-LCt-K4BfvuZOtFZegciFgcvIOop0zREoVGvmZVeTGtIC7B-LZGyiYOv-YjiPNIrsUFKXFPPn7F=w408-h725-k-no,false,,,,,,,,"https://www.google.com/maps/search/Hospice+clinics+in+Waynesville+Asheville+NC/@35.4887145,-82.9887477,14z",2025-09-17T23:34:45.887Z,,,
https://www.google.com/maps/place/Home+Care+Services+of+Haywood+Regional+Medical+Center/data=!4m7!3m6!1s0x885977c7cafad755:0xd3fec0964ed0bfe7!8m2!3d35.5292137!4d-82.9607944!16s%2Fg%2F11glglzwrk!19sChIJVdf6ysd3WYgR57_QTpbA_tM,Home Care Services of Haywood Regional Medical Center,3.7,6,Home health care service,"13 Haywood Office Park Suite 106B, Waynesville, NC 28785, United States","G2HQ+MM Waynesville, North Carolina, USA",https://lhcgroup.com/locations/home-care-services-of-haywood-regional-medical-center/?utm_source=GMB&utm_campaign=Google_Local_Listing&utm_medium=referral&utm_content=Home_Care_Services_of_Haywood_Regional_Medical_Center_Waynesville_NC_28785,+1 828-452-8292,Closed ⋅ Opens 8 am Thu,https://streetviewpixels-pa.googleapis.com/v1/thumbnail?panoid=Mxx7oBKS1UiMqdx_St8TSg&cb_client=search.gws-prod.gps&w=408&h=240&yaw=287.29913&pitch=0&thumbfov=100,true,8 am–4:30 pm,8 am–4:30 pm,8 am–4:30 pm,Closed,Closed,8 am–4:30 pm,8 am–4:30 pm,"https://www.google.com/maps/search/Hospice+clinics+in+Waynesville+Asheville+NC/@35.4887145,-82.9887477,14z",2025-09-17T23:34:50.728Z,,,
https://www.google.com/maps/place/Haywood+Regional+Medical+Center/data=!4m7!3m6!1s0x885977848ca05369:0x3b5be386519099cc!8m2!3d35.5253483!4d-82.9426618!16s%2Fm%2F04g3mr9!19sChIJaVOgjIR3WYgRzJmQUYbjWzs,Haywood Regional Medical Center,3.1,471,General hospital,"262 Leroy George Dr, Clyde, NC 28721, United States","G3G4+4W Clyde, North Carolina, USA",https://www.myhaywoodregional.com/?utm_campaign=gmb&utm_medium=organic&utm_source=local,+1 828-456-7311,"Open 24 hours

Confirmed by this business 3 weeks ago",https://lh3.googleusercontent.com/p/AF1QipPbHYyiFZE3iujRviniHh-zYHbozUMh98YZp4fg=w426-h240-k-no,true,Open 24 hours,Open 24 hours,Open 24 hours,Open 24 hours,Open 24 hours,Open 24 hours,Open 24 hours,"https://www.google.com/maps/search/Hospice+clinics+in+Waynesville+Asheville+NC/@35.4887145,-82.9887477,14z",2025-09-17T23:34:55.609Z,,,
https://www.google.com/maps/place/Junaluska+Animal+Hospital/data=!4m7!3m6!1s0x8859776ddc66d919:0x5b6ad7d1ab50f9e2!8m2!3d35.5187716!4d-82.9626411!16s%2Fg%2F1wg5yqq5!19sChIJGdlm3G13WYgR4vlQq9HXals,Junaluska Animal Hospital,4.7,1888,Animal hospital,"3248 Asheville Rd, Waynesville, NC 28786, United States","G29P+GW Waynesville, North Carolina, USA",https://junaluskaah.com/?utm_source=gmb&utm_medium=organic,+1 828-452-1478,Closes soon ⋅ 8 pm ⋅ Opens 8:30 am Thu,https://lh3.googleusercontent.com/p/AF1QipNI8PNpnEK00vRogD6UQRZAM2N9kk7n486Tnt7z=w426-h240-k-no,true,8:30 am–8 pm,8:30 am–8 pm,8:30 am–8 pm,8:30 am–8 pm,8:30 am–8 pm,8:30 am–8 pm,8:30 am–8 pm,"https://www.google.com/maps/search/Hospice+clinics+in+Waynesville+Asheville+NC/@35.4887145,-82.9887477,14z",2025-09-17T23:35:00.840Z,,,
https://www.google.com/maps/place/Wells+Events+%26+Reception+Center/data=!4m7!3m6!1s0x885976d621a00d65:0xf2d052d2964a22c1!8m2!3d35.4924387!4d-82.9859405!16s%2Fg%2F11cls6v2qd!19sChIJZQ2gIdZ2WYgRwSJKltJS0PI,Wells Events & Reception Center,4.8,34,Event venue,"33 Wells Events Wy, Waynesville, NC 28786, United States","F2R7+XJ Waynesville, North Carolina, USA",https://www.wellseventscenter.com/,+1 828-476-5070,Closed ⋅ Opens 9 am Thu,https://lh3.googleusercontent.com/p/AF1QipPySAOwCK15_mgUvWkRh7iK7z_5OPPmKCbhL7f9=w426-h240-k-no,true,9 am–5 pm,9 am–5 pm,9 am–5 pm,Closed,Closed,9 am–5 pm,9 am–5 pm,"https://www.google.com/maps/search/Hospice+clinics+in+Waynesville+Asheville+NC/@35.4887145,-82.9887477,14z",2025-09-17T23:35:06.002Z,,,
,,,,,,,,,,,,,,,,,,,"https://www.google.com/maps/search/Hospice+clinics+in+Tyron+Asheville+NC/@35.5975104,-82.5460563,14z",2025-09-17T23:35:14.542Z,,,No new results found
,,,,,,,,,,,,,,,,,,,"https://www.google.com/maps/search/Hospice+clinics+in+Hot+Springs+Asheville+NC/@35.8923253,-82.8290318,14z",2025-09-17T23:35:22.855Z,,,No new results found
https://www.google.com/maps/place/Lake+Junaluska+Conference+And+Retreat+Center/data=!4m7!3m6!1s0x8859774548540a4b:0xf056e5e0546e41ab!8m2!3d35.5244776!4d-82.9821405!16s%2Fg%2F1tg16fvb!19sChIJSwpUSEV3WYgRq0FuVODlVvA,Lake Junaluska Conference And Retreat Center,4.2,93,,"91 N Lakeshore Dr, Lake Junaluska, NC 28785, United States","G2F9+Q4 Lake Junaluska, North Carolina, USA",http://www.lakejunaluska.com/,+1 828-452-2881,Open 24 hours,https://lh3.googleusercontent.com/p/AF1QipNapUfjVGWg5dhdmr7Pa_L4_xecg-O2x2VlEYeh=w408-h271-k-no,true,Open 24 hours,Open 24 hours,Open 24 hours,Open 24 hours,Open 24 hours,Open 24 hours,Open 24 hours,"https://www.google.com/maps/search/Hospice+clinics+in+Lake+Junaluska+Asheville+NC/@35.5278815,-82.9595811,14z",2025-09-17T23:35:36.661Z,,,
https://www.google.com/maps/place/Memorial+Chapel+%2F+Columbarium/data=!4m7!3m6!1s0x885977675ad0c0ff:0xa6848c9f2098c6d7!8m2!3d35.5297346!4d-82.9710259!16s%2Fg%2F11f4l70m94!19sChIJ_8DQWmd3WYgR18aYIJ-MhKY,Memorial Chapel / Columbarium,5.0,22,Chapel,"Lake Junaluska, NC 28745, United States","G2HH+VH Lake Junaluska, North Carolina, USA",,,,https://lh3.googleusercontent.com/gps-cs-s/AC9h4npvsiW9dQHN-pfRghuI7euMT8XL__FUByRmzKfBUkM8JnS6c8EU5crpjnS5ayw5N50bZ008J0tDPBXVKCzSCQ3SMaV8z1E6fu9qHvOjkAPFRgxv-r3z3llFifJKFbK2NwUcGQ9u=w408-h270-k-no,false,,,,,,,,"https://www.google.com/maps/search/Hospice+clinics+in+Lake+Junaluska+Asheville+NC/@35.5278815,-82.9595811,14z",2025-09-17T23:35:39.672Z,,,
https://www.google.com/maps/place/The+Terrace+Hotel+Dining+Room+at+Lake+Junaluska/data=!4m7!3m6!1s0x88597722792f76f1:0x80ef270a092c2564!8m2!3d35.5297537!4d-82.9732576!16s%2Fg%2F11j_z5n3_2!19sChIJ8XYveSJ3WYgRZCUsCQon74A,The Terrace Hotel Dining Room at Lake Junaluska,4.2,61,Restaurant,"689 N Lakeshore Dr, Lake Junaluska, NC 28745, United States","G2HG+WM Lake Junaluska, North Carolina, USA",https://lakejunaluska.com/dining/terrace-hotel/,+1 800-222-4930,Closed ⋅ Opens 7 am Thu,https://lh3.googleusercontent.com/gps-cs-s/AC9h4npj-D05TibLu-kfPfoJTl-__H91UK_1Z9ayzs89AMcPTFhmqw_cLR0if0XpGoBgad-MFJnQ7oVYwSmQaugCuwM_DOevVFOaKIfQkwIQv5VeUXe_f0VT2JXuiNQOFXtlSUq6FgYB=w408-h544-k-no,true,7–9 am,7–9 am,7–9 am,7–9 am,7–9 am,7–9 am,7–9 am,"https://www.google.com/maps/search/Hospice+clinics+in+Lake+Junaluska+Asheville+NC/@35.5278815,-82.9595811,14z",2025-09-17T23:35:44.867Z,,· Dine-in · Takeaway · Delivery,
https://www.google.com/maps/place/Lake+Junaluska+Assembly+Public+Works/data=!4m7!3m6!1s0x8859775a5fd6a467:0xf5bd5f339d5a6540!8m2!3d35.5284585!4d-82.9811833!16s%2Fg%2F1td59b05!19sChIJZ6TWX1p3WYgRQGVanTNfvfU,Lake Junaluska Assembly Public Works,4.0,4,Public works department,"19 Sleepy Hollow Dr, Waynesville, NC 28785, United States","G2H9+9G Waynesville, North Carolina, USA",http://www.lakejunaluska.com/about_us/community/assembly_public_works/,+1 828-452-5911,Closed ⋅ Opens 7:30 am Thu,https://lh3.googleusercontent.com/p/AF1QipOV4aJOTWuDrO_Qi2kJRRj3B3ErPAGIcmYVOtpR=w408-h306-k-no,true,"7:30 am–12 pm, 1–4:30 pm","7:30 am–12 pm, 1–4:30 pm","7:30 am–12 pm, 1–4:30 pm",Closed,Closed,"7:30 am–12 pm, 1–4:30 pm","7:30 am–12 pm, 1–4:30 pm","https://www.google.com/maps/search/Hospice+clinics+in+Lake+Junaluska+Asheville+NC/@35.5278815,-82.9595811,14z",2025-09-17T23:35:49.921Z,,,
,,,,,,,,,,,,,,,,,,,"https://www.google.com/maps/search/Hospice+clinics+in+Blowing+Rock+Asheville+NC/@35.5975104,-82.5460563,14z",2025-09-17T23:36:03.627Z,,,No new results found
https://www.google.com/maps/place/WNC+Bridge+Foundation/data=!4m7!3m6!1s0x8859eda900406149:0xe314bdbe17069bf!8m2!3d35.4858828!4d-82.5375013!16s%2Fg%2F11rcvl2141!19sChIJSWFAAKntWYgRv2lw4dtLMQ4,WNC Bridge Foundation,4.5,11,Foundation,"294 Overlook Rd, Asheville, NC 28803, United States","FFP6+9X Asheville, North Carolina, USA",http://wncbridge.org/,+1 828-277-4815,Closed ⋅ Opens 8:30 am Thu,https://lh3.googleusercontent.com/p/AF1QipM5L8HtkwjCr89Z4YEtshrfQyFeYIuGjh0mz4TO=w408-h272-k-no,true,8:30 am–5 pm,8:30 am–5 pm,8:30 am–1 pm,Closed,Closed,8:30 am–5 pm,8:30 am–5 pm,"https://www.google.com/maps/search/Hospice+clinics+in+Avery+Creek+Asheville+NC/@35.4634464,-82.5826235,14z",2025-09-17T23:36:18.998Z,,,
https://www.google.com/maps/place/Avery+Creek+Pet+Hospital/data=!4m7!3m6!1s0x885992d723d3bc3d:0x9bf5ae9ce8d7415!8m2!3d35.4726941!4d-82.5703502!16s%2Fg%2F1v1slyy5!19sChIJPbzTI9eSWYgRFXSNzulavwk,Avery Creek Pet Hospital,4.9,777,Animal hospital,"565 Long Shoals Rd # 105, Arden, NC 28704, United States","FCFH+3V Arden, Asheville, NC, USA",https://averycreekpethospital.com/?utm_source=gmb&utm_medium=organic,+1 828-651-8868,Closed ⋅ Opens 7 am Thu,https://lh3.googleusercontent.com/gps-cs-s/AC9h4no03pXyrXaiPWi3yrAtR7YG6sxMG_uEk4JJOJ3xXqQUSN4Zzfm9y7AeLhkadbYnNEzoICeb88Qm4WCefAeZ4_B_SS16UU9P1ICfjKPLqWuho9L_tLPltmUhNlVzN-u7Hql6mzwQKA=w408-h544-k-no,true,8 am–6 pm,7 am–7 pm,8 am–5 pm,8 am–12 pm,Closed,7 am–7 pm,7 am–7 pm,"https://www.google.com/maps/search/Hospice+clinics+in+Avery+Creek+Asheville+NC/@35.4634464,-82.5826235,14z",2025-09-17T23:36:24.008Z,,,
https://www.google.com/maps/place/Fletcher+Habitat+for+Humanity+Restore/data=!4m7!3m6!1s0x8859edef0f90d17d:0x7d8c1c7b26eb2233!8m2!3d35.4443999!4d-82.5065143!16s%2Fg%2F11fhvyg61s!19sChIJfdGQD-_tWYgRMyLrJnscjH0,Fletcher Habitat for Humanity Restore,3.9,43,Thrift store,"2712 Hendersonville Rd, Arden, NC 28704, United States","CFVV+Q9 Arden, Asheville, NC, USA",https://www.habitat-hvl.org/restore/,+1 828-435-0935,Closed ⋅ Opens 10 am Thu,https://lh3.googleusercontent.com/p/AF1QipMt2YLVwABKo-oGGB2GEzI-k5QW7Ve-NRHWaWmT=w408-h306-k-no,true,10 am–5 pm,10 am–5 pm,10 am–5 pm,10 am–5 pm,Closed,Closed,10 am–5 pm,"https://www.google.com/maps/search/Hospice+clinics+in+Avery+Creek+Asheville+NC/@35.4634464,-82.5826235,14z",2025-09-17T23:36:29.085Z,,· In-store shopping,
https://www.google.com/maps/place/Medi+Home+Hospice/data=!4m7!3m6!1s0x885094a25120081b:0x9ed1c8aafd1d6465!8m2!3d36.0737657!4d-81.9052054!16s%2Fg%2F1th57ph3!19sChIJGwggUaKUUIgRZWQd_arI0Z4,Medi Home Hospice,5.0,3,Hospice,"1955 Newland Hwy, Newland, NC 28657, United States","33FV+GW Newland, North Carolina, USA",https://www.msahealthcare.com/,+1 828-733-0663,Closed ⋅ Opens 8 am Thu,https://lh3.googleusercontent.com/p/AF1QipOi1j1upDY2OlNC9d2LlL8riuUH4j-BhT9tkZmK=w427-h240-k-no,true,8 am–5 pm,8 am–5 pm,8 am–5 pm,Closed,Closed,8 am–5 pm,8 am–5 pm,"https://www.google.com/maps/search/Hospice+clinics+in+Avery+Creek+Asheville+NC/@35.4634464,-82.5826235,14z",2025-09-17T23:36:43.852Z,,,
https://www.google.com/maps/place/Veterinary+Emergency+Group/data=!4m7!3m6!1s0x8859ed09668c61c7:0xd2a93b015f7d8960!8m2!3d35.5012398!4d-82.5213554!16s%2Fg%2F11t5rj8q40!19sChIJx2GMZgntWYgRYIl9XwE7qdI,Veterinary Emergency Group,4.7,647,Emergency veterinarian service,"1856 Hendersonville Rd Suite F, Asheville, NC 28803, United States","GF2H+FF Asheville, North Carolina, USA",https://www.veterinaryemergencygroup.com/locations/north-carolina/asheville/?utm_source=google&utm_medium=organic&utm_campaign=google_business,+1 828-470-7802,Open 24 hours,https://lh3.googleusercontent.com/p/AF1QipN7DM4QWLYrRjh1jxFtBNV0Ejx1_mlwo9FAw6g=w408-h306-k-no,true,Open 24 hours,Open 24 hours,Open 24 hours,Open 24 hours,Open 24 hours,Open 24 hours,Open 24 hours,"https://www.google.com/maps/search/Hospice+clinics+in+Avery+Creek+Asheville+NC/@35.4634464,-82.5826235,14z",2025-09-17T23:36:48.980Z,LGBTQ+ friendly,,
https://www.google.com/maps/place/Spartanburg+Regional+Healthcare+System+Hospice+Home/data=!4m7!3m6!1s0x885776709d1a92cb:0xcf4eca81a7ff2a57!8m2!3d34.9808694!4d-81.9608646!16s%2Fg%2F1tdpgxw9!19sChIJy5IanXB2V4gRVyr_p4HKTs8,Spartanburg Regional Healthcare System Hospice Home,4.7,40,Hospice,"686 Jeff Davis Dr, Spartanburg, SC 29303, United States","X2JQ+8M Spartanburg, South Carolina, USA",http://www.spartanburgregional.com/locations/hospice-home/,+1 864-560-5620,Open 24 hours,https://lh3.googleusercontent.com/p/AF1QipPD2Zc-0_Mr30E-zzE6taaNnKBvcDdGc-xxQuwY=w473-h240-k-no,true,Open 24 hours,Open 24 hours,Open 24 hours,Open 24 hours,Open 24 hours,Open 24 hours,Open 24 hours,"https://www.google.com/maps/search/Hospice+clinics+in+Avery+Creek+Asheville+NC/@35.4634464,-82.5826235,14z",2025-09-17T23:36:53.978Z,,,
,,,,,,,,,,,,,,,,,,,"https://www.google.com/maps/search/Hospice+clinics+in+Banner+Elk+Asheville+NC/@35.5975104,-82.5460563,14z",2025-09-17T23:37:02.892Z,,,No new results found
https://www.google.com/maps/place/Burke+Hospice+%26+Palliative+Cr/data=!4m7!3m6!1s0x88512fbfffffffff:0x246dccdcd554033d!8m2!3d35.7484698!4d-81.685988!16s%2Fg%2F1v75slxl!19sChIJ_____78vUYgRPQNU1dzMbSQ,Burke Hospice & Palliative Cr,,,Hospice,"101 Lenoir St, Morganton, NC 28655, United States","P8X7+9J Morganton, North Carolina, USA",http://www.amoremsupport.org/,+1 828-879-1601,Open 24 hours,https://streetviewpixels-pa.googleapis.com/v1/thumbnail?panoid=rPfZYm0e0MVcIemzB6eJFg&cb_client=search.gws-prod.gps&w=408&h=240&yaw=272.45786&pitch=0&thumbfov=100,false,Open 24 hours,Open 24 hours,Open 24 hours,Open 24 hours,Open 24 hours,Open 24 hours,Open 24 hours,"https://www.google.com/maps/search/Hospice+clinics+in+Morganton+Asheville+NC/@35.7454071,-81.6848188,14z",2025-09-17T23:37:15.739Z,,,
https://www.google.com/maps/place/Etowah+Valley+Veterinary+Hospital/data=!4m7!3m6!1s0x8859bfc82729b215:0x2487f63449003ec9!8m2!3d35.3168331!4d-82.5977091!16s%2Fg%2F1tfk9r39!19sChIJFbIpJ8i_WYgRyT4ASTT2hyQ,Etowah Valley Veterinary Hospital,4.5,147,Animal hospital,"6570 Brevard Rd, Etowah, NC 28729, United States","8C82+PW Etowah, North Carolina, USA",http://etowahvalleyvethospital.vetstreet.com/,+1 828-890-1401,Closed ⋅ Opens 8 am Thu,https://lh3.googleusercontent.com/gps-cs-s/AC9h4npdD50hLXbbP9r4QazMIB5eIrs5TIOukrUqJYaAchUSlkhgx_uoWMtPrE9fRWVRsb13kAd7DskW6MvzaSGcybO8gPX2AbqBmSSQNQ2dQLpWORfmkUxGUsObjZspju0nMe4B51Ba=w408-h544-k-no,false,8 am–2 pm,8 am–5:30 pm,8 am–5:30 pm,8 am–12 pm,Closed,8 am–5:30 pm,8 am–5:30 pm,"https://www.google.com/maps/search/Hospice+clinics+in+Etowah+Asheville+NC/@35.3176151,-82.5942893,14z",2025-09-17T23:37:29.485Z,,,
"https://www.google.com/maps/place/CarePartners+Hospice+Solace+Center/@35.5975104,-82.5460563,14z/data=!4m6!3m5!1s0x8859f31bbabed61d:0x449a9adf51d7d9bd!8m2!3d35.561857!4d-82.533811!16s%2Fg%2F1q6kk0nq3",CarePartners Hospice Solace Center,4.3,50,Medical clinic,"21 Belvedere Rd, Asheville, NC 28803, United States","HF68+PF Asheville, North Carolina, USA",https://www.missionhealth.org/locations/carepartners-hospice-solace-center?utm_campaign=corp_listings_mgmt&utm_source=google&utm_medium=business_listing,+1 828-210-3150,Open 24 hours,https://lh3.googleusercontent.com/p/AF1QipMvmV-Qz1G5ua2x4WI9W-7lHXUCfICi3ccr9qib=w426-h240-k-no,true,Open 24 hours,Open 24 hours,Open 24 hours,Open 24 hours,Open 24 hours,Open 24 hours,Open 24 hours,"https://www.google.com/maps/search/Hospice+clinics+in+Cherokee+Asheville+NC/@35.5975104,-82.5460563,14z",2025-09-17T23:37:38.121Z,,,Already found
,,,,,,,,,,,,,,,,,,,"https://www.google.com/maps/search/Hospice+clinics+in+Bryson+City+Asheville+NC/@35.5975104,-82.5460563,14z",2025-09-17T23:37:47.972Z,,,No new results found
https://www.google.com/maps/place/Hospice+Of+Rutherford+County+Inc/data=!4m7!3m6!1s0x8857409385cbb9cd:0x8e05e7613f4b15cc!8m2!3d35.3529357!4d-81.8845977!16s%2Fg%2F1tr7dhtr!19sChIJzbnLhZNAV4gRzBVLP2HnBY4,Hospice Of Rutherford County Inc,3.5,21,Hospice,"374 Hudlow Rd, Forest City, NC 28043, United States","9438+55 Forest City, North Carolina, USA",,+1 828-245-0095,,https://lh3.googleusercontent.com/gps-cs-s/AC9h4np61xkxpBVkVXPldPK843qNF1FcR1mjMs0eXbFqfDB4MAAvp1jtwH4o1UiadHk9-fYYdvn_54cP8GL5ra8mzoNvYhhtEgx9mmgRBjgT_stEj3En3gVcH2iaz_n6woqC5SrnXu7W=w408-h544-k-no,true,,,,,,,,"https://www.google.com/maps/search/Hospice+clinics+in+Lake+Lure+Asheville+NC/@35.4278969,-82.2048343,14z",2025-09-17T23:37:59.204Z,,,
https://www.google.com/maps/place/Forest+City+Hospice+House+-+Hospice+of+the+Carolina+Foothills/data=!4m7!3m6!1s0x8857414f756e32b9:0x3f3e07a8c3ec34a0!8m2!3d35.3524466!4d-81.884277!16s%2Fg%2F11lf0fxv_w!19sChIJuTJudU9BV4gRoDTsw6gHPj8,Forest City Hospice House - Hospice of the Carolina Foothills,,,Hospice,"372 Hudlow Rd, Forest City, NC 28043, United States","9428+X7 Forest City, North Carolina, USA",https://sc.agapecaregroup.com/for-patients-family/hospice-houses/forest-city-hospice-house/,+1 800-218-2273,Open 24 hours,https://lh3.googleusercontent.com/p/AF1QipNXhWmzlrdWozad-5MXFqwL5Kqj_IwRWmRlvR6B=w408-h272-k-no,true,Open 24 hours,Open 24 hours,Open 24 hours,Open 24 hours,Open 24 hours,Open 24 hours,Open 24 hours,"https://www.google.com/maps/search/Hospice+clinics+in+Lake+Lure+Asheville+NC/@35.4278969,-82.2048343,14z",2025-09-17T23:38:04.273Z,,,
"https://www.google.com/maps/place/Four+Season's+Hospice+Corporation/@35.085639,-83.183696,17z/data=!3m1!4b1!4m6!3m5!1s0x88591e94f6054e2b:0x249d5e4e377e1718!8m2!3d35.085639!4d-83.183696!16s%2Fg%2F1tgq7cbp",Four Season's Hospice Corporation,5.0,1,Hospice,"171 Hospital Dr # 600, Highlands, NC 28741, United States","3RP8+7G Highlands, North Carolina, USA",,+1 828-526-2552,,,false,,,,,,,,"https://www.google.com/maps/search/Hospice+clinics+in+Highlands+Asheville+NC/@35.5975104,-82.5460563,14z",2025-09-17T23:38:18.278Z,,,
https://www.google.com/maps/place/Highlands-+Maple+Springs+Cremation+%26+Funeral+Care/data=!4m7!3m6!1s0x8859f4b1c32aa101:0xd79a5d4abb2889e5!8m2!3d35.62371!4d-82.554498!16s%2Fg%2F1tr7k312!19sChIJAaEqw7H0WYgR5Ykou0pdmtc,Highlands- Maple Springs Cremation & Funeral Care,5.0,2,Cremation service,"Asheville, NC 28814, United States","JCFW+F6 Asheville, North Carolina, USA",http://www.highlandscare.com/,+1 828-676-2730,Open 24 hours,https://streetviewpixels-pa.googleapis.com/v1/thumbnail?panoid=s2wJAwZvUXvGT5NVc6YqVQ&cb_client=search.gws-prod.gps&w=408&h=240&yaw=121.32307&pitch=0&thumbfov=100,true,Open 24 hours,Open 24 hours,Open 24 hours,Open 24 hours,Open 24 hours,Open 24 hours,Open 24 hours,"https://www.google.com/maps/search/Hospice+clinics+in+Highlands+Asheville+NC/@35.5975104,-82.5460563,14z",2025-09-17T23:38:23.324Z,,,
https://www.google.com/maps/place/Comfort+Keepers+In+Home+Care/data=!4m7!3m6!1s0x8859ec9357dd586d:0xaaaa76155bbfa680!8m2!3d35.4438342!4d-82.5347951!16s%2Fg%2F1tv3pddm!19sChIJbVjdV5PsWYgRgKa_WxV2qqo,Comfort Keepers In Home Care,4.6,9,Home health care service,"450 Airport Rd, Fletcher, NC 28732, United States","CFV8+G3 Fletcher, North Carolina, USA",https://www.comfortkeepers.com/offices/north-carolina/fletcher/?utm_source=local&utm_medium=organic,+1 828-687-1199,Open 24 hours,https://lh3.googleusercontent.com/p/AF1QipNtYe55GHtI8FiS-8_UxQJJ_H3MFuGWlLgqC65c=w408-h271-k-no,true,Open 24 hours,Open 24 hours,Open 24 hours,Open 24 hours,Open 24 hours,Open 24 hours,Open 24 hours,"https://www.google.com/maps/search/Hospice+clinics+in+Fletcher+Asheville+NC/@35.4306712,-82.5012316,14z",2025-09-17T23:38:36.798Z,,,
,,,,,,,,,,,,,,,,,,,"https://www.google.com/maps/search/Hospice+clinics+in+Balfour+Asheville+NC/@35.5975104,-82.5460563,14z",2025-09-17T23:38:44.869Z,,,No new results found