placeUrl,title,rating,reviewCount,category,address,plusCode,website,phoneNumber,currentStatus,imgUrl,isClaimed,wednesday,thursday,friday,saturday,sunday,monday,tuesday,query,timestamp,info,error
https://www.google.com/maps/place/HopeHealth+Hulitar+Hospice+Center/data=!4m7!3m6!1s0x89e445a9142c76c9:0xe10ba902573ab8fe!8m2!3d41.8498936!4d-71.4022091!16s%2Fg%2F1262s7c7w!19sChIJyXYsFKlF5IkR_rg6VwKpC-E,HopeHealth Hulitar Hospice Center,4.2,107,Hospice,"1085 N Main St, Providence, RI 02904, United States","RHXX+X4 Providence, Rhode Island, USA",http://www.hopehealthco.org/,+1 401-415-4200,Open 24 hours,https://lh3.googleusercontent.com/p/AF1QipOQzF1vZRaXY7tllF4_IEVXUaInBfSdKE8Ctm8R=w408-h272-k-no,true,Open 24 hours,Open 24 hours,Open 24 hours,Open 24 hours,Open 24 hours,Open 24 hours,Open 24 hours,"https://www.google.com/maps/search/Hospice+clinics+in+Bristol+Providence+RI/@41.6771101,-71.2662025,14z",2025-09-17T23:41:29.034Z,,
https://www.google.com/maps/place/Hospice+Care/data=!4m7!3m6!1s0x89e444c3b63724d5:0x2784ecf9f4d5f3fd!8m2!3d41.8498842!4d-71.4020987!16s%2Fg%2F1v8gd1bf!19sChIJ1SQ3tsNE5IkR_fPV9PnshCc,Hospice Care,5.0,1,Hospice,"1085 N Main St Na, Providence, RI 02904, United States","RHXX+X5 Providence, Rhode Island, USA",https://listindexusa.org/details/hospice-care-ChIJ1SQ,+1 401-278-4081,,https://streetviewpixels-pa.googleapis.com/v1/thumbnail?panoid=Ej-5two-AQX1CCPHhI481Q&cb_client=search.gws-prod.gps&w=408&h=240&yaw=211.65813&pitch=0&thumbfov=100,false,,,,,,,,"https://www.google.com/maps/search/Hospice+clinics+in+Bristol+Providence+RI/@41.6771101,-71.2662025,14z",2025-09-17T23:41:31.789Z,,
https://www.google.com/maps/place/Eden+Hospice/data=!4m7!3m6!1s0x89e44d8c9e0ce70d:0x7489ffa82aa41777!8m2!3d41.681395!4d-71.4496082!16s%2Fg%2F11wqqwxvhw!19sChIJDecMnoxN5IkRdxekKqj_iXQ,Eden Hospice,5.0,6,Hospice,"4040 Post Rd, Warwick, RI 02886, United States","MHJ2+H5 Warwick, Rhode Island, USA",https://edenhospiceri.com/,+1 401-479-6800,,https://lh3.googleusercontent.com/p/AF1QipPWqYTIILd3URSpbeUVL1kiTNARLXBlFh2hHUnv=w610-h240-k-no,true,,,,,,,,"https://www.google.com/maps/search/Hospice+clinics+in+Bristol+Providence+RI/@41.6771101,-71.2662025,14z",2025-09-17T23:41:34.110Z,,
https://www.google.com/maps/place/The+Dawn+Hill+Home+for+Rehab+and+Healthcare/data=!4m7!3m6!1s0x89e45418016ec717:0x943140716d07cbc0!8m2!3d41.689176!4d-71.263971!16s%2Fg%2F1tczrcjq!19sChIJF8duARhU5IkRwMsHbXFAMZQ,The Dawn Hill Home for Rehab and Healthcare,4.5,215,Rehabilitation center,"1 Dawn Hill Rd, Bristol, RI 02809, United States","MPQP+MC Bristol, Rhode Island, USA",https://dawnhillhc.com/,+1 401-253-2300,Open 24 hours,https://lh3.googleusercontent.com/gps-cs-s/AC9h4nrTRsnHqWNmE69DRj9MAx8HneHg34EDI_H33HFiBEGaJquA0kHlZ8yQs6Tb6zLpv4ZQ_ltaNPQ8uo9yocBBns-L_Rvq4x4ir4zEr6-yGlKwVmw_sYHpL7RXD-q4PGr9WJ0yW9BGxw=w408-h544-k-no,true,Open 24 hours,Open 24 hours,Open 24 hours,Open 24 hours,Open 24 hours,Open 24 hours,Open 24 hours,"https://www.google.com/maps/search/Hospice+clinics+in+Bristol+Providence+RI/@41.6771101,-71.2662025,14z",2025-09-17T23:41:38.505Z,,
https://www.google.com/maps/place/Bristol+Hospice+-+Fall+River/data=!4m7!3m6!1s0x89e4f976f63adfe1:0xa79fbfd8998382ac!8m2!3d41.6838841!4d-71.1365424!16s%2Fg%2F11p685tq_r!19sChIJ4d869nb55IkRrIKDmdi_n6c,Bristol Hospice - Fall River,4.9,14,Hospice,"1 Father Devalles Blvd #309, Fall River, MA 02723, United States","MVM7+H9 Fall River, Massachusetts, USA",https://bristolhospice.com/,+1 774-379-7232,Open 24 hours,https://streetviewpixels-pa.googleapis.com/v1/thumbnail?panoid=0eiTJvfxnpRQNV9QXXNedA&cb_client=search.gws-prod.gps&w=408&h=240&yaw=327.23962&pitch=0&thumbfov=100,true,Open 24 hours,Open 24 hours,Open 24 hours,Open 24 hours,Open 24 hours,Open 24 hours,Open 24 hours,"https://www.google.com/maps/search/Hospice+clinics+in+Bristol+Providence+RI/@41.6771101,-71.2662025,14z",2025-09-17T23:41:43.615Z,,
https://www.google.com/maps/place/Warren+Center/data=!4m7!3m6!1s0x89e456befdff7e0f:0x57f35f68317a8b2c!8m2!3d41.7159841!4d-71.2666775!16s%2Fg%2F1tf29q1x!19sChIJD37__b5W5IkRLIt6MWhf81c,Warren Center,4.5,76,Nursing home,"642 Metacom Ave, Warren, RI 02885, United States","PP8M+98 Warren, Rhode Island, USA",https://warrenrnc.com/,+1 401-245-2860,Open 24 hours,https://lh3.googleusercontent.com/p/AF1QipOcmhPW9EOJ3nhLtgiuHHqTfWOzvWLBkDEnI1bw=w408-h271-k-no,true,Open 24 hours,Open 24 hours,Open 24 hours,Open 24 hours,Open 24 hours,Open 24 hours,Open 24 hours,"https://www.google.com/maps/search/Hospice+clinics+in+Bristol+Providence+RI/@41.6771101,-71.2662025,14z",2025-09-17T23:41:48.030Z,,
"https://www.google.com/maps/place/Beacon+Palliative+Care,+an+Amedisys+Company/data=!4m7!3m6!1s0x89e45a8c8645172d:0xcc22f498ee0e4181!8m2!3d41.8026299!4d-71.3441298!16s%2Fg%2F1vd963d6!19sChIJLRdFhoxa5IkRgUEO7pj0Isw","Beacon Palliative Care, an Amedisys Company",3.7,3,Hospice,"1 Catamore Blvd, East Providence, RI 02914, United States","RM34+38 East Providence, Rhode Island, USA",https://locations.amedisys.com/ri/east-providence/palliative-care-4904/?utm_source=google&utm_medium=organic&utm_campaign=locallisting,+1 877-202-2869,Open 24 hours,https://lh3.googleusercontent.com/p/AF1QipNy27XuagCrX3cbl7kInDm4Shxdjf9Xc_56HpwZ=w426-h240-k-no,true,Open 24 hours,Open 24 hours,Open 24 hours,Open 24 hours,Open 24 hours,Open 24 hours,Open 24 hours,"https://www.google.com/maps/search/Hospice+clinics+in+Bristol+Providence+RI/@41.6771101,-71.2662025,14z",2025-09-17T23:41:52.454Z,,
https://www.google.com/maps/place/Athena+Hospice+of+Rhode+Island/data=!4m7!3m6!1s0x2f1f4d5fc785a377:0xf58bb3aebd2d4d1b!8m2!3d41.7013013!4d-71.4726089!16s%2Fg%2F11pysmjv4k!19sChIJd6OFx19NHy8RG00tva6zi_U,Athena Hospice of Rhode Island,,,Hospice,"300 Toll Gate Rd STE 201, Warwick, RI 02886, United States","PG2G+GX Warwick, Rhode Island, USA",https://athenahospiceofri.com/,+1 401-238-7300,Open 24 hours,https://streetviewpixels-pa.googleapis.com/v1/thumbnail?panoid=o79VVnmJ0HDIEq24bQaHyw&cb_client=search.gws-prod.gps&w=408&h=240&yaw=226.15596&pitch=0&thumbfov=100,true,Open 24 hours,Open 24 hours,Open 24 hours,Open 24 hours,Open 24 hours,Open 24 hours,Open 24 hours,"https://www.google.com/maps/search/Hospice+clinics+in+Bristol+Providence+RI/@41.6771101,-71.2662025,14z",2025-09-17T23:41:56.906Z,,
https://www.google.com/maps/place/Harmony+Hospice+RI/data=!4m7!3m6!1s0x89e445e1861635ad:0x869bbb08a8726b95!8m2!3d41.7210885!4d-71.4466445!16s%2Fg%2F11scrrm444!19sChIJrTUWhuFF5IkRlWtyqAi7m4Y,Harmony Hospice RI,5.0,5,Hospice,"931 Jefferson Blvd STE 3004, Warwick, RI 02886, United States","PHC3+C8 Warwick, Rhode Island, USA",https://harmonyhospiceri.com/,+1 401-252-5700,Open 24 hours,https://streetviewpixels-pa.googleapis.com/v1/thumbnail?panoid=-Db4I-622JJPf9iLmdFP2g&cb_client=search.gws-prod.gps&w=408&h=240&yaw=112.18113&pitch=0&thumbfov=100,true,Open 24 hours,Open 24 hours,Open 24 hours,Open 24 hours,Open 24 hours,Open 24 hours,Open 24 hours,"https://www.google.com/maps/search/Hospice+clinics+in+Bristol+Providence+RI/@41.6771101,-71.2662025,14z",2025-09-17T23:42:01.311Z,,
https://www.google.com/maps/place/Continuum+Care+of+Rhode+Island/data=!4m7!3m6!1s0x89e44b4a0ff43c27:0x5e0a1f2a3cb65cf6!8m2!3d41.665328!4d-71.5007829!16s%2Fg%2F11gbwnhybg!19sChIJJzz0D0pL5IkR9ly2PCofCl4,Continuum Care of Rhode Island,4.0,8,Hospice,"1350 Division Rd STE 205, West Warwick, RI 02893, United States","MF8X+4M West Warwick, Rhode Island, USA",https://continuumhospice.com/,+1 401-321-8101,Closed ⋅ Opens 8 am Thu,https://lh3.googleusercontent.com/gps-cs-s/AC9h4nrfuWdJUV5EXH71Am8JEnnnbNXWqkOP5Ev1IuI-qXXzwmQsXd6Ri_crQbFJ1a5fE8okRLwjHQm3FaI9MZ_YVjdrUgVCVfnMyg2ZO-mYoMHV5ZCLpl-pwf76dpP9lQDb1E-WrBpWoS_DHrqH=w408-h544-k-no,true,8 am–4:30 pm,8 am–4:30 pm,8 am–4:30 pm,Open 24 hours,Open 24 hours,8 am–4:30 pm,8 am–4:30 pm,"https://www.google.com/maps/search/Hospice+clinics+in+Bristol+Providence+RI/@41.6771101,-71.2662025,14z",2025-09-17T23:42:05.816Z,,
"https://www.google.com/maps/place/Beacon+Hospice+Care,+an+Amedisys+Company/data=!4m7!3m6!1s0x89e45ba78edf523d:0xf3a3e6b6d7081649!8m2!3d41.8026299!4d-71.3441298!16s%2Fg%2F11tfjqkx5_!19sChIJPVLfjqdb5IkRSRYI17bmo_M","Beacon Hospice Care, an Amedisys Company",1.0,1,Hospice,"1 Catamore Blvd, East Providence, RI 02914, United States","RM34+38 East Providence, Rhode Island, USA",https://locations.amedisys.com/ri/east-providence/hospice-4902/?utm_source=google&utm_medium=organic&utm_campaign=locallisting,+1 401-438-0008,Open 24 hours,https://streetviewpixels-pa.googleapis.com/v1/thumbnail?panoid=3ukHCpMcHjvTel5sZ2Fzdg&cb_client=search.gws-prod.gps&w=408&h=240&yaw=193.3055&pitch=0&thumbfov=100,true,Open 24 hours,Open 24 hours,Open 24 hours,Open 24 hours,Open 24 hours,Open 24 hours,Open 24 hours,"https://www.google.com/maps/search/Hospice+clinics+in+Bristol+Providence+RI/@41.6771101,-71.2662025,14z",2025-09-17T23:42:10.335Z,,
https://www.google.com/maps/place/Gentiva+Hospice/data=!4m7!3m6!1s0x89e44c3a900c441f:0x227b2f24b5f8f312!8m2!3d41.717199!4d-71.4426366!16s%2Fg%2F11b6bcxl4w!19sChIJH0QMkDpM5IkREvP4tSQveyI,Gentiva Hospice,5.0,2,Hospice,"2374 Post Rd #206, Warwick, RI 02886, United States","PH84+VW Warwick, Rhode Island, USA",https://www.gentivahs.com/,+1 401-738-1492,Open 24 hours,https://lh3.googleusercontent.com/p/AF1QipMM8uDq46ccd6GaQ7QCLWfgxDbX8ApFjXhoiplu=w426-h240-k-no,true,Open 24 hours,Open 24 hours,Open 24 hours,Open 24 hours,Open 24 hours,Open 24 hours,Open 24 hours,"https://www.google.com/maps/search/Hospice+clinics+in+Bristol+Providence+RI/@41.6771101,-71.2662025,14z",2025-09-17T23:42:14.654Z,,
https://www.google.com/maps/place/Hanover+Hospice/data=!4m7!3m6!1s0x8a6efc344e86e77:0x805c265c2ca289cf!8m2!3d41.7022738!4d-71.1556765!16s%2Fg%2F11rvbqwhjb!19sChIJd27oRMPvpggRz4miLFwmXIA,Hanover Hospice,5.0,7,Hospice,"10 N Main St 1st Floor, Fall River, MA 02720, United States","PR2V+WP Fall River, Massachusetts, USA",http://www.hanoverhospice.com/,+1 508-675-7583,Open 24 hours,https://streetviewpixels-pa.googleapis.com/v1/thumbnail?panoid=rh7v1Be9NP6hJPrmOkdu7A&cb_client=search.gws-prod.gps&w=408&h=240&yaw=268.56134&pitch=0&thumbfov=100,true,Open 24 hours,Open 24 hours,Open 24 hours,Open 24 hours,Open 24 hours,Open 24 hours,Open 24 hours,"https://www.google.com/maps/search/Hospice+clinics+in+Bristol+Providence+RI/@41.6771101,-71.2662025,14z",2025-09-17T23:42:19.069Z,,
https://www.google.com/maps/place/Caldwell+Integrative+Veterinary+Medicine/data=!4m7!3m6!1s0x89e4541b98a992af:0xb6bef667ca205ca8!8m2!3d41.69291!4d-71.272431!16s%2Fg%2F11c1r70cjy!19sChIJr5KpmBtU5IkRqFwgymf2vrY,Caldwell Integrative Veterinary Medicine,4.1,22,Veterinarian,"56 Gooding Ave, Bristol, RI 02809, United States","MPVH+52 Bristol, Rhode Island, USA",,+1 401-396-8793,Closed ⋅ Opens 9 am Fri,https://lh3.googleusercontent.com/gps-cs-s/AC9h4nrYQFUVaEVBfyozNehYH6KbPb1KfFWi96QvDm6kAoKA6kueEAdOMqicurgw6VbCS3B5OsaLxFpzKAQ3rDWAatZvK7b0dYr0s1A0le3yz5RLtnE_aWfIbtIaEZfPndru7v2s3EAR=w408-h338-k-no,false,9 am–5 pm,Closed,9 am–3 pm,Closed,Closed,11 am–7 pm,9 am–4 pm,"https://www.google.com/maps/search/Hospice+clinics+in+Bristol+Providence+RI/@41.6771101,-71.2662025,14z",2025-09-17T23:42:23.542Z,,
"https://www.google.com/maps/place/Home+%26+Hospice+Care+of+Rhode+Island,+Department+of+Philanthropy/data=!4m7!3m6!1s0x89e444abd7fbc353:0xdbdc79e1c4bfc505!8m2!3d41.8703273!4d-71.3883772!16s%2Fg%2F11c7_tzpfs!19sChIJU8P716tE5IkRBcW_xOF53Ns","Home & Hospice Care of Rhode Island, Department of Philanthropy",,,Medical Center,"169 George St, Pawtucket, RI 02860, United States","VJC6+4J Pawtucket, Rhode Island, USA",http://www.hopehospiceri.org/,+1 401-727-7070,,https://streetviewpixels-pa.googleapis.com/v1/thumbnail?panoid=4UoC670hYi5RmS6t_UjSWg&cb_client=search.gws-prod.gps&w=408&h=240&yaw=285.3022&pitch=0&thumbfov=100,false,,,,,,,,"https://www.google.com/maps/search/Hospice+clinics+in+Bristol+Providence+RI/@41.6771101,-71.2662025,14z",2025-09-17T23:42:25.913Z,,
"https://www.google.com/maps/place/Beacon+Hospice+Care,+an+Amedisys+Company/data=!4m7!3m6!1s0x89e4f8e5e095c7af:0x29f5f1e1a7a9846c!8m2!3d41.6834763!4d-71.1362784!16s%2Fg%2F1tgpp14t!19sChIJr8eV4OX45IkRbISpp-Hx9Sk","Beacon Hospice Care, an Amedisys Company",4.2,5,Hospice,"1 Father Devalles Blvd Ste. 407, Fall River, MA 02723, United States","MVM7+9F Fall River, Massachusetts, USA",https://locations.amedisys.com/ma/fall-river/hospice-4420/?utm_source=google&utm_medium=organic&utm_campaign=locallisting,+1 508-324-1900,Open 24 hours,https://lh3.googleusercontent.com/p/AF1QipNDQJaRs1LjtuVhxSZfQ7f_cW9Ltsp1i1JiKAdc=w426-h240-k-no,true,Open 24 hours,Open 24 hours,Open 24 hours,Open 24 hours,Open 24 hours,Open 24 hours,Open 24 hours,"https://www.google.com/maps/search/Hospice+clinics+in+Bristol+Providence+RI/@41.6771101,-71.2662025,14z",2025-09-17T23:42:30.245Z,,
"https://www.google.com/maps/place/Beacon+Hospice+Care,+an+Amedisys+Company/data=!4m7!3m6!1s0x89e5b6a09b98a9f5:0x6aefab2f72ab7580!8m2!3d41.5788296!4d-71.4973935!16s%2Fg%2F1hc2vps0n!19sChIJ9amYm6C25YkRgHWrci-r72o","Beacon Hospice Care, an Amedisys Company",3.0,7,Hospice,"Meadows Professional Office Park, 1130 Ten Rod Rd Suite A205, North Kingstown, RI 02852, United States","HGH3+G2 North Kingstown, Rhode Island, USA",https://locations.amedisys.com/ri/north-kingstown/hospice-4903/?utm_source=google&utm_medium=organic&utm_campaign=locallisting,+1 401-294-6204,Open 24 hours,https://lh3.googleusercontent.com/p/AF1QipM7bq0Dkeu8FQHJ2FGXlBwm_dX1UWaPqfCwNc2d=w426-h240-k-no,true,Open 24 hours,Open 24 hours,Open 24 hours,Open 24 hours,Open 24 hours,Open 24 hours,Open 24 hours,"https://www.google.com/maps/search/Hospice+clinics+in+Bristol+Providence+RI/@41.6771101,-71.2662025,14z",2025-09-17T23:42:34.675Z,,
https://www.google.com/maps/place/Southcoast+VNA+-+Community+Office/data=!4m7!3m6!1s0x89e4556f7828bc55:0x2c3c14e37797a4b7!8m2!3d41.6378232!4d-71.2048981!16s%2Fg%2F11c5xn2l01!19sChIJVbwoeG9V5IkRt6SXd-MUPCw,Southcoast VNA - Community Office,,,Hospice,"1334 Main Rd, Tiverton, RI 02878, United States","JQQW+42 Tiverton, Rhode Island, USA",,+1 800-698-6877,Closed ⋅ Opens 8 am Thu,https://streetviewpixels-pa.googleapis.com/v1/thumbnail?panoid=kz8wniwU-FlfBK7FSNCtUQ&cb_client=search.gws-prod.gps&w=408&h=240&yaw=119.99165&pitch=0&thumbfov=100,true,8 am–4:30 pm,8 am–4:30 pm,8 am–4:30 pm,8 am–4:30 pm,8 am–4:30 pm,8 am–4:30 pm,8 am–4:30 pm,"https://www.google.com/maps/search/Hospice+clinics+in+Bristol+Providence+RI/@41.6771101,-71.2662025,14z",2025-09-17T23:42:38.990Z,,
https://www.google.com/maps/place/Visiting+Nurse+Home+%26+Hospice/data=!4m7!3m6!1s0x89e5abb9f3a679fd:0x6bad7da327d03ec6!8m2!3d41.5217071!4d-71.2860265!16s%2Fg%2F126243rkx!19sChIJ_Xmm87mr5YkRxj7QJ6N9rWs,Visiting Nurse Home & Hospice,3.9,13,Hospice,"438 E Main Rd #100, Middletown, RI 02842, United States","GPC7+MH Middletown, Rhode Island, USA",https://visitingnursehh.org/,+1 401-682-2100,Closed ⋅ Opens 8 am Thu,https://streetviewpixels-pa.googleapis.com/v1/thumbnail?panoid=_trFdDqQCEuwh7xZnBuYQg&cb_client=search.gws-prod.gps&w=408&h=240&yaw=243.33018&pitch=0&thumbfov=100,true,8 am–5 pm,8 am–5 pm,8 am–5 pm,8 am–4 pm,8 am–4 pm,8 am–5 pm,8 am–5 pm,"https://www.google.com/maps/search/Hospice+clinics+in+Bristol+Providence+RI/@41.6771101,-71.2662025,14z",2025-09-17T23:42:43.409Z,,
https://www.google.com/maps/place/HopeHealth+Wakefield+Office/data=!4m7!3m6!1s0x89e5b9443f5cc36d:0x14296e7021b20aa0!8m2!3d41.441207!4d-71.493795!16s%2Fg%2F1tg6r41r!19sChIJbcNcP0S55YkRoAqyIXBuKRQ,HopeHealth Wakefield Office,5.0,1,Hospice,"143 Main St, Wakefield, RI 02879, United States","CGR4+FF Wakefield, South Kingstown, RI, USA",http://hopehealthco.org/,+1 401-789-5200,,https://streetviewpixels-pa.googleapis.com/v1/thumbnail?panoid=7W5ZFqD-J2Ywdp8zgRyxlQ&cb_client=search.gws-prod.gps&w=408&h=240&yaw=324.12354&pitch=0&thumbfov=100,false,,,,,,,,"https://www.google.com/maps/search/Hospice+clinics+in+Bristol+Providence+RI/@41.6771101,-71.2662025,14z",2025-09-17T23:42:45.891Z,,
https://www.google.com/maps/place/Evergreen+House+Health+Center/data=!4m7!3m6!1s0x89e45a8d1f44bf45:0xa9b81064fa37fc13!8m2!3d41.8070599!4d-71.3442422!16s%2Fg%2F1vgx1sd6!19sChIJRb9EH41a5IkRE_w3-mQQuKk,Evergreen House Health Center,4.6,243,Nursing home,"1 Evergreen Dr, East Providence, RI 02914, United States","RM44+R8 East Providence, Rhode Island, USA",https://lcca.com/locations/ri/evergreen-house/,+1 401-438-3250,Open 24 hours,https://lh3.googleusercontent.com/p/AF1QipNPfbT_W853VBIfPnaZIFXvdpTrXgGjAtLGwDk5=w408-h270-k-no,true,Open 24 hours,Open 24 hours,Open 24 hours,Open 24 hours,Open 24 hours,Open 24 hours,Open 24 hours,"https://www.google.com/maps/search/Hospice+clinics+in+Bristol+Providence+RI/@41.6771101,-71.2662025,14z",2025-09-17T23:42:50.541Z,,
https://www.google.com/maps/place/Home+%26+Hospice+Care+of+Ri:+Block+Eve+M+MD/data=!4m7!3m6!1s0x89e444c3b63724d5:0x85cc1a5fc28a2f35!8m2!3d41.8498842!4d-71.4020987!16s%2Fg%2F1tfh_lxr!19sChIJ1SQ3tsNE5IkRNS-Kwl8azIU,Home & Hospice Care of Ri: Block Eve M MD,,,Doctor,"1085 N Main St Na, Providence, RI 02904, United States","RHXX+X5 Providence, Rhode Island, USA",,+1 401-727-7070,,https://streetviewpixels-pa.googleapis.com/v1/thumbnail?panoid=Ej-5two-AQX1CCPHhI481Q&cb_client=search.gws-prod.gps&w=408&h=240&yaw=211.65813&pitch=0&thumbfov=100,false,,,,,,,,"https://www.google.com/maps/search/Hospice+clinics+in+Bristol+Providence+RI/@41.6771101,-71.2662025,14z",2025-09-17T23:42:52.871Z,,
https://www.google.com/maps/place/Beacon+Palliative+Care/data=!4m7!3m6!1s0x89e5b6a09b98a9f5:0xe4fd3a06e617a2f5!8m2!3d41.5793999!4d-71.4974437!16s%2Fg%2F1hm417tyt!19sChIJ9amYm6C25YkR9aIX5gY6_eQ,Beacon Palliative Care,,,Home health care service,"1130 Ten Rod Rd, North Kingstown, RI 02852, United States","HGH3+Q2 North Kingstown, Rhode Island, USA",http://www.amedisys.com/,+1 800-467-7423,,https://streetviewpixels-pa.googleapis.com/v1/thumbnail?panoid=ORy4t7abhCrg_6oFY_7Ogg&cb_client=search.gws-prod.gps&w=408&h=240&yaw=231.22409&pitch=0&thumbfov=100,false,,,,,,,,"https://www.google.com/maps/search/Hospice+clinics+in+Bristol+Providence+RI/@41.6771101,-71.2662025,14z",2025-09-17T23:42:55.170Z,,
https://www.google.com/maps/place/AccentCare+Hospice+%26+Palliative+Care-Fall+River/data=!4m7!3m6!1s0x89e4f98ff221a117:0xf045749c5a2073e6!8m2!3d41.683466!4d-71.1350118!16s%2Fg%2F11j37683rv!19sChIJF6Eh8o_55IkR5nMgWpx0RfA,AccentCare Hospice & Palliative Care-Fall River,3.0,2,Hospice,"21 Father Devalles Blvd Suite 105105, Fall River, MA 02723, United States","MVM7+9X Fall River, Massachusetts, USA",https://www.accentcare.com/,+1 508-730-3463,,https://streetviewpixels-pa.googleapis.com/v1/thumbnail?panoid=w_2OBKy0sLrs2vk7uGCwAg&cb_client=search.gws-prod.gps&w=408&h=240&yaw=68.32356&pitch=0&thumbfov=100,true,,,,,,,,"https://www.google.com/maps/search/Hospice+clinics+in+Bristol+Providence+RI/@41.6771101,-71.2662025,14z",2025-09-17T23:42:57.770Z,,
https://www.google.com/maps/place/Respiratory+and+Rehabilitation+Center+of+Rhode+Island/data=!4m7!3m6!1s0x89e5cab5daf00d75:0xa38de28b1951f3cb!8m2!3d41.6722709!4d-71.5940421!16s%2Fg%2F1tddt6l7!19sChIJdQ3w2rXK5YkRy_NRGYvijaM,Respiratory and Rehabilitation Center of Rhode Island,4.6,181,Nursing home,"10 Woodland Dr, Coventry, RI 02816, United States","MCC4+W9 Coventry, Rhode Island, USA",https://coventryrnc.com/,+1 401-826-2000,Open 24 hours,https://lh3.googleusercontent.com/p/AF1QipMHS8qZRpIO8AeFUVx9Ak0cnpNNcwHgauAUB4zI=w408-h272-k-no,true,Open 24 hours,Open 24 hours,Open 24 hours,Open 24 hours,Open 24 hours,Open 24 hours,Open 24 hours,"https://www.google.com/maps/search/Hospice+clinics+in+Bristol+Providence+RI/@41.6771101,-71.2662025,14z",2025-09-17T23:43:02.123Z,,
https://www.google.com/maps/place/VNA+of+Care+New+England/data=!4m7!3m6!1s0x89e44b883664c311:0x5dc65027fbc9bb3a!8m2!3d41.7077393!4d-71.4786825!16s%2Fg%2F1tl7pr0f!19sChIJEcNkNohL5IkROrvJ-ydQxl0,VNA of Care New England,2.6,10,Hospice,"51 Health Ln, Warwick, RI 02886, United States","PG5C+3G Warwick, Rhode Island, USA",http://www.vnacarenewengland.org/,+1 401-737-6050,Closed ⋅ Opens 8 am Thu,https://streetviewpixels-pa.googleapis.com/v1/thumbnail?panoid=g5kaDigD4Wea6b4gzLmQTQ&cb_client=search.gws-prod.gps&w=408&h=240&yaw=60.50096&pitch=0&thumbfov=100,false,8 am–5 pm,8 am–5 pm,8 am–5 pm,8 am–4 pm,8 am–4 pm,8 am–5 pm,8 am–5 pm,"https://www.google.com/maps/search/Hospice+clinics+in+Bristol+Providence+RI/@41.6771101,-71.2662025,14z",2025-09-17T23:43:06.579Z,,
https://www.google.com/maps/place/AccentCare+Hospice+Warwick/data=!4m7!3m6!1s0x89e44d1d60c01a9d:0xf0445652b9507437!8m2!3d41.6946276!4d-71.4715407!16s%2Fg%2F11y5fz9ldw!19sChIJnRrAYB1N5IkRN3RQuVJWRPA,AccentCare Hospice Warwick,,,Hospice,"300 Centerville Rd Suite 210210, Warwick, RI 02886, United States","MGVH+V9 Warwick, Rhode Island, USA",https://www.accentcare.com/,+1 401-200-8211,,https://streetviewpixels-pa.googleapis.com/v1/thumbnail?panoid=lKvLPV7WsHo99zw_tFsvTA&cb_client=search.gws-prod.gps&w=408&h=240&yaw=87.63356&pitch=0&thumbfov=100,true,,,,,,,,"https://www.google.com/maps/search/Hospice+clinics+in+Bristol+Providence+RI/@41.6771101,-71.2662025,14z",2025-09-17T23:43:09.173Z,,
https://www.google.com/maps/place/Grand+Islander/data=!4m7!3m6!1s0x89e5a8d4bc38e869:0xc7d0f231f51f1f63!8m2!3d41.5055316!4d-71.2860458!16s%2Fg%2F1tdh09qf!19sChIJaeg4vNSo5YkRYx8f9THy0Mc,Grand Islander,4.3,109,Nursing home,"333 Green End Ave, Middletown, RI 02842, United States","GP47+6H Middletown, Rhode Island, USA",http://www.genesishcc.com/GrandIslander,+1 401-849-7100,Open 24 hours,https://lh3.googleusercontent.com/p/AF1QipO__II7zD4SPUtlamJ70x542E8HLozwKO8cvQEO=w408-h612-k-no,true,Open 24 hours,Open 24 hours,Open 24 hours,Open 24 hours,Open 24 hours,Open 24 hours,Open 24 hours,"https://www.google.com/maps/search/Hospice+clinics+in+Bristol+Providence+RI/@41.6771101,-71.2662025,14z",2025-09-17T23:43:13.524Z,,
https://www.google.com/maps/place/Pawtucket+Falls+Healthcare+Center/data=!4m7!3m6!1s0x89e45b63e5703923:0x78cb277f36548f1c!8m2!3d41.8631037!4d-71.3517173!16s%2Fg%2F1263n0bh2!19sChIJIzlw5WNb5IkRHI9UNn8ny3g,Pawtucket Falls Healthcare Center,3.7,79,Rehabilitation center,"70 Gill Ave, Pawtucket, RI 02861, United States","VJ7X+68 Pawtucket, Rhode Island, USA",https://pawtucketfallshc.com/,+1 401-722-7900,Open 24 hours,https://lh3.googleusercontent.com/p/AF1QipNcQlulKFN0pCctvSY-liyLkoJ8r2Ekt1MHTIWn=w631-h240-k-no,true,Open 24 hours,Open 24 hours,Open 24 hours,Open 24 hours,Open 24 hours,Open 24 hours,Open 24 hours,"https://www.google.com/maps/search/Hospice+clinics+in+Bristol+Providence+RI/@41.6771101,-71.2662025,14z",2025-09-17T23:43:18.026Z,,
https://www.google.com/maps/place/Elmhurst+Rehabilitation+%26+Healthcare+Center/data=!4m7!3m6!1s0x89e445a9142c76c9:0x756df5b4ef9c07ac!8m2!3d41.836251!4d-71.434188!16s%2Fg%2F1tmg7krq!19sChIJyXYsFKlF5IkRrAec77T1bXU,Elmhurst Rehabilitation & Healthcare Center,4.4,269,Nursing home,"50 Maude St, Providence, RI 02908, United States","RHP8+G8 Providence, Rhode Island, USA",https://elmhurstrehabhc.com/?utm_source=google&utm_medium=organic&utm_campaign=gmb&utm_content=main_button,+1 401-456-2600,Open 24 hours,https://lh3.googleusercontent.com/p/AF1QipNumCMWPPqf3ThOzsgTxO-UknBKS7BQ_r2CPEoP=w424-h240-k-no,true,Open 24 hours,Open 24 hours,Open 24 hours,Open 24 hours,Open 24 hours,Open 24 hours,Open 24 hours,"https://www.google.com/maps/search/Hospice+clinics+in+Bristol+Providence+RI/@41.6771101,-71.2662025,14z",2025-09-17T23:43:22.502Z,,
https://www.google.com/maps/place/Summit+Commons+Rehabilitation+and+Health+Care+Center/data=!4m7!3m6!1s0x89e444b81922bf77:0xb527350761a7841!8m2!3d41.856175!4d-71.394771!16s%2Fg%2F1tfqmd4n!19sChIJd78iGbhE5IkRQXgadlBzUgs,Summit Commons Rehabilitation and Health Care Center,2.8,40,Nursing home,"99 Hillside Ave, Providence, RI 02906, United States","VJ44+F3 Providence, Rhode Island, USA",http://summitcommonsrehab.com/,+1 401-574-4800,Open 24 hours,https://lh3.googleusercontent.com/p/AF1QipPc0QDE4RJhmuXB_g29UNWRrn_LJ58Zsz5zrzEA=w420-h240-k-no,true,Open 24 hours,Open 24 hours,Open 24 hours,Open 24 hours,Open 24 hours,Open 24 hours,Open 24 hours,"https://www.google.com/maps/search/Hospice+clinics+in+Bristol+Providence+RI/@41.6771101,-71.2662025,14z",2025-09-17T23:43:26.893Z,,
https://www.google.com/maps/place/Bethany+Home+of+Rhode+Island/data=!4m7!3m6!1s0x89e4452ca6cdbfff:0xb6a0faeb638cb440!8m2!3d41.8283145!4d-71.3834229!16s%2Fg%2F1v3kjjjd!19sChIJ_7_NpixF5IkRQLSMY-v6oLY,Bethany Home of Rhode Island,4.4,11,Rehabilitation center,"111 S Angell St, Providence, RI 02906, United States","RJH8+8J Providence, Rhode Island, USA",http://bethanyhomeofri.org/,+1 401-831-2870,,https://lh3.googleusercontent.com/p/AF1QipM81dwB9L8vbzAEOwoHag2AilJcXWAHkMrXsTaa=w596-h240-k-no,true,,,,,,,,"https://www.google.com/maps/search/Hospice+clinics+in+Bristol+Providence+RI/@41.6771101,-71.2662025,14z",2025-09-17T23:43:29.339Z,,
https://www.google.com/maps/place/Somerset+Ridge+Center/data=!4m7!3m6!1s0x89e4f85b1643d06f:0x31d3dfd753a40b8c!8m2!3d41.7295063!4d-71.1617481!16s%2Fg%2F1th88484!19sChIJb9BDFlv45IkRjAukU9ff0zE,Somerset Ridge Center,3.9,84,Nursing home,"455 Brayton Ave, Somerset, MA 02726, United States","PRHQ+R8 Somerset, Massachusetts, USA",https://www.somersetridgehc.com/,+1 508-679-2240,Open 24 hours,https://lh3.googleusercontent.com/p/AF1QipNZ0NdAnX8V0PHvZDLuDwTqnrbiBS4MK6JgcLrY=w408-h306-k-no,true,Open 24 hours,Open 24 hours,Open 24 hours,Open 24 hours,Open 24 hours,Open 24 hours,Open 24 hours,"https://www.google.com/maps/search/Hospice+clinics+in+Bristol+Providence+RI/@41.6771101,-71.2662025,14z",2025-09-17T23:43:33.840Z,LGBTQ+ friendly,
https://www.google.com/maps/place/Steere+House+Nursing+%26+Rehabilitation+Center/data=!4m7!3m6!1s0x89e445692efbfc29:0x40bc48a4b749caee!8m2!3d41.8128537!4d-71.4114856!16s%2Fg%2F1tpps_27!19sChIJKfz7LmlF5IkR7spJt6RIvEA,Steere House Nursing & Rehabilitation Center,4.0,41,Nursing home,"100 Borden St, Providence, RI 02903, United States","RH7Q+4C Providence, Rhode Island, USA",http://www.steerehouse.org/,+1 401-454-7970,Closed ⋅ Opens 8 am Thu,https://lh3.googleusercontent.com/p/AF1QipPT9BOhGUMg9EPujl5vzzMjJZGzoxEmj2cIKNWF=w408-h305-k-no,true,8 am–7 pm,8 am–7 pm,8 am–7 pm,9:30 am–5:30 pm,9:30 am–5:30 pm,8 am–7 pm,8 am–7 pm,"https://www.google.com/maps/search/Hospice+clinics+in+Bristol+Providence+RI/@41.6771101,-71.2662025,14z",2025-09-17T23:43:38.338Z,,
https://www.google.com/maps/place/Lap+of+Love+-+Providence/data=!4m7!3m6!1s0x89e4555b8422d055:0x833fb6c874c3bd80!8m2!3d41.817106!4d-71.4210855!16s%2Fg%2F11pp_7s1th!19sChIJVdAihFtV5IkRgL3DdMi2P4M,Lap of Love - Providence,4.5,8,Veterinarian,,,,+1 401-437-4505,Open ⋅ Closes 11 pm,https://lh3.googleusercontent.com/p/AF1QipM8kzUbhZsd80l9CosvyylrSHvapYcCwHUDzOto=w426-h240-k-no,true,7 am–11 pm,7 am–11 pm,7 am–11 pm,7 am–11 pm,7 am–11 pm,7 am–11 pm,7 am–11 pm,"https://www.google.com/maps/search/Hospice+clinics+in+Bristol+Providence+RI/@41.6771101,-71.2662025,14z",2025-09-17T23:43:42.828Z,,
https://www.google.com/maps/place/Royal+Middletown+Nursing+formerly+known+as+Forest+Farm+Health+Care+Center/data=!4m7!3m6!1s0x89e5aecadddad8b3:0x5e113e931726ff7b!8m2!3d41.5275927!4d-71.2880805!16s%2Fg%2F1tgb8cly!19sChIJs9ja3cqu5YkRe_8mF5M-EV4,Royal Middletown Nursing formerly known as Forest Farm Health Care Center,4.0,46,Nursing home,"193 Forest Ave, Middletown, RI 02842, United States","GPH6+2Q Middletown, Rhode Island, USA",,+1 401-847-2777,Open 24 hours,https://streetviewpixels-pa.googleapis.com/v1/thumbnail?panoid=24kEHgtwQ6YTsg53UeRhzg&cb_client=search.gws-prod.gps&w=408&h=240&yaw=239.02928&pitch=0&thumbfov=100,true,Open 24 hours,Open 24 hours,Open 24 hours,Open 24 hours,Open 24 hours,Open 24 hours,Open 24 hours,"https://www.google.com/maps/search/Hospice+clinics+in+Jamestown+Providence+RI/@41.4963134,-71.3711656,14z",2025-09-17T23:43:56.556Z,,
https://www.google.com/maps/place/GracePointe+Grief+Center/data=!4m7!3m6!1s0x89e5b6ae30d94105:0x2f8d4712610be2e1!8m2!3d41.5727608!4d-71.4854872!16s%2Fg%2F11bwptltxd!19sChIJBUHZMK625YkR4eILYRJHjS8,GracePointe Grief Center,,,Hospice,"650 Ten Rod Rd, North Kingstown, RI 02852, United States","HGF7+4R North Kingstown, Rhode Island, USA",http://gracepointegrief.com/,+1 401-659-4188,,https://streetviewpixels-pa.googleapis.com/v1/thumbnail?panoid=L4fm-rkI4iDn9edAukXLxQ&cb_client=search.gws-prod.gps&w=408&h=240&yaw=229.1634&pitch=0&thumbfov=100,false,,,,,,,,"https://www.google.com/maps/search/Hospice+clinics+in+Jamestown+Providence+RI/@41.4963134,-71.3711656,14z",2025-09-17T23:43:58.912Z,,
https://www.google.com/maps/place/Berkshire+Place+Nursing+and+Rehabilitation+Center/data=!4m7!3m6!1s0x89e444ffcab20335:0xa9bd789c1aa7d9f8!8m2!3d41.8424263!4d-71.4269485!16s%2Fg%2F1tffvz40!19sChIJNQOyyv9E5IkR-NmnGpx4vak,Berkshire Place Nursing and Rehabilitation Center,3.2,81,Nursing home,"455 Douglas Ave, Providence, RI 02908, United States","RHRF+X6 Providence, Rhode Island, USA",https://berkshirerhc.com/,+1 401-553-8600,,https://lh3.googleusercontent.com/gps-cs-s/AC9h4nqMLwIMJ9S4KuIpXDzvP6zNXBdqn6VoIDjqsAp1NRnAxYnqbn7C-GKG--_ofcZI7uHxNJcjeWYLTOFVU7cUUvwDuMzlJUnXH5OebrSMkJ2_4HlJh7faH-WcDKBGi8yZp-dNsiLd=w408-h544-k-no,true,,,,,,,,"https://www.google.com/maps/search/Hospice+clinics+in+Jamestown+Providence+RI/@41.4963134,-71.3711656,14z",2025-09-17T23:44:01.223Z,,
https://www.google.com/maps/place/Baxter+Palliative+Care/data=!4m7!3m6!1s0x89e5b9b5b1115dd7:0xd1d755bb131fca4d!8m2!3d41.4397636!4d-71.4898114!16s%2Fg%2F11nnqj15zq!19sChIJ110RsbW55YkRTcofE7tV19E,Baxter Palliative Care,,,Nurse practitioner,"55 Cherry Ln, Wakefield, RI 02879, United States","CGQ6+W3 Wakefield, South Kingstown, RI, USA",https://www.baxterpalliativecare.com/,+1 401-400-5535,Closed ⋅ Opens 9 am Thu,https://streetviewpixels-pa.googleapis.com/v1/thumbnail?panoid=n_bjnT57N_-q70lFOluYdA&cb_client=search.gws-prod.gps&w=408&h=240&yaw=233.98943&pitch=0&thumbfov=100,true,9 am–5 pm,9 am–5 pm,9 am–5 pm,Closed,Closed,9 am–5 pm,9 am–5 pm,"https://www.google.com/maps/search/Hospice+clinics+in+Jamestown+Providence+RI/@41.4963134,-71.3711656,14z",2025-09-17T23:44:05.468Z,,
https://www.google.com/maps/place/Ocean+State+Healthcare/data=!4m7!3m6!1s0x89e43556609a1c09:0x8faf86ee9f1d83e8!8m2!3d41.679545!4d-71.575134!16s%2Fg%2F11j029nsng!19sChIJCRyaYFY15IkR6IMdn-6Gr48,Ocean State Healthcare,2.3,3,Medical Center,"982 Tiogue Ave, Coventry, RI 02816, United States","MCHF+RW Coventry, Rhode Island, USA",https://usacommerx.top/details/ocean-state-healthcare-ChIJCRy,,,https://streetviewpixels-pa.googleapis.com/v1/thumbnail?panoid=DoNZ1NBfOHAMUx-9s4482g&cb_client=search.gws-prod.gps&w=408&h=240&yaw=289.8334&pitch=0&thumbfov=100,false,,,,,,,,"https://www.google.com/maps/search/Hospice+clinics+in+Barrington+Providence+RI/@41.8349512,-71.435361,14z",2025-09-17T23:44:16.560Z,,
https://www.google.com/maps/place/The+Miriam+Hospital/data=!4m7!3m6!1s0x89e444c6911acbd9:0x3c60014c00ae8254!8m2!3d41.8519965!4d-71.3979709!16s%2Fm%2F0cm7xrw!19sChIJ2csakcZE5IkRVIKuAEwBYDw,The Miriam Hospital,2.8,476,Hospital,"164 Summit Ave, Providence, RI 02906, United States","VJ22+QR Providence, Rhode Island, USA",https://www.miriamhospital.org/,+1 401-793-2500,,https://lh3.googleusercontent.com/gps-cs-s/AC9h4noZBNOnLS0RktFQfV56PyZa68xxTA-Bv4FDJn0Chp89gy8NqRi64VR26uJ5SZ8_IfQISss1H1xWf5BgQpH4R22VB7N98D0na0Zl0bLr75zk1ze80GcPOS8Pxez0U76gTJJpjOGwaw=w408-h306-k-no,true,,,,,,,,"https://www.google.com/maps/search/Hospice+clinics+in+Barrington+Providence+RI/@41.8349512,-71.435361,14z",2025-09-17T23:44:20.954Z,,
https://www.google.com/maps/place/Lincolnwood+Rehabilitation+%26+Healthcare+Center/data=!4m7!3m6!1s0x89e444230f7bb92f:0xe440ae4ba9020bfe!8m2!3d41.8643671!4d-71.468006!16s%2Fg%2F1vysxjxx!19sChIJL7l7DyNE5IkR_gsCqUuuQOQ,Lincolnwood Rehabilitation & Healthcare Center,4.5,327,Nursing home,"610 Smithfield Rd, North Providence, RI 02904, United States","VG7J+PQ North Providence, Rhode Island, USA",https://lincolnwoodhc.com/?utm_source=google&utm_medium=organic&utm_campaign=gmb&utm_content=main_button,+1 401-353-6300,Open 24 hours,https://lh3.googleusercontent.com/p/AF1QipOqVKJyoVcia4A5KrT0wZpAmlARZRuoyJ95pk7Y=w424-h240-k-no,true,Open 24 hours,Open 24 hours,Open 24 hours,Open 24 hours,Open 24 hours,Open 24 hours,Open 24 hours,"https://www.google.com/maps/search/Hospice+clinics+in+Barrington+Providence+RI/@41.8349512,-71.435361,14z",2025-09-17T23:44:25.504Z,,
https://www.google.com/maps/place/Home+Health+%26+Hospice+Care+of+Nursing+Placement/data=!4m7!3m6!1s0x89e444abc0af040b:0xa7c8b94152172981!8m2!3d41.857699!4d-71.3986716!16s%2Fg%2F1wb8vq6j!19sChIJCwSvwKtE5IkRgSkXUkG5yKc,Home Health & Hospice Care of Nursing Placement,3.4,27,Home health care service,"588 Pawtucket Ave, Pawtucket, RI 02860, United States","VJ52+3G Pawtucket, Rhode Island, USA",http://www.nursingplacement.com/,+1 401-728-6500,"Closed ⋅ Opens 8 am Thu

Confirmed by this business 3 weeks ago",https://lh3.googleusercontent.com/gps-cs-s/AC9h4npC9GGWCv1ddtOUKOYRCXVFLRV3IkCCbMm4WFm20WUGKPJqIX35a2O1GgROh1T8XnjE-wsvSoMi3UXw9DzLgxiW19oMQQACBoY5wSn_t9LIDTB31d-nAWA80H0KUgxSXu2TSCE1=w408-h544-k-no,true,8 am–5 pm,8 am–5 pm,8 am–5 pm,Closed,Closed,8 am–5 pm,8 am–5 pm,"https://www.google.com/maps/search/Hospice+clinics+in+Barrington+Providence+RI/@41.8349512,-71.435361,14z",2025-09-17T23:44:30.319Z,,
https://www.google.com/maps/place/Cherry+Hill+Manor+Nursing+and+Rehab+Center/data=!4m7!3m6!1s0x89e44676a26966a7:0x3bf2f938eb2c605c!8m2!3d41.836537!4d-71.481942!16s%2Fg%2F1tj53m90!19sChIJp2ZponZG5IkRXGAs6zj58js,Cherry Hill Manor Nursing and Rehab Center,4.5,353,Nursing home,"2 Cherry Hill Rd, Johnston, RI 02919, United States","RGP9+J6 Johnston, Rhode Island, USA",https://lcca.com/locations/ri/cherry-hill-manor/,+1 401-231-3102,Open 24 hours,https://lh3.googleusercontent.com/p/AF1QipMI5KU09N8HJvUbbEUXiy0nWpz1luXr6LZShtv_=w408-h271-k-no,true,Open 24 hours,Open 24 hours,Open 24 hours,Open 24 hours,Open 24 hours,Open 24 hours,Open 24 hours,"https://www.google.com/maps/search/Hospice+clinics+in+Barrington+Providence+RI/@41.8349512,-71.435361,14z",2025-09-17T23:44:34.937Z,,
https://www.google.com/maps/place/Wingate+Residences+on+the+East+Side/data=!4m7!3m6!1s0x89e4452d9e229d55:0xad9464f93f22dfee!8m2!3d41.8257411!4d-71.3850826!16s%2Fg%2F1w0j0m9t!19sChIJVZ0ini1F5IkR7t8iP_lklK0,Wingate Residences on the East Side,4.5,52,Assisted living facility,"1 Butler Ave, Providence, RI 02906, United States","RJG7+7X Providence, Rhode Island, USA",http://wingateliving.com/,+1 401-275-0682,Open 24 hours,https://lh3.googleusercontent.com/gps-cs-s/AC9h4noDu8aFwwxU1Qjasgo68_insgq2t_gk19twpiLeyYh8EFv9daKZyb2nXBG629_pNLVYpgEQUkOXqo5scDj_lpGVGlpFkqVAQEMxc7U636SYeZ5q0f0CGRrAr-47Rj04f0a2mlKqkw=w426-h240-k-no,true,Open 24 hours,Open 24 hours,Open 24 hours,Open 24 hours,Open 24 hours,Open 24 hours,Open 24 hours,"https://www.google.com/maps/search/Hospice+clinics+in+Barrington+Providence+RI/@41.8349512,-71.435361,14z",2025-09-17T23:44:39.784Z,,
https://www.google.com/maps/place/Morgan+Rehabilitation+%26+Healthcare+Center/data=!4m7!3m6!1s0x89e44f529b25a7df:0x69190e41d929cec3!8m2!3d41.8017723!4d-71.4752489!16s%2Fg%2F1wyc5bvj!19sChIJ36clm1JP5IkRw84p2UEOGWk,Morgan Rehabilitation & Healthcare Center,4.3,207,Nursing home,"80 Morgan Ave, Johnston, RI 02919, United States","RG2F+PW Johnston, Rhode Island, USA",https://morganrehab.com/?utm_source=google&utm_medium=organic&utm_campaign=gmb&utm_content=main_button,+1 401-944-7800,Open 24 hours,https://lh3.googleusercontent.com/p/AF1QipNauM1EIDUYoGXMunG5okzYt4mMgF7uhv9CMM_X=w424-h240-k-no,true,Open 24 hours,Open 24 hours,Open 24 hours,Open 24 hours,Open 24 hours,Open 24 hours,Open 24 hours,"https://www.google.com/maps/search/Hospice+clinics+in+Barrington+Providence+RI/@41.8349512,-71.435361,14z",2025-09-17T23:44:44.220Z,,
https://www.google.com/maps/place/Narragansett+Brewery/data=!4m7!3m6!1s0x89e4436a524a4711:0x9eb07a381109d4d2!8m2!3d41.8185153!4d-71.3904225!16s%2Fg%2F11h1b0dvft!19sChIJEUdKUmpD5IkR0tQJETh6sJ4,Narragansett Brewery,4.5,398,Brewery,"271 Tockwotton St, Providence, RI 02903, United States","RJ95+CR Providence, Rhode Island, USA",http://narragansettbeer.com/,+1 401-437-8970,Open ⋅ Closes 10 pm,https://lh3.googleusercontent.com/gps-cs-s/AC9h4npyNQyGRlxtUa_n4s6qe6sBAf7BV92cxeEE-_Y0U1Qq8e0p9fxHEGqRcOnXPLq5dIxmQRsf3npPYiASQFc5HZXNMZEEUi9J3t0l-FeV3bOoCJ4HhqG48xj9eWAlB8mCOMkT9y-w=w408-h544-k-no,true,4–10 pm,12–10 pm,12–11 pm,12–11 pm,12–9 pm,4–10 pm,4–10 pm,"https://www.google.com/maps/search/Hospice+clinics+in+Narragansett+Providence+RI/@41.8185153,-71.3904225,14z",2025-09-17T23:44:57.619Z,,
https://www.google.com/maps/place/Village+Medical+at+Walgreens/data=!4m7!3m6!1s0x89e449e17937cc21:0x97a023e11b5b4d95!8m2!3d41.796223!4d-71.481873!16s%2Fg%2F11k3hs655_!19sChIJIcw3eeFJ5IkRlU1bG-EjoJc,Village Medical at Walgreens,4.7,51,Medical clinic,"1383 Plainfield St, Johnston, RI 02919, United States","QGW9+F7 Johnston, Rhode Island, USA",https://www.villagemedical.com/locations/rhode-island/1383-plainfield-st-johnston-ri-02919?utm_source=gmb&utm_medium=profile&utm_campaign=villagemedical_organic-search_location,+1 401-296-3235,Closed ⋅ Opens 8 am Thu,https://lh3.googleusercontent.com/gps-cs-s/AC9h4nqV3ADGpSvtMtIv9dJxRAB7BxkNDxKiGxOAW7jp5ufL-pHlHHtXJaYzR4A7hgvhX4rE1OggwmLONwwurZSngvaGxm8O-FAE8AWgQ0ZQgFKulq2uhBbQj0BKRlXSPh4YspUzXqo=w408-h307-k-no,true,8 am–5 pm,8 am–5 pm,8 am–5 pm,Closed,Closed,8 am–5 pm,8 am–5 pm,"https://www.google.com/maps/search/Hospice+clinics+in+Narragansett+Providence+RI/@41.8185153,-71.3904225,14z",2025-09-17T23:45:02.183Z,,
https://www.google.com/maps/place/Rhode+Island+Department+of+Health/data=!4m7!3m6!1s0x89e4451b991731d3:0xef44e98712ede5c6!8m2!3d41.8334561!4d-71.4146087!16s%2Fg%2F1td4w8s9!19sChIJ0zEXmRtF5IkRxuXtEofpRO8,Rhode Island Department of Health,2.3,91,State government office,"3 Capitol Hill, Providence, RI 02908, United States","RHMP+95 Providence, Rhode Island, USA",https://health.ri.gov/,+1 401-222-5960,Closed ⋅ Opens 8:30 am Thu,https://lh3.googleusercontent.com/gps-cs-s/AC9h4nrRlIMfIG8xtHLK4bqCCy2DmFp9rr4_bubHNP16F4PQqkd6N26O0Vb4mPgWyOaM9L3-_nPsSQWdbMm6Xt4BGHX-Og_ZHKAtrpf2Wo0jh5dkQgiHccQbA4ZCySiBLR1aEVUTd1XJymMIaiM=w408-h544-k-no,false,8:30 am–4:30 pm,8:30 am–4:30 pm,8:30 am–4:30 pm,Closed,Closed,8:30 am–4:30 pm,8:30 am–4:30 pm,"https://www.google.com/maps/search/Hospice+clinics+in+Narragansett+Providence+RI/@41.8185153,-71.3904225,14z",2025-09-17T23:45:06.501Z,,
https://www.google.com/maps/place/Women+%26+Infants+Hospital/data=!4m7!3m6!1s0x89e44568b4b06675:0xd4c8f22594c12a0b!8m2!3d41.8108373!4d-71.4125038!16s%2Fm%2F0479cwt!19sChIJdWawtGhF5IkRCyrBlCXyyNQ,Women & Infants Hospital,2.9,356,Women's health clinic,"101 Dudley St, Providence, RI 02905, United States","RH6P+8X Providence, Rhode Island, USA",http://www.womenandinfants.org/,+1 401-274-1100,"Closed ⋅ Opens 8 am Thu

Updated by phone call 8 weeks ago",https://lh3.googleusercontent.com/gps-cs-s/AC9h4nqjryq89CGfwHBXcF7NvAw7usEa47XyC3DG_wzmKoK1oz8WA_DlX0Es4zHJlUN1PclfHSpK8uHIjaCGZbuGYJVvWRPm6EpELCnFwW-DCLix4BdjugsASpYEYPdTavdBZ1vU3yW2=w408-h306-k-no,true,8 am–4:30 pm,8 am–4:30 pm,8 am–4:30 pm,Closed,Closed,8 am–4:30 pm,8 am–4:30 pm,"https://www.google.com/maps/search/Hospice+clinics+in+Narragansett+Providence+RI/@41.8185153,-71.3904225,14z",2025-09-17T23:45:10.851Z,,
"https://www.google.com/maps/place/Horizon+Healthcare+Partners/@41.8107354,-71.3469073,17z/data=!3m1!4b1!4m6!3m5!1s0x89e4456a86382585:0xf32c152c7c9f588e!8m2!3d41.8107354!4d-71.3469073!16s%2Fg%2F11cnd5rsn5",Horizon Healthcare Partners,,,Corporate office,"971 Waterman Ave, East Providence, RI 02914, United States","RM63+76 East Providence, Rhode Island, USA",http://hhpartners.org/,+1 401-414-5465,,,true,,,,,,,,"https://www.google.com/maps/search/Hospice+clinics+in+Narragansett+Providence+RI/@41.8185153,-71.3904225,14z",2025-09-17T23:45:15.112Z,,
https://www.google.com/maps/place/Grandview+Center/data=!4m7!3m6!1s0x89e443242eca9811:0x3725a1edcd48f75b!8m2!3d41.9081344!4d-71.3976058!16s%2Fg%2F1261ng0qy!19sChIJEZjKLiRD5IkRW_dIze2hJTc,Grandview Center,4.5,115,Nursing home,"100 Chambers St, Cumberland, RI 02864, United States","WJ52+7X Cumberland, Rhode Island, USA",http://www.genesishcc.com/Grandview,+1 401-724-7500,Open 24 hours,https://lh3.googleusercontent.com/p/AF1QipPsXZVhZ5uuuB6Yyx0p6Q_L7rbW8Wxh8eBnHrLR=w435-h240-k-no,true,Open 24 hours,Open 24 hours,Open 24 hours,Open 24 hours,Open 24 hours,Open 24 hours,Open 24 hours,"https://www.google.com/maps/search/Hospice+clinics+in+Narragansett+Providence+RI/@41.8185153,-71.3904225,14z",2025-09-17T23:45:19.467Z,,
https://www.google.com/maps/place/Mansion+Nursing+%26+Rehabilitation+Center/data=!4m7!3m6!1s0x89e4434e1f94aee3:0x9e00d07fdb8c0991!8m2!3d41.8831136!4d-71.389671!16s%2Fg%2F1tf7hpn3!19sChIJ466UH05D5IkRkQmM23_QAJ4,Mansion Nursing & Rehabilitation Center,4.1,30,Nursing home,"104 Clay St, Central Falls, RI 02863, United States","VJM6+64 Central Falls, Rhode Island, USA",https://mansionnursing.com/,+1 401-722-0830,,https://lh3.googleusercontent.com/p/AF1QipOZxNpsQIY4wiqTo2oMxLtMTrROpwbyiFNnlS0w=w424-h240-k-no,true,,,,,,,,"https://www.google.com/maps/search/Hospice+clinics+in+Narragansett+Providence+RI/@41.8185153,-71.3904225,14z",2025-09-17T23:45:21.921Z,,
https://www.google.com/maps/place/Raposa+Elizabeth/data=!4m7!3m6!1s0x89e444c6911acbd9:0xa1b98017d3892d13!8m2!3d41.851722!4d-71.398257!16s%2Fg%2F1td8_405!19sChIJ2csakcZE5IkREy2J0xeAuaE,Raposa Elizabeth,,,Medical clinic,"164 Summit Ave, Providence, RI 02906, United States","VJ22+MM Providence, Rhode Island, USA",http://www.miriamhospital.org/,+1 401-793-2500,,https://streetviewpixels-pa.googleapis.com/v1/thumbnail?panoid=qK04K5bkIzSv7rJ2oho64Q&cb_client=search.gws-prod.gps&w=408&h=240&yaw=226.78459&pitch=0&thumbfov=100,false,,,,,,,,"https://www.google.com/maps/search/Hospice+clinics+in+Cumberland+Providence+RI/@41.8484449,-71.4370575,14z",2025-09-17T23:45:33.089Z,,
https://www.google.com/maps/place/Arches+Medical+Urgent+Care-+Smithfield/data=!4m7!3m6!1s0x89e4478e2a52ad51:0x47aa7b1c4dfe356f!8m2!3d41.86951!4d-71.52989!16s%2Fg%2F11t2fdn85l!19sChIJUa1SKo5H5IkRbzX-TRx7qkc,Arches Medical Urgent Care- Smithfield,4.6,350,Medical clinic,"400 Putnam Pike, Smithfield, RI 02917, United States","VF9C+R2 Smithfield, Rhode Island, USA",https://www.archesmed.com/locations-1/arches-urgent-care-smithfield,+1 401-757-6160,Closes soon ⋅ 8 pm ⋅ Opens 8 am Thu,https://streetviewpixels-pa.googleapis.com/v1/thumbnail?panoid=mppyrkpfd0IwlwdPKGu81w&cb_client=search.gws-prod.gps&w=408&h=240&yaw=175.21458&pitch=0&thumbfov=100,true,8 am–8 pm,8 am–8 pm,8 am–8 pm,8 am–6 pm,8 am–6 pm,8 am–8 pm,8 am–8 pm,"https://www.google.com/maps/search/Hospice+clinics+in+Cumberland+Providence+RI/@41.8484449,-71.4370575,14z",2025-09-17T23:45:37.553Z,,
https://www.google.com/maps/place/Health+Concepts+LTD/data=!4m7!3m6!1s0x89e44570e5be6651:0x16e904ca46e750cd!8m2!3d41.8576121!4d-71.3989453!16s%2Fg%2F1wc327zp!19sChIJUWa-5XBF5IkRzVDnRsoE6RY,Health Concepts LTD,,,Nursing home,"588 Pawtucket Ave, Pawtucket, RI 02860, United States","VJ52+2C Pawtucket, Rhode Island, USA",http://healthconceptsltd.com/,+1 401-751-3800,Open 24 hours,https://streetviewpixels-pa.googleapis.com/v1/thumbnail?panoid=0x8IvIKgZyFqnWENKOQ59Q&cb_client=search.gws-prod.gps&w=408&h=240&yaw=113.53893&pitch=0&thumbfov=100,false,Open 24 hours,Open 24 hours,Open 24 hours,Open 24 hours,Open 24 hours,Open 24 hours,Open 24 hours,"https://www.google.com/maps/search/Hospice+clinics+in+Cumberland+Providence+RI/@41.8484449,-71.4370575,14z",2025-09-17T23:45:41.803Z,,
"https://www.google.com/maps/place/Genesis+Health+Care+Corporation/@41.908142,-71.397749,17z/data=!3m1!4b1!4m6!3m5!1s0x89e443242eca964b:0x58cd11fbe289c70b!8m2!3d41.908142!4d-71.397749!16s%2Fg%2F1tghqlq5",Genesis Health Care Corporation,3.8,4,Physical therapy clinic,"100 Chambers St, Cumberland, RI 02864, United States","WJ52+7W Cumberland, Rhode Island, USA",https://www.genesishcc.com/,+1 401-724-7500,,,false,,,,,,,,"https://www.google.com/maps/search/Hospice+clinics+in+Cumberland+Providence+RI/@41.8484449,-71.4370575,14z",2025-09-17T23:45:46.202Z,,
https://www.google.com/maps/place/Mount+St.+Rita+Health+Centre/data=!4m7!3m6!1s0x89e468c1e56481e5:0x3948c0a779b8e879!8m2!3d42.011926!4d-71.411254!16s%2Fg%2F1tfqb7cd!19sChIJ5YFk5cFo5IkReei4eafASDk,Mount St. Rita Health Centre,3.4,27,Nursing home,"15 Sumner Brown Rd, Cumberland, RI 02864, United States","2H6Q+QF Cumberland, Rhode Island, USA",https://www.mountstrita.org/,+1 401-333-6352,Closed ⋅ Opens 8 am Thu,https://lh3.googleusercontent.com/gps-cs-s/AC9h4nq7asbcEbWToApI14Bd7_Qake7W9BBugPFyc1jBkM5V-mz7j8u9PsFKzkvbAcG-V7qhbdbxHQBBS2pbBJbqrTO_ETCGFHdJsgF1M3ji-wQhgF1Kfryj7WWYdtMcWjlI2w2rsgmG=w426-h240-k-no,true,8 am–6 pm,8 am–6 pm,8 am–6 pm,8 am–6 pm,8 am–6 pm,8 am–6 pm,8 am–6 pm,"https://www.google.com/maps/search/Hospice+clinics+in+Cumberland+Providence+RI/@41.8484449,-71.4370575,14z",2025-09-17T23:45:50.801Z,,
"https://www.google.com/maps/place/Handel+Center+for+Spine,+Sports+and+Rehabilitation/data=!4m7!3m6!1s0x89e444b8d936d3cb:0xdbc2be239dda3530!8m2!3d41.8285498!4d-71.3935308!16s%2Fg%2F1vp74syd!19sChIJy9M22bhE5IkRMDXanSO-wts","Handel Center for Spine, Sports and Rehabilitation",4.6,19,Sports medicine clinic,"285 Governor St Suite 100, Providence, RI 02906, United States","RJH4+CH Providence, Rhode Island, USA",http://www.handelcenter.com/,+1 401-305-5280,Closed ⋅ Opens 9 am Thu,https://lh3.googleusercontent.com/p/AF1QipMdEtKuNFCxCYEiWInEOGpTg8qqhg6s0hmtTqGZ=w408-h272-k-no,true,9 am–5 pm,9 am–5 pm,Closed,Closed,Closed,9 am–5 pm,9 am–5 pm,"https://www.google.com/maps/search/Hospice+clinics+in+Cumberland+Providence+RI/@41.8484449,-71.4370575,14z",2025-09-17T23:45:55.286Z,,
https://www.google.com/maps/place/Brookdale+South+Bay/data=!4m7!3m6!1s0x89e5b90856c04e27:0x46face5169919edd!8m2!3d41.4677243!4d-71.5103927!16s%2Fg%2F1tl4f16_!19sChIJJ07AVgi55YkR3Z6RaVHO-kY,Brookdale South Bay,4.2,16,Assisted living facility,"1959 Kingstown Rd, South Kingstown, RI 02879, United States","FF9Q+3R South Kingstown, Rhode Island, USA",https://www.brookdale.com/en/communities/brookdale-south-bay-ri.html?cid=yext,+1 401-789-4880,Open 24 hours,https://lh3.googleusercontent.com/p/AF1QipNcsmsmVQ_kO4tGnoo_Ie-zmZHaLcRjNF01cOm1=w408-h272-k-no,true,Open 24 hours,Open 24 hours,Open 24 hours,Open 24 hours,Open 24 hours,Open 24 hours,Open 24 hours,"https://www.google.com/maps/search/Hospice+clinics+in+South+Kingstown+Providence+RI/@41.4409399,-71.5022778,14z",2025-09-17T23:46:07.385Z,,
https://www.google.com/maps/place/South+County+Hospital/data=!4m7!3m6!1s0x89e5b94ba0ffe135:0x20db0618cb58c323!8m2!3d41.4314343!4d-71.4966243!16s%2Fm%2F0cnymsb!19sChIJNeH_oEu55YkRI8NYyxgG2yA,South County Hospital,3.0,243,Hospital,"100 Kenyon Ave, Wakefield, RI 02879, United States","CGJ3+H9 Wakefield, South Kingstown, RI, USA",http://www.southcountyhealth.org/,+1 401-782-8000,,https://lh3.googleusercontent.com/p/AF1QipMuzQ8IusyGs1sGauPeKNdd28Hd2WptHnAQEiSy=w408-h244-k-no,true,Open 24 hours,Open 24 hours,Open 24 hours,Open 24 hours,Open 24 hours,Open 24 hours,Open 24 hours,"https://www.google.com/maps/search/Hospice+clinics+in+South+Kingstown+Providence+RI/@41.4409399,-71.5022778,14z",2025-09-17T23:46:11.732Z,LGBTQ+ friendly,
https://www.google.com/maps/place/South+County+Home+Health/data=!4m7!3m6!1s0x89e5b9543d8558dd:0x52a6faae598e3667!8m2!3d41.4372116!4d-71.5017809!16s%2Fg%2F1vg_89v8!19sChIJ3ViFPVS55YkRZzaOWa76plI,South County Home Health,5.0,3,Home health care service,"1 High St, Wakefield, RI 02879, United States","CFPX+V7 Wakefield, South Kingstown, RI, USA",https://www.southcountyhealth.org/services-care/allied-services/home-health,+1 401-782-0500,Closed ⋅ Opens 8 am Thu,https://streetviewpixels-pa.googleapis.com/v1/thumbnail?panoid=-sdHjDZFf6fswA4pCFEjFQ&cb_client=search.gws-prod.gps&w=408&h=240&yaw=127.11385&pitch=0&thumbfov=100,true,8 am–5 pm,8 am–5 pm,8 am–5 pm,8:30 am–4:30 pm,8:30 am–4:30 pm,8 am–5 pm,8 am–5 pm,"https://www.google.com/maps/search/Hospice+clinics+in+South+Kingstown+Providence+RI/@41.4409399,-71.5022778,14z",2025-09-17T23:46:16.199Z,,
https://www.google.com/maps/place/Lakeside+Nursing+and+Rehabilitation+Center/data=!4m7!3m6!1s0x89e5b6c8bf96c22d:0x5d6846c26345969!8m2!3d41.558801!4d-71.4878919!16s%2Fg%2F1tk1n_v9!19sChIJLcKWv8i25YkRaVk0JmyE1gU,Lakeside Nursing and Rehabilitation Center,3.5,44,Nursing home,"740 Oak Hill Rd, North Kingstown, RI 02852, United States","HG56+GR North Kingstown, Rhode Island, USA",https://lakesidenursingrehab.com/,+1 401-294-4545,Open 24 hours,https://lh3.googleusercontent.com/p/AF1QipN7B0zl6U2wdjbxzp6Dvo_-RIJmYkrcg4fNGI02=w408-h271-k-no,true,Open 24 hours,Open 24 hours,Open 24 hours,Open 24 hours,Open 24 hours,Open 24 hours,Open 24 hours,"https://www.google.com/maps/search/Hospice+clinics+in+South+Kingstown+Providence+RI/@41.4409399,-71.5022778,14z",2025-09-17T23:46:20.601Z,,
,,,,,,,,,,,,,,,,,,,"https://www.google.com/maps/search/Hospice+clinics+in+Middletown+Providence+RI/@41.5218243,-71.2834538,14z",2025-09-17T23:46:28.357Z,,No new results found
https://www.google.com/maps/place/Village+House+Nursing+%26+Rehabilitation+Center/data=!4m7!3m6!1s0x89e5a58f5d8b0865:0x5412f8b7d0b80a25!8m2!3d41.4708515!4d-71.3229553!16s%2Fg%2F1v8j1g8g!19sChIJZQiLXY-l5YkRJQq40Lf4ElQ,Village House Nursing & Rehabilitation Center,3.7,12,Nursing home,"70 Harrison Ave, Newport, RI 02840, United States","FMCG+8R Newport, Rhode Island, USA",https://www.healthconceptsltd.com/village-house/,+1 401-849-5222,Open 24 hours,https://lh3.googleusercontent.com/p/AF1QipN7-9KB-S3qOdpmPoxLIkPqwZH29wCBL5QLVSsk=w408-h272-k-no,true,Open 24 hours,Open 24 hours,Open 24 hours,Open 24 hours,Open 24 hours,Open 24 hours,Open 24 hours,"https://www.google.com/maps/search/Hospice+clinics+in+Newport+Providence+RI/@41.491756,-71.3118637,14z",2025-09-17T23:46:41.296Z,,
https://www.google.com/maps/place/St.+Clare%E2%80%93Newport/data=!4m7!3m6!1s0x89e5af670a1830d1:0xa1e138a9cf79a4ba!8m2!3d41.4824792!4d-71.313177!16s%2Fg%2F1tk1n_v0!19sChIJ0TAYCmev5YkRuqR5z6k44aE,St. Clare–Newport,4.3,28,Nursing home,"309 Spring St Suite A, Newport, RI 02840, United States","FMJP+XP Newport, Rhode Island, USA",http://stclarenewport.com/,+1 401-849-3204,,https://lh3.googleusercontent.com/gps-cs-s/AC9h4nraGJetCSyWxEO4-vVACT0ArYTFCtGWBCYq1FaCIO5XaFCPfx7WDZwQJcDEaAJQFWm00uPuVlt_S-GkMQyQ-FWZrzxmL5rFuSCENHMM2q4wq5zFnzBt8ufTYHrOgM1EYXOjg4xl6w=w408-h272-k-no,false,,,,,,,,"https://www.google.com/maps/search/Hospice+clinics+in+Newport+Providence+RI/@41.491756,-71.3118637,14z",2025-09-17T23:46:43.592Z,,
https://www.google.com/maps/place/Hospice+of+Newport+%26+Bristol/data=!4m7!3m6!1s0x89e5ab1aaaaaaaab:0x62d11434c6dde88c!8m2!3d41.4840019!4d-71.305676!16s%2Fg%2F1tg2fhw4!19sChIJq6qqqhqr5YkRjOjdxjQU0WI,Hospice of Newport & Bristol,,,,"21 Chapel St, Newport, RI 02840, United States","FMMV+JP Newport, Rhode Island, USA",,+1 401-682-2100,Permanently closed,https://streetviewpixels-pa.googleapis.com/v1/thumbnail?panoid=Er2_DPdcCaeaAxBnYSAjIg&cb_client=search.gws-prod.gps&w=408&h=240&yaw=237.05516&pitch=0&thumbfov=100,false,,,,,,,,"https://www.google.com/maps/search/Hospice+clinics+in+Newport+Providence+RI/@41.491756,-71.3118637,14z",2025-09-17T23:46:47.943Z,,
"https://www.google.com/maps/place/St+Joseph+Health+Services/@41.8557855,-71.4600838,17z/data=!3m1!4b1!4m6!3m5!1s0x89e4443759a643c9:0x45009dcc0fec0b82!8m2!3d41.8557855!4d-71.4600838!16s%2Fg%2F12q4wspnx",St Joseph Health Services,5.0,1,Medical clinic,"200 High Service Ave, North Providence, RI 02904, United States","VG4Q+8X North Providence, Rhode Island, USA",http://www.fatimahospital.com/,+1 401-456-3000,,,false,,,,,,,,"https://www.google.com/maps/search/Hospice+clinics+in+North+Providence+Providence+RI/@41.8535518,-71.4676639,14z",2025-09-17T23:47:01.023Z,,
https://www.google.com/maps/place/TPC+Associates/data=!4m7!3m6!1s0x89e4456ec8e63d8d:0x1fc6f0751f70154f!8m2!3d41.8135109!4d-71.4127481!16s%2Fg%2F1tc_m4vh!19sChIJjT3myG5F5IkRTxVwH3Xwxh8,TPC Associates,,,Hospice,"101 Plain St, Providence, RI 02903, United States","RH7P+CW Providence, Rhode Island, USA",,+1 401-273-7899,,https://streetviewpixels-pa.googleapis.com/v1/thumbnail?panoid=AaJz3vhTflMaJN83fCRdug&cb_client=search.gws-prod.gps&w=408&h=240&yaw=44.29388&pitch=0&thumbfov=100,false,,,,,,,,"https://www.google.com/maps/search/Hospice+clinics+in+North+Providence+Providence+RI/@41.8535518,-71.4676639,14z",2025-09-17T23:47:03.233Z,,
https://www.google.com/maps/place/Care+Dimensions+Hospice+House/data=!4m7!3m6!1s0x89e39c97a72f551b:0x372b9779abb89be4!8m2!3d42.4105449!4d-71.2747331!16s%2Fg%2F11f3_mb7gc!19sChIJG1Uvp5ec44kR5Ju4q3mXKzc,Care Dimensions Hospice House,4.4,30,Hospice,"125 Winter St, Lincoln, MA 01773, United States","CP6G+64 Lincoln, Massachusetts, USA",http://www.caredimensions.org/,+1 888-283-1722,Open 24 hours,https://lh3.googleusercontent.com/gps-cs-s/AC9h4nqt8uLBQERDyKnGWNcGfye1vSVoLF4U-iEag9XRCU5EO7T9JO1YhbC4Ml1cBlOznfepmEps5-JinmcMQ_0-PwsL9a42oDYs8p8vFWHab97k-N3EB2MLSMfO3FQMNf55kWTu95q7fw=w408-h306-k-no,true,Open 24 hours,Open 24 hours,Open 24 hours,Open 24 hours,Open 24 hours,Open 24 hours,Open 24 hours,"https://www.google.com/maps/search/Hospice+clinics+in+Lincoln+Providence+RI/@42.4259283,-71.3039469,14z",2025-09-17T23:47:16.303Z,,
https://www.google.com/maps/place/Nurse+On+Call+Rhode+Island/data=!4m7!3m6!1s0x89e443867d9efbbd:0x2ff892023818905c!8m2!3d41.9366912!4d-71.4608546!16s%2Fg%2F11c3svkdkq!19sChIJvfuefYZD5IkRXJAYOAKS-C8,Nurse On Call Rhode Island,3.3,4,Assisted living facility,"640 George Washington Hwy Building C, Suite 104, Lincoln, RI 02865, United States","WGPQ+MM Lincoln, Rhode Island, USA",https://lhcgroup.com/locations/nurse-on-call-lincoln/,+1 401-726-7744,"Closed ⋅ Opens 8 am Thu

Updated by this business 1 week ago",https://streetviewpixels-pa.googleapis.com/v1/thumbnail?panoid=Xz77m101plh1oskmkiff6Q&cb_client=search.gws-prod.gps&w=408&h=240&yaw=320.57355&pitch=0&thumbfov=100,true,8 am–4:30 pm,8 am–4:30 pm,8 am–4:30 pm,Closed,Closed,8 am–4:30 pm,8 am–4:30 pm,"https://www.google.com/maps/search/Hospice+clinics+in+Lincoln+Providence+RI/@42.4259283,-71.3039469,14z",2025-09-17T23:47:20.743Z,,
https://www.google.com/maps/place/Care+Dimensions+%28Employee+Drop+Off+Location+Only;+No+Public+Access%29/data=!4m7!3m6!1s0x89e39ce91b763b55:0x33e63b53382c638!8m2!3d42.407906!4d-71.255187!16s%2Fg%2F11c2p7qzjx!19sChIJVTt2G-mc44kROMaCM7VjPgM,Care Dimensions (Employee Drop Off Location Only; No Public Access),,,Hospice,"333 Wyman St #100, Waltham, MA 02451, United States","CP5V+5W Waltham, Massachusetts, USA",http://www.caredimensions.org/,+1 888-283-1722,,https://lh3.googleusercontent.com/p/AF1QipMgqGU6nLuvrtcNaIMVzzXUUND20unV3kPaVf8P=w408-h326-k-no,true,,,,,,,,"https://www.google.com/maps/search/Hospice+clinics+in+Lincoln+Providence+RI/@42.4259283,-71.3039469,14z",2025-09-17T23:47:23.181Z,,
https://www.google.com/maps/place/Good+Shepherd+Community+Care/data=!4m7!3m6!1s0x89e383b65616d643:0x21a614244f85b756!8m2!3d42.2934032!4d-71.1979526!16s%2Fg%2F1v5_bfqj!19sChIJQ9YWVraD44kRVreFTyQUpiE,Good Shepherd Community Care,4.3,17,Hospice,"160 Wells Ave, Newton, MA 02459, United States","7RV2+9R Newton, Massachusetts, USA",http://www.gscommunitycare.org/,+1 617-969-6130,Open 24 hours,https://lh3.googleusercontent.com/p/AF1QipMIaqlfpUSHjuu5LfaN8SJqm4OfcoS5MeATS5wT=w408-h331-k-no,true,Open 24 hours,Open 24 hours,Open 24 hours,Open 24 hours,Open 24 hours,Open 24 hours,Open 24 hours,"https://www.google.com/maps/search/Hospice+clinics+in+Lincoln+Providence+RI/@42.4259283,-71.3039469,14z",2025-09-17T23:47:27.528Z,,
https://www.google.com/maps/place/High+Pointe+House/data=!4m7!3m6!1s0x89e30206011bdd33:0x98259e9bbe0fdde2!8m2!3d42.8061943!4d-71.0886001!16s%2Fg%2F1vnrm09v!19sChIJM90bAQYC44kR4t0PvpueJZg,High Pointe House,4.6,37,Hospice,"360 North Ave, Haverhill, MA 01830, United States","RW46+FH Haverhill, Massachusetts, USA",https://www.tuftsmedicine.org/get-care/locations/high-pointe-house?utm_source=Yext&utm_medium=Listings%20Management,+1 978-377-9100,"Open 24 hours

Confirmed by this business 5 weeks ago",https://lh3.googleusercontent.com/gps-cs-s/AC9h4nrCkpw608QydrC2DTj0mxneBv6FqAw0uHysHZGV5LY8a00aLVGaxkcQd_FXPtzfRQKc-iI4E9bNdFH96R5LCGG5fubCaWM_yQnocY9Kz_5z21BR-AqM4AHqopifuYnM5i20JHvgPg=w408-h544-k-no,true,Open 24 hours,Open 24 hours,Open 24 hours,Open 24 hours,Open 24 hours,Open 24 hours,Open 24 hours,"https://www.google.com/maps/search/Hospice+clinics+in+Lincoln+Providence+RI/@42.4259283,-71.3039469,14z",2025-09-17T23:47:31.931Z,,
https://www.google.com/maps/place/Comfort+Keepers+Home+Care/data=!4m7!3m6!1s0x89e44238f20622b9:0x8d01ed785aac1c46!8m2!3d41.8870447!4d-71.4390771!16s%2Fg%2F11b6215krr!19sChIJuSIG8jhC5IkRRhysWnjtAY0,Comfort Keepers Home Care,4.3,28,Home health care service,"1525 Old Louisquisset Pike c201, Lincoln, RI 02865, United States","VHP6+R9 Lincoln, Rhode Island, USA",https://www.comfortkeepers.com/offices/rhode-island/lincoln/,+1 401-349-0888,"Open 24 hours

Confirmed by this business 8 weeks ago",https://lh3.googleusercontent.com/p/AF1QipOjNGOb9Ey7oNiwJgnIEdfAkyQNAom_D4k9X2fr=w685-h240-k-no,true,Open 24 hours,Open 24 hours,Open 24 hours,Open 24 hours,Open 24 hours,Open 24 hours,Open 24 hours,"https://www.google.com/maps/search/Hospice+clinics+in+Lincoln+Providence+RI/@42.4259283,-71.3039469,14z",2025-09-17T23:47:36.366Z,,
"https://www.google.com/maps/place/First+Choice+Healthcare,+Inc./data=!4m7!3m6!1s0x89e37852b7e1cb53:0xb7af7b1ac385ebbf!8m2!3d42.3565892!4d-71.186022!16s%2Fg%2F11f63xqbq1!19sChIJU8vht1J444kRv-uFwxp7r7c","First Choice Healthcare, Inc.",5.0,25,Hospice,"300 Washington St, Newton, MA 02458, United States","9R47+JH Newton, Massachusetts, USA",http://www.firstchoicehealthcare.org/,+1 617-738-1113,"Closed ⋅ Opens 9 am Thu

Updated by others 4 weeks ago",https://lh3.googleusercontent.com/p/AF1QipPTUs39KVBMkjLlof39LlZb8WyOg8h64QADRPVH=w408-h272-k-no,true,9 am–5 pm,9 am–5 pm,9 am–5 pm,Closed,Closed,9 am–5 pm,9 am–5 pm,"https://www.google.com/maps/search/Hospice+clinics+in+Lincoln+Providence+RI/@42.4259283,-71.3039469,14z",2025-09-17T23:47:40.864Z,,
https://www.google.com/maps/place/Care+New+England+Health+System/data=!4m7!3m6!1s0x89e4456874637a05:0x44bcd1d60aa54f20!8m2!3d41.809569!4d-71.407878!16s%2Fg%2F1tfrc5xz!19sChIJBXpjdGhF5IkRIE-lCtbRvEQ,Care New England Health System,2.1,7,General hospital,"45 Willard Ave, Providence, RI 02905, United States","RH5R+RR Providence, Rhode Island, USA",http://www.carenewengland.org/,+1 401-453-7900,,https://streetviewpixels-pa.googleapis.com/v1/thumbnail?panoid=ZapzKasXy1eMp7Cd1v8xyQ&cb_client=search.gws-prod.gps&w=408&h=240&yaw=302.23523&pitch=0&thumbfov=100,false,,,,,,,,"https://www.google.com/maps/search/Hospice+clinics+in+Blackstone+Street+Providence+RI/@41.8093827,-71.4127762,14z",2025-09-17T23:47:51.307Z,,
https://www.google.com/maps/place/Women+%26+Infants+Radiation/data=!4m7!3m6!1s0x89e4456816b0a15d:0x10a8cc8339e61bf9!8m2!3d41.8103838!4d-71.4069485!16s%2Fg%2F1260_yxrq!19sChIJXaGwFmhF5IkR-RvmOYPMqBA,Women & Infants Radiation,,,Women's health clinic,"1 Blackstone St, Providence, RI 02903, United States","RH6V+56 Providence, Rhode Island, USA",http://www.womenandinfants.org/,+1 401-453-7540,,https://streetviewpixels-pa.googleapis.com/v1/thumbnail?panoid=UH8yYgCkpB5qKQeeewqxsw&cb_client=search.gws-prod.gps&w=408&h=240&yaw=83.81483&pitch=0&thumbfov=100,false,,,,,,,,"https://www.google.com/maps/search/Hospice+clinics+in+Blackstone+Street+Providence+RI/@41.8093827,-71.4127762,14z",2025-09-17T23:47:53.653Z,,
https://www.google.com/maps/place/Bright+Horizons+at+Rhode+Island+Hospital/data=!4m7!3m6!1s0x89e44565f3d101bf:0x556f77149cb346bd!8m2!3d41.809799!4d-71.4134184!16s%2Fg%2F1tlbklfm!19sChIJvwHR82VF5IkRvUaznBR3b1U,Bright Horizons at Rhode Island Hospital,4.2,9,Day care center,"225 Blackstone St, Providence, RI 02905, United States","RH5P+WJ Providence, Rhode Island, USA",https://child-care-preschool.brighthorizons.com/ri/providence/rih?utm_source=google&utm_medium=organic&utm_campaign=gmb&utm_term=weblink&utm_content=centerwebsite&IMS_SOURCE_SPECIFY=google%7Corganic%7Cgmb%7Cweblink%7Ccenterwebsite,+1 401-868-4352,"Closed ⋅ Opens 6:30 am Thu

Confirmed by this business 3 weeks ago",https://lh3.googleusercontent.com/p/AF1QipOwx4kyzhVXc1GQRk6S1-T7C-3bgr5U4-metW8n=w408-h272-k-no,true,6:30 am–6 pm,6:30 am–6 pm,6:30 am–6 pm,Closed,Closed,6:30 am–6 pm,6:30 am–6 pm,"https://www.google.com/maps/search/Hospice+clinics+in+Blackstone+Street+Providence+RI/@41.8093827,-71.4127762,14z",2025-09-17T23:47:58.038Z,,
https://www.google.com/maps/place/Wingate+Residences+on+Blackstone+Boulevard/data=!4m7!3m6!1s0x89e45b33465a8d4b:0x37113c3bec21e6f3!8m2!3d41.8472104!4d-71.3814891!16s%2Fg%2F1tdqpnyc!19sChIJS41aRjNb5IkR8-Yh7Ds8ETc,Wingate Residences on Blackstone Boulevard,4.4,29,Assisted living facility,"353 Blackstone Blvd, Providence, RI 02906, United States","RJW9+VC Providence, Rhode Island, USA",http://wingateliving.com/,+1 401-273-6565,Open 24 hours,https://lh3.googleusercontent.com/p/AF1QipOGRcJ3nLIXz-WdeFBZd2KasMgPJ29bRNkD4zEW=w408-h271-k-no,true,Open 24 hours,Open 24 hours,Open 24 hours,Open 24 hours,Open 24 hours,Open 24 hours,Open 24 hours,"https://www.google.com/maps/search/Hospice+clinics+in+Blackstone+Street+Providence+RI/@41.8093827,-71.4127762,14z",2025-09-17T23:48:02.561Z,,
https://www.google.com/maps/place/Women+%26+Infants%27+Breast+Health+Center/data=!4m7!3m6!1s0x89e4452aa3e2b9eb:0xc4bc80472f6087f5!8m2!3d41.810368!4d-71.4069539!16s%2Fg%2F1tcx2k1b!19sChIJ67nioypF5IkR9YdgL0eAvMQ,Women & Infants' Breast Health Center,4.2,11,Women's health clinic,"1 Blackstone St #2, Providence, RI 02905, United States","RH6V+46 Providence, Rhode Island, USA",https://www.womenandinfants.org/services/breast-health,+1 401-453-7540,"Closed ⋅ Opens 8 am Thu

Updated by others 2 weeks ago",https://streetviewpixels-pa.googleapis.com/v1/thumbnail?panoid=dGiD36KwSq0_M6B9O4RI3Q&cb_client=search.gws-prod.gps&w=408&h=240&yaw=351.66238&pitch=0&thumbfov=100,false,8 am–4:30 pm,8 am–4:30 pm,8 am–4:30 pm,Closed,Closed,8 am–4:30 pm,8 am–4:30 pm,"https://www.google.com/maps/search/Hospice+clinics+in+Blackstone+Street+Providence+RI/@41.8093827,-71.4127762,14z",2025-09-17T23:48:07.015Z,,
https://www.google.com/maps/place/Co+operative+Care+Center/data=!4m7!3m6!1s0x89e4456841b82ff5:0xf05e03e5b107799c!8m2!3d41.8103278!4d-71.4081682!16s%2Fg%2F11dftkkpys!19sChIJ9S-4QWhF5IkRnHkHseUDXvA,Co operative Care Center,3.4,15,Hospital,"2 Dudley St, Providence, RI 02905, United States","RH6R+4P Providence, Rhode Island, USA",,+1 401-444-4000,Open 24 hours,https://lh3.googleusercontent.com/gps-cs-s/AC9h4nr5mqLQJ60UV0dK9BzkMvZebjck5fNz8aKLdMlmmO48QZ0mNF-ddyBh9HSN7bVNwaZ30UiKEN-OWdiiXYZlGV1S81n07MrNozNVwpTXynXFKI5VAn4yr3uYxH9YBzZrQYFbuI4p=w408-h306-k-no,false,Open 24 hours,Open 24 hours,Open 24 hours,Open 24 hours,Open 24 hours,Open 24 hours,Open 24 hours,"https://www.google.com/maps/search/Hospice+clinics+in+College+Hill+Providence+RI/@41.8301567,-71.4032189,14z",2025-09-17T23:48:20.096Z,,
https://www.google.com/maps/place/Andrew+F.+Anderson+Emergency+Center+at+Rhode+Island+Hospital/data=!4m7!3m6!1s0x89e44569ab2b15ef:0x7eb9105f8c3b5bba!8m2!3d41.8103111!4d-71.4089125!16s%2Fm%2F027kpsb!19sChIJ7xUrq2lF5IkRuls7jF8QuX4,Andrew F. Anderson Emergency Center at Rhode Island Hospital,1.7,341,Emergency room,"80 Dudley St, Providence, RI 02905, United States","RH6R+4C Providence, Rhode Island, USA",https://www.brownhealth.org/centers-services/emergency-services-rhode-island-hospital,+1 401-444-4000,Open 24 hours,https://lh3.googleusercontent.com/gps-cs-s/AC9h4npnhZ0h3oWKtw0chnKVMEX-aD88ZkCzgVhSPDAAvpDBI0mhcgQ66FQ4BRFOObeixM8F0oDOmoTEFPcSgSiY0MP4Gwtow_MZuGmxkBQDSeZsrvdyAOUuv-Map7A55jEv-F6hXgw-RZiF7AA=w408-h306-k-no,true,Open 24 hours,Open 24 hours,Open 24 hours,Open 24 hours,Open 24 hours,Open 24 hours,Open 24 hours,"https://www.google.com/maps/search/Hospice+clinics+in+College+Hill+Providence+RI/@41.8301567,-71.4032189,14z",2025-09-17T23:48:24.557Z,,
"https://www.google.com/maps/place/Edward+Martin,+MD/data=!4m7!3m6!1s0x89e444c3b63be573:0xd6dd422afe82cc3b!8m2!3d41.8498461!4d-71.4020534!16s%2Fg%2F1hc1sv268!19sChIJc-U7tsNE5IkRO8yC_ipC3dY","Edward Martin, MD",,,Doctor,"1085 N Main St, Providence, RI 02904, United States","RHXX+W5 Providence, Rhode Island, USA",https://www.brownhealth.org/providers/edward-w-martin-md,+1 401-351-5570,Closed ⋅ Opens 8:30 am Thu,https://streetviewpixels-pa.googleapis.com/v1/thumbnail?panoid=Ej-5two-AQX1CCPHhI481Q&cb_client=search.gws-prod.gps&w=408&h=240&yaw=206.01413&pitch=0&thumbfov=100,true,8:30 am–4:30 pm,8:30 am–4:30 pm,8:30 am–4:30 pm,Closed,Closed,8:30 am–4:30 pm,8:30 am–4:30 pm,"https://www.google.com/maps/search/Hospice+clinics+in+College+Hill+Providence+RI/@41.8301567,-71.4032189,14z",2025-09-17T23:48:28.918Z,,
https://www.google.com/maps/place/Brown+University+School+of+Public+Health/data=!4m7!3m6!1s0x89e445b2b880b729:0x7b544cd3a9f4d649!8m2!3d41.8239593!4d-71.4068603!16s%2Fg%2F11m9zl5sbr!19sChIJKbeAuLJF5IkRSdb0qdNMVHs,Brown University School of Public Health,4.8,10,Graduate school,"121 S Main St, Providence, RI 02903, United States","RHFV+H7 Providence, Rhode Island, USA",https://sph.brown.edu/,+1 401-863-3375,,https://lh3.googleusercontent.com/p/AF1QipMilfWFF_UjnsSM1SDruN0V3t4RDF5Uh9Ktny60=w408-h272-k-no,true,,,,,,,,"https://www.google.com/maps/search/Hospice+clinics+in+College+Hill+Providence+RI/@41.8301567,-71.4032189,14z",2025-09-17T23:48:31.213Z,LGBTQ+ friendly,
https://www.google.com/maps/place/Armory+Animal+Hospital/data=!4m7!3m6!1s0x89e4459df7211557:0xba208002fb5430a1!8m2!3d41.8171152!4d-71.4302252!16s%2Fg%2F11fx7wzb20!19sChIJVxUh951F5IkRoTBU-wKAILo,Armory Animal Hospital,4.7,101,Veterinarian,"1275 Westminster St, Providence, RI 02909, United States","RH89+RW Providence, Rhode Island, USA",http://armoryanimalhospital.com/,+1 401-648-0009,"Closed ⋅ Opens 8:30 am Thu

Updated by this business 2 weeks ago",https://lh3.googleusercontent.com/gps-cs-s/AC9h4no3FnIeM3035u5Qcqsd_jdpOLHtnnbKvsEGLJ2O7F_9AmlENIQly6ouB-yvsgImKyCRKY6MfsA0I8ofvlrMoRiX3aZePFeBWSYQruRllw85Z0eMmMnW6kdhBpNCR_X56i6_xb8VHg=w408-h544-k-no,true,8:30 am–4 pm,8:30 am–5 pm,8:30 am–5 pm,Closed,Closed,8:30 am–5 pm,8:30 am–5 pm,"https://www.google.com/maps/search/Hospice+clinics+in+College+Hill+Providence+RI/@41.8301567,-71.4032189,14z",2025-09-17T23:48:35.568Z,,
https://www.google.com/maps/place/Greenville+Center/data=!4m7!3m6!1s0x89e4389ef56edfdb:0xb71dde0b453597c7!8m2!3d41.8813176!4d-71.5753863!16s%2Fg%2F1tfrnc02!19sChIJ299u9Z445IkRx5c1RQveHbc,Greenville Center,4.0,63,Nursing home,"735 Putnam Pike, Greenville, RI 02828, United States","VCJF+GR Greenville, Smithfield, RI, USA",https://greenvillernc.com/,+1 401-949-1200,Open 24 hours,https://lh3.googleusercontent.com/p/AF1QipODVF-zI1Nj8J_zPnugF7a8Q9vrOxQKrOI8KVqo=w408-h272-k-no,true,Open 24 hours,Open 24 hours,Open 24 hours,Open 24 hours,Open 24 hours,Open 24 hours,Open 24 hours,"https://www.google.com/maps/search/Hospice+clinics+in+Smithfield+Providence+RI/@41.9220496,-71.5495101,14z",2025-09-17T23:48:48.852Z,,
https://www.google.com/maps/place/The+Care+Concierge+Senior+Living+Advisors/data=!4m7!3m6!1s0x89e46a933e2eaaab:0x696391d6ada5bcb9!8m2!3d41.9774316!4d-71.5115143!16s%2Fg%2F11s0sknslz!19sChIJq6ouPpNq5IkRubylrdaRY2k,The Care Concierge Senior Living Advisors,5.0,31,Health consultant,"250 Eddie Dowling Hwy Suite #6, North Smithfield, RI 02896, United States","XFGQ+X9 North Smithfield, Rhode Island, USA",,+1 401-488-4935,Open 24 hours,https://lh3.googleusercontent.com/p/AF1QipMubUDK1TXJbupDchbherjoqCcF3ifEIDZR-ViT=w408-h306-k-no,true,Open 24 hours,Open 24 hours,Open 24 hours,Closed,Closed,Open 24 hours,Open 24 hours,"https://www.google.com/maps/search/Hospice+clinics+in+Smithfield+Providence+RI/@41.9220496,-71.5495101,14z",2025-09-17T23:48:53.328Z,,
https://www.google.com/maps/place/St+Antoine+Residence/data=!4m7!3m6!1s0x89e46aefdc421cb5:0x842dd76ab40af656!8m2!3d42.0022615!4d-71.5380947!16s%2Fg%2F1tdxg9mm!19sChIJtRxC3O9q5IkRVvYKtGrXLYQ,St Antoine Residence,4.3,67,Nursing home,"10 Rhodes Ave No, North Smithfield, RI 02896, United States","2F26+WQ North Smithfield, Rhode Island, USA",http://www.stantoine.net/,+1 401-767-3500,Open 24 hours,https://lh3.googleusercontent.com/gps-cs-s/AC9h4nqlIs0k87U9vNAWuKRvTGHOafhRQCRCp0Vl-SSuPyexzstpIQemclm97NirvIczNSypI61-69milIciYB3iPGSrkkZOovvbk9RMfLXUhAodnQnfE8vWENMNhuYqsggbOl0QhfftOw=w408-h272-k-no,true,Open 24 hours,Open 24 hours,Open 24 hours,Open 24 hours,Open 24 hours,Open 24 hours,Open 24 hours,"https://www.google.com/maps/search/Hospice+clinics+in+Smithfield+Providence+RI/@41.9220496,-71.5495101,14z",2025-09-17T23:48:57.774Z,,
https://www.google.com/maps/place/Oakland+Grove+Health+Care+Center/data=!4m7!3m6!1s0x89e46a31d7e1115b:0x73b8059508feca87!8m2!3d41.9985532!4d-71.4893718!16s%2Fm%2F0r3rptr!19sChIJWxHh1zFq5IkRh8r-CJUFuHM,Oakland Grove Health Care Center,3.5,39,Nursing home,"560 Cumberland Hill Rd, Woonsocket, RI 02895, United States","XGX6+C7 Woonsocket, Rhode Island, USA",http://oaklandgrovehealthcare.com/,+1 401-769-0800,Open 24 hours,https://lh3.googleusercontent.com/p/AF1QipP4QCNokxZSQRilzc7zbKbnnR7K-ywmcUPRXgvE=w408-h272-k-no,true,Open 24 hours,Open 24 hours,Open 24 hours,Open 24 hours,Open 24 hours,Open 24 hours,Open 24 hours,"https://www.google.com/maps/search/Hospice+clinics+in+Smithfield+Providence+RI/@41.9220496,-71.5495101,14z",2025-09-17T23:49:02.198Z,,
https://www.google.com/maps/place/The+Friendly+Home+Inc/data=!4m7!3m6!1s0x89e46afb0a559fc1:0x42c75d6799f98e1c!8m2!3d42.0063873!4d-71.5339024!16s%2Fg%2F1tjh0d0c!19sChIJwZ9VCvtq5IkRHI75mWddx0I,The Friendly Home Inc,4.4,99,Nursing home,"303 Rhodes Ave, Woonsocket, RI 02895, United States","2F48+HC Woonsocket, Rhode Island, USA",http://thefriendlynursinghome.com/,+1 401-769-7220,,https://lh3.googleusercontent.com/p/AF1QipOOpsB3VlL3EKV35FEFR3vhwUFkcJGKL3gsKy6U=w427-h240-k-no,true,,,,,,,,"https://www.google.com/maps/search/Hospice+clinics+in+Smithfield+Providence+RI/@41.9220496,-71.5495101,14z",2025-09-17T23:49:04.634Z,,
https://www.google.com/maps/place/Wellnorth+Medical+-+Primary+Care/data=!4m7!3m6!1s0x89e469e7fa45a149:0xa603404c110eb79f!8m2!3d41.863338!4d-71.450427!16s%2Fg%2F1tdfzrd0!19sChIJSaFF-udp5IkRn7cOEUxAA6Y,Wellnorth Medical - Primary Care,3.0,47,Family practice physician,"1630 Mineral Spring Ave #2, North Providence, RI 02904, United States","VG7X+8R North Providence, Rhode Island, USA",http://wellnorthmedical.com/,+1 401-353-7330,Closed ⋅ Opens 9 am Thu,https://lh3.googleusercontent.com/gps-cs-s/AC9h4npL0h5Q0QkSZ6qXehQurI3oGLsbGtlzAWvLDioCFGh3TkNCLOTyFBakBxwQ3uq6rBVM5IBDnRPb7tAFLLb8myBMd2pndPigU8AODiJ5vcELrerHZD5y1-Bp_7daRoRXuueDaZeVaQ=w408-h290-k-no,true,9 am–4 pm,9 am–4 pm,9 am–4 pm,Closed,Closed,9 am–4 pm,9 am–4 pm,"https://www.google.com/maps/search/Hospice+clinics+in+Fox+Point+Providence+RI/@41.8200833,-71.3945471,14z",2025-09-17T23:49:17.560Z,,
https://www.google.com/maps/place/Providence+Comprehensive+Treatment+Center/data=!4m7!3m6!1s0x89e44ff577395d45:0x2d3121b87197b83a!8m2!3d41.7982918!4d-71.4034872!16s%2Fg%2F1tfn3rw1!19sChIJRV05d_VP5IkROriXcbghMS0,Providence Comprehensive Treatment Center,4.3,52,Addiction treatment center,"66 Pavilion Ave, Providence, RI 02905, United States","QHXW+8J Providence, Rhode Island, USA",https://www.ctcprograms.com/location/providence-comprehensive-treatment-center/?utm_source=GMB&utm_medium=organic&utm_campaign=listing&utm_term=brand&y_source=1_NTUzMzYxMy03MTUtbG9jYXRpb24ud2Vic2l0ZQ%3D%3D,+1 401-337-8205,Closed ⋅ Opens 5:30 am Thu,https://lh3.googleusercontent.com/p/AF1QipNUB1D8w8ClijVKlZb_jEl27JXXl5F9tSfUlh2P=w408-h306-k-no,true,5:30 am–2 pm,5:30 am–2 pm,5:30 am–2 pm,6–10 am,Closed,5:30 am–2 pm,5:30 am–2 pm,"https://www.google.com/maps/search/Hospice+clinics+in+Fox+Point+Providence+RI/@41.8200833,-71.3945471,14z",2025-09-17T23:49:21.886Z,,
https://www.google.com/maps/place/Arches+Medical+-+East+Providence/data=!4m7!3m6!1s0x89e445ed4750bd6d:0x75c0948f457e6549!8m2!3d41.807775!4d-71.384143!16s%2Fg%2F11s_z5sj77!19sChIJbb1QR-1F5IkRSWV-RY-UwHU,Arches Medical - East Providence,4.5,254,Medical clinic,"450 Veterans Memorial Pkwy #15B, East Providence, RI 02914, United States","RJ58+48 East Providence, Rhode Island, USA",https://www.archesmed.com/locations-1/arches-medical-east-providence,+1 401-434-3350,Closed ⋅ Opens 8 am Thu,https://lh3.googleusercontent.com/gps-cs-s/AC9h4nqmBJv2GGLWJdt-DER9CA11d0JjumTbsWRC9Bv4qPND9n6KxJ8-cEw2KmgFF4nIiwl5gWFUoCTKtZMCfxMr9VuQKRLHkr17S5UtUH4DEH-hLFhFuzycTVq4mMO-SkTw2wnhk-lj=w408-h544-k-no,true,8 am–4 pm,8 am–4 pm,8 am–4 pm,Closed,Closed,8 am–4 pm,8 am–4 pm,"https://www.google.com/maps/search/Hospice+clinics+in+Exeter+Providence+RI/@41.8245558,-71.414199,14z",2025-09-17T23:49:35.226Z,,
https://www.google.com/maps/place/Planned+Parenthood+-+Providence+Health+Center/data=!4m7!3m6!1s0x89e44514c518500b:0x23517bfa8ab17885!8m2!3d41.817509!4d-71.417824!16s%2Fg%2F1tr7kds4!19sChIJC1AYxRRF5IkRhXixivp7USM,Planned Parenthood - Providence Health Center,3.5,72,Reproductive health clinic,"175 Broad St, Providence, RI 02903, United States","RH9J+2V Providence, Rhode Island, USA",https://www.plannedparenthood.org/health-center/rhode-island/providence/02903/providence-health-center-3362-90220?utm_campaign=providence-health-center&utm_medium=organic&utm_source=local-listing,+1 401-421-9620,"Closed ⋅ Opens 9 am Thu

Confirmed by this business 5 weeks ago",https://lh3.googleusercontent.com/p/AF1QipNri4EzqUHPtyU3yFRrmk0UPXe0WRgPEYIRUmy5=w408-h300-k-no,true,9 am–5 pm,9 am–5 pm,8 am–4 pm,8 am–3 pm,Closed,10 am–6 pm,8 am–4 pm,"https://www.google.com/maps/search/Hospice+clinics+in+Exeter+Providence+RI/@41.8245558,-71.414199,14z",2025-09-17T23:49:39.759Z,LGBTQ+ friendly,
https://www.google.com/maps/place/CharterCARE+Home+Health+Services/data=!4m7!3m6!1s0x89e445a915d49947:0x625bd186d7cb8853!8m2!3d41.836401!4d-71.4345264!16s%2Fg%2F11f54tlctt!19sChIJR5nUFalF5IkRU4jL14bRW2I,CharterCARE Home Health Services,3.2,5,Home health care service,"50 Maude St, Providence, RI 02908, United States","RHP8+H5 Providence, Rhode Island, USA",http://www.chartercare.org/,+1 401-456-2273,,https://streetviewpixels-pa.googleapis.com/v1/thumbnail?panoid=_UfVPnOqV7dEG0PTSWGMFQ&cb_client=search.gws-prod.gps&w=408&h=240&yaw=236.23097&pitch=0&thumbfov=100,true,,,,,,,,"https://www.google.com/maps/search/Hospice+clinics+in+Exeter+Providence+RI/@41.8245558,-71.414199,14z",2025-09-17T23:49:42.068Z,,
https://www.google.com/maps/place/FirstLight+Home+Care+of+Seekonk/data=!4m7!3m6!1s0x89e45b06f81be2d7:0x9b61dc5f3a9c89c7!8m2!3d41.829878!4d-71.309273!16s%2Fg%2F11m5h5md44!19sChIJ1-Ib-AZb5IkRx4mcOl_cYZs,FirstLight Home Care of Seekonk,5.0,9,Home health care service,"25 Lake St, Seekonk, MA 02771, United States","RMHR+X7 Seekonk, Massachusetts, USA",https://www.firstlighthomecare.com/home-healthcare-seekonk/?utm_source=google&utm_medium=organic&utm_campaign=gbp,+1 508-343-1235,Open 24 hours,https://lh3.googleusercontent.com/p/AF1QipOmgRfmRNZNnm8D4twpdT4ayhwfatSZdSkXx4Um=w408-h509-k-no,true,Open 24 hours,Open 24 hours,Open 24 hours,Open 24 hours,Open 24 hours,Open 24 hours,Open 24 hours,"https://www.google.com/maps/search/Hospice+clinics+in+Seekonk+Providence+RI/@41.808434,-71.3369972,14z",2025-09-17T23:49:54.887Z,,
https://www.google.com/maps/place/Bristol+County+Veterinary+Hospital/data=!4m7!3m6!1s0x89e45af912055e7d:0x99a2dce2b7bf6882!8m2!3d41.8199289!4d-71.3390461!16s%2Fg%2F1t_tl9ll!19sChIJfV4FEvla5IkRgmi_t-Lcopk,Bristol County Veterinary Hospital,4.8,263,Veterinarian,"288 Fall River Ave, Seekonk, MA 02771, United States","RM96+X9 Seekonk, Massachusetts, USA",https://bristolcountyvet.com/,+1 508-336-3381,Closed ⋅ Opens 8 am Thu,https://lh3.googleusercontent.com/p/AF1QipMSUXbDiG6i3Rp-MFkizqd_DmuJnus60HxNHTWo=w408-h257-k-no,true,"8 am–1:30 pm, 2–6 pm","8 am–1:30 pm, 2–7 pm","8 am–1:30 pm, 2–6 pm",Closed,Closed,"8 am–1:30 pm, 2–6 pm","8 am–1:30 pm, 2–7 pm","https://www.google.com/maps/search/Hospice+clinics+in+Seekonk+Providence+RI/@41.808434,-71.3369972,14z",2025-09-17T23:49:59.471Z,,
https://www.google.com/maps/place/St.+Camillus+Palliative+Care/data=!4m7!3m6!1s0x88583128023a1f9f:0x6bd9e29fefbcdcdb!8m2!3d34.8399507!4d-82.4202747!16s%2Fg%2F11jfpvmqp_!19sChIJnx86AigxWIgR29y875_i2Ws,St. Camillus Palliative Care,,,Hospice,"317 St Francis Dr Suite 125, Greenville, SC 29601, United States","RHQH+XV Greenville, South Carolina, USA",https://www.bonsecours.com/locations/specialty-locations/hospice-palliative-care/st-camillus-palliative-care?utm_source=google&utm_medium=organic&utm_content=local_website_link,+1 864-679-8955,Closed ⋅ Opens 8 am Thu,https://streetviewpixels-pa.googleapis.com/v1/thumbnail?panoid=xX6sQbWFvi-El-X1qKZuCg&cb_client=search.gws-prod.gps&w=408&h=240&yaw=128.24908&pitch=0&thumbfov=100,true,8 am–5 pm,8 am–5 pm,8 am–5 pm,8 am–5 pm,8 am–5 pm,8 am–5 pm,8 am–5 pm,"https://www.google.com/maps/search/Hospice+clinics+in+Greenville+Providence+RI/@34.8484984,-82.4000158,14z",2025-09-17T23:50:15.515Z,,
,,,,,,,,,,,,,,,,,,,"https://www.google.com/maps/search/Hospice+clinics+in+Mount+Hope+Providence+RI/@41.8422089,-71.4079997,14z",2025-09-17T23:50:23.557Z,,No new results found
https://www.google.com/maps/place/Pvd+Cares+Wellness+Center/data=!4m7!3m6!1s0x89e45da5aa050029:0xeb7da5085bad8df0!8m2!3d41.8716848!4d-71.3783429!16s%2Fg%2F11hljyml74!19sChIJKQAFqqVd5IkR8I2tWwilfes,Pvd Cares Wellness Center,4.4,50,Mental health clinic,"126 Prospect St STE 104, Pawtucket, RI 02860, United States","VJCC+MM Pawtucket, Rhode Island, USA",http://www.pvdcares.com/,+1 401-753-2526,Closed ⋅ Opens 9 am Thu,https://lh3.googleusercontent.com/p/AF1QipM3eWusgzP3k1QkZkujj7Q-_hkKeeWAY26i_Ube=w408-h272-k-no,true,9 am–5 pm,9 am–5 pm,9 am–5 pm,Closed,Closed,9 am–5 pm,9 am–5 pm,"https://www.google.com/maps/search/Hospice+clinics+in+Pawtucket+Providence+RI/@41.878711,-71.3825558,14z",2025-09-17T23:50:35.505Z,,
https://www.google.com/maps/place/Care+New+England+Medical+Group+Primary+Care+and+Specialty+Services/data=!4m7!3m6!1s0x89e45b560a9e0d7f:0x79df9aef7e0a27ee!8m2!3d41.8707777!4d-71.3755835!16s%2Fg%2F11gfh8s1qq!19sChIJfw2eClZb5IkR7icKfu-a33k,Care New England Medical Group Primary Care and Specialty Services,3.1,45,Medical group,"111 Brewster St, Pawtucket, RI 02860, United States","VJCF+8Q Pawtucket, Rhode Island, USA",http://www.mhri.org/,+1 401-729-2000,,https://lh3.googleusercontent.com/gps-cs-s/AC9h4npGJ3cVJuA10GX-9ZOQ_ZwAtdbEurNwL6s7sxdztFOb9umpalxbcv0yH8QEh6Rks_BXCaEyGatAb0IoFHQYuvTCN1OikQ8jknJs46GQb22jBFEHLOkPQKrHmy24rRA39z7dz6QJbRU88dJB=w408-h306-k-no,true,,,,,,,,"https://www.google.com/maps/search/Hospice+clinics+in+Pawtucket+Providence+RI/@41.878711,-71.3825558,14z",2025-09-17T23:50:37.819Z,,
https://www.google.com/maps/place/The+Providence+Center+-+Pawtucket+Health+Home+Team/data=!4m7!3m6!1s0x89e45cbac87d464b:0xdad6cfede0510274!8m2!3d41.8801982!4d-71.3688955!16s%2Fg%2F11fyxc_3vz!19sChIJS0Z9yLpc5IkRdAJR4O3P1to,The Providence Center - Pawtucket Health Home Team,4.4,8,Mental health service,"174 Armistice Blvd, Pawtucket, RI 02860, United States","VJJJ+3C Pawtucket, Rhode Island, USA",https://providencecenter.org/services/adult-services/health-homes,+1 401-721-5330,Closed ⋅ Opens 8 am Thu,https://streetviewpixels-pa.googleapis.com/v1/thumbnail?panoid=au8KbK-rYzd2aRwyZ_axZQ&cb_client=search.gws-prod.gps&w=408&h=240&yaw=349.84225&pitch=0&thumbfov=100,true,8 am–6 pm,8 am–4:30 pm,8 am–4:30 pm,Closed,Closed,8 am–4:30 pm,8 am–4:30 pm,"https://www.google.com/maps/search/Hospice+clinics+in+Pawtucket+Providence+RI/@41.878711,-71.3825558,14z",2025-09-17T23:50:42.398Z,,
https://www.google.com/maps/place/Edgewood+Center/data=!4m7!3m6!1s0x89e2bf78331c660f:0x933d1f7e895154de!8m2!3d43.06291!4d-70.76123!16s%2Fg%2F1tfrsybd!19sChIJD2YcM3i_4okR3lRRiX4fPZM,Edgewood Center,4.9,76,Nursing home,"928 South St, Portsmouth, NH 03801, United States","367Q+5G Portsmouth, New Hampshire, USA",https://edgewoodcrh.com/,+1 603-436-0099,Open 24 hours,https://lh3.googleusercontent.com/p/AF1QipMc92wE0Inf9s-Wi-4t2Y705KFXj0asy2uvZ7VJ=w408-h242-k-no,true,Open 24 hours,Open 24 hours,Open 24 hours,Open 24 hours,Open 24 hours,Open 24 hours,Open 24 hours,"https://www.google.com/maps/search/Hospice+clinics+in+Portsmouth+Providence+RI/@43.0702046,-70.7546771,14z",2025-09-17T23:50:54.666Z,Identifies as women-owned,
"https://www.google.com/maps/place/Beacon+Hospice+Care,+an+Amedisys+Company/data=!4m7!3m6!1s0x89e2bf9b7bcbec85:0xee3672e86dff9fe2!8m2!3d43.0863789!4d-70.8120882!16s%2Fg%2F1thl1wb_!19sChIJhezLe5u_4okR4p__behyNu4","Beacon Hospice Care, an Amedisys Company",3.2,5,Hospice,"25 New Hampshire Ave Suite 272, Portsmouth, NH 03801, United States","35PQ+H5 Portsmouth, New Hampshire, USA",https://locations.amedisys.com/nh/portsmouth/hospice-0917/?utm_source=google&utm_medium=organic&utm_campaign=locallisting,+1 603-433-2480,Open 24 hours,https://lh3.googleusercontent.com/p/AF1QipPg1cOuGIxqHjW7OZZNMfji342GNSy5UjPRWoa9=w426-h240-k-no,true,Open 24 hours,Open 24 hours,Open 24 hours,Open 24 hours,Open 24 hours,Open 24 hours,Open 24 hours,"https://www.google.com/maps/search/Hospice+clinics+in+Portsmouth+Providence+RI/@43.0702046,-70.7546771,14z",2025-09-17T23:50:59.255Z,,
https://www.google.com/maps/place/Brookhaven+Hospice/data=!4m7!3m6!1s0x89e2bff8bd41e267:0xcc7d4173769518c1!8m2!3d43.0873705!4d-70.8119024!16s%2Fg%2F11lh5gvv0c!19sChIJZ-JBvfi_4okRwRiVdnNBfcw,Brookhaven Hospice,5.0,5,Hospice,"1 New Hampshire Ave Suite 209, Portsmouth, NH 03801, United States","35PQ+W6 Portsmouth, New Hampshire, USA",https://www.brookhavenhospice.com/index.php,+1 603-782-7152,Closed ⋅ Opens 8 am Thu,https://lh3.googleusercontent.com/p/AF1QipMiq9FvU0uM6Q7V159afuc5GtAhtrnDs_ItbVTD=w408-h271-k-no,true,8 am–4:30 pm,8 am–4:30 pm,8 am–4:30 pm,Open 24 hours,Open 24 hours,8 am–4:30 pm,8 am–4:30 pm,"https://www.google.com/maps/search/Hospice+clinics+in+Portsmouth+Providence+RI/@43.0702046,-70.7546771,14z",2025-09-17T23:51:03.891Z,,