placeUrl,title,rating,reviewCount,category,address,plusCode,website,phoneNumber,currentStatus,imgUrl,isClaimed,query,timestamp,wednesday,thursday,friday,saturday,sunday,monday,tuesday,info,attributes,error
"https://www.google.com/maps/place/New+Age+Hospice+Palliative,+LLC/data=!4m7!3m6!1s0x86e75a4a7868eb49:0x13ecdc0e7cc5d704!8m2!3d31.793763!4d-106.517321!16s%2Fg%2F11g6hzjck6!19sChIJSetoeEpa54YRBNfFfA7c7BM","New Age Hospice Palliative, LLC",4.9,76,Hospice,"4050 Rio Bravo St # 100, El Paso, TX 79902, United States","QFVM+G3 El Paso, Texas, USA",https://www.newagehospice.com/,+1 915-533-0999,,https://lh3.googleusercontent.com/p/AF1QipMNP5gNvDw34epsqy1NH-PFYUGmX-_DwL7abo9d=w426-h240-k-no,true,"https://www.google.com/maps/search/Hospice+clinics+in+El+Paso+El+Paso+TX/@31.7618778,-106.4850217,14z",2025-09-17T23:27:40.166Z,,,,,,,,,,
https://www.google.com/maps/place/Global+Hospice+Care/data=!4m7!3m6!1s0x86e759a67c313081:0x5504c5b43a16dcce!8m2!3d31.7739868!4d-106.473114!16s%2Fg%2F1tfk4wr8!19sChIJgTAxfKZZ54YRztwWOrTFBFU,Global Hospice Care,3.7,14,Hospice,"1817 Wyoming Ave #2, El Paso, TX 79903, United States","QGFG+HQ El Paso, Texas, USA",http://www.globalhospice.com/,+1 915-543-6060,Open 24 hours,https://lh3.googleusercontent.com/p/AF1QipPNVreASt1xYOBteH2G1TVzeNGY11V5x3bJ-SeT=w408-h306-k-no,true,"https://www.google.com/maps/search/Hospice+clinics+in+El+Paso+El+Paso+TX/@31.7618778,-106.4850217,14z",2025-09-17T23:27:46.161Z,Open 24 hours,Open 24 hours,Open 24 hours,Open 24 hours,Open 24 hours,Open 24 hours,Open 24 hours,,,
https://www.google.com/maps/place/Green+Mountain+Healthcare+Services+LLC./data=!4m7!3m6!1s0x86e759708f643aa1:0x49613bf61fe6aace!8m2!3d31.774432!4d-106.501216!16s%2Fg%2F11wftyhwh0!19sChIJoTpkj3BZ54YRzqrmH_Y7YUk,Green Mountain Healthcare Services LLC.,5.0,8,Hospice,"2311 N Mesa St STE H, El Paso, TX 79902, United States","QFFX+QG El Paso, Texas, USA",https://greenmountainhospice.com/,+1 915-500-4883,Closed ⋅ Opens 8 am Thu,https://streetviewpixels-pa.googleapis.com/v1/thumbnail?panoid=tIj0vsNgIlfwJrORX0UKEw&cb_client=search.gws-prod.gps&w=408&h=240&yaw=46.361305&pitch=0&thumbfov=100,true,"https://www.google.com/maps/search/Hospice+clinics+in+El+Paso+El+Paso+TX/@31.7618778,-106.4850217,14z",2025-09-17T23:27:51.463Z,8 am–5 pm,8 am–5 pm,8 am–5 pm,Closed,Closed,8 am–5 pm,8 am–5 pm,,,
https://www.google.com/maps/place/Mission+Trail+Hospice/data=!4m7!3m6!1s0x86e759ae0768fef9:0xd4afd7c1808973b8!8m2!3d31.7691862!4d-106.4707492!16s%2Fg%2F11rqxwbkyh!19sChIJ-f5oB65Z54YRuHOJgMHXr9Q,Mission Trail Hospice,5.0,1,Hospice,"1724-B Texas Ave Space B, El Paso, TX 79901, United States","QG9H+MP El Paso, Texas, USA",,,Closed ⋅ Opens 8:30 am Thu,https://streetviewpixels-pa.googleapis.com/v1/thumbnail?panoid=IJFv4eRcWvygro8YUBvjoA&cb_client=search.gws-prod.gps&w=408&h=240&yaw=138.21664&pitch=0&thumbfov=100,false,"https://www.google.com/maps/search/Hospice+clinics+in+El+Paso+El+Paso+TX/@31.7618778,-106.4850217,14z",2025-09-17T23:27:56.351Z,8:30 am–5 pm,8:30 am–5 pm,8:30 am–5 pm,Open 24 hours,Open 24 hours,8:30 am–5 pm,8:30 am–5 pm,,,
https://www.google.com/maps/place/Three+Oaks+Hospice+%7C+El+Paso/data=!4m7!3m6!1s0x86e743010e537e1b:0x841c7f16a5937843!8m2!3d31.7453303!4d-106.2879348!16s%2Fg%2F11qj1phqlp!19sChIJG35TDgFD54YRQ3iTpRZ_HIQ,Three Oaks Hospice | El Paso,4.9,33,Hospice,"11860 Vista Del Sol Dr Suite 150, El Paso, TX 79936, United States","PPW6+4R El Paso, Texas, USA",https://www.threeoakshospice.com/locations/el-paso/?utm_source=gbp&utm_medium=local,+1 915-975-7236,Open 24 hours,https://lh3.googleusercontent.com/p/AF1QipOq_mI4A4dkPzSM1jRO3Bar0W8B-CRim1DJXRrI=w408-h537-k-no,true,"https://www.google.com/maps/search/Hospice+clinics+in+El+Paso+El+Paso+TX/@31.7618778,-106.4850217,14z",2025-09-17T23:28:01.257Z,Open 24 hours,Open 24 hours,Open 24 hours,Open 24 hours,Open 24 hours,Open 24 hours,Open 24 hours,,,
"https://www.google.com/maps/place/Hospice+of+El+Paso/@31.857879,-106.522433,17z/data=!3m1!4b1!4m6!3m5!1s0x86e75631dd1152b7:0xd263cfc33706ebb8!8m2!3d31.857879!4d-106.522433!16s%2Fg%2F1tj46b_r",Hospice of El Paso,5.0,10,Hospice,"1575 Belvidere St, El Paso, TX 79912, United States","VF5H+52 El Paso, Texas, USA",https://www.hospiceelpaso.org/,+1 915-875-0777,,,false,"https://www.google.com/maps/search/Hospice+clinics+in+El+Paso+El+Paso+TX/@31.7618778,-106.4850217,14z",2025-09-17T23:28:06.139Z,,,,,,,,,,
https://www.google.com/maps/place/Remarkable+Hospice/data=!4m7!3m6!1s0x86e75a49f5900001:0xd6a1bcc621a40a09!8m2!3d31.7819654!4d-106.415789!16s%2Fg%2F11t2p_b54t!19sChIJAQCQ9Ula54YRCQqkIca8odY,Remarkable Hospice,5.0,6,Hospice,"5959 Gateway Blvd W Suite 460, El Paso, TX 79925, United States","QHJM+QM El Paso, Texas, USA",https://remarkablehospice.com/locations/remarkableelpaso/,+1 915-615-7040,Open 24 hours,https://lh3.googleusercontent.com/p/AF1QipMw0Rrov6uYbJQl9T_-HTdDKoOpaydY4xihi3R-=w454-h240-k-no,true,"https://www.google.com/maps/search/Hospice+clinics+in+El+Paso+El+Paso+TX/@31.7618778,-106.4850217,14z",2025-09-17T23:28:11.168Z,Open 24 hours,Open 24 hours,Open 24 hours,Open 24 hours,Open 24 hours,Open 24 hours,Open 24 hours,,,
https://www.google.com/maps/place/Texas+Palliative+Center/data=!4m7!3m6!1s0x86e759a687abf36b:0x928959fab10785e7!8m2!3d31.7739446!4d-106.4730501!16s%2Fg%2F12hmtc9wf!19sChIJa_Orh6ZZ54YR54UHsfpZiZI,Texas Palliative Center,,,Hospice,"1827 Wyoming Ave, El Paso, TX 79903, United States","QGFG+HQ El Paso, Texas, USA",http://www.globalhospice.com/,+1 915-543-6060,Open 24 hours,https://streetviewpixels-pa.googleapis.com/v1/thumbnail?panoid=Z2eYGi9n_zinMtSjQ9kWXA&cb_client=search.gws-prod.gps&w=408&h=240&yaw=340.32666&pitch=0&thumbfov=100,true,"https://www.google.com/maps/search/Hospice+clinics+in+El+Paso+El+Paso+TX/@31.7618778,-106.4850217,14z",2025-09-17T23:28:16.108Z,Open 24 hours,Open 24 hours,Open 24 hours,Open 24 hours,Open 24 hours,Open 24 hours,Open 24 hours,Identifies as women-owned,,
https://www.google.com/maps/place/Elara+Caring/data=!4m7!3m6!1s0x86e75be1e3ac730b:0xa496d0d2363f1581!8m2!3d31.7885851!4d-106.3974222!16s%2Fg%2F11mvwdmgbj!19sChIJC3Os4-Fb54YRgRU_NtLQlqQ,Elara Caring,4.9,12,Hospice,"6600 Montana Ave Ste. G, El Paso, TX 79925, United States","QJQ3+C2 El Paso, Texas, USA",https://elara.com/locations/el-paso-tx/,+1 915-845-9650,Open 24 hours,https://lh3.googleusercontent.com/p/AF1QipPGuUICvA7nWq1oh-_EMEji6rRl7T-VPUBiJ159=w408-h408-k-no,true,"https://www.google.com/maps/search/Hospice+clinics+in+El+Paso+El+Paso+TX/@31.7618778,-106.4850217,14z",2025-09-17T23:28:21.258Z,Open 24 hours,Open 24 hours,Open 24 hours,Open 24 hours,Open 24 hours,Open 24 hours,Open 24 hours,,,
https://www.google.com/maps/place/Tender+Care+Home+Health+%26+Hospice/data=!4m7!3m6!1s0x86e757d5e02d2a75:0xcf809744e46358d2!8m2!3d31.843871!4d-106.533548!16s%2Fg%2F11bzyy2gnr!19sChIJdSot4NVX54YR0lhj5ESXgM8,Tender Care Home Health & Hospice,4.7,46,Home health care service,"6400 Escondido Dr, El Paso, TX 79912, United States","RFV8+GH El Paso, Texas, USA",https://tendercarehh.com/,+1 915-581-3345,Open 24 hours,https://lh3.googleusercontent.com/p/AF1QipOfgM_b8oBHbZ3LFch8XHF8YKf7nn8k7TpRFOVD=w426-h240-k-no,true,"https://www.google.com/maps/search/Hospice+clinics+in+El+Paso+El+Paso+TX/@31.7618778,-106.4850217,14z",2025-09-17T23:28:26.216Z,Open 24 hours,Open 24 hours,Open 24 hours,Open 24 hours,Open 24 hours,Open 24 hours,Open 24 hours,,,
https://www.google.com/maps/place/Hospice+El+Paso/data=!4m7!3m6!1s0x86e75b377b032721:0xe4bea5ce4f168687!8m2!3d31.7929953!4d-106.3759298!16s%2Fg%2F1tffdn5d!19sChIJIScDezdb54YRh4YWT86lvuQ,Hospice El Paso,4.0,68,Hospice,"8515 Lockheed Dr, El Paso, TX 79925, United States","QJVF+5J El Paso, Texas, USA",http://www.hospiceelpaso.org/?utm_source=gmb&utm_medium=organic&utm_campaign=elpaso,+1 915-532-5699,Open 24 hours,https://lh3.googleusercontent.com/p/AF1QipOgF2n6dWvRvH42aVYnRFOdgcj1Ow2RE9HsZoKH=w408-h306-k-no,true,"https://www.google.com/maps/search/Hospice+clinics+in+El+Paso+El+Paso+TX/@31.7618778,-106.4850217,14z",2025-09-17T23:28:31.366Z,Open 24 hours,Open 24 hours,Open 24 hours,Open 24 hours,Open 24 hours,Open 24 hours,Open 24 hours,,,
https://www.google.com/maps/place/Enhabit+Hospice/data=!4m7!3m6!1s0x86e759606328370d:0x1882cd3fe081c660!8m2!3d31.8126135!4d-106.5514557!16s%2Fg%2F11fmdxtpr4!19sChIJDTcoY2BZ54YRYMaB4D_Nghg,Enhabit Hospice,3.0,4,Hospice,"3817 Constitution Dr #200, El Paso, TX 79922, United States","RC7X+2C El Paso, Texas, USA",https://www.ehab.com/?utm_source=gmb&utm_medium=chatmeter,+1 915-300-2228,"Open 24 hours

Confirmed by this business 5 weeks ago",https://lh3.googleusercontent.com/p/AF1QipNwK5hhWHntfibV0fPHZInGESnhPpjJp0QnhpVD=w408-h304-k-no,true,"https://www.google.com/maps/search/Hospice+clinics+in+El+Paso+El+Paso+TX/@31.7618778,-106.4850217,14z",2025-09-17T23:28:36.523Z,Open 24 hours,Open 24 hours,Open 24 hours,Open 24 hours,Open 24 hours,Open 24 hours,Open 24 hours,Identifies as women-owned,,
https://www.google.com/maps/place/GrandView+Health+at+Home/data=!4m7!3m6!1s0x86e75961c4929f2d:0xbfea0a9bc0db7edd!8m2!3d31.7944993!4d-106.5146312!16s%2Fg%2F11h7vn1b80!19sChIJLZ-SxGFZ54YR3X7bwJsK6r8,GrandView Health at Home,5.0,6,Home health care service,"4141 Pinnacle St #209, El Paso, TX 79902, United States","QFVP+Q4 El Paso, Texas, USA",https://grandviewathome.com/,+1 915-546-2311,Closed ⋅ Opens 8 am Thu,https://streetviewpixels-pa.googleapis.com/v1/thumbnail?panoid=70ju_VuR2kwHP4oakscIZA&cb_client=search.gws-prod.gps&w=408&h=240&yaw=32.14494&pitch=0&thumbfov=100,true,"https://www.google.com/maps/search/Hospice+clinics+in+El+Paso+El+Paso+TX/@31.7618778,-106.4850217,14z",2025-09-17T23:28:41.558Z,8 am–5 pm,8 am–5 pm,8 am–5 pm,Closed,Closed,8 am–5 pm,8 am–5 pm,,,
https://www.google.com/maps/place/Principle+Hospice+Service+El+Paso+Texas/data=!4m7!3m6!1s0x86e745b723497b3b:0x3665956cb2eda5ab!8m2!3d31.7576904!4d-106.3180745!16s%2Fg%2F11rvc8csry!19sChIJO3tJI7dF54YRq6XtsmyVZTY,Principle Hospice Service El Paso Texas,4.5,2,Hospice,"1612 Lee Trevino Dr Ste D, El Paso, TX 79936, United States","QM5J+3Q El Paso, Texas, USA",https://principlehospiceservice.com/,+1 210-455-6050,Closed ⋅ Opens 9 am Thu,https://lh3.googleusercontent.com/p/AF1QipPasYMxiE8rxNE8uyZeXw9pBV4KtNJDvjpeU33B=w408-h921-k-no,true,"https://www.google.com/maps/search/Hospice+clinics+in+El+Paso+El+Paso+TX/@31.7618778,-106.4850217,14z",2025-09-17T23:28:46.537Z,9 am–5 pm,9 am–5 pm,9 am–5 pm,Closed,Closed,9 am–5 pm,9 am–5 pm,,,
https://www.google.com/maps/place/Choice+Hospice/data=!4m7!3m6!1s0x86e758fefe063db9:0x6d34b87def8dc98a!8m2!3d31.7795876!4d-106.4170656!16s%2Fg%2F12604mhwp!19sChIJuT0G_v5Y54YRismN7324NG0,Choice Hospice,4.5,2,Home health care service,"5858 Gtwy Blvd E, El Paso, TX 79905, United States","QHHM+R5 El Paso, Texas, USA",,+1 915-533-0999,Open 24 hours,https://streetviewpixels-pa.googleapis.com/v1/thumbnail?panoid=He9EH0oY8jvOa6LvSW2jXA&cb_client=search.gws-prod.gps&w=408&h=240&yaw=151.5947&pitch=0&thumbfov=100,true,"https://www.google.com/maps/search/Hospice+clinics+in+El+Paso+El+Paso+TX/@31.7618778,-106.4850217,14z",2025-09-17T23:28:51.766Z,Open 24 hours,Open 24 hours,Open 24 hours,Open 24 hours,Open 24 hours,Open 24 hours,Open 24 hours,,,
https://www.google.com/maps/place/Trinity+Hospice+El+Paso/data=!4m7!3m6!1s0x86ddf92dc6939745:0x8faf98a530608471!8m2!3d31.8288244!4d-106.5700629!16s%2Fg%2F11tfkpj43t!19sChIJRZeTxi353YYRcYRgMKWYr48,Trinity Hospice El Paso,5.0,5,Hospice,"4520 Doniphan Dr, El Paso, TX 79922, United States","RCHH+GX El Paso, Texas, USA",https://hospice.trinityofelpaso.com/,+1 915-990-2577,Closed ⋅ Opens 9 am Thu,https://lh3.googleusercontent.com/p/AF1QipMAksqJSrOfHaOIgyXTsYG-U94XRp8pmpk2h-E5=w408-h272-k-no,true,"https://www.google.com/maps/search/Hospice+clinics+in+El+Paso+El+Paso+TX/@31.7618778,-106.4850217,14z",2025-09-17T23:28:57.394Z,9 am–5 pm,9 am–5 pm,9 am–5 pm,Closed,Closed,9 am–5 pm,9 am–5 pm,,,
https://www.google.com/maps/place/Urgent+Care+Home+Health+Hospice/data=!4m7!3m6!1s0x86e7599bee5d2669:0x16a16e4ee4c1ff97!8m2!3d31.7772713!4d-106.4572545!16s%2Fg%2F11c51r9s_6!19sChIJaSZd7ptZ54YRl__B5E5uoRY,Urgent Care Home Health Hospice,4.2,5,Urgent care center,"3130 Gtwy Blvd E, El Paso, TX 79905, United States","QGGV+W3 El Paso, Texas, USA",https://www.uchhinc.com/hospice/,+1 915-594-8070,"Closed ⋅ Opens 8:30 am Thu

Updated by others 7 weeks ago",https://streetviewpixels-pa.googleapis.com/v1/thumbnail?panoid=xO1Jf5MCIOO4kQ_745UNLw&cb_client=search.gws-prod.gps&w=408&h=240&yaw=280.04712&pitch=0&thumbfov=100,false,"https://www.google.com/maps/search/Hospice+clinics+in+El+Paso+El+Paso+TX/@31.7618778,-106.4850217,14z",2025-09-17T23:29:02.462Z,8:30 am–5 pm,8:30 am–5 pm,8:30 am–5 pm,Closed,Closed,8:30 am–5 pm,8:30 am–5 pm,,,
https://www.google.com/maps/place/Southern+Sky+Hospice/data=!4m7!3m6!1s0x86ddf9c5576730c1:0x3f5b0a8a0b2f8eb3!8m2!3d31.8312244!4d-106.5432245!16s%2Fg%2F11x1qf7l2r!19sChIJwTBnV8X53YYRs44vC4oKWz8,Southern Sky Hospice,5.0,7,Hospice,"300 S Alto Mesa Dr Unit A&B, El Paso, TX 79912, United States","RFJ4+FP El Paso, Texas, USA",http://southernskyhospice.com/,+1 915-257-7800,"Open ⋅ Closes 5 am Thu

Confirmed by this business 8 weeks ago",https://streetviewpixels-pa.googleapis.com/v1/thumbnail?panoid=64eLrgrMIieYbAhFHN9jTA&cb_client=search.gws-prod.gps&w=408&h=240&yaw=201.5418&pitch=0&thumbfov=100,true,"https://www.google.com/maps/search/Hospice+clinics+in+El+Paso+El+Paso+TX/@31.7618778,-106.4850217,14z",2025-09-17T23:29:07.741Z,9 am–5 am,9 am–5 am,9 am–5 am,Closed,Closed,9 am–5 am,9 am–5 am,,,
https://www.google.com/maps/place/AM+Healthcare/data=!4m7!3m6!1s0x86e7598f66727e79:0xfa22dbb31582e9ef!8m2!3d31.7760859!4d-106.4722868!16s%2Fg%2F12610wrd1!19sChIJeX5yZo9Z54YR7-mCFbPbIvo,AM Healthcare,4.4,16,Home health care service,"2004 Montana Ave, El Paso, TX 79903, United States","QGGH+C3 El Paso, Texas, USA",,,Closed ⋅ Opens 8 am Thu,https://streetviewpixels-pa.googleapis.com/v1/thumbnail?panoid=K7pnPlLOxZ0OAmlQj1eMGQ&cb_client=search.gws-prod.gps&w=408&h=240&yaw=145.97263&pitch=0&thumbfov=100,true,"https://www.google.com/maps/search/Hospice+clinics+in+El+Paso+El+Paso+TX/@31.7618778,-106.4850217,14z",2025-09-17T23:29:12.773Z,8 am–5 pm,8 am–5 pm,8 am–5 pm,Closed,Closed,8 am–5 pm,8 am–5 pm,,,
https://www.google.com/maps/place/Interim+HealthCare+of+Central+El+Paso/data=!4m7!3m6!1s0x86e7597860602f8f:0x63462e55755d269c!8m2!3d31.7950819!4d-106.5157818!16s%2Fg%2F11ptlsmhwg!19sChIJjy9gYHhZ54YRnCZddVUuRmM,Interim HealthCare of Central El Paso,4.5,56,Home health care service,"444 Executive Center Blvd Suite 123, El Paso, TX 79902, United States","QFWM+2M El Paso, Texas, USA",https://www.interimhealthcare.com/location/el-paso-tx,+1 915-444-5333,"Open 24 hours

Confirmed by this business 8 weeks ago",https://lh3.googleusercontent.com/p/AF1QipMuprXUWwkwPGwwYPEDCSPIY6xz0-lKKcO9mrE7=w408-h612-k-no,true,"https://www.google.com/maps/search/Hospice+clinics+in+El+Paso+El+Paso+TX/@31.7618778,-106.4850217,14z",2025-09-17T23:29:18.056Z,Open 24 hours,Open 24 hours,Open 24 hours,Open 24 hours,Open 24 hours,Open 24 hours,Open 24 hours,,,
"https://www.google.com/maps/place/Alegre+Home+Health+Care,+Llc/data=!4m7!3m6!1s0x86e75b8afc03dc23:0x84ad87521fcc4023!8m2!3d31.7891195!4d-106.4427386!16s%2Fg%2F11j0bvpjfd!19sChIJI9wD_Ipb54YRI0DMH1KHrYQ","Alegre Home Health Care, Llc",4.5,318,Home health care service,"4115 Trowbridge Dr, El Paso, TX 79903, United States","QHQ4+JW El Paso, Texas, USA",https://www.alegrehomehealthcare.com/,+1 915-209-3114,Closed ⋅ Opens 8 am Thu,https://lh3.googleusercontent.com/gps-cs-s/AC9h4noIS_LgVYvZWySBAOxn6PMgXOyWvfVzuUVxpbCvrog87eIZEXhYJWuPVvrmxSpjq_iG65AlyMZwHkldMmkNsrDT0IVhOgfstP1O3z4J_dNL3A0GLetYQBtMjXr76ucmmIE8uoz9=w408-h244-k-no,true,"https://www.google.com/maps/search/Hospice+clinics+in+El+Paso+El+Paso+TX/@31.7618778,-106.4850217,14z",2025-09-17T23:29:23.144Z,8 am–5 pm,8 am–5 pm,8 am–5 pm,Closed,Closed,8 am–5 pm,8 am–5 pm,,,
https://www.google.com/maps/place/TLC+Hospice+Services/data=!4m7!3m6!1s0x86e75ac36716aaab:0xded06f8e09174181!8m2!3d31.7957068!4d-106.3645227!16s%2Fg%2F11t13s82vs!19sChIJq6oWZ8Na54YRgUEXCY5v0N4,TLC Hospice Services,3.3,4,Hospice,"3711 Admiral St Ste A, El Paso, TX 79925, United States","QJWP+75 El Paso, Texas, USA",,+1 915-529-2119,Open ⋅ Closes 5 am Thu,https://streetviewpixels-pa.googleapis.com/v1/thumbnail?panoid=7aDR2TuVZeMxx-C5zB5IfA&cb_client=search.gws-prod.gps&w=408&h=240&yaw=314.39087&pitch=0&thumbfov=100,true,"https://www.google.com/maps/search/Hospice+clinics+in+El+Paso+El+Paso+TX/@31.7618778,-106.4850217,14z",2025-09-17T23:29:28.012Z,9 am–5 am,9 am–5 pm,9 am–5 pm,Closed,Closed,9 am–5 pm,9 am–5 am,,,
https://www.google.com/maps/place/Armonia+Home+Health+Care+%26+Hospice+Agency+LLC/data=!4m7!3m6!1s0x86e757e8bf62fc87:0xb042887ff262ec71!8m2!3d31.8565047!4d-106.5414428!16s%2Fg%2F11c1wsrbnt!19sChIJh_xiv-hX54YRcexi8n-IQrA,Armonia Home Health Care & Hospice Agency LLC,4.5,21,Home health care service,"7100 Westwind Dr Suite 110/115, El Paso, TX 79912, United States","VF45+JC El Paso, Texas, USA",http://armoniahealthcare.com/,+1 915-584-5272,Closed ⋅ Opens 8:30 am Thu,https://streetviewpixels-pa.googleapis.com/v1/thumbnail?panoid=0Q-qwpe59LYQKc6_bLlrug&cb_client=search.gws-prod.gps&w=408&h=240&yaw=88.433014&pitch=0&thumbfov=100,true,"https://www.google.com/maps/search/Hospice+clinics+in+El+Paso+El+Paso+TX/@31.7618778,-106.4850217,14z",2025-09-17T23:29:32.910Z,8:30 am–5 pm,8:30 am–5 pm,8:30 am–5 pm,Closed,Closed,8:30 am–5 pm,8:30 am–5 pm,Identifies as women-owned,,
https://www.google.com/maps/place/Envision+Hospice+and+Home+Care/data=!4m7!3m6!1s0x86e75ae855555555:0x58f409f60afca127!8m2!3d31.7749526!4d-106.3711774!16s%2Fg%2F11c1nyvbby!19sChIJVVVVVeha54YRJ6H8CvYJ9Fg,Envision Hospice and Home Care,3.6,21,Hospice,"8929 Viscount Blvd, El Paso, TX 79925, United States","QJFH+XG El Paso, Texas, USA",http://envisionhospice.com/?utm_campaign=gmb,+1 915-778-0028,Closed ⋅ Opens 8 am Thu,https://streetviewpixels-pa.googleapis.com/v1/thumbnail?panoid=rVouty8dg_Wh0P-zyaFwXQ&cb_client=search.gws-prod.gps&w=408&h=240&yaw=29.359184&pitch=0&thumbfov=100,true,"https://www.google.com/maps/search/Hospice+clinics+in+El+Paso+El+Paso+TX/@31.7618778,-106.4850217,14z",2025-09-17T23:29:37.880Z,8 am–5 pm,8 am–5 pm,8 am–5 pm,Closed,Closed,8 am–5 pm,8 am–5 pm,,,
https://www.google.com/maps/place/La+Familia+Home+Health/data=!4m7!3m6!1s0x86e75b020189e123:0x30e8211491bdc339!8m2!3d31.781033!4d-106.4628114!16s%2Fg%2F1tc_llh6!19sChIJI-GJAQJb54YROcO9kRQh6DA,La Familia Home Health,5.0,9,Home health care service,"2720 Yandell Dr #106, El Paso, TX 79903, United States","QGJP+CV El Paso, Texas, USA",,+1 915-591-7100,Closes soon ⋅ 5:30 pm ⋅ Opens 8:30 am Thu,https://streetviewpixels-pa.googleapis.com/v1/thumbnail?panoid=wQ89PwUG65bi8rqBOkRl7g&cb_client=search.gws-prod.gps&w=408&h=240&yaw=100.37575&pitch=0&thumbfov=100,true,"https://www.google.com/maps/search/Hospice+clinics+in+El+Paso+El+Paso+TX/@31.7618778,-106.4850217,14z",2025-09-17T23:29:42.972Z,8:30 am–5:30 pm,8:30 am–5:30 pm,8:30 am–5:30 pm,Closed,Closed,8:30 am–5:30 pm,8:30 am–5:30 pm,,,
"https://www.google.com/maps/place/Lonestar+Legacy+Hospice,+LLC/data=!4m7!3m6!1s0x86e751f8bde53e41:0x337d5891a5dd55e2!8m2!3d31.8733794!4d-106.4057226!16s%2Fg%2F11wh_hgkbx!19sChIJQT7lvfhR54YR4lXdpZFYfTM","Lonestar Legacy Hospice, LLC",5.0,1,Hospice,"9206 McCombs St Suite 33, El Paso, TX 79924, United States","VHFV+9P El Paso, Texas, USA",http://lonestarlegacyhospicellc.godaddysites.com/,+1 915-218-5876,Closed ⋅ Opens 8 am Thu,https://lh3.googleusercontent.com/p/AF1QipMx8W3aiFiuARAkqRHbEDMKnalAs3Bp1mcwKtDp=w408-h408-k-no,true,"https://www.google.com/maps/search/Hospice+clinics+in+El+Paso+El+Paso+TX/@31.7618778,-106.4850217,14z",2025-09-17T23:29:47.801Z,8 am–5 pm,8 am–5 pm,8 am–5 pm,Closed,Closed,8 am–5 pm,8 am–5 pm,,,
"https://www.google.com/maps/place/Altomar+Home+Healthcare,Inc/data=!4m7!3m6!1s0x86e7599a706b2f9d:0x64e43f1b56843bfa!8m2!3d31.7814837!4d-106.4561353!16s%2Fg%2F11t6_qryh3!19sChIJnS9rcJpZ54YR-juEVhs_5GQ","Altomar Home Healthcare,Inc",5.0,1,Home health care service,"3214 Yandell Dr, El Paso, TX 79903, United States","QGJV+HG El Paso, Texas, USA",http://www.altomar.us/,+1 915-845-2211,Closed ⋅ Opens 8 am Thu,https://streetviewpixels-pa.googleapis.com/v1/thumbnail?panoid=0BzYvl8ewol9iH6FchwLDQ&cb_client=search.gws-prod.gps&w=408&h=240&yaw=183.45627&pitch=0&thumbfov=100,true,"https://www.google.com/maps/search/Hospice+clinics+in+El+Paso+El+Paso+TX/@31.7618778,-106.4850217,14z",2025-09-17T23:29:52.768Z,8 am–5 pm,8 am–5 pm,8 am–5 pm,Closed,Closed,8 am–5 pm,8 am–5 pm,,,
https://www.google.com/maps/place/Gentiva+Hospice/data=!4m7!3m6!1s0x86e75b02749e4c29:0x5b0b01a4672713aa!8m2!3d31.7503786!4d-106.3395624!16s%2Fg%2F11b6b60jlk!19sChIJKUyedAJb54YRqhMnZ6QBC1s,Gentiva Hospice,3.0,6,Hospice,"10767 Gateway Blvd W Ste 400, El Paso, TX 79935, United States","QM26+55 El Paso, Texas, USA",https://www.gentivahs.com/,+1 915-778-9058,Open 24 hours,https://lh3.googleusercontent.com/p/AF1QipNZMR41FJLupIf5utLor5LXTgc_HelNtA7lVZLW=w426-h240-k-no,true,"https://www.google.com/maps/search/Hospice+clinics+in+El+Paso+El+Paso+TX/@31.7618778,-106.4850217,14z",2025-09-17T23:29:57.756Z,Open 24 hours,Open 24 hours,Open 24 hours,Open 24 hours,Open 24 hours,Open 24 hours,Open 24 hours,,,
https://www.google.com/maps/place/Matrix+Hospice+Services/data=!4m7!3m6!1s0x86e745e1b0645ce1:0x4517b9848047f71c!8m2!3d31.745114!4d-106.317605!16s%2Fg%2F11lnzrjwsw!19sChIJ4VxksOFF54YRHPdHgIS5F0U,Matrix Hospice Services,5.0,5,Hospice,"11351 James Watt Dr C-200, El Paso, TX 79936, United States","PMWJ+2X El Paso, Texas, USA",http://www.matrixhhs.com/,+1 915-493-2424,Closed ⋅ Opens 8 am Thu,https://lh3.googleusercontent.com/p/AF1QipN-kumQISoPz8H3nePXJNHQvJblRThnKoDyCbAq=w408-h544-k-no,true,"https://www.google.com/maps/search/Hospice+clinics+in+El+Paso+El+Paso+TX/@31.7618778,-106.4850217,14z",2025-09-17T23:30:02.642Z,8 am–5 pm,8 am–5 pm,8 am–5 pm,Closed,Closed,8 am–5 pm,8 am–5 pm,LGBTQ+ friendly,,
https://www.google.com/maps/place/Grace+Pointe+Wellness+Center/data=!4m7!3m6!1s0x86e7585afe8a92c5:0x5fad104c4c15ac5b!8m2!3d31.7735138!4d-106.5022098!16s%2Fg%2F11c58pht6s!19sChIJxZKK_lpY54YRW6wVTEwQrV8,Grace Pointe Wellness Center,4.0,64,Nursing home,"2301 N Oregon St, El Paso, TX 79902, United States","QFFX+C4 El Paso, Texas, USA",https://gracepointewellness.com/,+1 915-532-8941,Open 24 hours,https://lh3.googleusercontent.com/p/AF1QipOZZZgRRSDCA6l6WNneSeQNUcZLctvDolwSGSja=w408-h292-k-no,true,"https://www.google.com/maps/search/Hospice+clinics+in+El+Paso+El+Paso+TX/@31.7618778,-106.4850217,14z",2025-09-17T23:30:07.754Z,Open 24 hours,Open 24 hours,Open 24 hours,Open 24 hours,Open 24 hours,Open 24 hours,Open 24 hours,,,
https://www.google.com/maps/place/American+Hospice/data=!4m7!3m6!1s0x86e75b02749e4c29:0x7b000dba9466b34a!8m2!3d31.7801913!4d-106.385932!16s%2Fg%2F1hc5wrhdd!19sChIJKUyedAJb54YRSrNmlLoNAHs,American Hospice,,,Hospice,"7500 Viscount Blvd, El Paso, TX 79925, United States","QJJ7+3J El Paso, Texas, USA",,+1 915-771-7667,,https://streetviewpixels-pa.googleapis.com/v1/thumbnail?panoid=RMKIWA0uA3Q92yjNLj1_RA&cb_client=search.gws-prod.gps&w=408&h=240&yaw=126.919785&pitch=0&thumbfov=100,false,"https://www.google.com/maps/search/Hospice+clinics+in+El+Paso+El+Paso+TX/@31.7618778,-106.4850217,14z",2025-09-17T23:30:10.466Z,,,,,,,,,,
https://www.google.com/maps/place/Nuevo+Hogar+Home+Care+Providers/data=!4m7!3m6!1s0x86e759aa5598d963:0xe1c630c38f3aee5d!8m2!3d31.7698552!4d-106.4846681!16s%2Fg%2F1hg4tw_kd!19sChIJY9mYVapZ54YRXe46j8MwxuE,Nuevo Hogar Home Care Providers,3.6,7,Home health care service,"1031 E Rio Grande Ave, El Paso, TX 79902, United States","QG98+W4 El Paso, Texas, USA",,+1 915-584-2429,Closed ⋅ Opens 8 am Thu,https://streetviewpixels-pa.googleapis.com/v1/thumbnail?panoid=UkimxoXBkAzjoJfsvJuKlg&cb_client=search.gws-prod.gps&w=408&h=240&yaw=318.42368&pitch=0&thumbfov=100,true,"https://www.google.com/maps/search/Hospice+clinics+in+El+Paso+El+Paso+TX/@31.7618778,-106.4850217,14z",2025-09-17T23:30:15.337Z,8 am–5 pm,8 am–5 pm,8 am–5 pm,Closed,Closed,8 am–5 pm,8 am–5 pm,,,
https://www.google.com/maps/place/Kindred+Hospital+El+Paso/data=!4m7!3m6!1s0x86e759afe71aefaf:0x9d6451dc33a8e44!8m2!3d31.7787246!4d-106.4772073!16s%2Fg%2F1td53wtj!19sChIJr-8a569Z54YRRI46wx1F1gk,Kindred Hospital El Paso,4.4,406,Hospital,"1740 Curie Dr, El Paso, TX 79902, United States","QGHF+F4 El Paso, Texas, USA",https://www.kindredhospitals.com/locations/texas/el-paso,+1 915-351-9044,Open 24 hours,https://lh3.googleusercontent.com/p/AF1QipNwo4YaS2H9lcE-IMF2CnyKZauyqm0OiuaPY2Cy=w427-h240-k-no,true,"https://www.google.com/maps/search/Hospice+clinics+in+El+Paso+El+Paso+TX/@31.7618778,-106.4850217,14z",2025-09-17T23:30:20.452Z,Open 24 hours,Open 24 hours,Open 24 hours,Open 24 hours,Open 24 hours,Open 24 hours,Open 24 hours,,,
https://www.google.com/maps/place/Monte+Cristo+Health+Care/data=!4m7!3m6!1s0x86e75a49f5bfe101:0x8f66a5128d3ca2e!8m2!3d31.7820065!4d-106.4157544!16s%2Fg%2F1260010dz!19sChIJAeG_9Ula54YRLsrTKFFq9gg,Monte Cristo Health Care,3.0,2,Medical clinic,"5959 Gateway Blvd W, El Paso, TX 79925, United States","QHJM+RM El Paso, Texas, USA",https://www.montecristohealthcare.com/,+1 915-771-8100,,https://streetviewpixels-pa.googleapis.com/v1/thumbnail?panoid=DK1e4YMz0dupMvn7hkkxpA&cb_client=search.gws-prod.gps&w=408&h=240&yaw=338.09555&pitch=0&thumbfov=100,false,"https://www.google.com/maps/search/Hospice+clinics+in+El+Paso+El+Paso+TX/@31.7618778,-106.4850217,14z",2025-09-17T23:30:23.219Z,,,,,,,,,,
https://www.google.com/maps/place/Camino+Hospice/data=!4m7!3m6!1s0x86e75b48de19d9ef:0xba23bd377ba0103!8m2!3d31.7578216!4d-106.3556922!16s%2Fg%2F11hy9p2fqk!19sChIJ79kZ3khb54YRAwG6d9M7ogs,Camino Hospice,,,Hospice,"7806 Gtwy Blvd E, El Paso, TX 79915, United States","QJ5V+4P El Paso, Texas, USA",,+1 915-313-4720,"Closed ⋅ Opens 8 am Thu

Updated by this business 10 weeks ago",https://streetviewpixels-pa.googleapis.com/v1/thumbnail?panoid=Ih-tiFIVmcCgN_r4kBv3Jg&cb_client=search.gws-prod.gps&w=408&h=240&yaw=278.62454&pitch=0&thumbfov=100,true,"https://www.google.com/maps/search/Hospice+clinics+in+El+Paso+El+Paso+TX/@31.7618778,-106.4850217,14z",2025-09-17T23:30:28.275Z,8 am–3 pm,8 am–3 pm,8 am–3 pm,Closed,Closed,8 am–3 pm,8 am–3 pm,,,
https://www.google.com/maps/place/The+Hospitals+of+Providence+Horizon+City+Campus/data=!4m7!3m6!1s0x86e741cd9a6995d9:0x8ed93b5299cdc1cd!8m2!3d31.6821958!4d-106.2080198!16s%2Fg%2F11c6dxll8z!19sChIJ2ZVpms1B54YRzcHNmVI72Y4,The Hospitals of Providence Horizon City Campus,3.3,386,Hospital,"13600 Horizon Blvd Suite 240, Horizon City, TX 79928, United States","MQJR+VQ Horizon City, Texas, USA",https://www.thopemergency.com/,+1 915-407-7878,Open 24 hours,https://lh3.googleusercontent.com/p/AF1QipMOP8RNm-zmXEHy0QMECwWadVlOFpkhYnURRzCP=w408-h272-k-no,true,"https://www.google.com/maps/search/Hospice+clinics+in+Horizon+City+El+Paso+TX/@31.6926121,-106.2074793,14z",2025-09-17T23:30:46.159Z,Open 24 hours,Open 24 hours,Open 24 hours,Open 24 hours,Open 24 hours,Open 24 hours,Open 24 hours,,,
https://www.google.com/maps/place/Healthy+Horizons+Clinic/data=!4m7!3m6!1s0x86e7402305bc36a9:0xb62982f48db0dac3!8m2!3d31.682331!4d-106.1852569!16s%2Fg%2F11bccflvh1!19sChIJqTa8BSNA54YRw9qwjfSCKbY,Healthy Horizons Clinic,2.9,101,Medical clinic,"14470 Horizon Blvd Suite A and J, Horizon City, TX 79928, United States","MRJ7+WV Horizon City, Texas, USA",https://www.healthyhorizonsclinics.com/,+1 915-852-3225,Closed ⋅ Opens 9 am Thu,https://lh3.googleusercontent.com/p/AF1QipMmaM1CbQB_vyKdseOLQFnCRFtNapE__92cY6Um=w408-h306-k-no,true,"https://www.google.com/maps/search/Hospice+clinics+in+Horizon+City+El+Paso+TX/@31.6926121,-106.2074793,14z",2025-09-17T23:30:51.712Z,9 am–5 pm,9 am–5 pm,9 am–5 pm,Open 24 hours,Open 24 hours,9 am–5 pm,9 am–5 pm,,,
https://www.google.com/maps/place/St.+Giles+Nursing+and+Rehabilitation+Center/data=!4m7!3m6!1s0x86e7425eb7ef6927:0xef069f776f1d5a52!8m2!3d31.6888328!4d-106.2914907!16s%2Fg%2F11b7c2zxhy!19sChIJJ2nvt15C54YRUlodb3efBu8,St. Giles Nursing and Rehabilitation Center,4.1,116,Nursing home,"950 Camino Del Rey Dr, El Paso, TX 79927, United States","MPQ5+GC El Paso, Texas, USA",http://stgilesnursing.com/,+1 915-859-3010,Open 24 hours,https://lh3.googleusercontent.com/p/AF1QipMF5ZbW6_ywr-ZRPoVTjNPI96QpHBzfDz3bEe0K=w408-h243-k-no,true,"https://www.google.com/maps/search/Hospice+clinics+in+Horizon+City+El+Paso+TX/@31.6926121,-106.2074793,14z",2025-09-17T23:31:02.179Z,Open 24 hours,Open 24 hours,Open 24 hours,Open 24 hours,Open 24 hours,Open 24 hours,Open 24 hours,,,
https://www.google.com/maps/place/Avir+at+Tierra+Este/data=!4m7!3m6!1s0x86e747d5aa553b2b:0x5edec662eb2058cc!8m2!3d31.7818493!4d-106.2237564!16s%2Fg%2F11ssnf5v3d!19sChIJKztVqtVH54YRzFgg62LG3l4,Avir at Tierra Este,4.4,152,Nursing home,"14300 Pebble Hills Blvd, El Paso, TX 79938, United States","QQJG+PF El Paso, Texas, USA",http://www.tierraestehc.com/,+1 915-955-9998,Open 24 hours,https://lh3.googleusercontent.com/gps-cs-s/AC9h4noJIyLfJFHbfkf6XrzxUcHbyn0SF7p-7YhmodE4Rl0EbyRmZB0Q0_5Has7jgRu4plPmyCkSSueLV_LwVfWSXLJBzPOzvv0dPzHw982ocZZJXWdrixv1oFh8P4xY_CTRynj3WdOW=w408-h544-k-no,true,"https://www.google.com/maps/search/Hospice+clinics+in+Horizon+City+El+Paso+TX/@31.6926121,-106.2074793,14z",2025-09-17T23:31:07.702Z,Open 24 hours,Open 24 hours,Open 24 hours,Open 24 hours,Open 24 hours,Open 24 hours,Open 24 hours,,,
https://www.google.com/maps/place/First+Choice+Home+Health/data=!4m7!3m6!1s0x86e7435f7f53e5fb:0x70d2f220b0f1ad63!8m2!3d31.754661!4d-106.3403545!16s%2Fg%2F1v16qrnr!19sChIJ--VTf19D54YRY63xsCDy0nA,First Choice Home Health,4.1,14,Home health care service,"10662 Vista Del Sol Dr, El Paso, TX 79935, United States","QM35+VV El Paso, Texas, USA",,+1 915-855-9333,Closed ⋅ Opens 8 am Thu,https://lh3.googleusercontent.com/gps-cs-s/AC9h4noPuUwPE7G2MP_1tuzP1wSmOrRG8IhHu8slrBtntY0Nulin16n40zlQJ009EKPtCXtjy_YprRIOqXGmdPaaZZ8qS1-5fHLRIvgYuRho7zRp1D9FodaeUd4IZzFHEtXBJGbpVjW1Ag=w408-h306-k-no,false,"https://www.google.com/maps/search/Hospice+clinics+in+Horizon+City+El+Paso+TX/@31.6926121,-106.2074793,14z",2025-09-17T23:31:12.885Z,8 am–5 pm,8 am–5 pm,8 am–5 pm,Closed,Closed,8 am–5 pm,8 am–5 pm,,,
https://www.google.com/maps/place/urgent+care+home+health+inc/data=!4m7!3m6!1s0x86e75ac35c6d587b:0xf33114ec76f7d589!8m2!3d31.7952983!4d-106.3645032!16s%2Fg%2F11lzfhrjy4!19sChIJe1htXMNa54YRidX3duwUMfM,urgent care home health inc,,,,"3707 Admiral St, El Paso, TX 79925, United States","QJWP+45 El Paso, Texas, USA",https://www.uchhinc.com/hospice/hospice-care-contact-us,+1 915-213-5453,,https://streetviewpixels-pa.googleapis.com/v1/thumbnail?panoid=T9yL5J_vwzxXLDhKkjaS-g&cb_client=search.gws-prod.gps&w=408&h=240&yaw=270.37122&pitch=0&thumbfov=100,false,"https://www.google.com/maps/search/Hospice+clinics+in+Horizon+City+El+Paso+TX/@31.6926121,-106.2074793,14z",2025-09-17T23:31:15.586Z,,,,,,,,,,
https://www.google.com/maps/place/Matrix+Home+Health+Services/data=!4m7!3m6!1s0x86e74361c29d567b:0x19a69d83cb4a1634!8m2!3d31.7447426!4d-106.3173989!16s%2Fg%2F11c2pntyh1!19sChIJe1adwmFD54YRNBZKy4Odphk,Matrix Home Health Services,2.5,21,Home health care service,"11351 James Watt Dr C400, El Paso, TX 79936, United States","PMVM+V2 El Paso, Texas, USA",http://www.matrixhhs.com/,+1 915-633-8104,Closed ⋅ Opens 8 am Thu,https://streetviewpixels-pa.googleapis.com/v1/thumbnail?panoid=cnxjeuV0fgRa9YZNKZsYmQ&cb_client=search.gws-prod.gps&w=408&h=240&yaw=207.68436&pitch=0&thumbfov=100,true,"https://www.google.com/maps/search/Hospice+clinics+in+Horizon+City+El+Paso+TX/@31.6926121,-106.2074793,14z",2025-09-17T23:31:20.414Z,8 am–5 pm,8 am–5 pm,8 am–5 pm,Closed,Closed,8 am–5 pm,8 am–5 pm,,,
https://www.google.com/maps/place/Trinity+Home+Health+El+Paso/data=!4m7!3m6!1s0x86ddf9a626fc2109:0x9f16fbaa33021f47!8m2!3d31.8288413!4d-106.5700766!16s%2Fg%2F11tfkpqd89!19sChIJCSH8Jqb53YYRRx8CM6r7Fp8,Trinity Home Health El Paso,5.0,3,Home health care service,"4520 Doniphan Dr, El Paso, TX 79922, United States","RCHH+GX El Paso, Texas, USA",https://trinityofelpaso.com/,+1 915-990-2577,Closed ⋅ Opens 9 am Thu,https://lh3.googleusercontent.com/p/AF1QipMUsLrrGnLxoOrHoQ8UkYBbaF-nb7k4Pf4b9AR-=w408-h272-k-no,true,"https://www.google.com/maps/search/Hospice+clinics+in+Horizon+City+El+Paso+TX/@31.6926121,-106.2074793,14z",2025-09-17T23:31:25.278Z,9 am–5 pm,9 am–5 pm,9 am–5 pm,Closed,Closed,9 am–5 pm,9 am–5 pm,,,
https://www.google.com/maps/place/Enhabit+Home+Health/data=!4m7!3m6!1s0x86ddf81a03469957:0x4a3569e395bdf87e!8m2!3d31.8129604!4d-106.5521021!16s%2Fg%2F1ptxv3nnr!19sChIJV5lGAxr43YYRfvi9leNpNUo,Enhabit Home Health,3.5,8,Home health care service,"3821 Constitution Dr Suite 400, El Paso, TX 79922, United States","RC7X+55 El Paso, Texas, USA",https://www.ehab.com/?utm_source=gmb&utm_medium=chatmeter,+1 915-845-3300,"Open 24 hours

Confirmed by this business 5 weeks ago",https://lh3.googleusercontent.com/p/AF1QipMLdfQHmItjSN-J1SMqbIYPB32tPtpEXUcQ9juL=w408-h262-k-no,true,"https://www.google.com/maps/search/Hospice+clinics+in+Horizon+City+El+Paso+TX/@31.6926121,-106.2074793,14z",2025-09-17T23:31:30.369Z,Open 24 hours,Open 24 hours,Open 24 hours,Open 24 hours,Open 24 hours,Open 24 hours,Open 24 hours,Identifies as women-owned,,
https://www.google.com/maps/place/Oasis+Nursing+and+Rehabilitation+Center/data=!4m7!3m6!1s0x86e7431c3a2ecf5b:0x1f86cad3a53ddf3e!8m2!3d31.704323!4d-106.3159822!16s%2Fg%2F1tk6_y_x!19sChIJW88uOhxD54YRPt89pdPKhh8,Oasis Nursing and Rehabilitation Center,4.3,141,Nursing home,"9001 N Loop Dr, El Paso, TX 79907, United States","PM3M+PJ El Paso, Texas, USA",http://oasisnursing.com/,+1 915-859-1650,Open 24 hours,https://lh3.googleusercontent.com/p/AF1QipOcmc01K23L7l9cjmkbDPcUQN_704HTqda7VnYv=w408-h271-k-no,true,"https://www.google.com/maps/search/Hospice+clinics+in+Horizon+City+El+Paso+TX/@31.6926121,-106.2074793,14z",2025-09-17T23:31:35.413Z,Open 24 hours,Open 24 hours,Open 24 hours,Open 24 hours,Open 24 hours,Open 24 hours,Open 24 hours,,,
https://www.google.com/maps/place/Caprock+Home+Health+Services+Inc/data=!4m7!3m6!1s0x86e7449fb9787c97:0xaa40a6947982116b!8m2!3d31.755594!4d-106.3200288!16s%2Fg%2F1tcwrlbk!19sChIJl3x4uZ9E54YRaxGCeZSmQKo,Caprock Home Health Services Inc,3.6,14,Home health care service,"11180 La Quinta Pl, El Paso, TX 79935, United States","QM4H+6X El Paso, Texas, USA",https://www.chhs.com/,,Closed ⋅ Opens 8 am Thu,https://lh3.googleusercontent.com/p/AF1QipNUJmphN2zlusLy887ITE55IzW7AACfkPg7cly2=w799-h240-k-no,true,"https://www.google.com/maps/search/Hospice+clinics+in+Horizon+City+El+Paso+TX/@31.6926121,-106.2074793,14z",2025-09-17T23:31:40.514Z,8 am–5 pm,8 am–5 pm,8 am–5 pm,Closed,Closed,8 am–5 pm,8 am–5 pm,,,
https://www.google.com/maps/place/Urgent+Care+Home+Health+Inc/data=!4m7!3m6!1s0x86e75b2bedc56f85:0x3cb55e18afaae69a!8m2!3d31.7801564!4d-106.35114!16s%2Fg%2F1260lzhcg!19sChIJhW_F7Stb54YRmuaqrxhetTw,Urgent Care Home Health Inc,,,Urgent care center,"10048 Suez Dr, El Paso, TX 79925, United States","QJJX+3G El Paso, Texas, USA",http://www.uchhinc.com/homehealth/,+1 915-594-8070,,https://streetviewpixels-pa.googleapis.com/v1/thumbnail?panoid=XMc6XDgXfyYwxf-pydl4Rg&cb_client=search.gws-prod.gps&w=408&h=240&yaw=224.52724&pitch=0&thumbfov=100,false,"https://www.google.com/maps/search/Hospice+clinics+in+Horizon+City+El+Paso+TX/@31.6926121,-106.2074793,14z",2025-09-17T23:31:43.290Z,,,,,,,,,,
https://www.google.com/maps/place/Las+Ventanas+de+Socorro/data=!4m7!3m6!1s0x86e7427f72b93a2d:0xd4a7049824506b0b!8m2!3d31.6601119!4d-106.2967655!16s%2Fg%2F11bx51zlpg!19sChIJLTq5cn9C54YRC2tQJJgEp9Q,Las Ventanas de Socorro,3.5,92,Nursing home,"10064 Alameda Ave, Socorro, TX 79927, United States","MP63+27 Socorro, Texas, USA",http://www.lasventanascarecenter.com/?utm_source=GMB&utm_medium=Yext&y_source=1_NDc5MzU0NTctNzE1LWxvY2F0aW9uLndlYnNpdGU%3D,+1 915-995-7230,Closed ⋅ Opens 8:30 am Thu,https://lh3.googleusercontent.com/p/AF1QipMXqzGJIXtJ6uSwB9xcsjgcT1xpYsnJ-DD_Brit=w408-h264-k-no,true,"https://www.google.com/maps/search/Hospice+clinics+in+Horizon+City+El+Paso+TX/@31.6926121,-106.2074793,14z",2025-09-17T23:31:48.301Z,8:30 am–5:30 pm,8:30 am–5:30 pm,8:30 am–5:30 pm,8:30 am–5:30 pm,8:30 am–5:30 pm,8:30 am–5:30 pm,8:30 am–5:30 pm,,,
https://www.google.com/maps/place/Revive+Home+Care+Inc/data=!4m7!3m6!1s0x86e74377af18de31:0x84b0bdd57fa2aa2c!8m2!3d31.7683797!4d-106.3077055!16s%2Fg%2F1vfp422k!19sChIJMd4Yr3dD54YRLKqif9W9sIQ,Revive Home Care Inc,1.0,1,Home health care service,"1852 Dale Douglas Dr, El Paso, TX 79936, United States","QM9R+9W El Paso, Texas, USA",,+1 915-772-1300,,https://streetviewpixels-pa.googleapis.com/v1/thumbnail?panoid=oWPWauLA7pTcEgnBArxG5g&cb_client=search.gws-prod.gps&w=408&h=240&yaw=86.548454&pitch=0&thumbfov=100,false,"https://www.google.com/maps/search/Hospice+clinics+in+Horizon+City+El+Paso+TX/@31.6926121,-106.2074793,14z",2025-09-17T23:31:51.140Z,,,,,,,,,,
https://www.google.com/maps/place/Center+at+Zaragoza/data=!4m7!3m6!1s0x86e7469dbbb5669b:0xb31580a5b55db80a!8m2!3d31.7830237!4d-106.2502161!16s%2Fg%2F11nnwgd9tq!19sChIJm2a1u51G54YRCrhdtaWAFbM,Center at Zaragoza,3.7,75,Nursing home,"12660 Pebble Hills Blvd, El Paso, TX 79938, United States","QPMX+6W El Paso, Texas, USA",https://centeratzaragoza.com/about-us/,+1 915-990-1700,Open 24 hours,https://lh3.googleusercontent.com/p/AF1QipPqidPqGT73um7URIMTDz8ppxA1gVh-4X5kw3no=w426-h240-k-no,true,"https://www.google.com/maps/search/Hospice+clinics+in+Horizon+City+El+Paso+TX/@31.6926121,-106.2074793,14z",2025-09-17T23:31:56.136Z,Open 24 hours,Open 24 hours,Open 24 hours,Open 24 hours,Open 24 hours,Open 24 hours,Open 24 hours,,,
https://www.google.com/maps/place/San+Antonio+In+Home+Health+Care/data=!4m7!3m6!1s0x86e743d0b37d0abb:0x1ce23484721c4a02!8m2!3d31.7350256!4d-106.3439152!16s%2Fg%2F11mn0j15tj!19sChIJuwp9s9BD54YRAkoccoQ04hw,San Antonio In Home Health Care,4.3,10,Home health care service,"530 N Yarbrough Dr, El Paso, TX 79915, United States","PMP4+2C El Paso, Texas, USA",http://www.sanantonioinhomehealthcarellc.com/,+1 915-500-4148,Closed ⋅ Opens 8 am Thu,https://lh3.googleusercontent.com/p/AF1QipNc8hQfogsZa9tpOPZI3np6NxEHTAYp9vsFwos=w408-h357-k-no,true,"https://www.google.com/maps/search/Hospice+clinics+in+Horizon+City+El+Paso+TX/@31.6926121,-106.2074793,14z",2025-09-17T23:32:01.022Z,8 am–5 pm,8 am–5 pm,8 am–5 pm,Closed,Closed,8 am–5 pm,8 am–5 pm,,,
https://www.google.com/maps/place/Reliant+at+Home/data=!4m7!3m6!1s0x86e7458750000b5d:0xb29d850263fa16b3!8m2!3d31.7564024!4d-106.3452484!16s%2Fg%2F11sc2hlmn0!19sChIJXQsAUIdF54YRsxb6YwKFnbI,Reliant at Home,,,Home health care service,"10470 Vista Del Sol Dr # 108, El Paso, TX 79925, United States","QM43+HW El Paso, Texas, USA",https://reliant.care/,+1 915-234-2729,Closed ⋅ Opens 8 am Thu,https://streetviewpixels-pa.googleapis.com/v1/thumbnail?panoid=K_TApYRfbOUxJUHfaOgsXA&cb_client=search.gws-prod.gps&w=408&h=240&yaw=183.36755&pitch=0&thumbfov=100,true,"https://www.google.com/maps/search/Hospice+clinics+in+Horizon+City+El+Paso+TX/@31.6926121,-106.2074793,14z",2025-09-17T23:32:05.931Z,8 am–5 pm,8 am–5 pm,8 am–5 pm,Closed,Closed,8 am–5 pm,8 am–5 pm,,,
https://www.google.com/maps/place/El+Paso+Community+Home+Health+Inc/data=!4m7!3m6!1s0x86e75b3fc839bcf9:0x58bacf556c352b04!8m2!3d31.780197!4d-106.4108205!16s%2Fg%2F11f6d798xc!19sChIJ-bw5yD9b54YRBCs1bFXPulg,El Paso Community Home Health Inc,,,Home health care service,"6070 Gtwy Blvd E #312, El Paso, TX 79905, United States","QHJQ+3M El Paso, Texas, USA",,+1 915-591-6700,Closed ⋅ Opens 8 am Thu,https://streetviewpixels-pa.googleapis.com/v1/thumbnail?panoid=nkROYrhm8f2TKJPZZ22T3A&cb_client=search.gws-prod.gps&w=408&h=240&yaw=173.1611&pitch=0&thumbfov=100,false,"https://www.google.com/maps/search/Hospice+clinics+in+Horizon+City+El+Paso+TX/@31.6926121,-106.2074793,14z",2025-09-17T23:32:10.706Z,8 am–5 pm,8 am–5 pm,8 am–5 pm,Closed,Closed,8 am–5 pm,8 am–5 pm,,,
https://www.google.com/maps/place/TLC+Home+Healthcare+Services+Inc/data=!4m7!3m6!1s0x86e75a4a21172b1d:0xcae352d1824133ee!8m2!3d31.758796!4d-106.319385!16s%2Fg%2F1wv_snsy!19sChIJHSsXIUpa54YR7jNBgtFS48o,TLC Home Healthcare Services Inc,2.6,8,Home health care service,"1635 Lee Trevino Dr suite b, El Paso, TX 79936, United States","QM5J+G6 El Paso, Texas, USA",http://www.tlchhs.com/,+1 915-772-4852,Closed ⋅ Opens 8 am Thu,https://streetviewpixels-pa.googleapis.com/v1/thumbnail?panoid=JQOl11k-6b3w4YUDVXQm4Q&cb_client=search.gws-prod.gps&w=408&h=240&yaw=262.7983&pitch=0&thumbfov=100,false,"https://www.google.com/maps/search/Hospice+clinics+in+Horizon+City+El+Paso+TX/@31.6926121,-106.2074793,14z",2025-09-17T23:32:15.541Z,8 am–5 pm,8 am–5 pm,8 am–5 pm,Closed,Closed,8 am–5 pm,8 am–5 pm,,,
https://www.google.com/maps/place/Cornerstone+Caregiving/data=!4m7!3m6!1s0x86e75906ea165035:0x30248c05ca38ed12!8m2!3d31.783297!4d-106.3272357!16s%2Fg%2F11k9p39472!19sChIJNVAW6gZZ54YREu04ygWMJDA,Cornerstone Caregiving,4.9,38,Home health care service,"10730 Pebble Hills Blvd, El Paso, TX 79935, United States","QMMF+84 El Paso, Texas, USA",https://cornerstonecaregiving.com/locations/el-paso-tx/?utm_source=google&utm_medium=yext,+1 915-301-8970,Open 24 hours,https://lh3.googleusercontent.com/p/AF1QipPiU9uqQ3E0g-AzT9vo2Pt78Q51Xs4Mysw-holn=w408-h306-k-no,true,"https://www.google.com/maps/search/Hospice+clinics+in+Horizon+City+El+Paso+TX/@31.6926121,-106.2074793,14z",2025-09-17T23:32:20.851Z,Open 24 hours,Open 24 hours,Open 24 hours,Open 24 hours,Open 24 hours,Open 24 hours,Open 24 hours,,,
https://www.google.com/maps/place/Trisun+Care+Center+-+Northeast+El+Paso+%5BSenior+Care+Centers%5D/data=!4m7!3m6!1s0x86e7523393def0d7:0x42d418d403756c4a!8m2!3d31.9349164!4d-106.4252668!16s%2Fg%2F1td1kfh4!19sChIJ1_DekzNS54YRSmx1A9QY1EI,Trisun Care Center - Northeast El Paso [Senior Care Centers],2.4,30,Nursing home,"11169 Sean Haggerty Dr, El Paso, TX 79934, United States","WHMF+XV El Paso, Texas, USA",,+1 915-849-3000,Open 24 hours,https://lh3.googleusercontent.com/gps-cs-s/AC9h4npovvK1YAxqx6gDujPfQol-0sreWN-StIcy_q9W0JL7UePlS4w-_JYCnTlnDAvY_qlsyzh7z3ibIJd1AMyQSCahVzzBAwChMtPsldMnBoTKLZj8r26GS9KuZmtXyzEy1CDFgNNp=w408-h272-k-no,false,"https://www.google.com/maps/search/Hospice+clinics+in+Horizon+City+El+Paso+TX/@31.6926121,-106.2074793,14z",2025-09-17T23:32:25.822Z,Open 24 hours,Open 24 hours,Open 24 hours,Open 24 hours,Open 24 hours,Open 24 hours,Open 24 hours,,,
https://www.google.com/maps/place/Affordable+Elderly+Care+and+Foster+Homes+%2F+group+home/data=!4m7!3m6!1s0x86e745b6a2e3df41:0xbd1a1a0fd4c6e517!8m2!3d31.8120519!4d-106.417568!16s%2Fg%2F11gjp7dvyv!19sChIJQd_jorZF54YRF-XG1A8aGr0,Affordable Elderly Care and Foster Homes / group home,4.4,72,Adult foster care service,,,,+1 915-588-9321,"Open 24 hours

Confirmed by this business 2 weeks ago",https://lh3.googleusercontent.com/p/AF1QipN4gpB3NEI7U_BTtWKdGTy2GT3nmIDsE9Lje0Iw=w408-h544-k-no,true,"https://www.google.com/maps/search/Hospice+clinics+in+Horizon+City+El+Paso+TX/@31.6926121,-106.2074793,14z",2025-09-17T23:32:31.275Z,Open 24 hours,Open 24 hours,Open 24 hours,Open 24 hours,Open 24 hours,Open 24 hours,Open 24 hours,LGBTQ+ friendly,,
https://www.google.com/maps/place/La+Esperanza+Pas/data=!4m7!3m6!1s0x86e769f839099ab7:0xe3a4d309129ed7aa!8m2!3d31.6548076!4d-106.2542234!16s%2Fg%2F1vnrlgdw!19sChIJt5oJOfhp54YRqteeEgnTpOM,La Esperanza Pas,4.6,13,Home health care service,"946 Horizon Blvd, Socorro, TX 79927, United States","MP3W+W8 Socorro, Texas, USA",,+1 915-872-9979,,https://streetviewpixels-pa.googleapis.com/v1/thumbnail?panoid=ke0BDcu_jV1lIDk9jEfYcA&cb_client=search.gws-prod.gps&w=408&h=240&yaw=161.28558&pitch=0&thumbfov=100,false,"https://www.google.com/maps/search/Hospice+clinics+in+Socorro+El+Paso+TX/@31.654557,-106.3033145,14z",2025-09-17T23:32:50.769Z,,,,,,,,,,
https://www.google.com/maps/place/Presbyterian+Hospice+in+Socorro/data=!4m7!3m6!1s0x8721cb539aac4ceb:0x931eb51f8bf706e7!8m2!3d34.060601!4d-106.891488!16s%2Fg%2F11wc8ysdqt!19sChIJ60ysmlPLIYcR5wb3ix-1HpM,Presbyterian Hospice in Socorro,,,Hospice,"306 N California St, Socorro, NM 87801, United States","3465+6C Socorro, New Mexico, USA",https://www.phs.org/doctors-services/healthcare-at-home/hospice/socorro?utm_source=gmb&utm_medium=organic&utm_campaign=gmblisting&utm_content=_loc_socorro_sgh_hospice,+1 575-835-8343,Open 24 hours,https://lh3.googleusercontent.com/p/AF1QipPE8JFeA4XdPRZWuQo7Zp_ujPrqkPmz6-sqW8Un=w408-h272-k-no,true,"https://www.google.com/maps/search/Hospice+clinics+in+Socorro+El+Paso+TX/@31.654557,-106.3033145,14z",2025-09-17T23:32:55.572Z,Open 24 hours,Open 24 hours,Open 24 hours,Open 24 hours,Open 24 hours,Open 24 hours,Open 24 hours,LGBTQ+ friendly,,
https://www.google.com/maps/place/Presbyterian+Palliative+Care+in+Socorro/data=!4m7!3m6!1s0x8721cb6ef2b97203:0xaaab899509ceefd1!8m2!3d34.0376046!4d-106.9118213!16s%2Fg%2F11x1nzwc0b!19sChIJA3K58m7LIYcR0e_OCZWJq6o,Presbyterian Palliative Care in Socorro,,,Pain control clinic,"1202 US-60, Socorro, NM 87801, United States","23QQ+27 Socorro, New Mexico, USA",https://www.phs.org/doctors-services/healthcare-at-home/palliative-care/socorro?utm_source=gmb&utm_medium=organic&utm_campaign=gmblisting&utm_content=_loc_socorro_hwy60w_palliative__327,+1 575-835-8343,Open 24 hours,https://streetviewpixels-pa.googleapis.com/v1/thumbnail?panoid=5d7zmCqHg70WhH_2PpicIQ&cb_client=search.gws-prod.gps&w=408&h=240&yaw=118.932625&pitch=0&thumbfov=100,true,"https://www.google.com/maps/search/Hospice+clinics+in+Socorro+El+Paso+TX/@31.654557,-106.3033145,14z",2025-09-17T23:33:00.562Z,Open 24 hours,Open 24 hours,Open 24 hours,Open 24 hours,Open 24 hours,Open 24 hours,Open 24 hours,LGBTQ+ friendly,,
https://www.google.com/maps/place/CenterWell+Home+Health/data=!4m7!3m6!1s0x86e75bdef85efec3:0x518354395892f910!8m2!3d31.78001!4d-106.386039!16s%2Fg%2F11vwhtyn9l!19sChIJw_5e-N5b54YREPmSWDlUg1E,CenterWell Home Health,5.0,5,Home health care service,"7500 Viscount Blvd #156, El Paso, TX 79925, United States","QJJ7+2H El Paso, Texas, USA",https://www.centerwellhomehealth.com/about-us/find-care-near-you/centerwell-home-health-el-paso/?utm_source=Organic&utm_medium=GBP,+1 915-881-8129,Closed ⋅ Opens 8 am Thu,https://lh3.googleusercontent.com/p/AF1QipPfStD3gY4qmxHkI1ph1wLvoJg7N493amB_vS6Y=w408-h272-k-no,true,"https://www.google.com/maps/search/Hospice+clinics+in+Socorro+El+Paso+TX/@31.654557,-106.3033145,14z",2025-09-17T23:33:05.634Z,8 am–5 pm,8 am–5 pm,8 am–5 pm,Closed,Closed,8 am–5 pm,8 am–5 pm,LGBTQ+ friendly,,
https://www.google.com/maps/place/Elite+Elderly+Care+LLC/data=!4m7!3m6!1s0x86e759a8d090ac33:0xae855c133b126d06!8m2!3d31.776171!4d-106.3720428!16s%2Fg%2F11b5_268y2!19sChIJM6yQ0KhZ54YRBm0SOxNcha4,Elite Elderly Care LLC,4.2,5,Home health care service,"1200 Golden Key Cir #228, El Paso, TX 79925, United States","QJGH+F5 El Paso, Texas, USA",,+1 915-838-7200,Closed ⋅ Opens 8 am Thu,https://streetviewpixels-pa.googleapis.com/v1/thumbnail?panoid=FDjw8XwUbv4R789nH-Y49Q&cb_client=search.gws-prod.gps&w=408&h=240&yaw=309.41287&pitch=0&thumbfov=100,true,"https://www.google.com/maps/search/Hospice+clinics+in+Socorro+El+Paso+TX/@31.654557,-106.3033145,14z",2025-09-17T23:33:10.712Z,8 am–5 pm,8 am–5 pm,8 am–5 pm,Closed,Closed,8 am–5 pm,8 am–5 pm,,,
https://www.google.com/maps/place/Mesilla+Valley+Hospice/data=!4m7!3m6!1s0x86de162d0302db75:0x985279f7a13c7de7!8m2!3d32.2945164!4d-106.7726273!16s%2Fg%2F1tdnfq06!19sChIJddsCAy0W3oYR5308ofd5Upg,Mesilla Valley Hospice,4.2,31,Hospice,"299 Montana Ave, Las Cruces, NM 88005, United States","76VG+RW Las Cruces, New Mexico, USA",http://www.mvhospice.org/,+1 575-523-4700,Open 24 hours,https://lh3.googleusercontent.com/p/AF1QipNtQLJErgC_ELpNIYAlOTix1-v84PSlL7ya4QOB=w408-h306-k-no,true,"https://www.google.com/maps/search/Hospice+clinics+in+Socorro+El+Paso+TX/@31.654557,-106.3033145,14z",2025-09-17T23:33:15.921Z,Open 24 hours,Open 24 hours,Open 24 hours,Open 24 hours,Open 24 hours,Open 24 hours,Open 24 hours,,,
https://www.google.com/maps/place/Amanecer+Personal+Home+Care+Llc/data=!4m7!3m6!1s0x86ddf866df7eaaab:0x4b327670bb78d51c!8m2!3d31.8397417!4d-106.5554389!16s%2Fg%2F11j03bnlly!19sChIJq6p-32b43YYRHNV4u3B2Mks,Amanecer Personal Home Care Llc,5.0,2,Home health care service,"7222 Majorca Ct, El Paso, TX 79912, United States","RCQV+VR El Paso, Texas, USA",,+1 915-262-0484,,https://streetviewpixels-pa.googleapis.com/v1/thumbnail?panoid=aEF1sRXuA-2nD452Mezvcg&cb_client=search.gws-prod.gps&w=408&h=240&yaw=264.39102&pitch=0&thumbfov=100,false,"https://www.google.com/maps/search/Hospice+clinics+in+Socorro+El+Paso+TX/@31.654557,-106.3033145,14z",2025-09-17T23:33:18.865Z,,,,,,,,,,
https://www.google.com/maps/place/CARE+Home+Health+Agency/data=!4m7!3m6!1s0x86e75ac4ad1a2c01:0xbb8e0f0337b5f445!8m2!3d31.7944623!4d-106.3634197!16s%2Fg%2F1tdrxrsn!19sChIJASwarcRa54YRRfS1NwMPjrs,CARE Home Health Agency,4.3,11,Home health care service,"9215 Montana Ave, El Paso, TX 79925, United States","QJVP+QJ El Paso, Texas, USA",http://careelp.org/,+1 915-772-8401,Closed ⋅ Opens 8 am Thu,https://streetviewpixels-pa.googleapis.com/v1/thumbnail?panoid=0PLb8V8lCnIvt-OCFuIjJQ&cb_client=search.gws-prod.gps&w=408&h=240&yaw=168.15018&pitch=0&thumbfov=100,true,"https://www.google.com/maps/search/Hospice+clinics+in+Socorro+El+Paso+TX/@31.654557,-106.3033145,14z",2025-09-17T23:33:23.738Z,8 am–5 pm,8 am–5 pm,8 am–5 pm,Closed,Closed,8 am–5 pm,8 am–5 pm,,,
https://www.google.com/maps/place/Medical+Services+of+the+Border/data=!4m7!3m6!1s0x86e759b21ec99799:0xa3e0463146b22edc!8m2!3d31.776167!4d-106.4695311!16s%2Fg%2F11j05w03bn!19sChIJmZfJHrJZ54YR3C6yRjFG4KM,Medical Services of the Border,5.0,1,Medical clinic,"2121 Wyoming Ave, El Paso, TX 79903, United States","QGGJ+F5 El Paso, Texas, USA",https://www.epmedicalborder.com/,+1 915-249-4470,Closed ⋅ Opens 8 am Thu,https://lh3.googleusercontent.com/gps-cs-s/AC9h4nqcd3PKZnKoEAHrMFzB1WGnOjrc5jXXcAgLOf6C_HDu2SfxZYu3t06imTLLUbOxsQDAKS70-J6bc4XyRRhAQBtAvi3BcSWgWwZd0-VjMp3QG31UimuKS_ATKBm9Zpt2HzuhHN37=w408-h544-k-no,true,"https://www.google.com/maps/search/Hospice+clinics+in+Socorro+El+Paso+TX/@31.654557,-106.3033145,14z",2025-09-17T23:33:28.650Z,8 am–5 pm,8 am–5 pm,8 am–2:30 pm,Closed,Closed,8 am–5 pm,8 am–5 pm,,,
https://www.google.com/maps/place/Avida+Home+Health/data=!4m7!3m6!1s0x86e743780f80fdd3:0x8bfabb17fc45372b!8m2!3d31.7762349!4d-106.4683334!16s%2Fg%2F1v_z9b_w!19sChIJ0_2AD3hD54YRKzdF_Be7-os,Avida Home Health,4.3,4,Home health care service,"2211 E Missouri Ave Suite 100, El Paso, TX 79903, United States","QGGJ+FM El Paso, Texas, USA",,+1 915-532-8432,"Closed ⋅ Opens 9 am Thu

Updated by this business 9 weeks ago",https://streetviewpixels-pa.googleapis.com/v1/thumbnail?panoid=FQaCBYcXDZYw3E3o20feDA&cb_client=search.gws-prod.gps&w=408&h=240&yaw=140.48055&pitch=0&thumbfov=100,true,"https://www.google.com/maps/search/Hospice+clinics+in+Socorro+El+Paso+TX/@31.654557,-106.3033145,14z",2025-09-17T23:33:33.885Z,9 am–4 pm,9 am–4 pm,9 am–4 pm,Closed,Closed,9 am–4 pm,9 am–4 pm,,,
https://www.google.com/maps/place/Specialists+for+Health+-+Supportive+Care+El+Paso/data=!4m7!3m6!1s0x86ddf949208006fb:0x20ac8d70ff479640!8m2!3d31.8343853!4d-106.5631575!16s%2Fg%2F11l778drd4!19sChIJ-waAIEn53YYRQJZH_3CNrCA,Specialists for Health - Supportive Care El Paso,,,Medical clinic,"7430 Remcon Cir Bldg B, El Paso, TX 79912, United States","RCMP+QP El Paso, Texas, USA",https://doctors.wellmedhealthcare.com/locations/details/147967?utm_source=google&utm_medium=organic&utm_campaign=local-listings,+1 915-516-6870,"Closed ⋅ Opens 8 am Thu

Confirmed by this business 8 weeks ago",https://streetviewpixels-pa.googleapis.com/v1/thumbnail?panoid=Xj9Wi5uCx7F30FTP6abdcA&cb_client=search.gws-prod.gps&w=408&h=240&yaw=140.75014&pitch=0&thumbfov=100,true,"https://www.google.com/maps/search/Hospice+clinics+in+Socorro+El+Paso+TX/@31.654557,-106.3033145,14z",2025-09-17T23:33:38.686Z,8 am–5 pm,8 am–5 pm,8 am–5 pm,Closed,Closed,8 am–5 pm,8 am–5 pm,,,
https://www.google.com/maps/place/El+Paso+LTACH-+Long+Term+Acute+Care+Hospital/data=!4m7!3m6!1s0x86e759ba40f779c1:0xb2174a42b885f47d!8m2!3d31.7838431!4d-106.4743304!16s%2Fm%2F04g3k0g!19sChIJwXn3QLpZ54YRffSFuEJKF7I,El Paso LTACH- Long Term Acute Care Hospital,3.6,37,Hospital,"1221 N Cotton St # 3, El Paso, TX 79902, United States","QGMG+G7 El Paso, Texas, USA",https://www.epltachospital.com/,+1 915-546-5822,Open 24 hours,https://lh3.googleusercontent.com/gps-cs-s/AC9h4nqX5oFaG-fCPkw56_PotMcfrzLCG5nzUl6Qi0rQlkbUB78t8XcgCDuvOnAHkHKW92hOd3mo-P6X-VxVOamwyULAkRHtpaGSPwWxraj9-u0w6rJTZU9rLdj47b0_4gbfHyBgfFL8=w408-h275-k-no,true,"https://www.google.com/maps/search/Hospice+clinics+in+Socorro+El+Paso+TX/@31.654557,-106.3033145,14z",2025-09-17T23:33:43.825Z,Open 24 hours,Open 24 hours,Open 24 hours,Open 24 hours,Open 24 hours,Open 24 hours,Open 24 hours,LGBTQ+ friendly,,
https://www.google.com/maps/place/Center+for+Compassionate+Care+West/data=!4m7!3m6!1s0x86e75631df237c37:0x1d381bc835daa5dc!8m2!3d31.8579858!4d-106.5229064!16s%2Fg%2F1pv0rv58h!19sChIJN3wj3zFW54YR3KXaNcgbOB0,Center for Compassionate Care West,4.3,6,,"1575 Belvidere St, El Paso, TX 79912, United States","VF5G+5R El Paso, Texas, USA",http://www.hospiceelpaso.org/,+1 915-504-6320,Permanently closed,https://lh3.googleusercontent.com/gps-cs-s/AC9h4nrbwAJQYym3pWum9N3D7N2PtUsjz4M_iJ_YPmc2u_xSLW_5mmiivAAfN2zXGDY3h4GC75iaH60Sk-kaddTtL7bRhgu0kZciElVKVzIlJXFdklhQnhVZV9oWdcEkpQI-o7leY8w=w426-h240-k-no,false,"https://www.google.com/maps/search/Hospice+clinics+in+Canutillo+El+Paso+TX/@31.9114925,-106.6002687,14z",2025-09-17T23:34:03.204Z,,,,,,,,,,
https://www.google.com/maps/place/UMC+-+Fabens+Clinic/data=!4m7!3m6!1s0x86e76d4efcc536f9:0x3fae277583367bf8!8m2!3d31.5127424!4d-106.1667349!16s%2Fg%2F1tgpbqq7!19sChIJ-TbF_E5t54YR-Hs2g3Unrj8,UMC - Fabens Clinic,2.6,48,Medical clinic,"101 Potasio, Fabens, TX 79838, United States","GR7M+38 Fabens, Texas, USA",https://www.umcelpaso.org/medical-services/department/outpatient-clinics,+1 915-790-5700,Closes soon ⋅ 6 pm ⋅ Opens 7:30 am Thu,https://lh3.googleusercontent.com/p/AF1QipOdcXxfIm2e3ujIVrdCr-744HFxe9llCfJc-WfT=w408-h244-k-no,true,"https://www.google.com/maps/search/Hospice+clinics+in+Fabens+El+Paso+TX/@31.50234,-106.1585867,14z",2025-09-17T23:34:16.564Z,7:30 am–6 pm,7:30 am–6 pm,7:30 am–6 pm,Closed,Closed,7:30 am–6 pm,7:30 am–6 pm,,,
https://www.google.com/maps/place/Care+Home+Health+Agency+Inc/data=!4m7!3m6!1s0x86e712bc57f61523:0x3504495e73fcac1!8m2!3d31.5064526!4d-106.1540803!16s%2Fg%2F1td2hbz1!19sChIJIxX2V7wS54YRwco_55VEUAM,Care Home Health Agency Inc,5.0,1,Home health care service,"705 S, 705 Fabens Rd # 3, Fabens, TX 79838, United States","GR4W+H9 Fabens, Texas, USA",http://careelp.org/,+1 915-702-2671,,https://streetviewpixels-pa.googleapis.com/v1/thumbnail?panoid=g3C5l8jmD9N0lgzLDzVXYw&cb_client=search.gws-prod.gps&w=408&h=240&yaw=59.863438&pitch=0&thumbfov=100,false,"https://www.google.com/maps/search/Hospice+clinics+in+Fabens+El+Paso+TX/@31.50234,-106.1585867,14z",2025-09-17T23:34:19.437Z,,,,,,,,,,
https://www.google.com/maps/place/New+Mission+Home+Care/data=!4m7!3m6!1s0x86e76967c43deeaf:0x6607ba24fa01c7a7!8m2!3d31.5901173!4d-106.2359246!16s%2Fg%2F11btwr67sp!19sChIJr-49xGdp54YRp8cB-iS6B2Y,New Mission Home Care,2.5,18,Home health care service,"12708 Alameda Ave, Clint, TX 79836, United States","HQR7+2J Clint, Texas, USA",,+1 915-851-9200,Closed ⋅ Opens 9 am Thu,https://streetviewpixels-pa.googleapis.com/v1/thumbnail?panoid=TuGT33E0cu-jxliEPJcpQA&cb_client=search.gws-prod.gps&w=408&h=240&yaw=235.65959&pitch=0&thumbfov=100,false,"https://www.google.com/maps/search/Hospice+clinics+in+Clint+El+Paso+TX/@31.592337,-106.2241449,14z",2025-09-17T23:34:46.212Z,9 am–5 pm,9 am–5 pm,9 am–5 pm,Closed,Closed,9 am–5 pm,9 am–5 pm,,,
https://www.google.com/maps/place/Centro+De+Salud+Familiar+La+Fe/data=!4m7!3m6!1s0x86e76945d3d866d9:0xb3846e638e01a324!8m2!3d31.5966092!4d-106.2733349!16s%2Fg%2F1vbnpvz_!19sChIJ2WbY00Vp54YRJKMBjmNuhLM,Centro De Salud Familiar La Fe,2.2,25,Medical clinic,"12101 Socorro Rd, San Elizario, TX 79849, United States","HPWG+JM San Elizario, Texas, USA",https://lafe-ep.org/san-elizario-clinic/,+1 915-851-5519,Closed ⋅ Opens 8 am Thu,https://lh3.googleusercontent.com/gps-cs-s/AC9h4nrcnB_qE_Ex16JTUZlBPVfz6Bc6CYw1wqdvs5vbGk5jL_nVtSKL3N36CjI-ZjMTBdfrqCFAX45OioOX_9uovnB7T4tB9QKbyRxYxz2dVx8mYkZfBJ9eu75nvaBBnN-G3X9DPEC7=w408-h725-k-no,false,"https://www.google.com/maps/search/Hospice+clinics+in+San+Elizario+El+Paso+TX/@31.5851146,-106.2727573,14z",2025-09-17T23:35:13.597Z,8 am–5 pm,8 am–5 pm,8 am–5 pm,Closed,Closed,8 am–5 pm,8 am–5 pm,,,
https://www.google.com/maps/place/Presidio+Chapel+of+San+Elizario/data=!4m7!3m6!1s0x86e7694620a4372b:0x28427beb0f386a45!8m2!3d31.5849419!4d-106.2729044!16s%2Fm%2F06_9gkj!19sChIJKzekIEZp54YRRWo4D-t7Qig,Presidio Chapel of San Elizario,4.7,309,Catholic church,"1556 San Elizario Rd, San Elizario, TX 79849, United States","HPMG+XR San Elizario, Texas, USA",https://www.nps.gov/,+1 915-851-2333,,https://lh3.googleusercontent.com/gps-cs-s/AC9h4noeklva3imHGmw7ca2nna9F7nDkvMfrcowL78XAKz0PQ36h0t3VvNuQImFjUJO6lK5zyF81n19NfRoNxM3izGUMjvq8wYlyngPuzXPuA89XKg9F8ecRWH0cZ5LeTzkDENz1uH1n=w408-h408-k-no,false,"https://www.google.com/maps/search/Hospice+clinics+in+San+Elizario+El+Paso+TX/@31.5851146,-106.2727573,14z",2025-09-17T23:35:16.562Z,,,,,,,,,,
https://www.google.com/maps/place/Real+Palliative+Care/data=!4m7!3m6!1s0x85dad34fb77a380b:0xe248c354d45d94c7!8m2!3d46.423669!4d-129.9427086!16s%2Fg%2F11rwpp06jq!19sChIJCzh6t0_T2oURx5Rd1FTDSOI,Real Palliative Care,,,Educational consultant,,,https://www.realpalliativecare.com/,,,https://lh3.googleusercontent.com/p/AF1QipNIwde1ysJdlA51FOoHz6X4Wv5WxCu9fjK9S99P=w509-h240-k-no,true,"https://www.google.com/maps/search/Hospice+clinics+in+San+Elizario+El+Paso+TX/@31.5851146,-106.2727573,14z",2025-09-17T23:35:19.070Z,,,,,,,,,,
https://www.google.com/maps/place/Ayuda+Home+Health+Care+Services/data=!4m7!3m6!1s0x86e75a4b8e611905:0x11a9cc7862d3be07!8m2!3d31.7913307!4d-106.3781097!16s%2Fg%2F1pp2vbmyr!19sChIJBRlhjkta54YRB77TYnjMqRE,Ayuda Home Health Care Services,2.6,8,Home health care service,"1515 Cessna Dr, El Paso, TX 79925, United States","QJRC+GQ El Paso, Texas, USA",https://ayudahomehealthcare.com/home-health/,+1 915-231-9494,Closed ⋅ Opens 9 am Thu,https://streetviewpixels-pa.googleapis.com/v1/thumbnail?panoid=dMhtnih4i9L5pU3iapQ3LQ&cb_client=search.gws-prod.gps&w=408&h=240&yaw=297.58072&pitch=0&thumbfov=100,true,"https://www.google.com/maps/search/Hospice+clinics+in+San+Elizario+El+Paso+TX/@31.5851146,-106.2727573,14z",2025-09-17T23:35:24.065Z,9 am–5 pm,9 am–5 pm,9 am–5 pm,Closed,Closed,9 am–5 pm,9 am–5 pm,,,
https://www.google.com/maps/place/Guardian+Angel+Home+Healthcare/data=!4m7!3m6!1s0x86e744954118ef63:0x22baeb8319e3f58e!8m2!3d31.7402933!4d-106.2905318!16s%2Fg%2F11cr_nt6rb!19sChIJY-8YQZVE54YRjvXjGYPruiI,Guardian Angel Home Healthcare,3.6,11,Home health care service,"1537 N Zaragoza Rd #2a, El Paso, TX 79936, United States","PPR5+4Q El Paso, Texas, USA",http://guardianangelhomehealthcare.com/,+1 915-594-1116,Closed ⋅ Opens 8:30 am Thu,https://streetviewpixels-pa.googleapis.com/v1/thumbnail?panoid=91ojJ6uwQ7zD_b90-Nz-Tg&cb_client=search.gws-prod.gps&w=408&h=240&yaw=295.79718&pitch=0&thumbfov=100,false,"https://www.google.com/maps/search/Hospice+clinics+in+San+Elizario+El+Paso+TX/@31.5851146,-106.2727573,14z",2025-09-17T23:35:29.244Z,8:30 am–5 pm,8:30 am–5 pm,8:30 am–5 pm,Closed,Closed,8:30 am–5 pm,8:30 am–5 pm,,,
"https://www.google.com/maps/place/Michaela+Mckissack,+MD/data=!4m7!3m6!1s0x86e75bd7f737fe23:0x497087694327a770!8m2!3d31.7575069!4d-106.3519899!16s%2Fg%2F11rx9ll0p5!19sChIJI_4399db54YRcKcnQ2mHcEk","Michaela Mckissack, MD",4.8,52,Internist,"10175 Gateway Boulevard West Medical Plaza II, Ste 140, El Paso, TX 79925, United States","QJ5X+26 El Paso, Texas, USA",https://laspalmasdelsolhealthcare.com/physicians/profile/Dr-Michaela-Mckissack-MD-PhD?utm_campaign=corp_listings_mgmt&utm_source=google&utm_medium=business_listing,+1 915-283-3953,Closed ⋅ Opens 8 am Thu,https://streetviewpixels-pa.googleapis.com/v1/thumbnail?panoid=bNKPPvcMy1Y-6HeVAZjLJA&cb_client=search.gws-prod.gps&w=408&h=240&yaw=217.03618&pitch=0&thumbfov=100,true,"https://www.google.com/maps/search/Hospice+clinics+in+San+Elizario+El+Paso+TX/@31.5851146,-106.2727573,14z",2025-09-17T23:35:34.450Z,8 am–5 pm,8 am–5 pm,8 am–3 pm,Closed,Closed,8 am–5 pm,8 am–5 pm,,,
https://www.google.com/maps/place/WellMed+at+Lower+Valley/data=!4m7!3m6!1s0x86e74352baf0f93f:0x344f571ae45d9862!8m2!3d31.730804!4d-106.345712!16s%2Fg%2F1wrgklw9!19sChIJP_nwulJD54YRYphd5BpXTzQ,WellMed at Lower Valley,4.8,8,Medical clinic,"501 N Yarbrough Dr Ste B, El Paso, TX 79915, United States","PMJ3+8P El Paso, Texas, USA",https://doctors.wellmedhealthcare.com/locations/details/5358?utm_source=google&utm_medium=organic&utm_campaign=local-listings,+1 915-595-1844,"Closed ⋅ Opens 8 am Thu

Confirmed by this business 8 weeks ago",https://lh3.googleusercontent.com/p/AF1QipNum-qAhQ2tqcD6bFBn1U_a3miZMFMk4uzpeDDS=w426-h240-k-no,true,"https://www.google.com/maps/search/Hospice+clinics+in+San+Elizario+El+Paso+TX/@31.5851146,-106.2727573,14z",2025-09-17T23:35:39.464Z,8 am–5 pm,8 am–5 pm,8 am–5 pm,Closed,Closed,8 am–5 pm,8 am–5 pm,,,
"https://www.google.com/maps/place/Centro+de+Salud+Familiar+La+Fe,+Inc./data=!4m7!3m6!1s0x86e759a9a4e07d43:0x4a177eb3ccd4a457!8m2!3d31.7700908!4d-106.4798036!16s%2Fg%2F1tj1sjs3!19sChIJQ33gpKlZ54YRV6TUzLN-F0o","Centro de Salud Familiar La Fe, Inc.",4.2,5,Nursing home,"1314 Yandell Dr, El Paso, TX 79902, United States","QGCC+23 El Paso, Texas, USA",http://www.lafe-ep.org/,+1 915-534-7979,,https://streetviewpixels-pa.googleapis.com/v1/thumbnail?panoid=IITQ3SYoCXB7MVPLzt61MQ&cb_client=search.gws-prod.gps&w=408&h=240&yaw=5.1459813&pitch=0&thumbfov=100,false,"https://www.google.com/maps/search/Hospice+clinics+in+San+Elizario+El+Paso+TX/@31.5851146,-106.2727573,14z",2025-09-17T23:35:43.356Z,,,,,,,,,,
https://www.google.com/maps/place/The+Hospitals+of+Providence+Sierra+Campus/data=!4m7!3m6!1s0x86e759ae1bf7ac41:0x16071cf25bb3bf7f!8m2!3d31.777699!4d-106.4808984!16s%2Fg%2F1tfvhnnl!19sChIJQaz3G65Z54YRf7-zW_IcBxY,The Hospitals of Providence Sierra Campus,2.7,326,General hospital,"1625 Medical Center St Drive, El Paso, TX 79902, United States","QGH9+3J El Paso, Texas, USA",https://www.thehospitalsofprovidence.com/locations/detail/sierra-campus/?utm_campaign=gmb_listings_mgmt&utm_source=gmb-thop-sierra-campus&utm_medium=google-local,+1 915-747-4000,,https://lh3.googleusercontent.com/gps-cs-s/AC9h4nrPGzqJ4yAvV7WUPCEueQLqkbbMCOEiR_aNXIoeErpxoe8gTQtr8hZ89lz8uZL8Jl5Fv84oEKK5lXd9N7CixokHpsw3td5UNL7BEMPh3QVcJqQTklwH8c0hBlEXeiTrmzQ5NK0=w408-h272-k-no,true,"https://www.google.com/maps/search/Hospice+clinics+in+San+Elizario+El+Paso+TX/@31.5851146,-106.2727573,14z",2025-09-17T23:35:49.838Z,Open 24 hours,Open 24 hours,Open 24 hours,Open 24 hours,Open 24 hours,Open 24 hours,Open 24 hours,,,
https://www.google.com/maps/place/BEK+Medical+Inc/data=!4m7!3m6!1s0x86e744ac15f9b733:0xc2b20977667f86dc!8m2!3d31.7487433!4d-106.3424187!16s%2Fg%2F1tfg3jlw!19sChIJM7f5FaxE54YR3IZ_ZncJssI,BEK Medical Inc,4.4,176,Medical supply store,"1239 Lafayette Dr, El Paso, TX 79907, United States","PMX5+F2 El Paso, Texas, USA",https://www.bekmedical.com/,+1 915-599-1129,"Closed ⋅ Opens 9 am Thu

Confirmed by this business 9 weeks ago",https://lh3.googleusercontent.com/p/AF1QipNFkIstrNpw8Wk1y3AenP3M6sev8kqK1j_0DF6R=w408-h272-k-no,true,"https://www.google.com/maps/search/Hospice+clinics+in+San+Elizario+El+Paso+TX/@31.5851146,-106.2727573,14z",2025-09-17T23:35:55.917Z,9 am–5 pm,9 am–5 pm,9 am–5 pm,10 am–3 pm,Closed,9 am–5 pm,9 am–5 pm,Identifies as women-owned,· In-store shopping · In-store pick-up · Delivery,
https://www.google.com/maps/place/Cuidado+Casero+Home+Health/data=!4m7!3m6!1s0x86de00ddf021c991:0x5c84b7058d4db93a!8m2!3d32.0076453!4d-106.6061069!16s%2Fg%2F1tmpfcmn!19sChIJkckh8N0A3oYROrlNjQW3hFw,Cuidado Casero Home Health,3.4,10,Home health care service,"9346, 820 Anthony Dr #3A, Anthony, NM 88021, United States","295V+3H Anthony, New Mexico, USA",https://cuidadocasero.com/,+1 575-882-3539,Closed ⋅ Opens 8 am Thu,https://lh3.googleusercontent.com/p/AF1QipN7JKdoM1mXR1GyO20no593hvFzJZOOGmXTMuXS=w426-h240-k-no,true,"https://www.google.com/maps/search/Hospice+clinics+in+Anthony+El+Paso+TX/@31.9992676,-106.6055478,14z",2025-09-17T23:36:15.936Z,8 am–5 pm,8 am–5 pm,8 am–3 pm,Closed,Closed,8 am–5 pm,8 am–5 pm,Identifies as women-owned,,
,,,,,,,,,,,,"https://www.google.com/maps/search/Hospice+clinics+in+Vinton+El+Paso+TX/@31.9512135,-106.6024915,14z",2025-09-17T23:36:30.063Z,,,,,,,,,,No new results found
,,,,,,,,,,,,"https://www.google.com/maps/search/Hospice+clinics+in+Tornillo+El+Paso+TX/@31.4453978,-106.0883071,14z",2025-09-17T23:36:45.045Z,,,,,,,,,,No new results found