placeUrl,title,rating,reviewCount,category,address,plusCode,website,phoneNumber,currentStatus,imgUrl,isClaimed,monday,tuesday,wednesday,thursday,friday,saturday,sunday,query,timestamp,attributes,info,error
https://www.google.com/maps/place/Sparkle+Pools+%26+Water+Hauling/data=!4m7!3m6!1s0x886d6f87257a035d:0xb5e98b5f4f8444cd!8m2!3d39.4930879!4d-87.3787961!16s%2Fg%2F1vxvjlwc!19sChIJXQN6JYdvbYgRzUSET1-L6bU,Sparkle Pools & Water Hauling,4.2,194,Swimming pool contractor,"2225 N 25th St, Terre Haute, IN 47804, United States","FJVC+6F Terre Haute, Indiana, USA",https://www.mysparklepools.com/,+1 812-232-1292,"Open ⋅ Closes 5 pm

Updated by this business 3 weeks ago",https://lh3.googleusercontent.com/p/AF1QipOikIYSuCE8Fjty2YnD_5jzMubUR69KjX8r2RGH=w408-h306-k-no,true,9 am–5 pm,9 am–5 pm,9 am–5 pm,9 am–5 pm,9 am–5 pm,Closed,Closed,"https://www.google.com/maps/search/pool+services+businesses+in+Crawfordsville+Terra+Haute+IN/@39.4654441,-87.4139427,14z",2025-10-27T18:38:46.162Z,,,
https://www.google.com/maps/place/Playtime+Pools+LLC/data=!4m7!3m6!1s0x886d66092ff1d2ad:0x7c494fd737711cba!8m2!3d39.5287519!4d-87.3984202!16s%2Fg%2F12618ntcl!19sChIJrdLxLwlmbYgRuhxxN9dPSXw,Playtime Pools LLC,4.8,78,Swimming pool contractor,"5150 N 13th St, Terre Haute, IN 47805, United States","GJH2+GJ Terre Haute, Indiana, USA",http://playtimepools.com/,+1 812-870-9881,Open ⋅ Closes 5 pm,https://lh3.googleusercontent.com/gps-cs-s/AG0ilSwCbPJIVgSwfANyPtdYKnoLUy15fyBv0I_VmSdc2Xkw1qLMJa4Yt35CbbrX1k3AikZ48l8Lyj351b8KQCKuHUKKJ-LyUWB4KzjbHIMlGkBJA9PbfS9NSD5gR6tZGmN8Qk7fqlrxAA=w408-h306-k-no,true,8 am–5 pm,8 am–5 pm,8 am–5 pm,8 am–5 pm,8 am–5 pm,Closed,Closed,"https://www.google.com/maps/search/pool+services+businesses+in+Crawfordsville+Terra+Haute+IN/@39.4654441,-87.4139427,14z",2025-10-27T18:38:52.037Z,,,
https://www.google.com/maps/place/Wright%27s+Pools/data=!4m7!3m6!1s0x886d652f0d796195:0x87ed1c5a55c1c8b3!8m2!3d39.4125617!4d-87.3956863!16s%2Fg%2F1tt8d03b!19sChIJlWF5DS9lbYgRs8jBVVoc7Yc,Wright's Pools,3.1,54,Swimming pool contractor,"1400 E Springhill Dr, Terre Haute, IN 47802, United States","CJ73+2P Terre Haute, Indiana, USA",http://wrightspoolservice.net/,+1 812-249-4037,Open ⋅ Closes 5 pm,https://lh3.googleusercontent.com/p/AF1QipNl2JBVegslzkZE3na0dFVZR30gh29HbTKnRn8c=w408-h291-k-no,true,7 am–5 pm,7 am–5 pm,7 am–5 pm,7 am–5 pm,7 am–5 pm,7 am–5 pm,Closed,"https://www.google.com/maps/search/pool+services+businesses+in+Crawfordsville+Terra+Haute+IN/@39.4654441,-87.4139427,14z",2025-10-27T18:38:57.475Z,,,
https://www.google.com/maps/place/AAA+The+Water+Wagon/data=!4m7!3m6!1s0x886d657e223f035d:0xf8b2f462d8a3d7c1!8m2!3d39.4947985!4d-87.3817097!16s%2Fg%2F11c0xfbqzv!19sChIJXQM_In5lbYgRwdej2GL0svg,AAA The Water Wagon,5.0,11,Trucking company,"2350 N 24th St, Terre Haute, IN 47804, United States","FJV9+W8 Terre Haute, Indiana, USA",http://www.aaathewaterwagon.com/,+1 812-606-7171,Open ⋅ Closes 6 pm,https://lh3.googleusercontent.com/p/AF1QipOIPvSW4zhN0kVv7lYAwa3ZoKLa0-aUqVbKwvhY=w408-h306-k-no,true,8 am–6 pm,8 am–6 pm,8 am–6 pm,8 am–6 pm,8 am–6 pm,9 am–5 pm,9 am–5 pm,"https://www.google.com/maps/search/pool+services+businesses+in+Crawfordsville+Terra+Haute+IN/@39.4654441,-87.4139427,14z",2025-10-27T18:39:02.708Z,,,
https://www.google.com/maps/place/Barr%27s+Platinum+Pools/data=!4m7!3m6!1s0x2d36113ac6914b33:0x2327f5cd949c3438!8m2!3d39.4582725!4d-87.3597482!16s%2Fg%2F11tc1qd1z7!19sChIJM0uRxjoRNi0RODSclM31JyM,Barr's Platinum Pools,,,Swimming pool contractor,"00 00 000, Terre Haute, IN 47803, United States","FJ5R+84 Terre Haute, Indiana, USA",,+1 812-236-4498,Open ⋅ Closes 5 pm,https://lh3.googleusercontent.com/p/AF1QipMBXOdUXu2ZE9N908sMd8oxy46oWLyfKzhSFBA3=w408-h544-k-no,true,8 am–5 pm,8 am–5 pm,8 am–5 pm,8 am–5 pm,8 am–5 pm,8 am–3 pm,Closed,"https://www.google.com/maps/search/pool+services+businesses+in+Crawfordsville+Terra+Haute+IN/@39.4654441,-87.4139427,14z",2025-10-27T18:39:07.626Z,,,
https://www.google.com/maps/place/Sparkle+Pools+South/data=!4m7!3m6!1s0x886d7ba5f86fa5cb:0x7a04314736cdfe02!8m2!3d39.4040334!4d-87.4068254!16s%2Fg%2F11lrf33ttf!19sChIJy6Vv-KV7bYgRAv7NNkcxBHo,Sparkle Pools South,4.4,13,Swimming pool supply store,"5171 S US Hwy 41, Terre Haute, IN 47802, United States","CH3V+J7 Terre Haute, Indiana, USA",http://mysparklepools.com/,+1 812-232-1292,Open ⋅ Closes 6 pm,https://streetviewpixels-pa.googleapis.com/v1/thumbnail?panoid=iZgX2ryebQSOItWiXRWBbQ&cb_client=search.gws-prod.gps&w=408&h=240&yaw=200.3763&pitch=0&thumbfov=100,true,11 am–6 pm,Closed,Closed,11 am–6 pm,11 am–6 pm,9 am–4 pm,10 am–2 pm,"https://www.google.com/maps/search/pool+services+businesses+in+Crawfordsville+Terra+Haute+IN/@39.4654441,-87.4139427,14z",2025-10-27T18:39:12.667Z,· In-store shopping · Kerbside pickup · Delivery,LGBTQ+ friendly,
https://www.google.com/maps/place/Rose+Hill+Landscaping/data=!4m7!3m6!1s0x886d6fff21bc333f:0xc11715f8ef891409!8m2!3d39.4780699!4d-87.3791683!16s%2Fg%2F1260t_rk2!19sChIJPzO8If9vbYgRCRSJ7_gVF8E,Rose Hill Landscaping,4.9,102,Landscaper,"920 N 25th St, Terre Haute, IN 47803, United States","FJHC+68 Terre Haute, Indiana, USA",https://www.rosehilllawncare.com/,+1 812-230-0024,Closes soon ⋅ 3 pm ⋅ Opens 8 am Tue,https://lh3.googleusercontent.com/p/AF1QipMhAPX3gKFPpXNxkIJ8ukjWAndYEjO44SEiqFeu=w426-h240-k-no,true,8 am–3 pm,8 am–3 pm,8 am–3 pm,8 am–3 pm,8 am–2 pm,Closed,Closed,"https://www.google.com/maps/search/pool+services+businesses+in+Crawfordsville+Terra+Haute+IN/@39.4654441,-87.4139427,14z",2025-10-27T18:39:17.767Z,,Identifies as veteran-owned,
https://www.google.com/maps/place/Hwy+40+Pool/data=!4m7!3m6!1s0x886d138fe47604df:0x920e09136bf872af!8m2!3d39.5000559!4d-87.2436212!16s%2Fg%2F11h1kjnslr!19sChIJ3wR25I8TbYgRr3L4axMJDpI,Hwy 40 Pool,4.8,37,Swimming pool supply store,"11210 US-40, Terre Haute, IN 47803, United States","GQ24+2H Terre Haute, Indiana, USA",http://hwy40pool.com/,+1 812-605-9228,Open ⋅ Closes 6 pm,https://lh3.googleusercontent.com/p/AF1QipPeLPiFLmmDxo0PJ02I0W8TugfApYhj03XHHbFv=w408-h306-k-no,true,10 am–6 pm,10 am–6 pm,10 am–6 pm,10 am–6 pm,10 am–6 pm,9 am–12 pm,Closed,"https://www.google.com/maps/search/pool+services+businesses+in+Crawfordsville+Terra+Haute+IN/@39.4654441,-87.4139427,14z",2025-10-27T18:39:22.881Z,· In-store shopping · Kerbside pickup · Delivery,,
"https://www.google.com/maps/place/Backyard+Leisure+-+Terre+Haute,+IN/data=!4m7!3m6!1s0x886d7b1d963456c7:0x765bd9d4d7ae44bd!8m2!3d39.4244096!4d-87.4221424!16s%2Fg%2F1tdn9f3v!19sChIJx1Y0lh17bYgRvUSu19TZW3Y","Backyard Leisure - Terre Haute, IN",4.7,350,Hot tub store,"290 W Honey Creek Pkwy, Terre Haute, IN 47802, United States","CHFH+Q4 Terre Haute, Indiana, USA",https://backyardleisure.com/,+1 812-238-3660,,https://lh3.googleusercontent.com/p/AF1QipNZ1uRUIsM7aZ4Mk0Kjc_6YKH34LEshtc8XZtCt=w408-h271-k-no,true,,,,,,,,"https://www.google.com/maps/search/pool+services+businesses+in+Crawfordsville+Terra+Haute+IN/@39.4654441,-87.4139427,14z",2025-10-27T18:39:27.822Z,· In-store shopping · Kerbside pickup · Delivery,,
"https://www.google.com/maps/place/K+A+B+Services,+LLC/data=!4m7!3m6!1s0x886d7babe976b54f:0x8eb34b8318eaddab!8m2!3d39.438659!4d-87.4097892!16s%2Fg%2F11ft3p24sm!19sChIJT7V26at7bYgRq93qGINLs44","K A B Services, LLC",4.9,51,Lawn care service,"2613 S 6th St, Terre Haute, IN 47802, United States","CHQR+F3 Terre Haute, Indiana, USA",http://www.kabservices.net/,+1 812-841-4605,Open ⋅ Closes 4 pm,https://lh3.googleusercontent.com/p/AF1QipOoU7r7F0pfxkqFJkPDCfExYzf9L1aJzaSKjn5N=w408-h544-k-no,true,"9 am–12 pm, 12:30–4 pm","9 am–12 pm, 12:30–4 pm","9 am–12 pm, 12:30–4 pm","9 am–12 pm, 12:30–4 pm",Closed,Closed,Closed,"https://www.google.com/maps/search/pool+services+businesses+in+Crawfordsville+Terra+Haute+IN/@39.4654441,-87.4139427,14z",2025-10-27T18:39:32.581Z,,,
https://www.google.com/maps/place/Pettit+%26+Sons/data=!4m7!3m6!1s0x8812d621dee77c6d:0x4accc187b3339311!8m2!3d40.0426513!4d-86.9072963!16s%2Fg%2F1260p3g_n!19sChIJbXzn3iHWEogREZMzs4fBzEo,Pettit & Sons,4.5,17,Swimming pool contractor,"415 W Market St, Crawfordsville, IN 47933, United States","23VV+33 Crawfordsville, Indiana, USA",http://www.pettitandsons.com/,+1 765-364-0072,Open ⋅ Closes 6 pm,https://lh3.googleusercontent.com/gps-cs-s/AG0ilSzCXG6_TPGQCXNnJOC4FOxFE4VEYxtEUhFUv1YoFc9nZ7tix-I-5GzPTKX1K3Rq8G3SJo0zb4e7hNj7ZY_cWuYUHIwPEA_8EgksHbR4B8cX562m9M9PttKXWm6GabwKy5LHz26V=w408-h306-k-no,false,9 am–6 pm,9 am–6 pm,9 am–6 pm,9 am–6 pm,9 am–4 pm,9 am–2 pm,Closed,"https://www.google.com/maps/search/pool+services+businesses+in+Crawfordsville+Terra+Haute+IN/@39.4654441,-87.4139427,14z",2025-10-27T18:39:37.576Z,,,
https://www.google.com/maps/place/West+Pump+And+Well+Service/data=!4m7!3m6!1s0x886d65478a98e9a3:0xb25aefe7b5bfc8bd!8m2!3d39.4694062!4d-87.4010241!16s%2Fg%2F1vd76ns8!19sChIJo-mYikdlbYgRvci_tefvWrI,West Pump And Well Service,4.0,21,Well drilling contractor,"130 N 11th St, Terre Haute, IN 47807, United States","FH9X+QH Terre Haute, Indiana, USA",https://www.westpumpandwell.com/,+1 812-234-2029,Open ⋅ Closes 5 pm,https://lh3.googleusercontent.com/p/AF1QipN90p6QCoH66qqYDBPjZCSQA-OcCHrDd3IsdlVS=w426-h240-k-no,true,8 am–5 pm,8 am–5 pm,8 am–5 pm,8 am–5 pm,8 am–5 pm,Closed,Closed,"https://www.google.com/maps/search/pool+services+businesses+in+Crawfordsville+Terra+Haute+IN/@39.4654441,-87.4139427,14z",2025-10-27T18:39:42.948Z,,,
https://www.google.com/maps/place/Hydrotherapy+Hot+Tubs+of+Terre+Haute/data=!4m7!3m6!1s0x886d7b0f994e7081:0xc04a08fbc44e9eab!8m2!3d39.4125543!4d-87.4106191!16s%2Fg%2F11c72m1_37!19sChIJgXBOmQ97bYgRq55OxPsISsA,Hydrotherapy Hot Tubs of Terre Haute,4.9,78,Hot tub store,"550 E Springhill Dr, Terre Haute, IN 47802, United States","CH7Q+2Q Terre Haute, Indiana, USA",http://www.bestpricedhottubs.com/,+1 812-298-4354,Open ⋅ Closes 6 pm,https://lh3.googleusercontent.com/gps-cs-s/AG0ilSzT6EapGkaJz9qHPpyxzi5KfqASTC_ECbtVdwIpw6XPY55lXPbUVoX_5mjrmSQzfphNjQmjg2VUKA37A-klOS2iLYufne_FFeED1F6d6zhLCq2zyLpcriJzgvj3CQyXsrRj7SOq0w=w408-h304-k-no,true,10 am–6 pm,10 am–6 pm,10 am–6 pm,10 am–6 pm,10 am–6 pm,10 am–5 pm,Closed,"https://www.google.com/maps/search/pool+services+businesses+in+Crawfordsville+Terra+Haute+IN/@39.4654441,-87.4139427,14z",2025-10-27T18:39:48.424Z,· In-store shopping · Delivery,,
https://www.google.com/maps/place/Clouse+Landscaping+LLC/data=!4m7!3m6!1s0x886d6f5f67ca1123:0xea9882b5212f6f25!8m2!3d39.476559!4d-87.3628922!16s%2Fg%2F11j90dhzs3!19sChIJIxHKZ19vbYgRJW8vIbWCmOo,Clouse Landscaping LLC,4.9,30,Landscaper,"140 N 36th St, Terre Haute, IN 47803, United States","FJGP+JR Terre Haute, Indiana, USA",,+1 812-201-9395,Open 24 hours,https://lh3.googleusercontent.com/p/AF1QipN95urzxrNHkx-7yhmxXjhYCq6CAXVQTKWDeEfc=w408-h501-k-no,true,Open 24 hours,Open 24 hours,Open 24 hours,Open 24 hours,Open 24 hours,Open 24 hours,Open 24 hours,"https://www.google.com/maps/search/pool+services+businesses+in+Crawfordsville+Terra+Haute+IN/@39.4654441,-87.4139427,14z",2025-10-27T18:39:54.314Z,,LGBTQ+ friendly,
https://www.google.com/maps/place/Guarantee+Roofing+and+Fence/data=!4m7!3m6!1s0x886d6534c145a98b:0xee3a5a9b94291a06!8m2!3d39.448036!4d-87.3982207!16s%2Fg%2F1tq8k93k!19sChIJi6lFwTRlbYgRBhoplJtaOu4,Guarantee Roofing and Fence,4.9,357,Roofing contractor,"1221 Hulman St, Terre Haute, IN 47802, United States","CJX2+6P Terre Haute, Indiana, USA",https://guaranteeroofingco.com/,+1 812-645-5542,Open ⋅ Closes 4:30 pm,https://lh3.googleusercontent.com/p/AF1QipMRt-KPf2XHNvuAQBxeZJHVALbK2Ex30d7hpTzh=w408-h306-k-no,true,8 am–4:30 pm,8 am–4:30 pm,8 am–4:30 pm,8 am–4:30 pm,8 am–4:30 pm,Closed,Closed,"https://www.google.com/maps/search/pool+services+businesses+in+Crawfordsville+Terra+Haute+IN/@39.4654441,-87.4139427,14z",2025-10-27T18:40:00.894Z,,LGBTQ+ friendly,
https://www.google.com/maps/place/Guarantee+Fence+Company/data=!4m7!3m6!1s0x886d7ab712845863:0xda9a095faae7ce34!8m2!3d39.4480169!4d-87.3981958!16s%2Fg%2F11c2nvrc7s!19sChIJY1iEErd6bYgRNM7nql8Jmto,Guarantee Fence Company,4.9,122,Fence contractor,"1221 Hulman St Suite B, Terre Haute, IN 47802, United States","CJX2+6P Terre Haute, Indiana, USA",https://buildourfence.com/,+1 812-234-2605,Open ⋅ Closes 5 pm,https://lh3.googleusercontent.com/p/AF1QipN2N2dwih0ovpU7mJ9R0rj_yGQHFazHGN-0AaoP=w408-h544-k-no,true,8 am–5 pm,8 am–5 pm,8 am–5 pm,8 am–5 pm,8 am–5 pm,Closed,Closed,"https://www.google.com/maps/search/pool+services+businesses+in+Crawfordsville+Terra+Haute+IN/@39.4654441,-87.4139427,14z",2025-10-27T18:40:07.359Z,,Identifies as veteran-owned,
https://www.google.com/maps/place/Terre+Haute+Concrete+Company/data=!4m7!3m6!1s0x8dd422bf410c0da7:0x27256f6748a52c54!8m2!3d39.462219!4d-87.4003353!16s%2Fg%2F11vj_5hvyl!19sChIJpw0MQb8i1I0RVCylSGdvJSc,Terre Haute Concrete Company,5.0,11,Concrete contractor,"428 S 11th St, Terre Haute, IN 47807, United States","FH6X+VV Terre Haute, Indiana, USA",https://terrehauteconcretecompany.com/,+1 765-505-9764,Open ⋅ Closes 6 pm,https://lh3.googleusercontent.com/p/AF1QipOvyCEH8MLu2zpT8o37Egmb3purknR25cFfsQ27=w408-h408-k-no,true,7 am–6 pm,7 am–6 pm,7 am–6 pm,7 am–6 pm,7 am–6 pm,7 am–6 pm,Closed,"https://www.google.com/maps/search/pool+services+businesses+in+Crawfordsville+Terra+Haute+IN/@39.4654441,-87.4139427,14z",2025-10-27T18:40:12.435Z,,Identifies as veteran-owned,
https://www.google.com/maps/place/Peroni+Pool+Perfection/data=!4m7!3m6!1s0x886d6f6b3093aa25:0x579bcbab772fdbf7!8m2!3d39.464482!4d-87.3733194!16s%2Fg%2F11fmsgpsnf!19sChIJJaqTMGtvbYgR99svd6vLm1c,Peroni Pool Perfection,5.0,10,Swimming pool contractor,,,http://www.peronipoolperfection.com/,+1 317-919-0695,Open ⋅ Closes 5 pm,https://lh3.googleusercontent.com/gps-cs-s/AG0ilSybSC6tmiuBdFOuy0tmsXMeAehuPWHaF6E2v8jbymDAQsUYcFQBl2wk02kW_5GsTTDxPUNim_c5lY_PHlgFnxxlrsXOofOFJRJRsJceXUnuXJT8XekBj4LMoZdgCJC8SiGUdZBQ=w408-h544-k-no,true,7 am–5 pm,7 am–5 pm,7 am–5 pm,7 am–5 pm,7 am–5 pm,7 am–5 pm,Closed,"https://www.google.com/maps/search/pool+services+businesses+in+Crawfordsville+Terra+Haute+IN/@39.4654441,-87.4139427,14z",2025-10-27T18:40:17.508Z,,,
https://www.google.com/maps/place/Joe%27s+Mechanical/data=!4m7!3m6!1s0x886d654eb4655555:0xb6f65009d73b86f9!8m2!3d39.4635679!4d-87.3958021!16s%2Fg%2F11hz6tl6zc!19sChIJVVVltE5lbYgR-YY71wlQ9rY,Joe's Mechanical,4.8,325,HVAC contractor,"331 S 14th St, Terre Haute, IN 47807, United States","FJ73+CM Terre Haute, Indiana, USA",http://iwantjoe.com/,+1 812-232-6791,Open ⋅ Closes 5 pm,https://lh3.googleusercontent.com/gps-cs-s/AG0ilSw78ZNgWDAj8DsFR080XGMgOjdwlGs2bJ3Mv5kh3_77wSOlKnRWPW5XK7I82MI9yVjikKLoocqZwDverJzGGeA63TVFam80fg9mn2T_GaFYxAj5eLeFQAd6sbE3B9i2wsI89Vw3=w408-h306-k-no,true,8 am–5 pm,8 am–5 pm,8 am–5 pm,8 am–5 pm,8 am–5 pm,Closed,Closed,"https://www.google.com/maps/search/pool+services+businesses+in+Crawfordsville+Terra+Haute+IN/@39.4654441,-87.4139427,14z",2025-10-27T18:40:22.977Z,,,
"https://www.google.com/maps/place/Hank+Metzger+Landscape,+Inc./data=!4m7!3m6!1s0x886d7ae9415404f5:0x1b8a4a608815a7b8!8m2!3d39.4319138!4d-87.4072462!16s%2Fg%2F1tgmx0gz!19sChIJ9QRUQel6bYgRuKcViGBKihs","Hank Metzger Landscape, Inc.",4.0,21,Landscaper,"3037 S 7th St, Terre Haute, IN 47802, United States","CHJV+Q4 Terre Haute, Indiana, USA",https://hankmetzgerlandscape.com/,+1 812-235-3243,Open ⋅ Closes 4:30 pm,https://lh3.googleusercontent.com/p/AF1QipM6C07VAqx7lGiiUChvIVC5O68rCtNvl4gLKtqM=w408-h272-k-no,true,8 am–4:30 pm,8 am–4:30 pm,8 am–4:30 pm,8 am–4:30 pm,8 am–4:30 pm,Closed,Closed,"https://www.google.com/maps/search/pool+services+businesses+in+Crawfordsville+Terra+Haute+IN/@39.4654441,-87.4139427,14z",2025-10-27T18:40:28.209Z,,,
https://www.google.com/maps/place/Pro+Concrete+Leveling+of+Indiana/data=!4m7!3m6!1s0x886d7b56939edb05:0xfddc77ec4aba3aed!8m2!3d39.4444258!4d-87.3980667!16s%2Fg%2F11h6yry790!19sChIJBduek1Z7bYgR7Tq6Sux33P0,Pro Concrete Leveling of Indiana,4.7,110,Concrete contractor,"2019 S 13th St, Terre Haute, IN 47802, United States","CJV2+QQ Terre Haute, Indiana, USA",https://www.proconcretelevelingindiana.com/,+1 812-678-1234,Open ⋅ Closes 7 pm,https://lh3.googleusercontent.com/p/AF1QipOxOZwk4zjPEQg30e0JzcOO8J7LDJLPP0fFEcus=w426-h240-k-no,true,9 am–7 pm,9 am–7 pm,9 am–7 pm,9 am–7 pm,9 am–7 pm,Closed,Closed,"https://www.google.com/maps/search/pool+services+businesses+in+Crawfordsville+Terra+Haute+IN/@39.4654441,-87.4139427,14z",2025-10-27T18:40:33.601Z,,,
https://www.google.com/maps/place/Hydroclean+Exteriors/data=!4m7!3m6!1s0x886d7dcf0c83dcbb:0x13c01260d03d121d!8m2!3d39.444104!4d-87.5016614!16s%2Fg%2F11g0x5jnyl!19sChIJu9yDDM99bYgRHRI90GASwBM,Hydroclean Exteriors,5.0,265,Pressure washing service,"5426 W Old US 40, West Terre Haute, IN 47885, United States","CFVX+J8 West Terre Haute, Indiana, USA",https://www.hydrocleanext.com/,+1 812-239-4680,"Open ⋅ Closes 8 pm

Updated by this business 5 weeks ago",https://lh3.googleusercontent.com/p/AF1QipMR5Rosgc1OdVt1LwDOMtyn1dOncXTNSlrckVPa=w425-h240-k-no,true,6 am–8 pm,6 am–8 pm,6 am–8 pm,6 am–8 pm,6 am–8 pm,6 am–8 pm,6 am–8 pm,"https://www.google.com/maps/search/pool+services+businesses+in+Crawfordsville+Terra+Haute+IN/@39.4654441,-87.4139427,14z",2025-10-27T18:40:39.632Z,,,
https://www.google.com/maps/place/All+-+N+-1+Roofing+and+home+repairs/data=!4m7!3m6!1s0x886d6584d14b8031:0xba94e8c73adc17ed!8m2!3d39.5057103!4d-87.4021126!16s%2Fg%2F11j8vtvvtr!19sChIJMYBL0YRlbYgR7RfcOsfolLo,All - N -1 Roofing and home repairs,4.7,26,Roofing contractor,"3306 N 11th St, Terre Haute, IN 47804, United States","GH4X+75 Terre Haute, Indiana, USA",,+1 812-841-6595,Open ⋅ Closes 7 pm,https://lh3.googleusercontent.com/p/AF1QipOoVseA_IozBY-BS_N8Qym2mtwnXHpLWH5hprWW=w408-h544-k-no,true,7 am–7 pm,7 am–7 pm,7 am–7 pm,7 am–7 pm,7 am–7 pm,7 am–7 pm,Closed,"https://www.google.com/maps/search/pool+services+businesses+in+Crawfordsville+Terra+Haute+IN/@39.4654441,-87.4139427,14z",2025-10-27T18:40:45.098Z,,Identifies as women-owned,
https://www.google.com/maps/place/Frederick+Property+Solutions+LLC/data=!4m7!3m6!1s0x886d6525ea7afb5d:0xbe55b7803d3475f6!8m2!3d39.464482!4d-87.3733194!16s%2Fg%2F11r389xffh!19sChIJXft66iVlbYgR9nU0PYC3Vb4,Frederick Property Solutions LLC,4.5,8,Lawn care service,,,https://www.landscapingterrehaute.com/,+1 812-870-5855,Open 24 hours,https://lh3.googleusercontent.com/p/AF1QipPGJTQS5q5IUD6bDd-NUXOamxY50a1-vgsjI22c=w408-h306-k-no,true,Open 24 hours,Open 24 hours,Open 24 hours,Open 24 hours,Open 24 hours,Open 24 hours,Closed,"https://www.google.com/maps/search/pool+services+businesses+in+Crawfordsville+Terra+Haute+IN/@39.4654441,-87.4139427,14z",2025-10-27T18:40:50.593Z,,,
https://www.google.com/maps/place/Blue+Collar+Tree+Care/data=!4m7!3m6!1s0x886d650e7efd44cb:0x8074556895e0ce5b!8m2!3d39.4870585!4d-87.3859415!16s%2Fg%2F11rn04swkf!19sChIJy0T9fg5lbYgRW87glWhVdIA,Blue Collar Tree Care,4.8,33,Tree service,"2100 Beech St, Terre Haute, IN 47804, United States","FJP7+RJ Terre Haute, Indiana, USA",http://bluecollartreecare.com/,+1 812-562-5564,Open ⋅ Closes 4 pm,https://lh3.googleusercontent.com/p/AF1QipMPr4duSFk5qKWB7uklMudoUFVdyJ_-FEqNkYxm=w408-h544-k-no,true,8 am–4 pm,8 am–4 pm,8 am–4 pm,8 am–4 pm,8 am–4 pm,9 am–12 pm,Closed,"https://www.google.com/maps/search/pool+services+businesses+in+Crawfordsville+Terra+Haute+IN/@39.4654441,-87.4139427,14z",2025-10-27T18:40:56.565Z,,LGBTQ+ friendly,
https://www.google.com/maps/place/Wallace+Walls+And+More/data=!4m7!3m6!1s0x6ffbc0a62630eb47:0xa416549fc6981f2a!8m2!3d39.464482!4d-87.3733194!16s%2Fg%2F11rq419l2r!19sChIJR-swJqbA-28RKh-Yxp9UFqQ,Wallace Walls And More,,,Swimming pool contractor,,,https://www.wallacewallsandmore.com/,+1 812-870-9112,Open ⋅ Closes 5 pm,https://lh3.googleusercontent.com/p/AF1QipO14N8bs5LDab0Qh8zDs1Wt1EJttr6v_QTqiEhb=w408-h408-k-no,true,8 am–5 pm,8 am–5 pm,8 am–5 pm,8 am–5 pm,8 am–5 pm,8 am–5 pm,Closed,"https://www.google.com/maps/search/pool+services+businesses+in+Crawfordsville+Terra+Haute+IN/@39.4654441,-87.4139427,14z",2025-10-27T18:41:01.610Z,,,
https://www.google.com/maps/place/SAMCO+Electric+Inc/data=!4m7!3m6!1s0x886d654eaebb189f:0x46be2a8b81723ec6!8m2!3d39.4922593!4d-87.359265!16s%2Fg%2F11b6q24mxk!19sChIJnxi7rk5lbYgRxj5ygYsqvkY,SAMCO Electric Inc,4.8,168,Electrician,"4110 Maple Ave B, Terre Haute, IN 47804, United States","FJRR+W7 Terre Haute, Indiana, USA",https://www.samcoelectric.net/,+1 812-917-4006,Open ⋅ Closes 5 pm,https://lh3.googleusercontent.com/p/AF1QipNFu6l1-NMsBQ58uAP5GpQ5QePnSpyMxQitUC5i=w408-h306-k-no,true,8 am–5 pm,8 am–5 pm,8 am–5 pm,8 am–5 pm,8 am–5 pm,Closed,Closed,"https://www.google.com/maps/search/pool+services+businesses+in+Crawfordsville+Terra+Haute+IN/@39.4654441,-87.4139427,14z",2025-10-27T18:41:06.950Z,,,
https://www.google.com/maps/place/Renovative+Solutions+LLC/data=!4m7!3m6!1s0x886d6f3f3fa770af:0xdd1d2cf3509b6d14!8m2!3d39.5280639!4d-87.3644761!16s%2Fg%2F11j7j65v4n!19sChIJr3CnPz9vbYgRFG2bUPMsHd0,Renovative Solutions LLC,4.9,37,General contractor,"3448 E Park Ave, Terre Haute, IN 47805, United States","GJHP+66 Terre Haute, Indiana, USA",http://www.renovativesolutions.com/,+1 812-236-7415,Open ⋅ Closes 6 pm,https://lh3.googleusercontent.com/p/AF1QipOjo8l5txEm38C9ndaZQF3hhwTOqUq9lEEYVp42=w408-h408-k-no,true,8 am–6 pm,8 am–6 pm,8 am–6 pm,8 am–6 pm,8 am–6 pm,Closed,Closed,"https://www.google.com/maps/search/pool+services+businesses+in+Crawfordsville+Terra+Haute+IN/@39.4654441,-87.4139427,14z",2025-10-27T18:41:12.561Z,,,
https://www.google.com/maps/place/Spear+-+A+Landmark+Aquatic+Company/data=!4m7!3m6!1s0x886cd167279a0c25:0x36797d09445816d2!8m2!3d39.8493032!4d-86.8585485!16s%2Fg%2F1td_cfc7!19sChIJJQyaJ2fRbIgR0hZYRAl9eTY,Spear - A Landmark Aquatic Company,4.8,18,Swimming pool supply store,"12966 N County Rd 50 W, Roachdale, IN 46172, United States","R4XR+PH Roachdale, Indiana, USA",https://www.spearcorp.com/,+1 765-522-1126,Open ⋅ Closes 5 pm,https://lh3.googleusercontent.com/p/AF1QipMS_iqHad-UdQSYC9hevQLAn6XqWWQKMhkQemP6=w408-h509-k-no,true,8 am–5 pm,8 am–5 pm,8 am–5 pm,8 am–5 pm,8 am–5 pm,Closed,Closed,"https://www.google.com/maps/search/pool+services+businesses+in+Crawfordsville+Terra+Haute+IN/@39.4654441,-87.4139427,14z",2025-10-27T18:41:18.006Z,· In-store pick-up,,
"https://www.google.com/maps/place/Supreme+Plumbing,+Heating+%26+Cooling/data=!4m7!3m6!1s0x886d7a9685d76e0f:0xa116cf6a9cc48c31!8m2!3d39.4332567!4d-87.3957592!16s%2Fg%2F1tg8269v!19sChIJD27XhZZ6bYgRMYzEnGrPFqE","Supreme Plumbing, Heating & Cooling",4.3,194,HVAC contractor,"1399 E Margaret Ave, Terre Haute, IN 47802, United States","CJM3+8M Terre Haute, Indiana, USA",https://supremephc.com/?utm_source=GMB&utm_medium=Link,+1 812-234-4845,Open ⋅ Closes 5 pm,https://lh3.googleusercontent.com/p/AF1QipPBVQZjw7W_q3wqI60_swBw_l4iYkaJ0nkBtcB7=w408-h306-k-no,true,8 am–5 pm,8 am–5 pm,8 am–5 pm,8 am–5 pm,8 am–5 pm,Closed,Closed,"https://www.google.com/maps/search/pool+services+businesses+in+Crawfordsville+Terra+Haute+IN/@39.4654441,-87.4139427,14z",2025-10-27T18:41:23.602Z,,,
https://www.google.com/maps/place/Fortner+Water+Hauling+LLC/data=!4m7!3m6!1s0xa0c8af89c4d6de4b:0x85e7af3886ddf92d!8m2!3d39.5179247!4d-87.3984856!16s%2Fg%2F11x2t1lzg4!19sChIJS97WxImvyKARLfndhjiv54U,Fortner Water Hauling LLC,4.6,9,Delivery service,"4400 N 13th St, Terre Haute, IN 47805, United States","GJ92+5J Terre Haute, Indiana, USA",https://fortnerwaterhaulingllc.com/,+1 812-230-0389,,https://lh3.googleusercontent.com/p/AF1QipNtxolM1mfDV12TCNSotgFaq9E822ch17uVdHB8=w408-h306-k-no,true,,,,,,,,"https://www.google.com/maps/search/pool+services+businesses+in+Crawfordsville+Terra+Haute+IN/@39.4654441,-87.4139427,14z",2025-10-27T18:41:26.778Z,,,
https://www.google.com/maps/place/Matherly+Paving/data=!4m7!3m6!1s0x886d5ceba74b86ef:0xecd4b2f4ef8b2bce!8m2!3d39.4853151!4d-87.3590943!16s%2Fg%2F113j3mndv!19sChIJ74ZLp-tcbYgRziuL7_Sy1Ow,Matherly Paving,4.0,3,Paving contractor,"703 N Fruitridge Ave, Terre Haute, IN 47803, United States","FJPR+49 Terre Haute, Indiana, USA",,+1 833-244-7732,Open ⋅ Closes 5 pm,https://lh3.googleusercontent.com/p/AF1QipN63Kf8TZfvX95WcCkoWmEad_ztooNZCw1mpXu-=w408-h306-k-no,true,9 am–5 pm,9 am–5 pm,9 am–5 pm,9 am–5 pm,9 am–5 pm,9 am–5 pm,Closed,"https://www.google.com/maps/search/pool+services+businesses+in+Crawfordsville+Terra+Haute+IN/@39.4654441,-87.4139427,14z",2025-10-27T18:41:32.293Z,,,
https://www.google.com/maps/place/Blue+Dolphin+Pool+Services+LLC/data=!4m7!3m6!1s0x886cad6f59c24e59:0xcb2cbefeb156f715!8m2!3d39.8994223!4d-86.4081829!16s%2Fg%2F1tglzqzd!19sChIJWU7CWW-tbIgRFfdWsf6-LMs,Blue Dolphin Pool Services LLC,4.4,7,Swimming pool contractor,"9344 Gladstone Dr, Pittsboro, IN 46167, United States","VHXR+QP Pittsboro, Indiana, USA",https://www.aquaticsconnect.com/pittsboro/services-vendors/blue-dolphin-pool-services-llc,+1 317-852-8477,,https://lh3.googleusercontent.com/gps-cs-s/AG0ilSyfcrgKKK12uNBPD3NrVTSnQibqWPLl6rbzicqaZEUKQIm9FwlHCMEBGCAvDd8Nst6nhrqyoNToA2bIffE6jXimAc4wuctP5C6RMLmRGG069GUPpmq03HPDH3VwUYC38s6oTfs=w408-h306-k-no,false,,,,,,,,"https://www.google.com/maps/search/pool+services+businesses+in+Crawfordsville+Terra+Haute+IN/@39.4654441,-87.4139427,14z",2025-10-27T18:41:36.438Z,,,
https://www.google.com/maps/place/Pine%E2%80%99s+Pool+Solutions/data=!4m7!3m6!1s0x6867c7d48e97317b:0xf33b9f6a6c359542!8m2!3d39.589578!4d-87.2841196!16s%2Fg%2F11tck_qjwq!19sChIJezGXjtTHZ2gRQpU1bGqfO_M,Pine’s Pool Solutions,,,Pool cleaning service,,,,+1 812-263-0911,Open ⋅ Closes 5 pm,https://lh3.googleusercontent.com/p/AF1QipPJ3z2ZQBoz0JZwCKyna6LfoamAWSlOTtbNt66S=w408-h544-k-no,true,7 am–5 pm,7 am–5 pm,7 am–5 pm,7 am–5 pm,7 am–5 pm,10 am–2 pm,Closed,"https://www.google.com/maps/search/pool+services+businesses+in+Crawfordsville+Terra+Haute+IN/@39.4654441,-87.4139427,14z",2025-10-27T18:41:42.006Z,,,
https://www.google.com/maps/place/Poolery+Plus+Inc/data=!4m7!3m6!1s0x886d7a4496d42985:0xfcc7476c50cb9230!8m2!3d39.4319886!4d-87.4260487!16s%2Fg%2F1tw1fl18!19sChIJhSnUlkR6bYgRMJLLUGxHx_w,Poolery Plus Inc,3.1,14,Swimming pool contractor,"501 W Honey Creek Pkwy, Terre Haute, IN 47802, United States","CHJF+QH Terre Haute, Indiana, USA",,+1 812-299-5668,Temporarily closed,https://streetviewpixels-pa.googleapis.com/v1/thumbnail?panoid=GvQMK8VxUeP9q4-xSxeMwA&cb_client=search.gws-prod.gps&w=408&h=240&yaw=284.18335&pitch=0&thumbfov=100,true,,,,,,,,"https://www.google.com/maps/search/pool+services+businesses+in+Crawfordsville+Terra+Haute+IN/@39.4654441,-87.4139427,14z",2025-10-27T18:41:47.395Z,,,
,,,,,,,,,,,,,,,,,,,"https://www.google.com/maps/search/pool+services+businesses+in+Bloomington+Terra+Haute+IN/@39.4654441,-87.4139427,14z",2025-10-27T18:41:57.744Z,,,No new results found
https://www.google.com/maps/place/Indiana+Pools+and+Spas+%28Greencastle%29/data=!4m7!3m6!1s0x886cdcb8fecbac97:0x4d7353d19063240b!8m2!3d39.6354107!4d-86.8535755!16s%2Fg%2F11c3k511gz!19sChIJl6zL_rjcbIgRCyRjkNFTc00,Indiana Pools and Spas (Greencastle),3.4,18,Swimming pool contractor,"614 S Bloomington St, Greencastle, IN 46135, United States","J4PW+5H Greencastle, Indiana, USA",http://indianapoolsandspas.com/,+1 765-301-9900,"Open ⋅ Closes 4 pm

Updated by this business 2 weeks ago",https://streetviewpixels-pa.googleapis.com/v1/thumbnail?panoid=JK8mt6wpWluoLyBNhYZfrg&cb_client=search.gws-prod.gps&w=408&h=240&yaw=256.0067&pitch=0&thumbfov=100,true,10 am–4 pm,10 am–4 pm,Closed,10 am–4 pm,10 am–4 pm,Closed,Closed,"https://www.google.com/maps/search/pool+services+businesses+in+Greencastle+Terra+Haute+IN/@39.4654441,-87.4139427,14z",2025-10-27T18:42:19.829Z,,,
https://www.google.com/maps/place/Bargain+Barn/data=!4m7!3m6!1s0x886d7bf1c4291d83:0x817cdc5916da44b0!8m2!3d39.453614!4d-87.332365!16s%2Fg%2F11gxsgwf07!19sChIJgx0pxPF7bYgRsETaFlncfIE,Bargain Barn,4.9,27,Shed builder,"1050 IN-46, Terre Haute, IN 47803, United States","FM39+C3 Terre Haute, Indiana, USA",http://bargainbarnterrehaute.com/?utm_source=Google&utm_medium=Organic&utm_campaign=gmb-listing,+1 812-230-9695,Open ⋅ Closes 5 pm,https://lh3.googleusercontent.com/gps-cs-s/AG0ilSy8OoKqG61lyqFcv2XCJA5FjHb0OV-m182hTWzVMZ-A7ybs9Lew1IJ5g-BIEZZwFjWO9nm7Jv8R2GVjztmAniiA-P_IHedMnJRgsAcZ7eYfINEevYS4mL_cTq-16_KvaMASjLPh=w408-h306-k-no,true,10 am–5 pm,10 am–4 pm,10 am–5 pm,10 am–5 pm,10 am–5 pm,10 am–4 pm,Closed,"https://www.google.com/maps/search/pool+services+businesses+in+Greencastle+Terra+Haute+IN/@39.4654441,-87.4139427,14z",2025-10-27T18:42:26.446Z,,,
https://www.google.com/maps/place/Imperial+Lanes/data=!4m7!3m6!1s0x886d6525b2fc4b1d:0x434ec49eb16f289d!8m2!3d39.4709511!4d-87.4148459!16s%2Fg%2F1td1w5s0!19sChIJHUv8siVlbYgRnShvsZ7ETkM,Imperial Lanes,4.2,346,Bowling alley,"400 N 3rd St, Terre Haute, IN 47807, United States","FHCP+93 Terre Haute, Indiana, USA",,+1 812-232-1319,Closed ⋅ Opens 5 pm,https://lh3.googleusercontent.com/p/AF1QipMvKBv6KVjBp-UUN99EjKV61w3h_DDQIfOV_lo5=w408-h272-k-no,true,5–11 pm,5–10 pm,5–11 pm,5–11 pm,5 pm–1 am,5 pm–1 am,1–11 pm,"https://www.google.com/maps/search/pool+services+businesses+in+Greencastle+Terra+Haute+IN/@39.4654441,-87.4139427,14z",2025-10-27T18:42:33.340Z,,,
https://www.google.com/maps/place/The+Verve/data=!4m7!3m6!1s0x886d6530237f427b:0xc1bd07405ac75b88!8m2!3d39.466369!4d-87.407366!16s%2Fm%2F0k4sw4v!19sChIJe0J_IzBlbYgRiFvHWkAHvcE,The Verve,3.9,203,Bar,"677 Wabash Ave, Terre Haute, IN 47807, United States","FH8V+G3 Terre Haute, Indiana, USA",http://vervenightclub.com/,+1 812-234-9536,Closed ⋅ Opens 4 pm,https://lh3.googleusercontent.com/p/AF1QipNCyntYtLF9E6mQPRDV2epqp5H1GteJlOmUDZEC=w408-h272-k-no,true,4 pm–3 am,4 pm–3 am,4 pm–3 am,4 pm–3 am,4 pm–3 am,4 pm–3 am,4 pm–3 am,"https://www.google.com/maps/search/pool+services+businesses+in+Greencastle+Terra+Haute+IN/@39.4654441,-87.4139427,14z",2025-10-27T18:42:39.365Z,"Intimate live music club & cocktail bar with daily drink specials, plus karaoke & billiards. · Dine-in · Takeaway · Delivery",,
https://www.google.com/maps/place/Candlewood+Suites+Terre+Haute+by+IHG/data=!4m10!3m9!1s0x886d6530c6dc9439:0xed4b1b849a327283!5m2!4m1!1i2!8m2!3d39.4661856!4d-87.4062583!16s%2Fg%2F1tfstmj_!19sChIJOZTcxjBlbYgRg3IymoQbS-0,Candlewood Suites Terre Haute by IHG,4.6,565,,"721 Wabash Ave, Terre Haute, IN 47807, United States","FH8V+FF Terre Haute, Indiana, USA",https://www.ihg.com/candlewood/hotels/us/en/terre-haute/hufwb/hoteldetail?cm_mmc=GoogleMaps-_-CW-_-US-_-HUFWB,+1 812-234-3400,,https://lh3.googleusercontent.com/p/AF1QipPKxLiCxZoxSEdTwzx3wM5lb7rOxDL3Yj8LkLl-=w408-h271-k-no,true,,,,,,,,"https://www.google.com/maps/search/pool+services+businesses+in+Greencastle+Terra+Haute+IN/@39.4654441,-87.4139427,14z",2025-10-27T18:42:44.147Z,,,
https://www.google.com/maps/place/A+Plus+Pest+and+Wildlife+Control/data=!4m7!3m6!1s0x452cf660c918165f:0x1ecaf8ec2ddfd56a!8m2!3d39.4919968!4d-87.30934!16s%2Fg%2F11x5c7n9wz!19sChIJXxYYyWD2LEURatXfLez4yh4,A Plus Pest and Wildlife Control,5.0,103,Pest control service,"7100 E Old Maple Ave, Terre Haute, IN 47803, United States","FMRR+Q7 Terre Haute, Indiana, USA",https://www.apluspestcontrol.org/,+1 812-243-1823,Open 24 hours,https://lh3.googleusercontent.com/p/AF1QipMgecukpZ-e6Co3R6CbSB7FVd81PaGLeTOMHj0O=w408-h240-k-no,true,Open 24 hours,Open 24 hours,Open 24 hours,Open 24 hours,Open 24 hours,Open 24 hours,Open 24 hours,"https://www.google.com/maps/search/pool+services+businesses+in+Greencastle+Terra+Haute+IN/@39.4654441,-87.4139427,14z",2025-10-27T18:42:50.719Z,,,
https://www.google.com/maps/place/Hilton+Garden+Inn+Terre+Haute/data=!4m10!3m9!1s0x886d6530c857db51:0xfb92e94ad4aa71f6!5m2!4m1!1i2!8m2!3d39.466689!4d-87.4066405!16s%2Fg%2F1tgws__y!19sChIJUdtXyDBlbYgR9nGq1Erpkvs,Hilton Garden Inn Terre Haute,4.3,818,,"750 Wabash Ave, Terre Haute, IN 47807, United States","FH8V+M8 Terre Haute, Indiana, USA",https://www.hilton.com/en/hotels/hufthgi-hilton-garden-inn-terre-haute/?SEO_id=GMB-AMER-GI-HUFTHGI&y_source=1_MjA4NDk1OC03MTUtbG9jYXRpb24ud2Vic2l0ZQ%3D%3D,+1 812-234-8900,,https://lh3.googleusercontent.com/p/AF1QipO5nZKzbcX5kyd9Eq6oI3FZISB0E_OOTfQcTb6b=w408-h272-k-no,true,,,,,,,,"https://www.google.com/maps/search/pool+services+businesses+in+Greencastle+Terra+Haute+IN/@39.4654441,-87.4139427,14z",2025-10-27T18:42:55.630Z,,,
https://www.google.com/maps/place/RiverFront+Lofts/data=!4m7!3m6!1s0x886d65def90cc705:0x94b17cfc4e7a124!8m2!3d39.471916!4d-87.4184925!16s%2Fg%2F11g1nw7pqj!19sChIJBccM-d5lbYgRJKHnxM8XSwk,RiverFront Lofts,4.2,38,Apartment rental agency,"1 Sycamore St, Terre Haute, IN 47807, United States","FHCJ+QJ Terre Haute, Indiana, USA",https://www.riverfrontloftsth.com/,+1 812-244-1364,,https://lh3.googleusercontent.com/p/AF1QipOfdjyoG1ds1XloeEFbhrUJucZZF4GEfYjK9ITD=w408-h271-k-no,true,9 am–5 pm,9 am–5 pm,9 am–5 pm,9 am–5 pm,9 am–5 pm,Closed,Closed,"https://www.google.com/maps/search/pool+services+businesses+in+Greencastle+Terra+Haute+IN/@39.4654441,-87.4139427,14z",2025-10-27T18:43:01.499Z,· Dogs allowed,,
https://www.google.com/maps/place/Indiana+Pools+%26+Spas+%28Linton%29/data=!4m7!3m6!1s0x886dbc0079bb3f17:0x669221e7276387ce!8m2!3d39.0342839!4d-87.1795503!16s%2Fg%2F1w456b_s!19sChIJFz-7eQC8bYgRzodjJ-chkmY,Indiana Pools & Spas (Linton),4.0,26,Swimming pool contractor,"1127 Price Rd, Linton, IN 47441, United States","2RMC+P5 Linton, Indiana, USA",http://indianapoolsandspas.com/,+1 812-847-3900,"Open ⋅ Closes 5 pm

Updated by this business 2 weeks ago",https://lh3.googleusercontent.com/gps-cs-s/AG0ilSyCVapHDBOTmwc6tJb1Wl9RLrgNmnp7Vz5H23dPbYPkd_qVqVLd4vLv5YIcOXneogeTvxxPon8kBdGapBjkFkS5lTJh4jK_952vH9WWXgHIgh16Wuios_eYCFPcEbmBjgKBieH0=w408-h544-k-no,true,9 am–5 pm,9 am–5 pm,10 am–2 pm,9 am–5 pm,9 am–5 pm,10 am–2 pm,Closed,"https://www.google.com/maps/search/pool+services+businesses+in+Greencastle+Terra+Haute+IN/@39.4654441,-87.4139427,14z",2025-10-27T18:43:07.592Z,,,
"https://www.google.com/maps/place/All-American+Softwashing,+LLC/data=!4m7!3m6!1s0x886d7ba9b5d5095d:0x8d17e9f8c526b7af!8m2!3d39.3754236!4d-87.3989466!16s%2Fg%2F11h64mch8v!19sChIJXQnVtal7bYgRr7cmxfjpF40","All-American Softwashing, LLC",5.0,5,Pressure washing service,"24 Velvet Dr, Terre Haute, IN 47802, United States","9JG2+5C Terre Haute, Indiana, USA",,+1 812-264-1116,Open ⋅ Closes 7:30 pm,https://lh3.googleusercontent.com/gps-cs-s/AG0ilSzHtcklf7VvlPbg-BMlGwv0C0MJmlqHC-3OC4UwHcmyWNTWoU9xTxioEd8bXB7lumFtHhgWUE2gvTCqnWHmPDZfFoRRJgFmPwHSxSYk-MubAOHhRjO7W_OCDzyIDCo1N5qH_Lsn=w408-h544-k-no,true,7 am–7:30 pm,7 am–7:30 pm,7–7:30 am,7 am–7:30 pm,7 am–7:30 pm,7 am–7:30 pm,7 am–7:30 pm,"https://www.google.com/maps/search/pool+services+businesses+in+Greencastle+Terra+Haute+IN/@39.4654441,-87.4139427,14z",2025-10-27T18:43:14.596Z,,,
"https://www.google.com/maps/place/Keith%27s+Pool+Service+and+Repair,+LLC/data=!4m7!3m6!1s0x886ca641f13c8829:0x1606377432d93299!8m2!3d39.7330959!4d-86.3163458!16s%2Fg%2F1hcbdctpq!19sChIJKYg88UGmbIgRmTLZMnQ3BhY","Keith's Pool Service and Repair, LLC",4.9,109,Swimming pool repair service,"2329 S Burke St, Indianapolis, IN 46231, United States","PMMM+6F Indianapolis, Indiana, USA",https://www.aquaticsconnect.com/indianapolis/services-vendors/keith-s-pool-service-and-repair-llc,+1 317-381-2177,Open ⋅ Closes 5 pm,https://lh3.googleusercontent.com/p/AF1QipNZUQjva9wGM9IBVBNi5UZshnAGREQA_NYdUFyb=w408-h301-k-no,true,9 am–5 pm,9 am–5 pm,9 am–5 pm,9 am–5 pm,9 am–5 pm,Closed,Closed,"https://www.google.com/maps/search/pool+services+businesses+in+Greencastle+Terra+Haute+IN/@39.4654441,-87.4139427,14z",2025-10-27T18:43:20.515Z,,,
https://www.google.com/maps/place/The+Pool+House/data=!4m7!3m6!1s0x885284c3bd09e801:0x69841c9822a628dc!8m2!3d36.7545669!4d-79.9385292!16s%2Fg%2F1tfp34hw!19sChIJAegJvcOEUogR3CimIpgchGk,The Pool House,4.8,152,Swimming pool contractor,"6215 Virginia Ave, Bassett, VA 24055, United States","Q336+RH Bassett, Virginia, USA",http://www.poolhouseltd.com/,+1 276-629-2074,"Open ⋅ Closes 5:30 pm

Confirmed by this business 5 weeks ago",https://lh3.googleusercontent.com/p/AF1QipOkbLr9wLd_fHrkyqPVRnlqTKEXZbeL-37OMlmc=w408-h306-k-no,true,9:30 am–5:30 pm,9:30 am–5:30 pm,9:30 am–5:30 pm,9:30 am–5:30 pm,9:30 am–5:30 pm,9 am–1 pm,Closed,"https://www.google.com/maps/search/pool+services+businesses+in+Martinsville+Terra+Haute+IN/@36.6915262,-79.8725386,14z",2025-10-27T18:43:34.994Z,,,
https://www.google.com/maps/place/Wallace+Walls+and+More/data=!4m7!3m6!1s0x886d11ec98cf2cf3:0xacb7754b24b3471d!8m2!3d39.387551!4d-87.090363!16s%2Fg%2F11j6bq3mz9!19sChIJ8yzPmOwRbYgRHUezJEt1t6w,Wallace Walls and More,5.0,1,Retaining wall supplier,,,,+1 812-870-9053,Open ⋅ Closes 5 pm,https://lh3.googleusercontent.com/p/AF1QipNBrRxOWlH0TEcqtPyNOGhg3sW8GVMdM4IAJiJI=w408-h301-k-no,true,8 am–5 pm,8 am–5 pm,8 am–5 pm,8 am–5 pm,8 am–5 pm,Closed,Closed,"https://www.google.com/maps/search/pool+services+businesses+in+Washington+Terra+Haute+IN/@39.4510076,-87.3996765,14z",2025-10-27T18:43:49.892Z,,,
https://www.google.com/maps/place/A+PooL+PaLace/data=!4m7!3m6!1s0x886a5d93c8e0e437:0x14ef952b6993949f!8m2!3d39.4102134!4d-85.044954!16s%2Fg%2F11j4wwk5xv!19sChIJN-TgyJNdaogRn5STaSuV7xQ,A PooL PaLace,5.0,84,Swimming pool contractor,,,https://apoolpalace.com/,+1 317-281-4004,Open ⋅ Closes 7 pm,https://lh3.googleusercontent.com/p/AF1QipPdIVIloX54IQhUKRj-A36OtPdrCiQqjt9vou2c=w408-h544-k-no,true,7 am–7 pm,7 am–7 pm,7 am–7 pm,7 am–7 pm,7 am–7 pm,7 am–2 pm,Closed,"https://www.google.com/maps/search/pool+services+businesses+in+Washington+Terra+Haute+IN/@39.4510076,-87.3996765,14z",2025-10-27T18:43:55.093Z,,,
https://www.google.com/maps/place/Vigo+County+School+Corporation+Aquatic+Center/data=!4m7!3m6!1s0x886d7ad8a0064d93:0xf1ba6109edee6db9!8m2!3d39.441684!4d-87.4200245!16s%2Fg%2F11clsspkcz!19sChIJk00GoNh6bYgRuW3u7QlhuvE,Vigo County School Corporation Aquatic Center,4.4,100,Indoor swimming pool,"2230 Prairieton Rd, Terre Haute, IN 47802, United States","CHRH+MX Terre Haute, Indiana, USA",,+1 812-238-8381,Open ⋅ Closes 8 pm,https://lh3.googleusercontent.com/gps-cs-s/AG0ilSxuVizoakG3Jnw3o5Co3RlVEhSRC5jXawRoSNfXC0SfmM5wnHojw7JzI6Ij0T9SdojTIMPl6QB3ezo77nmocEpC3N32Sf1QG4CiHXqLEkHZJH_1gNTeSlfNqeejzhpTgA_z2bR6wA=w408-h306-k-no,false,5:45 am–8 pm,5:45 am–8 pm,5:45 am–8 pm,5:45 am–8 pm,5:45 am–8 pm,6 am–11 pm,12–2 pm,"https://www.google.com/maps/search/pool+services+businesses+in+Washington+Terra+Haute+IN/@39.4510076,-87.3996765,14z",2025-10-27T18:44:00.155Z,,,
https://www.google.com/maps/place/S+%26+S+Pool+%26+Supplies+Inc./data=!4m7!3m6!1s0x886ddf9e7c20b0bd:0x96d84bda93622640!8m2!3d38.634606!4d-87.177894!16s%2Fg%2F1vg_80_1!19sChIJvbAgfJ7fbYgRQCZik9pL2JY,S & S Pool & Supplies Inc.,4.0,38,Swimming pool contractor,"691 W 150 S, Washington, IN 47501, United States","JRMC+RR Washington, Indiana, USA",https://www.sspoolsandsupply.com/,+1 812-254-5006,"Closes soon ⋅ 3 pm ⋅ Opens 9 am Tue

Updated by others 4 weeks ago",https://streetviewpixels-pa.googleapis.com/v1/thumbnail?panoid=VH0oSDaO2U4E-izTV9Ue9Q&cb_client=search.gws-prod.gps&w=408&h=240&yaw=162.21503&pitch=0&thumbfov=100,true,9 am–3 pm,9 am–3 pm,9 am–3 pm,9 am–3 pm,9 am–3 pm,Closed,Closed,"https://www.google.com/maps/search/pool+services+businesses+in+Washington+Terra+Haute+IN/@39.4510076,-87.3996765,14z",2025-10-27T18:44:05.161Z,,,
https://www.google.com/maps/place/Fattys+Pools+and+Backyard+Renovations/data=!4m7!3m6!1s0x886dbf9894827c17:0xbbe7308c8ca4a81c!8m2!3d38.6820827!4d-87.5302282!16s%2Fg%2F11r2rntgct!19sChIJF3yClJi_bYgRHKikjIww57s,Fattys Pools and Backyard Renovations,3.0,1,Swimming pool contractor,"2 Buntin St, Vincennes, IN 47591, United States","MFJ9+RW Vincennes, Indiana, USA",https://www.facebook.com/fattyspools/,+1 317-442-4404,Open ⋅ Closes 5 pm,https://lh3.googleusercontent.com/p/AF1QipPcro2mCNS84uVYKakPyo2lWLdWuA5rx8oZsyjj=w408-h510-k-no,true,9 am–5 pm,9 am–5 pm,9 am–5 pm,9 am–5 pm,9 am–5 pm,9 am–5 pm,9 am–5 pm,"https://www.google.com/maps/search/pool+services+businesses+in+Vincennes+Terra+Haute+IN/@38.677269,-87.5286325,14z",2025-10-27T18:44:19.020Z,,,
https://www.google.com/maps/place/Heritage+Fireplace+Showroom/data=!4m7!3m6!1s0x886dfedc3257deb7:0x4ec5d639e834879d!8m2!3d38.6918073!4d-87.4947561!16s%2Fg%2F1tcxv_4n!19sChIJt95XMtz-bYgRnYc06DnWxU4,Heritage Fireplace Showroom,4.2,36,Fireplace store,"750 Old Wheatland Rd, Vincennes, IN 47591, United States","MGR4+P3 Vincennes, Indiana, USA",http://www.heritagefireplaceshowroom.com/,+1 812-886-4083,Open ⋅ Closes 5 pm,https://lh3.googleusercontent.com/gps-cs-s/AG0ilSya2Se7THvDpBejNr7R9RqM1-rgJgjwmFvl000BCx8qfkQHyY3NecVKdiytf1W-Orlp9gKS2gPZASztI7S_90-_vEGOc-jjkpf1J-znN2lRchfp3fbmPWC-coOR5NxaXhPMXNfZ=w493-h240-k-no,true,9 am–5 pm,9 am–5 pm,9 am–5 pm,9 am–5 pm,9 am–5 pm,9 am–1 pm,Closed,"https://www.google.com/maps/search/pool+services+businesses+in+Vincennes+Terra+Haute+IN/@38.677269,-87.5286325,14z",2025-10-27T18:44:24.390Z,· In-store shopping · Delivery,,
https://www.google.com/maps/place/SERVPRO+of+Vincennes/data=!4m7!3m6!1s0x886dff0cd2505553:0x9a28d66d2b3a247!8m2!3d38.6763835!4d-87.519454!16s%2Fg%2F1tj1n82d!19sChIJU1VQ0gz_bYgRR6Kz0maNogk,SERVPRO of Vincennes,4.7,95,Water damage restoration service,"712 Upper 11th St, Vincennes, IN 47591, United States","MFGJ+H6 Vincennes, Indiana, USA",https://www.servpro.com/locations/in/servpro-of-vincennes?utm_medium=organic&utm_source=gbp,+1 812-895-0581,,https://lh3.googleusercontent.com/p/AF1QipOJQn-9KZQI5FpQ8QGB4-OB0Svko0dswzrvfyXq=w427-h240-k-no,true,Open 24 hours,Open 24 hours,Open 24 hours,Open 24 hours,Open 24 hours,Open 24 hours,Open 24 hours,"https://www.google.com/maps/search/pool+services+businesses+in+Vincennes+Terra+Haute+IN/@38.677269,-87.5286325,14z",2025-10-27T18:44:29.784Z,,,
https://www.google.com/maps/place/YMCA+of+Vincennes/data=!4m7!3m6!1s0x886dff076545d9e1:0x738f4fd4dc455a97!8m2!3d38.6662352!4d-87.5066613!16s%2Fg%2F1tg6qw5k!19sChIJ4dlFZQf_bYgRl1pF3NRPj3M,YMCA of Vincennes,4.3,29,Non-profit organization,"2010 College Ave, Vincennes, IN 47591, United States","MF8V+F8 Vincennes, Indiana, USA",https://www.vincennesymca.org/,+1 812-895-9622,"Open ⋅ Closes 9 pm

Confirmed by others 7 weeks ago",https://lh3.googleusercontent.com/gps-cs-s/AG0ilSztbAG9bbvRkv5s7N0A1P5z-JAis2hE0UzhUOfVqHG5Ztta-kfvv6p4OuZCjU3wcpW3meHmODk5oZXZDTe8FCITdb_NAhh_o7-WsUfqGU66IiRIpuhVc5glpk77oORfjPkLT5Vd=w408-h306-k-no,false,5:30 am–9 pm,5:30 am–9 pm,5:30 am–9 pm,5:30 am–9 pm,5:30 am–7 pm,6 am–4 pm,1–4 pm,"https://www.google.com/maps/search/pool+services+businesses+in+Vincennes+Terra+Haute+IN/@38.677269,-87.5286325,14z",2025-10-27T18:44:35.195Z,Community-focused nonprofit established in 1844 with recreational programs & services for all ages.,,
https://www.google.com/maps/place/Blue+Cube+Pools/data=!4m7!3m6!1s0x4877ba5abd0ad8e7:0x3d804f209e8998f6!8m2!3d52.2210072!4d-0.5203746!16s%2Fg%2F1tdn85bx!19sChIJ59gKvVq6d0gR9piJniBPgD0,Blue Cube Pools,4.8,22,Swimming pool contractor,"Unit 24 Stoke Mill Ind Est, Mill Rd, Bedford MK44 1NN, United Kingdom","6FCH+CV Bedford, United Kingdom",https://www.bluecubepools.co.uk/,+44 1234 783569,Closed ⋅ Opens 9 am Tue,https://lh3.googleusercontent.com/p/AF1QipP__dTk010jLiQd5VvUFueFNirO0Au4CnSFt4a_=w408-h270-k-no,true,9 am–5 pm,9 am–5 pm,9 am–5 pm,9 am–5 pm,9 am–5 pm,Closed,Closed,"https://www.google.com/maps/search/pool+services+businesses+in+Bedford+Terra+Haute+IN/@39.4654441,-87.4139427,14z",2025-10-27T18:44:50.013Z,,LGBTQ+ friendly,
https://www.google.com/maps/place/Lafayette+Pool+%26+Spa/data=!4m7!3m6!1s0x88131dfb531ba801:0x450fd2a44f9e396e!8m2!3d40.4186134!4d-86.8612518!16s%2Fg%2F11dxdksyq5!19sChIJAagbU_sdE4gRbjmeT6TSD0U,Lafayette Pool & Spa,4.8,30,Hot tub store,"18 N Earl Ave, Lafayette, IN 47904, United States","C49Q+CF Lafayette, Indiana, USA",https://lafayettepoolandspa.com/,+1 765-607-1865,"Open ⋅ Closes 5:30 pm

Updated by this business 4 weeks ago",https://lh3.googleusercontent.com/gps-cs-s/AG0ilSyKhO_jtdiQmw1DdwFU7V1y8Hjy7A4lNUMiKBoKs9Zz_SPrTy_8Jo-7BvqplYpfRBXjT3Ua8zkqeBC6Q7gD39aSYl8PWJNz9_-EECclQ7GB4vYLtrUEbPzGRNF1QR-r4_zNHI6qLg=w408-h270-k-no,true,9 am–5:30 pm,9 am–5:30 pm,9 am–5:30 pm,9 am–5:30 pm,9 am–5:30 pm,10 am–3 pm,Closed,"https://www.google.com/maps/search/pool+services+businesses+in+West+Lafayette+Terra+Haute+IN/@39.4654441,-87.4139427,14z",2025-10-27T18:45:06.333Z,· In-store pick-up,,
https://www.google.com/maps/place/Burton+Pools/data=!4m7!3m6!1s0x88131cd88c649471:0xb8555b685600e728!8m2!3d40.412569!4d-86.8600887!16s%2Fg%2F1tl0xywr!19sChIJcZRkjNgcE4gRKOcAVmhbVbg,Burton Pools,4.3,12,Swimming pool contractor,"523 S Earl Ave #4, Lafayette, IN 47904, United States","C47Q+2X Lafayette, Indiana, USA",http://aquariuspoolsspas.com/,+1 765-420-0481,Open ⋅ Closes 5:30 pm,https://lh3.googleusercontent.com/p/AF1QipO1pEMBjs-9UJtDbrX2eVlM9YU2VcUdCYG6lWN9=w408-h272-k-no,true,9 am–5:30 pm,9 am–5:30 pm,9 am–5:30 pm,9 am–5:30 pm,9 am–5:30 pm,9 am–3 pm,Closed,"https://www.google.com/maps/search/pool+services+businesses+in+West+Lafayette+Terra+Haute+IN/@39.4654441,-87.4139427,14z",2025-10-27T18:45:11.622Z,,,
https://www.google.com/maps/place/Ground+Up+Services/data=!4m7!3m6!1s0x67315e5b778f7c3d:0x12a640106d2ee7b3!8m2!3d39.511301!4d-87.1893724!16s%2Fg%2F11y1w1g4gq!19sChIJPXyPd1teMWcRs-cubRBAphI,Ground Up Services,5.0,5,Excavating contractor,"4421 W Stonebrook Dr, Brazil, IN 47834, United States","GR66+G7 Brazil, Indiana, USA",https://groundupservicesllc.com/,+1 812-230-3104,Open ⋅ Closes 10 pm,https://lh3.googleusercontent.com/p/AF1QipNe02qGbQ4En6-KBK-BM6Ws-W_xE_45LHoxpVQC=w408-h306-k-no,true,8 am–10 pm,8 am–10 pm,8 am–10 pm,8 am–10 pm,8 am–10 pm,8 am–10 pm,8 am–10 pm,"https://www.google.com/maps/search/pool+services+businesses+in+Lebanon+Terra+Haute+IN/@39.4654441,-87.4139427,14z",2025-10-27T18:45:25.688Z,,,
https://www.google.com/maps/place/AQUA+SHARK/data=!4m7!3m6!1s0x151ec7005992153f:0xa677a7a4d141c43!8m2!3d33.397847!4d35.6843944!16s%2Fg%2F11xfdcrxhv!19sChIJPxWSWQDHHhURQxwUTXp6Zwo,AQUA SHARK,5.0,4,Swimming pool contractor,"9MXM+4H8, Hasbaiyya, Lebanon",,,+961 3 834 037,Open 24 hours,https://lh3.googleusercontent.com/gps-cs-s/AG0ilSzu-uULNThY7AWXBuHzdB15Fp6Kjyl15SmCX_zi9PT9n9yyTyYPmk0bzMusxbICbqD7CWkqL4i_OWS0pRcSQUnBkRF3lS2dTFFxF8m7_4_l1eT7H6GndhSC9SpG0kV7XelWMuiJ=w408-h316-k-no,false,Open 24 hours,Open 24 hours,Open 24 hours,Open 24 hours,Open 24 hours,Open 24 hours,Open 24 hours,"https://www.google.com/maps/search/pool+services+businesses+in+Lebanon+Terra+Haute+IN/@39.4654441,-87.4139427,14z",2025-10-27T18:45:31.117Z,,,
https://www.google.com/maps/place/Bluepool/data=!4m7!3m6!1s0x151efb0046c748c9:0xd32b4f03641f2f16!8m2!3d33.5849441!4d35.3869502!16s%2Fg%2F11xdx7xh30!19sChIJyUjHRgD7HhURFi8fZANPK9M,Bluepool,,,Swimming pool contractor,"main street, Sidon, Lebanon","H9MP+XQ Sidon, Lebanon",,+961 71 810 005,Closed ⋅ Opens 8 am Tue,https://lh3.googleusercontent.com/gps-cs-s/AG0ilSz9UGbGGq-wTCn2sM2GXdH3d-8I7FHltrSR9eYxG8shwj-wbBsS1TKqV_y0GjIxbIX_GuRPX13GKha6W7IX-qKxWHisz3EhTS7RD9M2SjUIq8j-tJF6uuaUB9xkI4UqpOaXVZIc=w408-h544-k-no,true,8 am–4 pm,8 am–4 pm,8 am–4 pm,8 am–4 pm,8 am–4 pm,8 am–4 pm,Closed,"https://www.google.com/maps/search/pool+services+businesses+in+Lebanon+Terra+Haute+IN/@39.4654441,-87.4139427,14z",2025-10-27T18:45:36.145Z,,,