placeUrl,title,rating,reviewCount,category,address,plusCode,website,phoneNumber,currentStatus,info,imgUrl,isClaimed,sunday,monday,tuesday,wednesday,thursday,friday,saturday,query,timestamp,error
https://www.google.com/maps/place/UCHealth+Outpatient+Infusion+Clinic+-+Poudre+Valley+Hospital/data=!4m7!3m6!1s0x87694ae068a6669b:0xf7a69ac2cac11420!8m2!3d40.5716484!4d-105.0566547!16s%2Fg%2F11bxw85xq3!19sChIJm2amaOBKaYcRIBTBysKapvc,UCHealth Outpatient Infusion Clinic - Poudre Valley Hospital,4.7,43,Cancer treatment center,"1024 S Lemay Ave 1st floor, Fort Collins, CO 80524, United States","HWCV+M8 Fort Collins, Colorado, USA",https://www.uchealth.org/locations/uchealth-poudre-valley-hospital-outpatient-infusion/?utm_source=GMBSocialClimb&utm_medium=UCHealthOutpatientInfusionClinic-PoudreValleyHospital,+1 970-495-8385,Closed ⋅ Opens 7:30 am Mon,LGBTQ+ friendly,https://streetviewpixels-pa.googleapis.com/v1/thumbnail?panoid=WZW6izYeR8dQZFX2Z8fm0g&cb_client=search.gws-prod.gps&w=408&h=240&yaw=292.91&pitch=0&thumbfov=100,true,8 am–3 pm,7:30 am–5:30 pm,7:30 am–5:30 pm,7:30 am–5:30 pm,7:30 am–5:30 pm,7:30 am–5:30 pm,8 am–4 pm,"https://www.google.com/maps/search/Infusion+centers+in+Fort+Collins+Fort+Collins+CO/@40.5852602,-105.084423,14z",2025-09-29T00:43:48.698Z,
https://www.google.com/maps/place/Pure+Drip+IV+Health+%26+Wellness/data=!4m7!3m6!1s0x87694bb0e5e3ad97:0xa152f36dead4be33!8m2!3d40.5612597!4d-105.0964225!16s%2Fg%2F11gn1xbbq8!19sChIJl63j5bBLaYcRM77U6m3zUqE,Pure Drip IV Health & Wellness,5.0,202,Medical spa,"2001 S Shields St bldg d1, Fort Collins, CO 80526, United States","HW63+GC Fort Collins, Colorado, USA",https://puredripiv.com/,+1 970-266-5660,Closed ⋅ Opens 9 am Mon,LGBTQ+ friendly,https://lh3.googleusercontent.com/p/AF1QipPHmMMfIMVdOQjljxQPyCeDU3nQd5O6J-vECTDk=w408-h277-k-no,true,10 am–1:30 pm,9 am–5 pm,9 am–5 pm,9 am–5 pm,9 am–5 pm,9 am–5 pm,Closed,"https://www.google.com/maps/search/Infusion+centers+in+Fort+Collins+Fort+Collins+CO/@40.5852602,-105.084423,14z",2025-09-29T00:43:54.395Z,
https://www.google.com/maps/place/Poudre+Infusion+Therapy/data=!4m7!3m6!1s0x87694bba78aa6b15:0x9586a7eb8e2690ae!8m2!3d40.555009!4d-105.09412!16s%2Fg%2F1tfv5m3b!19sChIJFWuqeLpLaYcRrpAmjuunhpU,Poudre Infusion Therapy,5.0,4,Medical clinic,"915 Centre Ave #3, Fort Collins, CO 80526, United States","HW44+29 Fort Collins, Colorado, USA",https://www.columbinehealth.com/poudre-infusion-therapy,+1 970-494-2130,Closed ⋅ Opens 8 am Mon,,https://lh3.googleusercontent.com/p/AF1QipOWh9i9rpAsZwy-7V6tvKVggUkzUD3c0EUDtobN=w408-h306-k-no,true,Closed,8 am–5 pm,8 am–5 pm,8 am–5 pm,8 am–5 pm,8 am–5 pm,Closed,"https://www.google.com/maps/search/Infusion+centers+in+Fort+Collins+Fort+Collins+CO/@40.5852602,-105.084423,14z",2025-09-29T00:43:59.698Z,
https://www.google.com/maps/place/Hydrate+IV+Bar/data=!4m7!3m6!1s0x87694b3aa5fb9dd3:0x872694991b81f0b6!8m2!3d40.5883209!4d-105.0746405!16s%2Fg%2F11jx6w9shh!19sChIJ0537pTpLaYcRtvCBG5mUJoc,Hydrate IV Bar,5.0,310,Health spa,"222 Linden St, Fort Collins, CO 80524, United States","HWQG+84 Fort Collins, Colorado, USA",https://fortcollins.hydrateivbar.com/,+1 970-672-8433,Closed ⋅ Opens 10 am Mon,LGBTQ+ friendly,https://lh3.googleusercontent.com/p/AF1QipPBA-ztyfZjLBZIdg5X19IEJFPT5B_m3URR5Xoy=w408-h272-k-no,true,10 am–4 pm,10 am–6 pm,10 am–6 pm,10 am–6 pm,10 am–6 pm,10 am–4 pm,10 am–4 pm,"https://www.google.com/maps/search/Infusion+centers+in+Fort+Collins+Fort+Collins+CO/@40.5852602,-105.084423,14z",2025-09-29T00:44:04.699Z,
https://www.google.com/maps/place/Infusion+for+Health+-+Fort+Collins/data=!4m7!3m6!1s0x87694bdc6e4edeed:0xb55268aac5acea11!8m2!3d40.5383766!4d-105.0711299!16s%2Fg%2F11l5vzm1yd!19sChIJ7d5ObtxLaYcREeqsxapoUrU,Infusion for Health - Fort Collins,5.0,1,Medical clinic,"3555 Stanford Rd Suite 115, Fort Collins, CO 80525, United States","GWQH+9G Fort Collins, Colorado, USA",https://infusionforhealth.com/locations/colorado/fort-collins/,+1 970-236-9281,,,https://streetviewpixels-pa.googleapis.com/v1/thumbnail?panoid=hWCX5f85cw2x33d8040eqw&cb_client=search.gws-prod.gps&w=408&h=240&yaw=176.46721&pitch=0&thumbfov=100,true,Closed,7 am–7 pm,7 am–7 pm,7 am–7 pm,7 am–7 pm,7 am–7 pm,Closed,"https://www.google.com/maps/search/Infusion+centers+in+Fort+Collins+Fort+Collins+CO/@40.5852602,-105.084423,14z",2025-09-29T00:44:09.607Z,
https://www.google.com/maps/place/Advanced+neurology+of+Colorado+Infusion+Center/data=!4m7!3m6!1s0x87694dff22ee2a11:0xc213bf02bba4a573!8m2!3d40.5221078!4d-105.0368968!16s%2Fg%2F11yggzmtrr!19sChIJESruIv9NaYcRc6WkuwK_E8I,Advanced neurology of Colorado Infusion Center,4.9,9,Neurologist,"2121 E Harmony Rd # 180, Fort Collins, CO 80528, United States","GXC7+R6 Fort Collins, Colorado, USA",https://www.advancedneurology.com/,+1 970-226-6705,"Closed ⋅ Opens 8 am Mon

Confirmed by this business 10 weeks ago",,https://streetviewpixels-pa.googleapis.com/v1/thumbnail?panoid=rrBTs4eBkM2HVoTj_HqC-w&cb_client=search.gws-prod.gps&w=408&h=240&yaw=125.354744&pitch=0&thumbfov=100,true,Closed,8 am–5 pm,8 am–5 pm,8 am–5 pm,8 am–5 pm,8 am–5 pm,Closed,"https://www.google.com/maps/search/Infusion+centers+in+Fort+Collins+Fort+Collins+CO/@40.5852602,-105.084423,14z",2025-09-29T00:44:14.800Z,
https://www.google.com/maps/place/UCHealth+Cancer+Care+and+Hematology+Clinic+-+Harmony+Campus/data=!4m7!3m6!1s0x87694cb2142038c1:0x3d1a3fccc2b71878!8m2!3d40.5219324!4d-105.0368442!16s%2Fg%2F11b6xd9hhb!19sChIJwTggFLJMaYcReBi3wsw_Gj0,UCHealth Cancer Care and Hematology Clinic - Harmony Campus,4.9,184,Cancer treatment center,"2121 E Harmony Rd Building A Suite 170, Fort Collins, CO 80528, United States","GXC7+Q7 Fort Collins, Colorado, USA",https://www.uchealth.org/locations/uchealth-cancer-care-and-hematology-fort-collins/?utm_source=GMBSocialClimb&utm_medium=UCHealthCancerCareandHematologyClinic-HarmonyCampus,+1 970-493-6337,Closed ⋅ Opens 7 am Mon,LGBTQ+ friendly,https://lh3.googleusercontent.com/gps-cs-s/AC9h4nrC8X7QrNhSwjZnI4SXl3vsQePZT8nnn600e6WSEBFh9LtOnHY0fwjpKJHtRpLrRKYLzlQwFb4i5ALZSJ4Lw4RL6GFpzTuKmPa4XBRKg-NpCxuEAyDc1Ne5rQToP0yeLw0L5KQ=w408-h544-k-no,true,Closed,7 am–5 pm,7 am–5 pm,7 am–5 pm,7 am–5 pm,7 am–5 pm,Closed,"https://www.google.com/maps/search/Infusion+centers+in+Fort+Collins+Fort+Collins+CO/@40.5852602,-105.084423,14z",2025-09-29T00:44:19.909Z,
https://www.google.com/maps/place/IV+Rehab+-+Mobile+Infusion+Therapy/data=!4m7!3m6!1s0x87694ae6587d931b:0xc1054d4249f96bc2!8m2!3d40.5374255!4d-104.8895155!16s%2Fg%2F11gfkkfvt5!19sChIJG5N9WOZKaYcRwmv5SUJNBcE,IV Rehab - Mobile Infusion Therapy,5.0,49,Medical spa,,,https://www.ivrehab.com/,+1 970-834-3443,Open 24 hours,LGBTQ+ friendly,https://lh3.googleusercontent.com/p/AF1QipMOj1F9PaaKeBmR4Jut83bT9YM7os4Rea6L2_4n=w408-h510-k-no,true,Open 24 hours,Open 24 hours,Open 24 hours,Open 24 hours,Open 24 hours,Open 24 hours,Open 24 hours,"https://www.google.com/maps/search/Infusion+centers+in+Fort+Collins+Fort+Collins+CO/@40.5852602,-105.084423,14z",2025-09-29T00:44:25.110Z,
https://www.google.com/maps/place/IV+Nutrition/data=!4m7!3m6!1s0x87694d0aae367ae1:0xd136e0b867c5adf6!8m2!3d40.5252501!4d-105.0509737!16s%2Fg%2F11kq1fjl8g!19sChIJ4Xo2rgpNaYcR9q3FZ7jgNtE,IV Nutrition,5.0,162,IV therapy service,"1514 E Harmony Rd #8, Fort Collins, CO 80525, United States","GWGX+4J Fort Collins, Colorado, USA",https://ivnutrition.com/locations/fort-collins-co/,+1 970-372-0100,Closed ⋅ Opens 9 am Mon,LGBTQ+ friendly,https://lh3.googleusercontent.com/p/AF1QipNyHEEV9P1mJVWq4LSE053BwYwcWthaBixipgI=w408-h544-k-no,true,12–5 pm,9 am–7 pm,9 am–7 pm,9 am–7 pm,9 am–7 pm,9 am–7 pm,10 am–6 pm,"https://www.google.com/maps/search/Infusion+centers+in+Fort+Collins+Fort+Collins+CO/@40.5852602,-105.084423,14z",2025-09-29T00:44:30.177Z,
https://www.google.com/maps/place/Rocky+Mountain+Vital+Care+Infusion+Center/data=!4m7!3m6!1s0x87694d00482ac8bb:0xca08f5874f8f6093!8m2!3d40.5237845!4d-105.0671331!16s%2Fg%2F11whgyg8j_!19sChIJu8gqSABNaYcRk2CPT4f1CMo,Rocky Mountain Vital Care Infusion Center,,,Medical clinic,"608 E Harmony Rd #101, Fort Collins, CO 80525, United States","GWFM+G4 Fort Collins, Colorado, USA",http://vitalcare.com/,+1 970-632-6898,,,https://streetviewpixels-pa.googleapis.com/v1/thumbnail?panoid=dFp2Tc9OnS8kiH5ZaBmkSg&cb_client=search.gws-prod.gps&w=408&h=240&yaw=359.41946&pitch=0&thumbfov=100,false,,,,,,,,"https://www.google.com/maps/search/Infusion+centers+in+Fort+Collins+Fort+Collins+CO/@40.5852602,-105.084423,14z",2025-09-29T00:44:32.953Z,
https://www.google.com/maps/place/Poudre+Infusion+Therapy/data=!4m7!3m6!1s0x87694b06849c5555:0x50e61271acebdb47!8m2!3d40.5678257!4d-105.0777832!16s%2Fg%2F11h4tp_240!19sChIJVVWchAZLaYcRR9vrrHES5lA,Poudre Infusion Therapy,,,,"151 W Lake St, Fort Collins, CO 80524, United States","HW9C+4V Fort Collins, Colorado, USA",https://www.columbinehealth.com/poudre-infusion-therapy,+1 970-494-2130,Permanently closed,,https://lh3.googleusercontent.com/p/AF1QipNXECWViCTLOgbpXTgDjrOxgOgrcGciib0Zp5vE=w408-h306-k-no,true,,,,,,,,"https://www.google.com/maps/search/Infusion+centers+in+Fort+Collins+Fort+Collins+CO/@40.5852602,-105.084423,14z",2025-09-29T00:44:37.573Z,
https://www.google.com/maps/place/Onus+IV+Therapy+%2B+Longevity+-+Fort+Collins/data=!4m7!3m6!1s0x87694d5d1db617e1:0x4c26bd352bc40612!8m2!3d40.5239154!4d-105.0738257!16s%2Fg%2F11lzpbfqs4!19sChIJ4Re2HV1NaYcREgbEKzW9Jkw,Onus IV Therapy + Longevity - Fort Collins,5.0,14,Health spa,"250 E Harmony Rd F1, Fort Collins, CO 80525, United States","GWFG+HF Fort Collins, Colorado, USA",https://www.onusiv.com/locations/fort-collins/,+1 970-420-9743,Closed ⋅ Opens 10 am Mon,LGBTQ+ friendly,https://lh3.googleusercontent.com/p/AF1QipOQGbKlBx89kgQ_qJvjinJL8cPbJa77AsYpxKMw=w408-h272-k-no,true,10 am–4 pm,10 am–6 pm,10 am–6 pm,10 am–6 pm,10 am–6 pm,10 am–5 pm,Closed,"https://www.google.com/maps/search/Infusion+centers+in+Greeley+Fort+Collins+CO/@40.5852602,-105.084423,14z",2025-09-29T00:44:59.138Z,
https://www.google.com/maps/place/AspenRidge+Recovery+%7C+Fort+Collins/data=!4m7!3m6!1s0x87694af7841322e9:0xa81f56e6f393ab5f!8m2!3d40.5776075!4d-105.0766248!16s%2Fg%2F11cssy1xsv!19sChIJ6SIThPdKaYcRX6uT8-ZWH6g,AspenRidge Recovery | Fort Collins,4.1,37,Addiction treatment center,"706 S College Ave #201, Fort Collins, CO 80524, United States","HWHF+29 Fort Collins, Colorado, USA",https://www.aspenridgerecoverycenters.com/colorado/fort-collins/?utm_source=google&utm_medium=organic&utm_campaign=google_my_business&utm_content=fort_collins,+1 970-875-6116,Open 24 hours,LGBTQ+ friendly,https://lh3.googleusercontent.com/p/AF1QipMqfwM3sysMCese7LzwvMo2N0JKjSezD_qrOu7o=w408-h273-k-no,true,Open 24 hours,Open 24 hours,Open 24 hours,Open 24 hours,Open 24 hours,Open 24 hours,Open 24 hours,"https://www.google.com/maps/search/Infusion+centers+in+Greeley+Fort+Collins+CO/@40.5852602,-105.084423,14z",2025-09-29T00:45:04.112Z,
https://www.google.com/maps/place/Porch+Light+Health+%7C+Front+Range+Clinic/data=!4m7!3m6!1s0x87694ae12a65c5dd:0x451b2409dea3dba6!8m2!3d40.5748662!4d-105.0567849!16s%2Fg%2F11b67hl0zk!19sChIJ3cVlKuFKaYcRptuj3gkkG0U,Porch Light Health | Front Range Clinic,4.3,27,Addiction treatment center,"1120 E Elizabeth St Building G, Ste 2, Fort Collins, CO 80524, United States","HWFV+W7 Fort Collins, Colorado, USA",https://porchlighthealth.com/suboxone-clinics/fort-collins-colorado/,+1 970-489-7014,Closed ⋅ Opens 8:30 am Mon,,https://lh3.googleusercontent.com/p/AF1QipPyR8JCpOiCUr5e2vMu5vg0l2cbkVLL1OW5S-TM=w408-h544-k-no,true,Closed,8:30 am–4 pm,8:30 am–4 pm,8:30 am–4 pm,8:30 am–4 pm,8:30 am–4 pm,Closed,"https://www.google.com/maps/search/Infusion+centers+in+Greeley+Fort+Collins+CO/@40.5852602,-105.084423,14z",2025-09-29T00:45:09.044Z,
https://www.google.com/maps/place/Fort+Collins+Skin+Clinic/data=!4m7!3m6!1s0x87694bb0eb225671:0x318235c81b3b7704!8m2!3d40.5562036!4d-105.0949482!16s%2Fg%2F1vgx1760!19sChIJcVYi67BLaYcRBHc7G8g1gjE,Fort Collins Skin Clinic,4.5,396,Skin care clinic,"1006 Centre Ave, Fort Collins, CO 80526, United States","HW44+F2 Fort Collins, Colorado, USA",https://www.advancedderm.com/locations/colorado/fort-collins/1006-centre-ave,+1 970-482-9001,Closed ⋅ Opens 8 am Mon,,https://lh3.googleusercontent.com/gps-cs-s/AC9h4noly-3VYm8q0VktZeXT_mP1NVrDR300FnFgaNOQqSQLMH9IsCUQ8DNwQYXvesu09ilqlkjdW3_2iJY7rhrLdq-X0oxehoD645n41cpAhhJAZW687FhUIw5rZsF1b8qo9JAOajU=w408-h240-k-no-pi-20-ya26.770765-ro-0-fo100,true,Closed,8 am–5 pm,8 am–5 pm,8 am–5 pm,8 am–5 pm,8 am–5 pm,Closed,"https://www.google.com/maps/search/Infusion+centers+in+Greeley+Fort+Collins+CO/@40.5852602,-105.084423,14z",2025-09-29T00:45:14.021Z,
https://www.google.com/maps/place/Genesis+Lifestyle+Medicine/data=!4m7!3m6!1s0x87694ba6d101c83d:0x9ec4d1d758758eb1!8m2!3d40.551924!4d-105.082684!16s%2Fg%2F1vq75bk7!19sChIJPcgB0aZLaYcRsY51WNfRxJ4,Genesis Lifestyle Medicine,4.8,208,Medical spa,"363 W Drake Rd STE 9, Fort Collins, CO 80526, United States","HW28+QW Fort Collins, Colorado, USA",https://www.genesislifestylemedicine.com/fort-collins/?utm_source=GMBlisting&utm_medium=organic&utm_campaign=gmb-fort-collins,+1 970-237-3205,Closed ⋅ Opens 9 am Wed,,https://lh3.googleusercontent.com/p/AF1QipPf3mar9x9OlMm3pZJso811EqZMYbakXlW8neGk=w408-h269-k-no,true,Closed,Closed,Closed,"9 am–2 pm, 3–6 pm",Closed,9 am–2 pm,9 am–2 pm,"https://www.google.com/maps/search/Infusion+centers+in+Greeley+Fort+Collins+CO/@40.5852602,-105.084423,14z",2025-09-29T00:45:18.794Z,
https://www.google.com/maps/place/Sanctuary+Wellness+Spa/data=!4m7!3m6!1s0x87694af568a0d16d:0xde11d789005de951!8m2!3d40.5854249!4d-105.0784059!16s%2Fg%2F11r8w_l_6!19sChIJbdGgaPVKaYcRUeldAInXEd4,Sanctuary Wellness Spa,4.8,191,Day spa,"149 W Oak St UNIT 112, Fort Collins, CO 80524, United States","HWPC+5J Fort Collins, Colorado, USA",https://sanctuaryfc.com/,+1 970-472-5382,Closed ⋅ Opens 12 pm Mon,,https://lh3.googleusercontent.com/p/AF1QipOdcyJ90Z3MdrZEHDcIQaGCyCBFcY-qeHovi_tH=w493-h240-k-no,true,10 am–4 pm,12–6 pm,9 am–8 pm,9 am–8 pm,9 am–8 pm,9 am–6 pm,9 am–5 pm,"https://www.google.com/maps/search/Infusion+centers+in+Greeley+Fort+Collins+CO/@40.5852602,-105.084423,14z",2025-09-29T00:45:23.927Z,
https://www.google.com/maps/place/CMD+Skin+Solutions/data=!4m7!3m6!1s0x87694a5f73f4926b:0x52479440bb7addb7!8m2!3d40.5899287!4d-105.0587236!16s%2Fg%2F1tfx5cky!19sChIJa5L0c19KaYcRt916u0CUR1I,CMD Skin Solutions,4.9,46,Skin care clinic,"225 N Lemay Ave Unit 7, Fort Collins, CO 80524, United States","HWQR+XG Fort Collins, Colorado, USA",https://cmdskinsolutions.com/,+1 970-416-9600,,LGBTQ+ friendly,https://lh3.googleusercontent.com/p/AF1QipOFJ9TgSZ1-1Nj5aoyhHjau2J00DzSYtIKuQwot=w408-h306-k-no,true,,,,,,,,"https://www.google.com/maps/search/Infusion+centers+in+Greeley+Fort+Collins+CO/@40.5852602,-105.084423,14z",2025-09-29T00:45:26.719Z,
https://www.google.com/maps/place/UCHealth+Diabetes+and+Medical+Nutrition+Therapy+-+Fort+Collins/data=!4m7!3m6!1s0x87694ae068a6669b:0xa4ecb5d239b6c31b!8m2!3d40.5716484!4d-105.0566547!16s%2Fg%2F1tknky9w!19sChIJm2amaOBKaYcRG8O2OdK17KQ,UCHealth Diabetes and Medical Nutrition Therapy - Fort Collins,4.7,32,Nutritionist,"1024 S Lemay Ave, Fort Collins, CO 80524, United States","HWCV+M8 Fort Collins, Colorado, USA",https://www.uchealth.org/locations/uchealth-center-for-diabetes-fort-collins/?utm_source=GMBSocialClimb&utm_medium=UCHealthDiabetesandMedicalNutritionTherapy-FortCollins,+1 970-495-8205,Closed ⋅ Opens 8 am Mon,LGBTQ+ friendly,https://streetviewpixels-pa.googleapis.com/v1/thumbnail?panoid=WZW6izYeR8dQZFX2Z8fm0g&cb_client=search.gws-prod.gps&w=408&h=240&yaw=292.91&pitch=0&thumbfov=100,true,Closed,8 am–4:30 pm,8 am–4:30 pm,8 am–4:30 pm,8 am–4:30 pm,8 am–4:30 pm,Closed,"https://www.google.com/maps/search/Infusion+centers+in+Greeley+Fort+Collins+CO/@40.5852602,-105.084423,14z",2025-09-29T00:45:31.564Z,
https://www.google.com/maps/place/Fort+Collins+Skin+Clinic/data=!4m7!3m6!1s0x87694ae7e8e9a301:0x82f62dcdca1e53d3!8m2!3d40.5790996!4d-105.0569744!16s%2Fg%2F1thvhdzv!19sChIJAaPp6OdKaYcR01Meys0t9oI,Fort Collins Skin Clinic,4.7,1532,Skin care clinic,"1100 Poudre River Dr, Fort Collins, CO 80524, United States","HWHV+J6 Fort Collins, Colorado, USA",https://www.advancedderm.com/locations/colorado/fort-collins/1100-poudre-river-dr,+1 970-484-6303,Closed ⋅ Opens 7 am Mon,,https://lh3.googleusercontent.com/gps-cs-s/AC9h4npzHvwzIApil_RfLCqxGMQX5fVQYto4PNI93ugjkQKgdaK4kw7nx7l9PA7m4juFJZlwjOIYwP139egQJrwVXSP36KmXqiKWhgn8eaic-9qGzx3yar7DErWDEW-L6GW2qeOBaJ9C1Q=w408-h240-k-no-pi-0-ya19.871328-ro-0-fo100,true,Closed,7 am–5 pm,8 am–5 pm,8 am–5 pm,8 am–5 pm,7 am–5 pm,Closed,"https://www.google.com/maps/search/Infusion+centers+in+Greeley+Fort+Collins+CO/@40.5852602,-105.084423,14z",2025-09-29T00:45:36.603Z,
https://www.google.com/maps/place/UCHealth+Hyperbaric+Medicine+-+Poudre+Valley+Hospital/data=!4m7!3m6!1s0x87694ae068a6669b:0x74307d1a5758deb1!8m2!3d40.5716484!4d-105.0566547!16s%2Fg%2F11b6x3rhpv!19sChIJm2amaOBKaYcRsd5YVxp9MHQ,UCHealth Hyperbaric Medicine - Poudre Valley Hospital,5.0,1,Medical clinic,"1024 S Lemay Ave, Fort Collins, CO 80524, United States","HWCV+M8 Fort Collins, Colorado, USA",https://www.uchealth.org/locations/uchealth-hyperbaric-medicine-at-poudre-valley-hospital/?utm_source=GMBSocialClimb&utm_medium=UCHealthHyperbaricMedicine-PoudreValleyHospital,+1 970-495-8770,Closed ⋅ Opens 7 am Mon,LGBTQ+ friendly,https://streetviewpixels-pa.googleapis.com/v1/thumbnail?panoid=WZW6izYeR8dQZFX2Z8fm0g&cb_client=search.gws-prod.gps&w=408&h=240&yaw=292.91&pitch=0&thumbfov=100,true,Closed,7 am–5 pm,7 am–5 pm,7 am–5 pm,7 am–5 pm,7 am–5 pm,8 am–12 pm,"https://www.google.com/maps/search/Infusion+centers+in+Greeley+Fort+Collins+CO/@40.5852602,-105.084423,14z",2025-09-29T00:45:41.405Z,
"https://www.google.com/maps/place/Traditional+Chinese+Medical+Clinic,+Inc/data=!4m7!3m6!1s0x87694a67a61ff8b5:0xbfe6c3baddb9f7d7!8m2!3d40.5873489!4d-105.0881309!16s%2Fg%2F1tjyp5_l!19sChIJtfgfpmdKaYcR1_e53brD5r8","Traditional Chinese Medical Clinic, Inc",5.0,152,Acupuncture clinic,"700 W Mountain Ave, Fort Collins, CO 80521, United States","HWP6+WP Fort Collins, Colorado, USA",http://www.tcmclinic.org/,+1 970-416-0444,Closed ⋅ Opens 8 am Mon,LGBTQ+ friendly,https://lh3.googleusercontent.com/p/AF1QipNrJBArqeLdeqN54nof-hoVCj0H9HDQsUu7RLIW=w408-h272-k-no,true,Closed,8 am–5 pm,8 am–5 pm,8 am–5 pm,8 am–5 pm,8 am–5 pm,8 am–1 pm,"https://www.google.com/maps/search/Infusion+centers+in+Greeley+Fort+Collins+CO/@40.5852602,-105.084423,14z",2025-09-29T00:45:46.498Z,
https://www.google.com/maps/place/UCHealth+Wound+Care+Clinic+-+Fort+Collins/data=!4m7!3m6!1s0x87694ae00cc13811:0x9cf400fbc697aa2c!8m2!3d40.5716484!4d-105.0566547!16s%2Fg%2F1tf71dxz!19sChIJETjBDOBKaYcRLKqXxvsA9Jw,UCHealth Wound Care Clinic - Fort Collins,4.9,18,Medical clinic,"1024 S Lemay Ave, Fort Collins, CO 80524, United States","HWCV+M8 Fort Collins, Colorado, USA",https://www.uchealth.org/locations/uchealth-poudre-valley-hospital-wound-healing-clinic/?utm_source=GMBSocialClimb&utm_medium=UCHealthWoundCareClinic-FortCollins,+1 970-495-8440,Closed ⋅ Opens 8 am Mon,,https://lh3.googleusercontent.com/gps-cs-s/AC9h4nqCSb1Ar-jXlxdHOyj7Fn2b4rBMw3MMOIC0epaMemDnjc7qaY80wutgslu-VVqBd5I7yUXYNB4W2NhSkYZB5cz_AwEcOkAgkykKiVI88LFCHdKZEban6oVxccAy03lS4LvhIRJn=w408-h544-k-no,true,Closed,8 am–4 pm,8 am–4 pm,8 am–4 pm,8 am–4 pm,8 am–4 pm,Closed,"https://www.google.com/maps/search/Infusion+centers+in+Greeley+Fort+Collins+CO/@40.5852602,-105.084423,14z",2025-09-29T00:45:51.340Z,
"https://www.google.com/maps/place/Integrative+Sports+Medicine+Brad+Abrahamson,+MD/data=!4m7!3m6!1s0x87694ae0545481a3:0xe4d63c9891b465a4!8m2!3d40.5610033!4d-105.0756791!16s%2Fg%2F1tdxfs9m!19sChIJo4FUVOBKaYcRpGW0kZg81uQ","Integrative Sports Medicine Brad Abrahamson, MD",4.8,89,Sports medicine physician,"2020 S College Ave c1, Fort Collins, CO 80525, United States","HW6F+CP Fort Collins, Colorado, USA",https://www.integrativesportsmed.com/,+1 970-430-7055,,,https://lh3.googleusercontent.com/p/AF1QipMTm4N9Fg37jAoa_ZeHFMtDb8npfM4qbzFsoSWn=w408-h611-k-no,true,,,,,,,,"https://www.google.com/maps/search/Infusion+centers+in+Greeley+Fort+Collins+CO/@40.5852602,-105.084423,14z",2025-09-29T00:45:54.220Z,
https://www.google.com/maps/place/Berkana+Rehabilitation+Institute/data=!4m7!3m6!1s0x87694bb0c1b877f1:0x98ac5ed052f52a1a!8m2!3d40.5600968!4d-105.0964922!16s%2Fg%2F1tgh810d!19sChIJ8Xe4wbBLaYcRGir1UtBerJg,Berkana Rehabilitation Institute,4.9,184,Physical therapy clinic,"2001 S Shields St Bldg A, Suite 1, Fort Collins, CO 80526, United States","HW63+2C Fort Collins, Colorado, USA",http://www.berkanarehab.com/,+1 970-797-2431,Closed ⋅ Opens 7 am Mon,,https://lh3.googleusercontent.com/p/AF1QipP3ModotLMTEvaVfYs4D7N1IcDc6a6__I1_MVrI=w408-h271-k-no,true,Closed,7 am–6 pm,7 am–6 pm,7 am–6 pm,7 am–6 pm,7 am–6 pm,Closed,"https://www.google.com/maps/search/Infusion+centers+in+Greeley+Fort+Collins+CO/@40.5852602,-105.084423,14z",2025-09-29T00:45:59.222Z,
https://www.google.com/maps/place/Sacred+Vessel+Acupuncture+%26+Functional+Medicine/data=!4m7!3m6!1s0x87694a5c0f37eea7:0xc28ada977c7b1782!8m2!3d40.5613518!4d-105.0964085!16s%2Fg%2F1262n8n8c!19sChIJp-43D1xKaYcRghd7fJfaisI,Sacred Vessel Acupuncture & Functional Medicine,5.0,142,Acupuncture clinic,"2001 S Shields St Bldg H - 101, Fort Collins, CO 80526, United States","HW63+GC Fort Collins, Colorado, USA",http://www.sacredvesselacupuncture.com/,+1 970-631-8119,Closed ⋅ Opens 9 am Mon,LGBTQ+ friendly,https://lh3.googleusercontent.com/p/AF1QipMqa7UKj8nS-3qxoQDXpezKxUBpQDkLp6yhgVs2=w408-h272-k-no,true,Closed,9 am–6 pm,8:30 am–4 pm,8:30 am–4 pm,9 am–6 pm,8:30 am–4 pm,Closed,"https://www.google.com/maps/search/Infusion+centers+in+Greeley+Fort+Collins+CO/@40.5852602,-105.084423,14z",2025-09-29T00:46:04.274Z,
https://www.google.com/maps/place/Apex+Endovascular/data=!4m7!3m6!1s0xaa3fe4e49beb5f0b:0x6338fb09c13e7d6b!8m2!3d40.5736687!4d-105.0511489!16s%2Fg%2F11rsf_3psh!19sChIJC1_rm-TkP6oRa30-wQn7OGM,Apex Endovascular,5.0,124,Medical Center,"1355 Riverside Ave STE D, Fort Collins, CO 80524, United States","HWFX+FG Fort Collins, Colorado, USA",https://www.apexendovascular.com/?utm_source=gmb_auth,+1 970-694-2650,Closed ⋅ Opens 8 am Mon,,https://lh3.googleusercontent.com/p/AF1QipORvvM_QPbxtiJ-COHcfvMmyTZ8Sjbi4pACJ2AK=w408-h544-k-no,true,Closed,8 am–5 pm,8 am–5 pm,8 am–5 pm,8 am–5 pm,8 am–5 pm,Closed,"https://www.google.com/maps/search/Infusion+centers+in+Greeley+Fort+Collins+CO/@40.5852602,-105.084423,14z",2025-09-29T00:46:09.408Z,
https://www.google.com/maps/place/UCHealth+Primary+Care+-+Prospect/data=!4m7!3m6!1s0x87694b6c2ff62c81:0x20dac41eb85b2f90!8m2!3d40.5673863!4d-105.0574865!16s%2Fg%2F11kqkm3trw!19sChIJgSz2L2xLaYcRkC9buB7E2iA,UCHealth Primary Care - Prospect,4.2,28,Medical clinic,"1100 E Prospect Rd Suite 100, Fort Collins, CO 80525, United States","HW8V+X2 Fort Collins, Colorado, USA",https://www.uchealth.org/locations/uchealth-primary-care-prospect/?utm_source=GMBSocialClimb&utm_medium=UCHealthPrimaryCare-Prospect,+1 970-297-6110,Closed ⋅ Opens 7 am Mon,,https://streetviewpixels-pa.googleapis.com/v1/thumbnail?panoid=sdBv_dZOIkSnquOBppCvRA&cb_client=search.gws-prod.gps&w=408&h=240&yaw=222.70882&pitch=0&thumbfov=100,true,Closed,7 am–5 pm,7 am–5 pm,7 am–5 pm,7 am–5 pm,7 am–5 pm,Closed,"https://www.google.com/maps/search/Infusion+centers+in+Greeley+Fort+Collins+CO/@40.5852602,-105.084423,14z",2025-09-29T00:46:14.425Z,
https://www.google.com/maps/place/Bloom+Counseling+%26+Nutrition/data=!4m7!3m6!1s0x87694b75878d7941:0xb37c26a845f19da1!8m2!3d40.5567295!4d-105.0955191!16s%2Fg%2F11jpx57fhx!19sChIJQXmNh3VLaYcRoZ3xRagmfLM,Bloom Counseling & Nutrition,4.6,10,Eating disorder treatment center,"1018 Centre Ave, Fort Collins, CO 80526, United States","HW43+MQ Fort Collins, Colorado, USA",http://www.bloomcounselingandnutrition.com/,+1 970-893-7600,Closed ⋅ Opens 9 am Mon,LGBTQ+ friendly,https://lh3.googleusercontent.com/p/AF1QipOypPmqhcZcon6x4yES6_VHNfZhnNTB9qvnBuHN=w408-h287-k-no,true,Closed,9 am–6 pm,9 am–7 pm,9 am–6 pm,9 am–6:30 pm,9 am–4 pm,Closed,"https://www.google.com/maps/search/Infusion+centers+in+Greeley+Fort+Collins+CO/@40.5852602,-105.084423,14z",2025-09-29T00:46:19.212Z,
https://www.google.com/maps/place/Poudre+Infusion+Therapy/data=!4m7!3m6!1s0x876eb1ef99206e6b:0x975fd1ac29928afe!8m2!3d40.4788916!4d-104.9342709!16s%2Fg%2F1pyc_00ct!19sChIJa24gme-xbocR_oqSKazRX5c,Poudre Infusion Therapy,5.0,1,Medical clinic,"1683 Main St, Windsor, CO 80550, United States","F3H8+H7 Windsor, Colorado, USA",https://www.columbinehealth.com/poudre-infusion-therapy,+1 970-494-2130,Closed ⋅ Opens 8 am Mon,,https://lh3.googleusercontent.com/p/AF1QipPtd00CRnFZ8E9xZkPil2zbM9xVRG4IHuapsd5W=w408-h271-k-no,true,Closed,8 am–5 pm,8 am–5 pm,8 am–5 pm,8 am–5 pm,8 am–5 pm,Closed,"https://www.google.com/maps/search/Infusion+centers+in+Greeley+Fort+Collins+CO/@40.5852602,-105.084423,14z",2025-09-29T00:46:23.990Z,
https://www.google.com/maps/place/Amara+Massage+Therapy+%26+Wellness/data=!4m7!3m6!1s0x87694af5a436a117:0x238a32ff768a5bdd!8m2!3d40.584395!4d-105.077435!16s%2Fg%2F1wv_sp_m!19sChIJF6E2pPVKaYcR3VuKdv8yiiM,Amara Massage Therapy & Wellness,4.9,1402,Massage therapist,"100 W Olive St, Fort Collins, CO 80524, United States","HWMF+Q2 Fort Collins, Colorado, USA",https://amaramassage.com/,+1 970-484-2629,Open ⋅ Closes 9 pm,LGBTQ+ friendly,https://lh3.googleusercontent.com/p/AF1QipOQqVvada821u2lEXXlTdewPzH6lQzR6qdggXV2=w408-h272-k-no,true,8 am–9 pm,8 am–9 pm,8 am–9 pm,8 am–9 pm,8 am–9 pm,8 am–9 pm,8 am–9 pm,"https://www.google.com/maps/search/Infusion+centers+in+Greeley+Fort+Collins+CO/@40.5852602,-105.084423,14z",2025-09-29T00:46:29.003Z,
https://www.google.com/maps/place/UCHealth+Poudre+Valley+Hospital/data=!4m7!3m6!1s0x87694ae071b76365:0xc1b2d3daf6f7ed0!8m2!3d40.5712974!4d-105.0560392!16zL20vMGIxXzg0!19sChIJZWO3ceBKaYcR0H5vrz0tGww,UCHealth Poudre Valley Hospital,3.0,556,General hospital,"1024 S Lemay Ave, Fort Collins, CO 80524, United States","HWCV+GH Fort Collins, Colorado, USA",https://www.uchealth.org/locations/uchealth-poudre-valley-hospital/?utm_source=GMBSocialClimb&utm_medium=UCHealthPoudreValleyHospital,+1 970-495-7000,,LGBTQ+ friendly,https://lh3.googleusercontent.com/gps-cs-s/AC9h4npkbcTGBTGnNTHScNRkz0bsgXCzVFPGz1p3YnhWgEDGA8qtIyNO7sIw7jQrXgGfWbHzHzbvlAh83G2gzQ-aOatMi_rxAG4QlUwu3tCf5-TwZGdWRhgfMZw8oFqLvz8clc-cwBdgVg=w408-h306-k-no,true,Open 24 hours,Open 24 hours,Open 24 hours,Open 24 hours,Open 24 hours,Open 24 hours,Open 24 hours,"https://www.google.com/maps/search/Infusion+centers+in+Greeley+Fort+Collins+CO/@40.5852602,-105.084423,14z",2025-09-29T00:46:34.086Z,
https://www.google.com/maps/place/Immersiv+Health/data=!4m7!3m6!1s0x876ea5c9e9352d19:0x5537630d9de12c10!8m2!3d40.4105542!4d-104.7797156!16s%2Fg%2F11wy3t535c!19sChIJGS016cmlbocRECzhnQ1jN1U,Immersiv Health,5.0,1,Medical clinic,"1715 61st Ave Suite 103, Greeley, CO 80634, United States","C66C+64 Greeley, Colorado, USA",https://www.immersivhealth.com/,+1 877-551-6650,Closed ⋅ Opens 8:30 am Mon,,https://lh3.googleusercontent.com/p/AF1QipPYZZi6FSKDkJ-T1EWdQlrTE1FLsyoE8EHf7y1m=w408-h271-k-no,true,Closed,8:30 am–5 pm,8:30 am–5 pm,8:30 am–5 pm,8:30 am–5 pm,8:30 am–5 pm,Closed,"https://www.google.com/maps/search/Infusion+centers+in+Greeley+Fort+Collins+CO/@40.5852602,-105.084423,14z",2025-09-29T00:46:38.994Z,
https://www.google.com/maps/place/Behavioral+Offender+Services/data=!4m7!3m6!1s0x87694af34247e68d:0xc7c2d2b93a51ff5b!8m2!3d40.5866345!4d-105.0722128!16s%2Fg%2F1thxwq57!19sChIJjeZHQvNKaYcRW_9ROrnSwsc,Behavioral Offender Services,2.3,3,Medical clinic,"105 Peterson St, Fort Collins, CO 80524, United States","HWPH+M4 Fort Collins, Colorado, USA",,+1 970-224-3222,,,https://streetviewpixels-pa.googleapis.com/v1/thumbnail?panoid=aIBFf6Tv2gf237hj4jp7qg&cb_client=search.gws-prod.gps&w=408&h=240&yaw=259.0064&pitch=0&thumbfov=100,false,,,,,,,,"https://www.google.com/maps/search/Infusion+centers+in+Greeley+Fort+Collins+CO/@40.5852602,-105.084423,14z",2025-09-29T00:46:41.646Z,
https://www.google.com/maps/place/Total+Vein+Care/data=!4m7!3m6!1s0x87694b1895252d0f:0x65cad275fd2f6a83!8m2!3d40.5641161!4d-105.0575223!16s%2Fg%2F1tgns4cm!19sChIJDy0llRhLaYcRg2ov_XXSymU,Total Vein Care,4.4,57,Vascular surgeon,"1136 E Stuart St Ste 4102, Fort Collins, CO 80525, United States","HW7R+JX Fort Collins, Colorado, USA",http://totalvein.net/,+1 970-498-8346,Closed ⋅ Opens 8 am Mon,,https://lh3.googleusercontent.com/p/AF1QipNCGCbVGJ9xzbz2hbeBBaHUcDYtz-lqKyoNNU8P=w408-h271-k-no,true,Closed,8 am–5 pm,8 am–5 pm,8 am–5 pm,8 am–5 pm,8 am–5 pm,Closed,"https://www.google.com/maps/search/Infusion+centers+in+Greeley+Fort+Collins+CO/@40.5852602,-105.084423,14z",2025-09-29T00:46:46.424Z,
https://www.google.com/maps/place/Centers+For+Gastroenterology/data=!4m7!3m6!1s0x87694b56a3cda4bd:0x497d48a0f559cdd7!8m2!3d40.5364577!4d-105.0386437!16s%2Fg%2F1wfvn3zz!19sChIJvaTNo1ZLaYcR181Z9aBIfUk,Centers For Gastroenterology,3.9,242,Medical group,"3702 S Timberline Rd # A, Fort Collins, CO 80525, United States","GXP6+HG Fort Collins, Colorado, USA",https://www.digestive-health.net/,+1 970-207-9773,Closed ⋅ Opens 8 am Mon,LGBTQ+ friendly,https://lh3.googleusercontent.com/p/AF1QipPQq1bOQJsT6FY3kGOB720NL1IR3JhzwJx0VPPl=w408-h306-k-no,true,Closed,8 am–5 pm,8 am–5 pm,8 am–5 pm,8 am–5 pm,8 am–3:30 pm,Closed,"https://www.google.com/maps/search/Infusion+centers+in+Greeley+Fort+Collins+CO/@40.5852602,-105.084423,14z",2025-09-29T00:46:51.575Z,
https://www.google.com/maps/place/Boho+Studios+Medical+Spa+%26+Regenerative+Medicine/data=!4m7!3m6!1s0x87694bcf1eaee30b:0x9e6d796c50714ff5!8m2!3d40.5894965!4d-105.0753464!16s%2Fg%2F11gmb4hvnz!19sChIJC-OuHs9LaYcR9U9xUGx5bZ4,Boho Studios Medical Spa & Regenerative Medicine,5.0,105,Medical spa,"217 Jefferson St, Fort Collins, CO 80524, United States","HWQF+QV Fort Collins, Colorado, USA",https://bohostudios.org/,+1 970-412-8820,Closed ⋅ Opens 9 am Mon,,https://lh3.googleusercontent.com/p/AF1QipOaTEZi3hZ6yBv_782xQinYHv-3fbBcc4_typiM=w408-h608-k-no,true,Closed,9 am–6 pm,9 am–6 pm,9 am–6 pm,9 am–6 pm,9 am–6 pm,Closed,"https://www.google.com/maps/search/Infusion+centers+in+Greeley+Fort+Collins+CO/@40.5852602,-105.084423,14z",2025-09-29T00:46:56.593Z,
https://www.google.com/maps/place/Aspen+Wellness+Center/data=!4m7!3m6!1s0x87694b14f229b987:0xecdc4baacfc5a4ca!8m2!3d40.573527!4d-105.0555393!16s%2Fg%2F1wbry82n!19sChIJh7kp8hRLaYcRyqTFz6pL3Ow,Aspen Wellness Center,5.0,9,Fertility clinic,"1020 Luke St Suite A, Fort Collins, CO 80524, United States","HWFV+CQ Fort Collins, Colorado, USA",http://www.babybyblunk.com/,+1 970-223-4422,Closed ⋅ Opens 8 am Mon,LGBTQ+ friendly,https://lh3.googleusercontent.com/p/AF1QipP39uNUOXuGqud64Lttb2eg9MHizMYh-amK_Whw=w408-h306-k-no,true,Closed,8 am–6 pm,Closed,8 am–6 pm,Closed,8 am–6 pm,Closed,"https://www.google.com/maps/search/Infusion+centers+in+Greeley+Fort+Collins+CO/@40.5852602,-105.084423,14z",2025-09-29T00:47:01.626Z,
https://www.google.com/maps/place/Aspen+Speech+Therapy/data=!4m7!3m6!1s0x87694b18bf22b35d:0xd5128c1c0e48c812!8m2!3d40.5639085!4d-105.0570654!16s%2Fg%2F11bwn4y7mn!19sChIJXbMivxhLaYcREshIDhyMEtU,Aspen Speech Therapy,4.7,61,Medical clinic,"1136 E Stuart St STE 3120, Fort Collins, CO 80525, United States","HW7V+H5 Fort Collins, Colorado, USA",http://www.aspenspeechtherapy.com/,+1 970-682-3743,Closed ⋅ Opens 8 am Mon,,https://lh3.googleusercontent.com/p/AF1QipO6i1hGINQ2z9TMSevAatLe0ZfrqwHCub4flEvR=w426-h240-k-no,true,Closed,8 am–5 pm,8 am–5 pm,8 am–5 pm,8 am–5 pm,8 am–5 pm,Closed,"https://www.google.com/maps/search/Infusion+centers+in+Greeley+Fort+Collins+CO/@40.5852602,-105.084423,14z",2025-09-29T00:47:06.557Z,
"https://www.google.com/maps/place/Dr.+Jason+Barker,+ND/data=!4m7!3m6!1s0x87694c982089b16d:0x7a2dcf3cbf5ed863!8m2!3d40.5640448!4d-105.0565944!16s%2Fg%2F1vvyyks5!19sChIJbbGJIJhMaYcRY9hevzzPLXo","Dr. Jason Barker, ND",4.8,22,Naturopathic practitioner,"1136 E Stuart St Bldg. 4, Suite 201, Fort Collins, CO 80525, United States","HW7V+J9 Fort Collins, Colorado, USA",https://rymap.org/business/dr-jason-barker-nd-2vt459,+1 970-237-1062,Closed ⋅ Opens 9:30 am Mon,LGBTQ+ friendly,https://lh3.googleusercontent.com/p/AF1QipP1cym-sskgHg9DFr6HWt_KDowqflAo9uSizffs=w408-h612-k-no,true,Closed,"9:30 am–12:30 pm, 1:30–5 pm","9:30 am–12:30 pm, 1:30–5 pm","9:30 am–12:30 pm, 1:30–5 pm","9:30 am–12:30 pm, 1:30–5 pm","9:30 am–12:30 pm, 1:30–5 pm",Closed,"https://www.google.com/maps/search/Infusion+centers+in+Greeley+Fort+Collins+CO/@40.5852602,-105.084423,14z",2025-09-29T00:47:11.318Z,
https://www.google.com/maps/place/Tier+1+Performance+%26+Rehab+Chiropractic/data=!4m7!3m6!1s0x87694bcad373fa51:0x8863bfb935dae99d!8m2!3d40.5899287!4d-105.0587236!16s%2Fg%2F11ybghfdwl!19sChIJUfpz08pLaYcRnenaNbm_Y4g,Tier 1 Performance & Rehab Chiropractic,5.0,25,Chiropractor,"225 N Lemay Ave Unit 6B, Fort Collins, CO 80524, United States","HWQR+XG Fort Collins, Colorado, USA",https://tier1-pr.com/,+1 970-805-0058,"Closed ⋅ Opens 8 am Mon

Updated by this business 2 weeks ago",Identifies as veteran-owned,https://lh3.googleusercontent.com/p/AF1QipPJBQYDUL7thUlKtLodNI9-dX1xzPCCYQeqn-Og=w408-h785-k-no,true,Closed,"8–10 am, 3–7 pm","8–10 am, 3–7 pm","8–10 am, 3–7 pm","8–10 am, 3–7 pm","8–10 am, 3–7 pm",8 am–2 pm,"https://www.google.com/maps/search/Infusion+centers+in+Greeley+Fort+Collins+CO/@40.5852602,-105.084423,14z",2025-09-29T00:47:16.400Z,
https://www.google.com/maps/place/Acupuncture+Center/data=!4m7!3m6!1s0x87694aff04726e09:0xea42c163d8cc6086!8m2!3d40.5702034!4d-105.0767179!16s%2Fg%2F1v41_ysy!19sChIJCW5yBP9KaYcRhmDM2GPBQuo,Acupuncture Center,5.0,19,Acupuncture clinic,"1318 S College Ave, Fort Collins, CO 80524, United States","HWCF+38 Fort Collins, Colorado, USA",http://www.tomkirbyacupuncture.com/,+1 970-472-5355,Closed ⋅ Opens 7 am Mon,,https://lh3.googleusercontent.com/p/AF1QipNcioFbfO00ihIYiNGM316ds1PvzmGYCWp5USMY=w506-h240-k-no,true,Closed,7 am–6 pm,7 am–6 pm,7 am–6 pm,7 am–6 pm,7 am–6 pm,Closed,"https://www.google.com/maps/search/Infusion+centers+in+Greeley+Fort+Collins+CO/@40.5852602,-105.084423,14z",2025-09-29T00:47:21.385Z,
https://www.google.com/maps/place/Colorado+In+Motion/data=!4m7!3m6!1s0x87694a5f66fb71f7:0xe6befef01ab692fa!8m2!3d40.5832748!4d-105.0795795!16s%2Fg%2F1tdhfh1l!19sChIJ93H7Zl9KaYcR-pK2GvD-vuY,Colorado In Motion,4.8,91,Physical therapist,"210 W Magnolia St, Fort Collins, CO 80521, United States","HWMC+85 Fort Collins, Colorado, USA",https://coloradoinmotion.com/location/old-town-fort-collins/?UTM_source=GMB_listing&UTM_medium=organic%EF%BB%BF%EF%BB%BF%EF%BB%BF,+1 970-221-1201,Closed ⋅ Opens 7 am Mon,,https://lh3.googleusercontent.com/gps-cs-s/AC9h4no5Jmpk5w12TeC07GMywm1mWius49vXy-kYitzmoULTccUwO3ii4qzSGzS4Rr3xlu2WAXnkVvfKeNg958mmEnupVp1tiFZhaQ3qFgu-q16Ww_QUdvgmPue5JIp1JX6Gw74ADM3a5A=w408-h544-k-no,true,Closed,7 am–6 pm,7 am–6 pm,7 am–6 pm,7 am–6 pm,7 am–6 pm,Closed,"https://www.google.com/maps/search/Infusion+centers+in+Greeley+Fort+Collins+CO/@40.5852602,-105.084423,14z",2025-09-29T00:47:26.429Z,
https://www.google.com/maps/place/Balanced+Thistle+Acupuncture/data=!4m7!3m6!1s0x87694b606650a7b1:0xebbab2d99b59c79b!8m2!3d40.5621108!4d-105.0964832!16s%2Fg%2F11gxjytr2v!19sChIJsadQZmBLaYcRm8dZm9myuus,Balanced Thistle Acupuncture,5.0,108,Acupuncturist,"2001 S Shields St Building E STE 201, Fort Collins, CO 80526, United States","HW63+RC Fort Collins, Colorado, USA",https://www.balancedthistle.com/,+1 970-658-5777,Closed ⋅ Opens 9 am Mon,Identifies as women-owned,https://lh3.googleusercontent.com/p/AF1QipMVlmEwGrpXZBjeWB-0csPpY-OSbCKQUitLLvnb=w408-h408-k-no,true,Closed,9 am–7 pm,9 am–7 pm,9 am–7 pm,9 am–7 pm,9 am–5 pm,Closed,"https://www.google.com/maps/search/Infusion+centers+in+Greeley+Fort+Collins+CO/@40.5852602,-105.084423,14z",2025-09-29T00:47:31.501Z,
https://www.google.com/maps/place/Barcelona+Clinical+Spa/data=!4m7!3m6!1s0x87694b760073eb43:0x7e89412713c264f9!8m2!3d40.5716709!4d-105.0766218!16s%2Fg%2F1th7ncx0!19sChIJQ-tzAHZLaYcR-WTCEydBiX4,Barcelona Clinical Spa,4.7,33,Skin care clinic,"1200 S College Ave, Fort Collins, CO 80524, United States","HWCF+M9 Fort Collins, Colorado, USA",https://barcelonasalon-spa.com/,+1 970-226-2596,Closed ⋅ Opens 8 am Mon,,https://streetviewpixels-pa.googleapis.com/v1/thumbnail?panoid=dV4CwrOgwttcQp_hgJi3Wg&cb_client=search.gws-prod.gps&w=408&h=240&yaw=99.55784&pitch=0&thumbfov=100,false,Closed,8 am–6 pm,9 am–7 pm,9 am–5 pm,8 am–6 pm,9 am–5 pm,9 am–3 pm,"https://www.google.com/maps/search/Infusion+centers+in+Greeley+Fort+Collins+CO/@40.5852602,-105.084423,14z",2025-09-29T00:47:36.338Z,
https://www.google.com/maps/place/Fort+Collins+Family+Acupuncture/data=!4m7!3m6!1s0x87694addfb6cdb6b:0x51e6d0ea2f4f83e5!8m2!3d40.5640448!4d-105.0565944!16s%2Fg%2F1tct95_6!19sChIJa9ts-91KaYcR5YNPL-rQ5lE,Fort Collins Family Acupuncture,5.0,46,Acupuncture clinic,"1136 E Stuart St Suite 4-201, Fort Collins, CO 80525, United States","HW7V+J9 Fort Collins, Colorado, USA",http://www.ftcollinsfamilyacupuncture.com/,+1 970-472-0955,"Closed ⋅ Opens 3 pm Mon

Updated by this business 5 weeks ago",LGBTQ+ friendly,https://lh3.googleusercontent.com/p/AF1QipORcT0nqKRDqePNo_ERjKdMA0sHcnzcxYB2dQYq=w408-h272-k-no,true,Closed,3–7 pm,10 am–1 pm,10 am–1 pm,2–6 pm,10 am–12 pm,10 am–2 pm,"https://www.google.com/maps/search/Infusion+centers+in+Greeley+Fort+Collins+CO/@40.5852602,-105.084423,14z",2025-09-29T00:47:41.287Z,
https://www.google.com/maps/place/Hugh+Castor+Lic.+Acu./data=!4m7!3m6!1s0x87694aff195bd091:0x4b8fbd417a4dbbf8!8m2!3d40.5707658!4d-105.0765811!16s%2Fg%2F1vd3w8m3!19sChIJkdBbGf9KaYcR-LtNekG9j0s,Hugh Castor Lic. Acu.,5.0,10,Acupuncture clinic,"1304 S College Ave #7, Fort Collins, CO 80524, United States","HWCF+89 Fort Collins, Colorado, USA",http://www.hughsacupuncture.com/,+1 970-215-7419,Closed ⋅ Opens 9 am Mon,,https://lh3.googleusercontent.com/p/AF1QipM9Ovs_pFvOPLgeBtpliOWFH3XGoB2kkVQlEKnN=w544-h240-k-no,true,Closed,9 am–5 pm,Closed,9 am–5 pm,9 am–5 pm,9 am–7 pm,9 am–1 pm,"https://www.google.com/maps/search/Infusion+centers+in+Greeley+Fort+Collins+CO/@40.5852602,-105.084423,14z",2025-09-29T00:47:46.574Z,
https://www.google.com/maps/place/Solaris+Integrative+Psychiatry/data=!4m7!3m6!1s0x87694be7544c2319:0x7721ead00ce6ae25!8m2!3d40.570602!4d-105.0955422!16s%2Fg%2F11kqmxrhqp!19sChIJGSNMVOdLaYcRJa7mDNDqIXc,Solaris Integrative Psychiatry,5.0,7,Mental health clinic,"1302 S Shields St A2-4, Fort Collins, CO 80521, United States","HWC3+6Q Fort Collins, Colorado, USA",http://www.solarispsychiatry.com/,+1 970-676-3370,Closed ⋅ Opens 3 pm Mon,LGBTQ+ friendly,https://lh3.googleusercontent.com/p/AF1QipPCNV_7QWVCp4SDJVLyM8fnGDDCHQsd7m9yjEsx=w408-h306-k-no,true,Closed,3–7:30 pm,Closed,3–7:30 pm,Closed,Closed,Closed,"https://www.google.com/maps/search/Infusion+centers+in+Greeley+Fort+Collins+CO/@40.5852602,-105.084423,14z",2025-09-29T00:47:51.521Z,
https://www.google.com/maps/place/UCHealth+Gastroenterology+Clinic+-+Fort+Collins/data=!4m7!3m6!1s0x87694ae0545f3a8f:0x1b0708f84defdbc5!8m2!3d40.5720737!4d-105.0596391!16s%2Fg%2F11b6xlr003!19sChIJjzpfVOBKaYcRxdvvTfgIBxs,UCHealth Gastroenterology Clinic - Fort Collins,3.5,53,Gastroenterologist,"1025 Garfield St # B, Fort Collins, CO 80524, United States","HWCR+R4 Fort Collins, Colorado, USA",https://www.uchealth.org/locations/uchealth-gastroenterology-and-therapeutic-endoscopy-fort-collins/?utm_source=GMBSocialClimb&utm_medium=UCHealthGastroenterologyClinic-FortCollins,+1 970-495-7420,Closed ⋅ Opens 8 am Mon,LGBTQ+ friendly,https://streetviewpixels-pa.googleapis.com/v1/thumbnail?panoid=0Qb4tfULjtdX3NCnZAarig&cb_client=search.gws-prod.gps&w=408&h=240&yaw=286.94345&pitch=0&thumbfov=100,true,Closed,8 am–5 pm,8 am–5 pm,8 am–5 pm,8 am–5 pm,8 am–5 pm,Closed,"https://www.google.com/maps/search/Infusion+centers+in+Greeley+Fort+Collins+CO/@40.5852602,-105.084423,14z",2025-09-29T00:47:56.366Z,
https://www.google.com/maps/place/LifeStance+Therapists+%26+Psychiatrists+Fort+Collins/data=!4m7!3m6!1s0x87694bb6311d910d:0xea7169838f05b8aa!8m2!3d40.5853177!4d-105.0793968!16s%2Fg%2F11n0pqt00h!19sChIJDZEdMbZLaYcRqrgFj4Npceo,LifeStance Therapists & Psychiatrists Fort Collins,4.6,52,Mental health clinic,"215 W Oak St 4th Floor, Fort Collins, CO 80521, United States","HWPC+46 Fort Collins, Colorado, USA",https://lifestance.com/location/fort-collins-co-215-w-oak-st/?utm_source=gmb&utm_medium=organic&utm_campaign=locations,+1 970-632-1133,"Closed ⋅ Opens 8 am Mon

Confirmed by this business 7 weeks ago",LGBTQ+ friendly,https://lh3.googleusercontent.com/p/AF1QipNzCAlQw_LcqgC4ZF55WVgapbEZ0HkZRXR5OD97=w427-h240-k-no,true,Closed,8 am–5 pm,8 am–5 pm,8 am–5 pm,8 am–5 pm,8 am–5 pm,8 am–5 pm,"https://www.google.com/maps/search/Infusion+centers+in+Greeley+Fort+Collins+CO/@40.5852602,-105.084423,14z",2025-09-29T00:48:01.338Z,
https://www.google.com/maps/place/Poudre+Valley+Eyecare/data=!4m7!3m6!1s0x87694b19e1ace88b:0xabe8c9bbc10d8910!8m2!3d40.5625871!4d-105.0765566!16s%2Fg%2F1th5_8nb!19sChIJi-is4RlLaYcREIkNwbvJ6Ks,Poudre Valley Eyecare,4.8,510,Optometrist,"1820 S College Ave B, Fort Collins, CO 80525, United States","HW7F+29 Fort Collins, Colorado, USA",https://www.poudrevalleyeyecare.com/,+1 970-493-6360,Closed ⋅ Opens 9 am Mon,LGBTQ+ friendly,https://lh3.googleusercontent.com/p/AF1QipPT5H5CkQq31QAZpKbytxrBpmzxyEGVcNqlqk3A=w426-h240-k-no,true,Closed,9 am–5 pm,9 am–5 pm,9 am–5 pm,9 am–5 pm,9 am–5 pm,9 am–1 pm,"https://www.google.com/maps/search/Infusion+centers+in+Greeley+Fort+Collins+CO/@40.5852602,-105.084423,14z",2025-09-29T00:48:06.328Z,
https://www.google.com/maps/place/Glenn+Fertility+%26+Family+Wellness/data=!4m7!3m6!1s0x87694a588535af23:0xe10ef0b9af51f7e0!8m2!3d40.579902!4d-105.079753!16s%2Fg%2F11f2s6d49h!19sChIJI681hVhKaYcR4PdRr7nwDuE,Glenn Fertility & Family Wellness,5.0,33,Acupuncture clinic,"211 W Myrtle St #104, Fort Collins, CO 80521, United States","HWHC+X3 Fort Collins, Colorado, USA",http://www.glennwellness.com/,+1 970-305-4189,Closed ⋅ Opens 9 am Tue,,https://lh3.googleusercontent.com/p/AF1QipOy0wpHtSPlXEcjIbqOucpMh3oU4zt7BaBe22ri=w408-h272-k-no,true,Closed,Closed,9 am–3 pm,9 am–6 pm,9 am–6 pm,9 am–6 pm,9 am–2 pm,"https://www.google.com/maps/search/Infusion+centers+in+Greeley+Fort+Collins+CO/@40.5852602,-105.084423,14z",2025-09-29T00:48:11.671Z,
https://www.google.com/maps/place/Masque+by+Mask+Balanced+Skincare/data=!4m7!3m6!1s0x87694a5bb31c95f5:0x7db2501118e33a47!8m2!3d40.559986!4d-105.0784628!16s%2Fg%2F11bvsssbtc!19sChIJ9ZUcs1tKaYcRRzrjGBFQsn0,Masque by Mask Balanced Skincare,5.0,286,Skin care clinic,"2105 S College Ave Unit C, Fort Collins, CO 80525, United States","HW5C+XJ Fort Collins, Colorado, USA",http://www.masquebymask.com/,+1 970-829-8624,Closed ⋅ Opens 10 am Tue,Identifies as women-owned,https://lh3.googleusercontent.com/p/AF1QipNyHBWt_eMM70yjqCDMWWCC8WEgEbRZnfmRk0lu=w426-h240-k-no,true,Closed,Closed,10 am–7 pm,12–6 pm,10 am–7 pm,10 am–6 pm,8 am–5 pm,"https://www.google.com/maps/search/Infusion+centers+in+Greeley+Fort+Collins+CO/@40.5852602,-105.084423,14z",2025-09-29T00:48:16.696Z,
https://www.google.com/maps/place/Miss+Rita+Skin+and+Lash+Studio/data=!4m7!3m6!1s0x87220d9550c91f67:0x772239ab276bc6b!8m2!3d40.5882271!4d-105.0772724!16s%2Fg%2F11hh_dfs5_!19sChIJZx_JUJUNIocRa7x2spojcgc,Miss Rita Skin and Lash Studio,5.0,35,Day spa,"151 N College Ave suite b, Fort Collins, CO 80524, United States","HWQF+73 Fort Collins, Colorado, USA",http://missritaskin.com/,,,LGBTQ+ friendly,https://lh3.googleusercontent.com/p/AF1QipPI9bNasDuDRckfm0ORQSnBwwby06KOxp36Dt4=w408-h284-k-no,true,,,,,,,,"https://www.google.com/maps/search/Infusion+centers+in+Greeley+Fort+Collins+CO/@40.5852602,-105.084423,14z",2025-09-29T00:48:19.524Z,
https://www.google.com/maps/place/Suite+Health/data=!4m7!3m6!1s0x876ead3364a01f4d:0xe423566c87623969!8m2!3d40.4111862!4d-105.002841!16s%2Fg%2F11wmphyybh!19sChIJTR-gZDOtbocRaTlih2xWI-Q,Suite Health,5.0,22,Medical Center,"5285 McWhinney Blvd Suite 110, Loveland, CO 80538, United States","CX6W+FV Loveland, Colorado, USA",https://mysuitehealth.com/,+1 970-315-1891,Closed ⋅ Opens 9 am Mon,Identifies as women-owned,https://lh3.googleusercontent.com/p/AF1QipNv2rGtlzaSsChLM5PLFO1HRzAbG3X-EqsYqZoQ=w426-h240-k-no,true,Closed,9 am–4 pm,9 am–4 pm,9 am–4 pm,9 am–4 pm,9 am–4 pm,Closed,"https://www.google.com/maps/search/Infusion+centers+in+Greeley+Fort+Collins+CO/@40.5852602,-105.084423,14z",2025-09-29T00:48:24.443Z,
https://www.google.com/maps/place/Health+District+Mental+Health+Connections/data=!4m7!3m6!1s0x87694a5de5109833:0xe814591ccf04041d!8m2!3d40.6072094!4d-105.0747696!16s%2Fg%2F1tf75_k2!19sChIJM5gQ5V1KaYcRHQQEzxxZFOg,Health District Mental Health Connections,5.0,1,Mental health service,"120 Bristlecone Dr, Fort Collins, CO 80524, United States","JW4G+V3 Fort Collins, Colorado, USA",http://www.healthdistrict.org/services/mental-health-connections,+1 970-221-5551,Closed ⋅ Opens 9 am Mon,,https://lh3.googleusercontent.com/p/AF1QipOuLulVQ31X-u5bIaHoOvE9WIyEWT0j9xHfkC9V=w408-h434-k-no,true,Closed,9 am–5 pm,9 am–5 pm,9 am–5 pm,9 am–5 pm,9 am–5 pm,Closed,"https://www.google.com/maps/search/Infusion+centers+in+Greeley+Fort+Collins+CO/@40.5852602,-105.084423,14z",2025-09-29T00:48:29.296Z,
https://www.google.com/maps/place/Bridging+Recovery/data=!4m7!3m6!1s0x87694b7f2a4d35f7:0x3a2790813841c80!8m2!3d40.573602!4d-105.058637!16s%2Fg%2F11c1vjps_8!19sChIJ9zVNKn9LaYcRgByEEwh5ogM,Bridging Recovery,5.0,1,Addiction treatment center,"1006 Robertson St #1 F, Fort Collins, CO 80524, United States","HWFR+CG Fort Collins, Colorado, USA",http://www.bridgingrecovery.com/,+1 970-215-4015,Closed ⋅ Opens 8 am Mon,,https://lh3.googleusercontent.com/p/AF1QipPUF5-zmpkFuJFF-8jU-aHa7hDK5py2-Kb1TsUH=w408-h315-k-no,true,Closed,8 am–7 pm,8 am–7 pm,8 am–7 pm,8 am–7 pm,8 am–7 pm,Closed,"https://www.google.com/maps/search/Infusion+centers+in+Greeley+Fort+Collins+CO/@40.5852602,-105.084423,14z",2025-09-29T00:48:34.319Z,
https://www.google.com/maps/place/Colorado+In+Motion/data=!4m7!3m6!1s0x87694d8033cd574b:0xf585f1201c7e5913!8m2!3d40.6031804!4d-105.0830815!16s%2Fg%2F11hmbdwk4d!19sChIJS1fNM4BNaYcRE1l-HCDxhfU,Colorado In Motion,5.0,16,Physical therapy clinic,"331 Hickory St Building 2 STE 130, Fort Collins, CO 80524, United States","JW38+7Q Fort Collins, Colorado, USA",https://coloradoinmotion.com/location/old-town-north/?UTM_source=GMB_listing&UTM_medium=organic%EF%BB%BF%EF%BB%BF%EF%BB%BF,+1 970-221-1201,Closed ⋅ Opens 7 am Mon,,https://lh3.googleusercontent.com/p/AF1QipMwNsLmsBhZceePzfy2LFBU8aM458cgYpGACMmj=w493-h240-k-no,true,Closed,7 am–5 pm,7 am–5 pm,7 am–5 pm,7 am–5 pm,7 am–5 pm,Closed,"https://www.google.com/maps/search/Infusion+centers+in+Greeley+Fort+Collins+CO/@40.5852602,-105.084423,14z",2025-09-29T00:48:39.463Z,
https://www.google.com/maps/place/Factor+IV+Hydration/data=!4m7!3m6!1s0x876ea1ff6b235821:0x5841a1a845cc7909!8m2!3d40.3953767!4d-104.7467106!16s%2Fg%2F11tjzl6x6t!19sChIJIVgja_-hbocRCXnMRaihQVg,Factor IV Hydration,5.0,62,Health and beauty shop,"4239 Centerplace Dr Suite 2B, Greeley, CO 80634, United States","97W3+58 Greeley, Colorado, USA",http://www.factorivhydration.com/,+1 970-652-3799,Closed ⋅ Opens 9 am Mon,,https://lh3.googleusercontent.com/p/AF1QipMvhTodKhemJkWeqnBr0LfF9PjKH1h8vF14DfAj=w408-h505-k-no,true,10 am–3 pm,9 am–6 pm,Closed,9 am–6 pm,9 am–6 pm,9 am–6 pm,9 am–4 pm,"https://www.google.com/maps/search/Infusion+centers+in+Greeley+Fort+Collins+CO/@40.5852602,-105.084423,14z",2025-09-29T00:48:44.403Z,
https://www.google.com/maps/place/Green+Sun+Medical/data=!4m7!3m6!1s0x87694a8f40655555:0xc984ae96242983e2!8m2!3d40.5965168!4d-105.0719528!16s%2Fg%2F11fct73cr9!19sChIJVVVlQI9KaYcR4oMpJJauhMk,Green Sun Medical,5.0,2,Medical clinic,"320 E Vine Dr Suite 216, Fort Collins, CO 80524, United States","HWWH+J6 Fort Collins, Colorado, USA",http://greensunmedical.com/,+1 800-587-5903,Closed ⋅ Opens 9 am Mon,,https://streetviewpixels-pa.googleapis.com/v1/thumbnail?panoid=tzd2fQ5MQfALlTK_65w3-w&cb_client=search.gws-prod.gps&w=408&h=240&yaw=15.261003&pitch=0&thumbfov=100,true,Closed,9 am–5 pm,9 am–5 pm,9 am–5 pm,9 am–5 pm,9 am–5 pm,Closed,"https://www.google.com/maps/search/Infusion+centers+in+Greeley+Fort+Collins+CO/@40.5852602,-105.084423,14z",2025-09-29T00:48:49.260Z,
https://www.google.com/maps/place/Spring+Creek+Medical+Park/data=!4m7!3m6!1s0x87694bba20823f51:0x899726843dfe714d!8m2!3d40.5611365!4d-105.0962818!16s%2Fg%2F1tgq73zn!19sChIJUT-CILpLaYcRTXH-PYQml4k,Spring Creek Medical Park,4.7,6,Surgical center,"2001 S Shields St, Fort Collins, CO 80526, United States","HW63+FF Fort Collins, Colorado, USA",http://coloradovisioncenterfortcollins.com/,,,,https://lh3.googleusercontent.com/gps-cs-s/AC9h4np4KISTHaTaV8EeUiiluSjg1wgRKaKogrHzHEnRcngomTclC-Up_VGS8--Z_yKKnjHpYaXuKpSMp0wJONurydFdhI04_o5wmGp4a-mUc-EEHRIomHnaKT1LttR-YvsOr3iel2w=w408-h544-k-no,false,,,,,,,,"https://www.google.com/maps/search/Infusion+centers+in+Greeley+Fort+Collins+CO/@40.5852602,-105.084423,14z",2025-09-29T00:48:52.012Z,
https://www.google.com/maps/place/Colorado+OCD+%26+Anxiety+Treatment/data=!4m7!3m6!1s0x87694bb5e43e2431:0x746cf479220c1b91!8m2!3d40.5716779!4d-105.0766474!16s%2Fg%2F11w_ly4xjc!19sChIJMSQ-5LVLaYcRkRsMInn0bHQ,Colorado OCD & Anxiety Treatment,4.2,5,Mental health service,"1200 S College Ave #301, Fort Collins, CO 80524, United States","HWCF+M8 Fort Collins, Colorado, USA",https://www.coloradoocdanxietytreatment.com/,+1 619-318-4272,"Closed ⋅ Opens 9 am Mon

Updated by this business 9 weeks ago",,https://lh3.googleusercontent.com/p/AF1QipMr0r6JQJ0VYzHocWYXNoesCZSwteD9P3at-Gfb=w408-h612-k-no,true,Closed,9 am–6 pm,9 am–6 pm,9 am–6 pm,9 am–6 pm,7:30 am–5 pm,Closed,"https://www.google.com/maps/search/Infusion+centers+in+Greeley+Fort+Collins+CO/@40.5852602,-105.084423,14z",2025-09-29T00:48:56.982Z,
https://www.google.com/maps/place/Face+Love+:+A+Wellness+Studio+and+Boutique/data=!4m7!3m6!1s0x87694af54345f475:0x836f6ca94784b422!8m2!3d40.5858865!4d-105.0784068!16s%2Fg%2F11gfd5gs27!19sChIJdfRFQ_VKaYcRIrSER6lsb4M,Face Love : A Wellness Studio and Boutique,5.0,10,Skin care clinic,"148 W Oak St ste c, Fort Collins, CO 80524, United States","HWPC+9J Fort Collins, Colorado, USA",https://www.facelovebeauty.com/,+1 970-581-5763,Closed ⋅ Opens 9:30 am Mon,,https://lh3.googleusercontent.com/gps-cs-s/AC9h4nqMce5TdbrzKPdtBR3nF8UQOip67ggTYxmqUBF7VR3ebiSMCdcQrC7MGu4hpiLHwWT5KuQDAkdn52tlEYGzIFOSFeHfd52_vY2dLAKn-AyE-tL6XXtHfYjdc34XBMEGauTvgBhmDg=w408-h544-k-no,true,Closed,9:30 am–7:30 pm,9:30 am–7:30 pm,9:30 am–7:30 pm,9:30 am–7:30 pm,9:30 am–5 pm,9:30 am–5 pm,"https://www.google.com/maps/search/Infusion+centers+in+Greeley+Fort+Collins+CO/@40.5852602,-105.084423,14z",2025-09-29T00:49:02.049Z,
https://www.google.com/maps/place/Wholeness+Center/data=!4m7!3m6!1s0x876eb4d38bedd631:0x291cf2044f9fa19f!8m2!3d40.5683044!4d-105.0279866!16s%2Fg%2F1tk4rnbs!19sChIJMdbti9O0bocRn6GfTwTyHCk,Wholeness Center,3.8,49,Mental health clinic,"2620 E Prospect Rd #190, Fort Collins, CO 80525, United States","HX9C+8R Fort Collins, Colorado, USA",http://www.wholeness.com/,+1 970-221-1106,Closed ⋅ Opens 9 am Mon,,https://lh3.googleusercontent.com/p/AF1QipPYKWPEpiTCFGc4sPYHB3jtcLXPc6crkV9DtgrQ=w408-h272-k-no,true,Closed,9 am–5 pm,9 am–5 pm,9 am–5 pm,9 am–5 pm,9 am–5 pm,Closed,"https://www.google.com/maps/search/Infusion+centers+in+Greeley+Fort+Collins+CO/@40.5852602,-105.084423,14z",2025-09-29T00:49:06.999Z,
https://www.google.com/maps/place/Mandara+Skin+and+Body+Spa+Fort+Collins/data=!4m7!3m6!1s0x87694af55fd992df:0x9287d637ceaf9b7a!8m2!3d40.5854346!4d-105.0784059!16s%2Fg%2F11cssqfkdm!19sChIJ35LZX_VKaYcRepuvzjfWh5I,Mandara Skin and Body Spa Fort Collins,5.0,45,Day spa,"147 W Oak St #105, Fort Collins, CO 80524, United States","HWPC+5J Fort Collins, Colorado, USA",http://www.mandaraspa.co/,+1 970-445-3210,Closed ⋅ Opens 9 am Mon,LGBTQ+ friendly,https://lh3.googleusercontent.com/p/AF1QipOaZZaXWeDBJ1XfLZitFdjzx6dsr34c-2KNzZCS=w408-h272-k-no,true,9 am–6 pm,9 am–6 pm,9 am–6 pm,9 am–6 pm,9 am–6 pm,9 am–6 pm,9 am–6 pm,"https://www.google.com/maps/search/Infusion+centers+in+Greeley+Fort+Collins+CO/@40.5852602,-105.084423,14z",2025-09-29T00:49:12.064Z,
https://www.google.com/maps/place/Reflective+Healing/data=!4m7!3m6!1s0x87694b90721ed319:0xc5a14dd5dba183bf!8m2!3d40.5798361!4d-105.077707!16s%2Fg%2F11h4xh7tjz!19sChIJGdMecpBLaYcRv4Oh29VNocU,Reflective Healing,4.3,6,Mental health service,"605 S College Ave suite B100, Fort Collins, CO 80524, United States","HWHC+WW Fort Collins, Colorado, USA",https://www.reflectivehealing.com/,,,,https://lh3.googleusercontent.com/p/AF1QipOOskRQxzxKUVrapQLhJtunyKnwkRSBDcMArmIj=w408-h272-k-no,true,,,,,,,,"https://www.google.com/maps/search/Infusion+centers+in+Greeley+Fort+Collins+CO/@40.5852602,-105.084423,14z",2025-09-29T00:49:15.022Z,
https://www.google.com/maps/place/LifeStance+Therapists+%26+Psychiatrists+Fort+Collins/data=!4m7!3m6!1s0x87694af59874724d:0x98579458f324667b!8m2!3d40.5844359!4d-105.081945!16s%2Fg%2F1tgtfzyl!19sChIJTXJ0mPVKaYcRe2Yk81iUV5g,LifeStance Therapists & Psychiatrists Fort Collins,4.5,346,Mental health clinic,"320 W Olive St, Fort Collins, CO 80521, United States","HWM9+Q6 Fort Collins, Colorado, USA",https://lifestance.com/location/fort-collins-co-320-west-olive-street/?utm_source=gmb&utm_medium=organic&utm_campaign=locations,+1 970-310-3406,"Closed ⋅ Opens 8 am Mon

Confirmed by this business 7 weeks ago",LGBTQ+ friendly,https://lh3.googleusercontent.com/p/AF1QipMn68VcsNL0uQSIvHluxO70YcNHdsjcQxGh5N3R=w427-h240-k-no,true,Closed,8 am–5 pm,8 am–5 pm,8 am–5 pm,8 am–5 pm,8 am–5 pm,8 am–5 pm,"https://www.google.com/maps/search/Infusion+centers+in+Greeley+Fort+Collins+CO/@40.5852602,-105.084423,14z",2025-09-29T00:49:19.991Z,
https://www.google.com/maps/place/SummitStone+Health+Partners+-+Garcia+House/data=!4m7!3m6!1s0x87694b44ca488abd:0xb1d50fb1787bfd55!8m2!3d40.5739255!4d-105.0538875!16s%2Fg%2F11n275cjwy!19sChIJvYpIykRLaYcRVf17eLEP1bE,SummitStone Health Partners - Garcia House,2.3,6,Mental health service,"1008 Patton St, Fort Collins, CO 80524, United States","HWFW+HC Fort Collins, Colorado, USA",https://www.summitstone.org/garcia-house/,+1 970-494-4200,,,https://lh3.googleusercontent.com/p/AF1QipOJd7vTQKO7hB-zWQfd9OR1XHq9WWooTPPyg95L=w408-h272-k-no,true,,,,,,,,"https://www.google.com/maps/search/Infusion+centers+in+Greeley+Fort+Collins+CO/@40.5852602,-105.084423,14z",2025-09-29T00:49:22.816Z,
https://www.google.com/maps/place/Arete+Physical+Therapy/data=!4m7!3m6!1s0x876bef54943b5d93:0x961d9e72f8e86d2!8m2!3d40.5640921!4d-105.0900353!16s%2Fg%2F11hq2rc00h!19sChIJk107lFTva4cR0oaOL-fZYQk,Arete Physical Therapy,5.0,33,Physical therapy clinic,"1905 Sheely Dr, Fort Collins, CO 80526, United States","HW75+JX Fort Collins, Colorado, USA",http://www.aretept.com/,+1 720-938-7925,,,https://lh3.googleusercontent.com/p/AF1QipMphmgnh3JQ1NvKHRuXO2k756aTv4eXSySFn1d7=w408-h544-k-no,true,,,,,,,,"https://www.google.com/maps/search/Infusion+centers+in+Greeley+Fort+Collins+CO/@40.5852602,-105.084423,14z",2025-09-29T00:49:25.760Z,
"https://www.google.com/maps/place/Diane+Tenny,+Aesthetician/data=!4m7!3m6!1s0x87694b38f4413ea7:0x63b1551811d65d5!8m2!3d40.5790996!4d-105.0569744!16s%2Fg%2F11nh5dd529!19sChIJpz5B9DhLaYcR1WUdgVEVOwY","Diane Tenny, Aesthetician",5.0,2,Dermatologist,"1100 Poudre River Dr UNIT A, Fort Collins, CO 80524, United States","HWHV+J6 Fort Collins, Colorado, USA",,+1 970-484-3050,Closed ⋅ Opens 7 am Mon,,https://streetviewpixels-pa.googleapis.com/v1/thumbnail?panoid=ePJitrXKreSCIT5kOb-EBw&cb_client=search.gws-prod.gps&w=408&h=240&yaw=11.020265&pitch=0&thumbfov=100,true,Closed,7 am–5 pm,8 am–5 pm,8 am–5 pm,8 am–5 pm,7 am–5 pm,Closed,"https://www.google.com/maps/search/Infusion+centers+in+Greeley+Fort+Collins+CO/@40.5852602,-105.084423,14z",2025-09-29T00:49:30.549Z,
https://www.google.com/maps/place/Achieving+Health+at+TCM+Clinic/data=!4m7!3m6!1s0x87694a8b0d1282df:0xc2e83caeb228b674!8m2!3d40.5873877!4d-105.0881309!16s%2Fg%2F1vfzfnkd!19sChIJ34ISDYtKaYcRdLYosq486MI,Achieving Health at TCM Clinic,5.0,21,Acupuncture clinic,"700 W Mountain Ave, Fort Collins, CO 80521, United States","HWP6+XP Fort Collins, Colorado, USA",https://www.achievinghealthclinic.com/,+1 970-416-0444,Closed ⋅ Opens 8:30 am Mon,LGBTQ+ friendly,https://streetviewpixels-pa.googleapis.com/v1/thumbnail?panoid=Kl4XqAabOCR2lNRqPIXLwg&cb_client=search.gws-prod.gps&w=408&h=240&yaw=359.1076&pitch=0&thumbfov=100,true,Closed,8:30 am–5 pm,8:30 am–5 pm,8:30 am–5 pm,Closed,8:30 am–5 pm,8:30 am–12 pm,"https://www.google.com/maps/search/Infusion+centers+in+Greeley+Fort+Collins+CO/@40.5852602,-105.084423,14z",2025-09-29T00:49:35.412Z,
https://www.google.com/maps/place/Skin+Deep/data=!4m7!3m6!1s0x87694b1f38b9ad61:0xdb1a47e7705a9f1a!8m2!3d40.5658122!4d-105.0570195!16s%2Fg%2F11cjpbjz_k!19sChIJYa25OB9LaYcRGp9acOdHGts,Skin Deep,5.0,246,Day spa,"1630 S Lemay Ave #8, Fort Collins, CO 80525, United States","HW8V+85 Fort Collins, Colorado, USA",http://www.skindeepfc.com/,+1 970-232-9793,Closed ⋅ Opens 9 am Tue,,https://lh3.googleusercontent.com/p/AF1QipMUHUkiUCN4pncuUkzXi7B6crtvrn2uY5YevnOL=w408-h272-k-no,true,Closed,Closed,9 am–7 pm,9 am–7 pm,9 am–7 pm,9 am–6 pm,9 am–4 pm,"https://www.google.com/maps/search/Infusion+centers+in+Greeley+Fort+Collins+CO/@40.5852602,-105.084423,14z",2025-09-29T00:49:40.509Z,
https://www.google.com/maps/place/Center+for+Neurodiverse+Wellness/data=!4m7!3m6!1s0x87694a4ebecfa3db:0xad39862fcb3b394c!8m2!3d40.570597!4d-105.095515!16s%2Fg%2F11srgk36x1!19sChIJ26PPvk5KaYcRTDk7yy-GOa0,Center for Neurodiverse Wellness,,,Medical clinic,"1302 S Shields St, Fort Collins, CO 80521, United States","HWC3+6Q Fort Collins, Colorado, USA",https://neurodiversewellness.com/contact-us,+1 970-658-9979,,,https://streetviewpixels-pa.googleapis.com/v1/thumbnail?panoid=xKNtlIQaVKhdOplVuiIr9Q&cb_client=search.gws-prod.gps&w=408&h=240&yaw=203.5444&pitch=0&thumbfov=100,false,,,,,,,,"https://www.google.com/maps/search/Infusion+centers+in+Greeley+Fort+Collins+CO/@40.5852602,-105.084423,14z",2025-09-29T00:49:43.140Z,
"https://www.google.com/maps/place/Centre+Avenue+Health+%26+Rehab+Facility,+LLC/data=!4m7!3m6!1s0x87694bbaa14b7499:0xe0ec156cf51964c4!8m2!3d40.555311!4d-105.091251!16s%2Fg%2F1thffy7j!19sChIJmXRLobpLaYcRxGQZ9WwV7OA","Centre Avenue Health & Rehab Facility, LLC",3.4,34,Rehabilitation center,"815 Centre Ave, Fort Collins, CO 80526, United States","HW45+4F Fort Collins, Colorado, USA",https://www.columbinehealth.com/centreavenue,+1 970-494-2140,Closed ⋅ Opens 8 am Mon,,https://lh3.googleusercontent.com/p/AF1QipNCh6WbgblvZFI-FffknPT_1a4cNOvH50pCAk8W=w408-h269-k-no,true,8 am–5 pm,8 am–5 pm,8 am–5 pm,8 am–5 pm,8 am–5 pm,8 am–5 pm,8 am–5 pm,"https://www.google.com/maps/search/Infusion+centers+in+Greeley+Fort+Collins+CO/@40.5852602,-105.084423,14z",2025-09-29T00:49:48.052Z,
https://www.google.com/maps/place/SummitStone+Health+Partners/data=!4m7!3m6!1s0x8769357e23633bd9:0xdfc3a4fe31077af9!8m2!3d40.6071658!4d-105.0754499!16s%2Fg%2F11c2mcn_gb!19sChIJ2TtjI341aYcR-XoHMf6kw98,SummitStone Health Partners,2.4,36,Mental health clinic,"114 Bristlecone Dr, Fort Collins, CO 80524, United States","JW4F+VR Fort Collins, Colorado, USA",http://www.summitstone.org/,+1 970-494-4200,Closed ⋅ Opens 8 am Mon,,https://lh3.googleusercontent.com/p/AF1QipMWndJqVe9ViHm6vZe_uCbOFReMC15fhi-LntH7=w408-h272-k-no,true,Closed,8 am–8 pm,8 am–8 pm,8 am–8 pm,8 am–8 pm,8 am–5 pm,Closed,"https://www.google.com/maps/search/Infusion+centers+in+Greeley+Fort+Collins+CO/@40.5852602,-105.084423,14z",2025-09-29T00:49:52.928Z,
https://www.google.com/maps/place/Celestial+Skin/data=!4m7!3m6!1s0x8769531c2bb31f47:0x3bdc1afc84943ac!8m2!3d40.5538347!4d-105.1178098!16s%2Fg%2F11vk3ykc39!19sChIJRx-zKxxTaYcRrENJyK_BvQM,Celestial Skin,5.0,37,Skin care clinic,"2170 W Drake Rd Unit B2, Fort Collins, CO 80526, United States","HV3J+GV Fort Collins, Colorado, USA",https://www.celestialskinnoco.com/,,Closed ⋅ Opens 10 am Mon,,https://lh3.googleusercontent.com/p/AF1QipNKVXZu7bWVqjCq9BdUHmvXgvQny6t_ZTbFWKD9=w408-h725-k-no,true,11 am–4 pm,10 am–8 pm,10 am–8 pm,10 am–8 pm,10 am–8 pm,10 am–7 pm,12–6 pm,"https://www.google.com/maps/search/Infusion+centers+in+Greeley+Fort+Collins+CO/@40.5852602,-105.084423,14z",2025-09-29T00:49:57.947Z,
https://www.google.com/maps/place/UCHealth+Family+Medicine+Center+-+Fort+Collins/data=!4m7!3m6!1s0x87694ae6dcf4b3c9:0xcd0aedb7f0c2302b!8m2!3d40.5754328!4d-105.0594402!16s%2Fg%2F1tfw3j9l!19sChIJybP03OZKaYcRKzDC8LftCs0,UCHealth Family Medicine Center - Fort Collins,4.0,341,Family practice physician,"1025 Pennock Place, Fort Collins, CO 80524, United States","HWGR+56 Fort Collins, Colorado, USA",https://www.uchealth.org/locations/uchealth-family-medicine-center-fort-collins/?utm_source=GMBSocialClimb&utm_medium=UCHealthFamilyMedicineCenter-FortCollins,+1 970-495-8800,Closed ⋅ Opens 8 am Mon,LGBTQ+ friendly,https://lh3.googleusercontent.com/gps-cs-s/AC9h4nr8QipVQ280n6-IZw1_uGYYFf_EFHdOg3rjSHgBwgyT2n32uhAdEEn0E-DqsiMSeWBCVzC4M_cTMpxUDxCjb_WPz5ILadUuINvH9bQNoPnY42HBpdDx0o_2TQsr0ev1_SqSiU84=w408-h243-k-no,true,Closed,8 am–5 pm,8 am–5 pm,8 am–5 pm,8 am–5 pm,8 am–5 pm,Closed,"https://www.google.com/maps/search/Infusion+centers+in+Greeley+Fort+Collins+CO/@40.5852602,-105.084423,14z",2025-09-29T00:50:03.217Z,
https://www.google.com/maps/place/Prime+IV+Hydration+%26+Wellness+-+Loveland/data=!4m7!3m6!1s0x876ead0975d4e5ab:0x920da3111b225176!8m2!3d40.4130413!4d-104.9899417!16s%2Fg%2F11pz358sd1!19sChIJq-XUdQmtbocRdlEiGxGjDZI,Prime IV Hydration & Wellness - Loveland,4.9,107,IV therapy service,"5943 Sky Pond Dr Suite E 112, Loveland, CO 80538, United States","C276+62 Loveland, Colorado, USA",https://primeivhydration.com/locations/colorado/centerra-shops-co/,+1 970-713-9338,Closed ⋅ Opens 10 am Mon,LGBTQ+ friendly,https://lh3.googleusercontent.com/p/AF1QipPgHB_d8aFpJ70blDjN1anIKPiSth4HrYo4UUjn=w408-h306-k-no,true,10 am–4 pm,10 am–4 pm,10 am–4 pm,10 am–4 pm,10 am–4 pm,10 am–4 pm,10 am–4 pm,"https://www.google.com/maps/search/Infusion+centers+in+Greeley+Fort+Collins+CO/@40.5852602,-105.084423,14z",2025-09-29T00:50:08.327Z,
https://www.google.com/maps/place/CSU+Health+and+Medical+Center/data=!4m7!3m6!1s0x87694a5055555555:0xfbba5df693a5b392!8m2!3d40.5681217!4d-105.0777691!16s%2Fg%2F11g8wqp4hc!19sChIJVVVVVVBKaYcRkrOlk_Zduvs,CSU Health and Medical Center,2.6,142,Medical clinic,"151 W Lake St, Fort Collins, CO 80524, United States","HW9C+6V Fort Collins, Colorado, USA",https://health.colostate.edu/location-hours-parking/,+1 970-491-7121,Closed ⋅ Opens 8 am Mon,,https://lh3.googleusercontent.com/gps-cs-s/AC9h4noQhcpCXsAcX44GEI-4nEiqtRUn18iQNyUdQoOVm3B8hBaq7pcUnmkjO_98KsdhC8VftoWdIZl2GRq1qLUtt2x04he2YBGoQrLJCak_x_IqbPhTtuJZcie6OrNkVrs59s_KTVJ3=w408-h424-k-no,true,Closed,8 am–5 pm,9 am–5 pm,8 am–5 pm,8 am–5 pm,8 am–5 pm,Closed,"https://www.google.com/maps/search/Infusion+centers+in+Greeley+Fort+Collins+CO/@40.5852602,-105.084423,14z",2025-09-29T00:50:13.331Z,
https://www.google.com/maps/place/Neuropathy+Testing+Center+of+Co/data=!4m7!3m6!1s0x87694adedcf0154f:0x3e5c517b6774394d!8m2!3d40.5736812!4d-105.0510888!16s%2Fg%2F1tdr3t4h!19sChIJTxXw3N5KaYcRTTl0Z3tRXD4,Neuropathy Testing Center of Co,,,Diagnostic center,"1355 Riverside Ave STE C, Fort Collins, CO 80524, United States","HWFX+FH Fort Collins, Colorado, USA",http://andersonpodiatrycenter.com/,+1 970-484-4620,Closed ⋅ Opens 8 am Mon,,https://streetviewpixels-pa.googleapis.com/v1/thumbnail?panoid=Iav_ItqIOk1Q7CHgWetCfw&cb_client=search.gws-prod.gps&w=408&h=240&yaw=207.56947&pitch=0&thumbfov=100,true,Closed,8 am–5 pm,8 am–5 pm,8 am–5 pm,8 am–5 pm,8 am–4 pm,Closed,"https://www.google.com/maps/search/Infusion+centers+in+Greeley+Fort+Collins+CO/@40.5852602,-105.084423,14z",2025-09-29T00:50:18.154Z,
https://www.google.com/maps/place/Salud+Family+Health+Centers/data=!4m7!3m6!1s0x8769357c2d487a8f:0x55890d344a776da!8m2!3d40.6101148!4d-105.0723726!16s%2Fg%2F1tdlvrs6!19sChIJj3pILXw1aYcR2nanRNOQWAU,Salud Family Health Centers,3.5,472,Medical clinic,"1635 Blue Spruce Dr, Fort Collins, CO 80524, United States","JW6H+23 Fort Collins, Colorado, USA",https://www.saludclinic.org/fort-collins-blue-spruce,+1 970-484-0999,Closed ⋅ Opens 7:30 am Mon,,https://lh3.googleusercontent.com/gps-cs-s/AC9h4nrMcXpskkMYeFR4HUOBs4KGnYyl082j7Eh3kccSCz294l2Yti2R6rPHpcq2aIR2XmXEvwP9RSGX2HLXbZvQqkyJzpnRXvpavygrtDL5IXJndlBsPxbL4lp4WbASlgwaZiG22qpD=w408-h544-k-no,true,Closed,7:30 am–5 pm,7:30 am–5 pm,7:30 am–5 pm,7:30 am–5 pm,7:30 am–5 pm,Closed,"https://www.google.com/maps/search/Infusion+centers+in+Greeley+Fort+Collins+CO/@40.5852602,-105.084423,14z",2025-09-29T00:50:23.255Z,
https://www.google.com/maps/place/Radical+Healing/data=!4m7!3m6!1s0x87694ba0cca39527:0xaf1eac5c191f7ac9!8m2!3d40.5600907!4d-105.0965209!16s%2Fg%2F11ggs9q16p!19sChIJJ5WjzKBLaYcRyXofGVysHq8,Radical Healing,5.0,3,Counselor,"2001 S Shields St Building D, Suite 203, Fort Collins, CO 80526, United States","HW63+29 Fort Collins, Colorado, USA",https://www.radicalhealingllc.com/,+1 970-236-6317,Closed ⋅ Opens 9 am Mon,LGBTQ+ friendly,https://streetviewpixels-pa.googleapis.com/v1/thumbnail?panoid=4_wj59akMfqyThlkvxT5sg&cb_client=search.gws-prod.gps&w=408&h=240&yaw=189.91518&pitch=0&thumbfov=100,true,9 am–6 pm,9 am–6 pm,9 am–6 pm,9 am–6 pm,9 am–6 pm,9 am–6 pm,9 am–6 pm,"https://www.google.com/maps/search/Infusion+centers+in+Greeley+Fort+Collins+CO/@40.5852602,-105.084423,14z",2025-09-29T00:50:28.167Z,
https://www.google.com/maps/place/The+Women%27s+Clinic+of+Northern+Colorado/data=!4m7!3m6!1s0x87694ae0545481a3:0xf01559de09debf98!8m2!3d40.5719941!4d-105.0584356!16s%2Fg%2F1v3knk44!19sChIJo4FUVOBKaYcRmL_eCd5ZFfA,The Women's Clinic of Northern Colorado,4.3,549,Women's health clinic,"1107 S Lemay Ave # 300, Fort Collins, CO 80524, United States","HWCR+QJ Fort Collins, Colorado, USA",https://womensclinicnoco.com/,+1 970-493-7442,Closed ⋅ Opens 8 am Mon,,https://lh3.googleusercontent.com/p/AF1QipOwq92KA699a4_ENRYBZ5feQRWL8AkMkDvt5Ivp=w408-h544-k-no,true,Closed,8 am–5 pm,8 am–5 pm,8 am–5 pm,8 am–5 pm,8 am–4 pm,Closed,"https://www.google.com/maps/search/Infusion+centers+in+Greeley+Fort+Collins+CO/@40.5852602,-105.084423,14z",2025-09-29T00:50:33.223Z,
https://www.google.com/maps/place/Dr.+Diane+Duncan/data=!4m7!3m6!1s0x87694b2670831d6b:0x9bc7362666568af9!8m2!3d40.5668043!4d-105.0462784!16s%2Fg%2F1tfcj7b9!19sChIJax2DcCZLaYcR-YpWZiY2x5s,Dr. Diane Duncan,4.0,72,Plastic surgeon,"1701 E Prospect Rd, Fort Collins, CO 80525, United States","HX83+PF Fort Collins, Colorado, USA",https://www.drdianeduncan.com/?y_source=1_MTYxODAzMzMtNzE1LWxvY2F0aW9uLndlYnNpdGU%3D,+1 970-493-7445,Closed ⋅ Opens 8 am Mon,Identifies as women-owned,https://lh3.googleusercontent.com/p/AF1QipOjlDFFVwKzB2xJkQSJaO4Y3syGrTYocJBjpa-q=w408-h609-k-no,true,Closed,8 am–5 pm,8 am–5 pm,8 am–5 pm,8 am–5 pm,8 am–3:30 pm,Closed,"https://www.google.com/maps/search/Infusion+centers+in+Greeley+Fort+Collins+CO/@40.5852602,-105.084423,14z",2025-09-29T00:50:38.210Z,
https://www.google.com/maps/place/UCHealth+Urgent+Care+-+Prospect/data=!4m7!3m6!1s0x87694be64ce08565:0x88ce73d712001977!8m2!3d40.5673863!4d-105.0574865!16s%2Fg%2F11mdsx4x_d!19sChIJZYXgTOZLaYcRdxkAEtdzzog,UCHealth Urgent Care - Prospect,4.8,27,Urgent care center,"1100 E Prospect Rd, Fort Collins, CO 80525, United States","HW8V+X2 Fort Collins, Colorado, USA",https://www.uchealth.org/locations/uchealth-urgent-care-prospect/?utm_source=GMBSocialClimb&utm_medium=UCHealthUrgentCare-Prospect,+1 970-297-6630,Closed ⋅ Opens 8 am Mon,,https://lh3.googleusercontent.com/p/AF1QipO2a4A6cy272cunYnTVtTvbGrp8XuDzISrYEJQD=w426-h240-k-no,true,8 am–6 pm,8 am–8 pm,8 am–8 pm,8 am–8 pm,8 am–8 pm,8 am–6 pm,8 am–6 pm,"https://www.google.com/maps/search/Infusion+centers+in+Greeley+Fort+Collins+CO/@40.5852602,-105.084423,14z",2025-09-29T00:50:42.992Z,
https://www.google.com/maps/place/The+Acupuncture+Clinic+of+Fort+Collins/data=!4m7!3m6!1s0x87694ba006d165d1:0xdeeae10db2662314!8m2!3d40.5735113!4d-105.0555609!16s%2Fg%2F11b6g8vknb!19sChIJ0WXRBqBLaYcRFCNmsg3h6t4,The Acupuncture Clinic of Fort Collins,5.0,43,Acupuncture clinic,"1020 Luke St suite c, Fort Collins, CO 80524, United States","HWFV+CQ Fort Collins, Colorado, USA",http://www.acupunctureclinicfortcollins.com/,+1 970-657-2932,Closed ⋅ Opens 8 am Mon,Identifies as women-owned,https://lh3.googleusercontent.com/p/AF1QipMr63TqLQ-c9vJIA8-ctih5PN8iojzdNmp1Usaa=w408-h291-k-no,true,8 am–5 pm,8 am–5 pm,8 am–5 pm,8 am–5 pm,8 am–5 pm,8 am–5 pm,8 am–5 pm,"https://www.google.com/maps/search/Infusion+centers+in+Greeley+Fort+Collins+CO/@40.5852602,-105.084423,14z",2025-09-29T00:50:48.369Z,
https://www.google.com/maps/place/UCHealth+Walk-In+Clinic+-+Family+Medicine+Center/data=!4m7!3m6!1s0x87694b7b4cc43c7d:0x5e16136d1462d2bd!8m2!3d40.5754328!4d-105.0594402!16s%2Fg%2F11g697qxcq!19sChIJfTzETHtLaYcRvdJiFG0TFl4,UCHealth Walk-In Clinic - Family Medicine Center,3.3,79,Family practice physician,"1025 Pennock Place Suite 121, Fort Collins, CO 80524, United States","HWGR+56 Fort Collins, Colorado, USA",https://www.uchealth.org/locations/uchealth-family-medicine-center-walk-in-clinic/?utm_source=GMBSocialClimb&utm_medium=UCHealthWalk-InClinic-FamilyMedicineCenter,+1 970-495-8980,,LGBTQ+ friendly,https://lh3.googleusercontent.com/gps-cs-s/AC9h4npOB2Uzf6vx8tFnAFg8z4DQPwpao9a1_K34r3wDPVXiZsgzTqd3Pb8jITdY2Se5qDk8I8_IOdr0o4NX7QYXva-Hi2s5f1Z52_nwOMp0Rmek1xNAIJjfVtOZV8vwQrCCJiLBUxo=w408-h306-k-no,true,,,,,,,,"https://www.google.com/maps/search/Infusion+centers+in+Greeley+Fort+Collins+CO/@40.5852602,-105.084423,14z",2025-09-29T00:50:53.438Z,
"https://www.google.com/maps/place/Happy+Daisy+Ltd./@40.5642038,-105.0568997,17z/data=!3m1!4b1!4m6!3m5!1s0x87694b7a71867d95:0xf10c60b8a8b44ed1!8m2!3d40.5642038!4d-105.0568997!16s%2Fg%2F11g6wtxyk7",Happy Daisy Ltd.,4.4,26,Mental health service,"1136 E Stuart St #4101, Fort Collins, CO 80525, United States","HW7V+M6 Fort Collins, Colorado, USA",https://tenleyroeder.wordpress.com/,,Closed ⋅ Opens 9 am Mon,,,true,Closed,9 am–6:30 pm,9 am–6:30 pm,Closed,9 am–6:30 pm,Closed,Closed,"https://www.google.com/maps/search/Infusion+centers+in+Greeley+Fort+Collins+CO/@40.5852602,-105.084423,14z",2025-09-29T00:51:00.777Z,
"https://www.google.com/maps/place/Psychiatric+Services+of+The+Rockies+Josiah+Ziegler,+DO/data=!4m7!3m6!1s0x87694b173432e6b7:0x1d66ebd674162303!8m2!3d40.5748525!4d-105.056127!16s%2Fg%2F11wbttf_03!19sChIJt-YyNBdLaYcRAyMWdNbrZh0","Psychiatric Services of The Rockies Josiah Ziegler, DO",5.0,21,Mental health service,"1124 E Elizabeth St Building C, Fort Collins, CO 80524, United States","HWFV+WG Fort Collins, Colorado, USA",https://www.psychiatricservicesoftherockies.com/?utm_source=gmb_auth,+1 970-427-2473,Closed ⋅ Opens 9 am Mon,,https://lh3.googleusercontent.com/p/AF1QipMTeqZl0SwmuCy88zBj7L8suSW6zM-XEaIWkpVl=w408-h507-k-no,true,Closed,9 am–5 pm,9 am–5 pm,9 am–5 pm,9 am–5 pm,9 am–5 pm,Closed,"https://www.google.com/maps/search/Infusion+centers+in+Greeley+Fort+Collins+CO/@40.5852602,-105.084423,14z",2025-09-29T00:51:05.724Z,
https://www.google.com/maps/place/Banner+Health+Center/data=!4m7!3m6!1s0x87694ba52787f2f7:0xf37d65bcc037b1fd!8m2!3d40.553123!4d-105.0891546!16s%2Fg%2F12vt6mjkg!19sChIJ9_KHJ6VLaYcR_bE3wLxlffM,Banner Health Center,3.6,143,Medical Center,"702A W Drake Rd, Fort Collins, CO 80526, United States","HW36+68 Fort Collins, Colorado, USA",https://www.bannerhealth.com/locations/fort-collins/banner-health-center-drake?cid=yext%3Asearch_listing%3Alocations%3Aclinic&y_source=1_MTE5MDczODktNzE1LWxvY2F0aW9uLndlYnNpdGU%3D,+1 970-821-4600,"Closed ⋅ Opens 7 am Mon

Confirmed by this business 9 weeks ago",,https://lh3.googleusercontent.com/p/AF1QipPmNC8Ua9Y_XL3ZdJb6DxJ0UnB2tdAmMSJZO4o-=w426-h240-k-no,true,Closed,7 am–6 pm,7 am–6 pm,7 am–6 pm,7 am–6 pm,7 am–5 pm,Closed,"https://www.google.com/maps/search/Infusion+centers+in+Greeley+Fort+Collins+CO/@40.5852602,-105.084423,14z",2025-09-29T00:51:11.169Z,
https://www.google.com/maps/place/Rebound+Sports+%26+Physical+Therapy/data=!4m7!3m6!1s0x87694b03abb9062f:0xa0dcc3fc4c710c7a!8m2!3d40.5750938!4d-105.05237!16s%2Fg%2F11tmzpbjhp!19sChIJLwa5qwNLaYcRegxxTPzD3KA,Rebound Sports & Physical Therapy,4.9,69,Physical therapy clinic,"1300 Riverside Ave Suite 100, Fort Collins, CO 80524, United States","HWGX+23 Fort Collins, Colorado, USA",https://www.reboundsportspt.com/,+1 970-663-6142,Closed ⋅ Opens 7 am Mon,,https://streetviewpixels-pa.googleapis.com/v1/thumbnail?panoid=dVY7qsP5o4ajV_r97blDSw&cb_client=search.gws-prod.gps&w=408&h=240&yaw=26.016197&pitch=0&thumbfov=100,true,Closed,7 am–6 pm,7 am–6 pm,7 am–6 pm,7 am–6 pm,7 am–3 pm,Closed,"https://www.google.com/maps/search/Infusion+centers+in+Greeley+Fort+Collins+CO/@40.5852602,-105.084423,14z",2025-09-29T00:51:16.487Z,
"https://www.google.com/maps/place/Prime+IV+Hydration+%26+Wellness+-+Greeley-West+Lake+Village,+CO/data=!4m7!3m6!1s0x876ea13b0e5d483f:0xc1b25aed022aebd5!8m2!3d40.4043841!4d-104.7345481!16s%2Fg%2F11w_hhg77p!19sChIJP0hdDjuhbocR1esqAu1assE","Prime IV Hydration & Wellness - Greeley-West Lake Village, CO",4.8,48,IV therapy service,"2108 35th Ave A, Greeley, CO 80634, United States","C738+Q5 Greeley, Colorado, USA",https://primeivhydration.com/locations/colorado/greeley-80634/,+1 720-802-5300,Closed ⋅ Opens 10 am Mon,,https://lh3.googleusercontent.com/p/AF1QipMTR61WQQfERzvrxPBla4qCMbUPIi6_jRp8-e2z=w408-h359-k-no,true,Closed,10 am–6 pm,10 am–6 pm,10 am–6 pm,10 am–6 pm,10 am–6 pm,10 am–3 pm,"https://www.google.com/maps/search/Infusion+centers+in+Greeley+Fort+Collins+CO/@40.5852602,-105.084423,14z",2025-09-29T00:51:21.667Z,
https://www.google.com/maps/place/Rocky+Mountain+Physical+Therapy-+Central+Fort+Collins/data=!4m7!3m6!1s0x87694b2194d625fd:0x45e4ebe3ad44acf5!8m2!3d40.5666173!4d-105.0541889!16s%2Fg%2F12hm4lzgh!19sChIJ_SXWlCFLaYcR9axErePr5EU,Rocky Mountain Physical Therapy- Central Fort Collins,4.9,275,Physical therapist,"1307 E Prospect Rd Unit 120, Fort Collins, CO 80525, United States","HW8W+J8 Fort Collins, Colorado, USA",https://rockymtnpt.com/,+1 970-579-7641,Closed ⋅ Opens 7 am Mon,,https://lh3.googleusercontent.com/p/AF1QipNA_0zeMEQrkye73Jqr_KMIubG2j1KOE31Vxrjj=w408-h306-k-no,true,Closed,7 am–6 pm,7 am–6 pm,7 am–6 pm,7 am–6 pm,7 am–6 pm,Closed,"https://www.google.com/maps/search/Infusion+centers+in+Greeley+Fort+Collins+CO/@40.5852602,-105.084423,14z",2025-09-29T00:51:26.662Z,
https://www.google.com/maps/place/Alpine+Ear+Nose+%26+Throat+PC/data=!4m7!3m6!1s0x87694ae74b53243b:0x1eba655ad0783878!8m2!3d40.5745873!4d-105.0563141!16s%2Fg%2F1tg6w5b0!19sChIJOyRTS-dKaYcReDh40Fpluh4,Alpine Ear Nose & Throat PC,4.2,533,Otolaryngology clinic,"1120 E Elizabeth St F-101, Fort Collins, CO 80524, United States","HWFV+RF Fort Collins, Colorado, USA",http://www.alpineent.com/?utm_source=GBP_Fort%20Collins&utm_medium=organic,+1 970-221-1177,Closed ⋅ Opens 8 am Mon,,https://lh3.googleusercontent.com/p/AF1QipO3PIaA0Y273kgf3rrELufwW2cB3LbEeVSQ5Owg=w408-h271-k-no,true,Closed,8 am–5 pm,8 am–5 pm,8 am–5 pm,8 am–5 pm,8 am–5 pm,Closed,"https://www.google.com/maps/search/Infusion+centers+in+Greeley+Fort+Collins+CO/@40.5852602,-105.084423,14z",2025-09-29T00:51:31.958Z,
https://www.google.com/maps/place/Integrated+Therapy+of+Northern+Colorado/data=!4m7!3m6!1s0x87694b1b81ccb927:0xa074ca303b3f37eb!8m2!3d40.5745386!4d-105.0539359!16s%2Fg%2F11y5jj5d2c!19sChIJJ7nMgRtLaYcR6zc_OzDKdKA,Integrated Therapy of Northern Colorado,5.0,1,Medical clinic,"1236 E Elizabeth St # 1, Fort Collins, CO 80525, United States","HWFW+RC Fort Collins, Colorado, USA",http://www.it-nc.com/,+1 970-492-5544,Closed ⋅ Opens 8 am Mon,Identifies as women-owned,https://lh3.googleusercontent.com/p/AF1QipOufGy2iFHYe6VB1wtmlHKzmjHxuFIewiXsSFcQ=w408-h408-k-no,true,Closed,8 am–7 pm,8 am–7 pm,8 am–7 pm,8 am–7 pm,8 am–7 pm,Closed,"https://www.google.com/maps/search/Infusion+centers+in+Greeley+Fort+Collins+CO/@40.5852602,-105.084423,14z",2025-09-29T00:51:37.182Z,
https://www.google.com/maps/place/Columbine+Health+Systems/data=!4m7!3m6!1s0x87694bbad6f3c549:0xba539e3edabf481c!8m2!3d40.5539992!4d-105.0912676!16s%2Fg%2F1tggt_rj!19sChIJScXz1rpLaYcRHEi_2j6eU7o,Columbine Health Systems,3.0,23,Nursing home,"802 W Drake Rd, Fort Collins, CO 80526, United States","HW35+HF Fort Collins, Colorado, USA",http://www.columbinehealth.com/,+1 970-482-0198,Closed ⋅ Opens 8 am Mon,,https://lh3.googleusercontent.com/p/AF1QipMuxI1at0SH516UzwUX7z4yL-HIL7C7sK03pnGB=w456-h240-k-no,true,Closed,8 am–4:30 pm,8 am–4:30 pm,8 am–4:30 pm,8 am–4:30 pm,8 am–4:30 pm,Closed,"https://www.google.com/maps/search/Infusion+centers+in+Greeley+Fort+Collins+CO/@40.5852602,-105.084423,14z",2025-09-29T00:51:42.249Z,
https://www.google.com/maps/place/Eye+Center+of+Northern+Colorado+Prospect/data=!4m7!3m6!1s0x87694b2672d3efe7:0x1b87b954f681faed!8m2!3d40.5667989!4d-105.0457753!16s%2Fg%2F1tdyr8fr!19sChIJ5-_TciZLaYcR7fqB9lS5hxs,Eye Center of Northern Colorado Prospect,4.3,557,Eye care center,"1725 E Prospect Rd, Fort Collins, CO 80525, United States","HX83+PM Fort Collins, Colorado, USA",https://www.eyecenternoco.com/,+1 970-221-2222,Closed ⋅ Opens 7:30 am Mon,,https://lh3.googleusercontent.com/gps-cs-s/AC9h4np09CyVdd9oaqD_z2u877sTH-c2ytbVOjJ574W5OeqzqAAei8T-AdGs4LKuzTdxPBjghWOqrrfP76ogZXlfBjQONRl-Z3FOzLk_Wo5U4OsE_KVPnateiHUFA0kB5NVgIqBZjm9d=w408-h240-k-no-pi-0-ya22.379164-ro-0-fo100,true,Closed,7:30 am–5:30 pm,7:30 am–5:30 pm,7:30 am–5:30 pm,7:30 am–5:30 pm,8 am–5 pm,Closed,"https://www.google.com/maps/search/Infusion+centers+in+Greeley+Fort+Collins+CO/@40.5852602,-105.084423,14z",2025-09-29T00:51:47.161Z,
https://www.google.com/maps/place/New+Hope+Dual+Diagnosis/data=!4m7!3m6!1s0x87694af133e6dc07:0x2535c508144d1f57!8m2!3d40.5812112!4d-105.0729295!16s%2Fg%2F1th7ncwy!19sChIJB9zmM_FKaYcRVx9NFAjFNSU,New Hope Dual Diagnosis,,,Psychologist,"321 E Mulberry St, Fort Collins, CO 80524, United States","HWJG+FR Fort Collins, Colorado, USA",,+1 970-325-6509,Open ⋅ Closes 11:30 pm,,https://lh3.googleusercontent.com/p/AF1QipPbCVryDDUWwVV5myq2i78fcaVfAe9n4OTQrGL4=w408-h272-k-no,false,4 am–11:30 pm,4 am–11:30 pm,4 am–11:30 pm,4 am–11:30 pm,4 am–11:30 pm,4 am–11:30 pm,4 am–11:30 pm,"https://www.google.com/maps/search/Infusion+centers+in+Greeley+Fort+Collins+CO/@40.5852602,-105.084423,14z",2025-09-29T00:51:52.245Z,
https://www.google.com/maps/place/Redwood+Acupuncture+and+Herbs/data=!4m7!3m6!1s0x87694b0d657c769d:0x350ae2a5084674da!8m2!3d40.5822623!4d-105.0803331!16s%2Fg%2F11tf_b1cnt!19sChIJnXZ8ZQ1LaYcR2nRGCKXiCjU,Redwood Acupuncture and Herbs,5.0,34,Acupuncture clinic,"412 S Howes St a2, Fort Collins, CO 80521, United States","HWJ9+WV Fort Collins, Colorado, USA",http://www.redwoodacupunctureandherbs.com/,+1 970-236-8840,Closed ⋅ Opens 9 am Tue,LGBTQ+ friendly,https://lh3.googleusercontent.com/p/AF1QipPcuawfSfwNh_ux5dD5HtTK7Fcob-7DfrFpWib4=w408-h612-k-no,true,Closed,Closed,"9 am–1 pm, 2–5 pm",9 am–5 pm,10 am–6 pm,9 am–12 pm,Closed,"https://www.google.com/maps/search/Infusion+centers+in+Greeley+Fort+Collins+CO/@40.5852602,-105.084423,14z",2025-09-29T00:51:57.302Z,
https://www.google.com/maps/place/Kailey+Brennan+Integrative+Acupuncture+Fort+Collins/data=!4m7!3m6!1s0x876c7d111e07da7f:0x8ded3901dd4e9eb9!8m2!3d40.5727273!4d-105.0595072!16s%2Fg%2F11j6f_39mp!19sChIJf9oHHhF9bIcRuZ5O3QE57Y0,Kailey Brennan Integrative Acupuncture Fort Collins,5.0,18,Acupuncture clinic,"1049 Robertson St, Fort Collins, CO 80524, United States","HWFR+35 Fort Collins, Colorado, USA",http://www.kaileybrennan.com/,+1 720-457-4458,Closed ⋅ Opens 9 am Mon,Identifies as women-owned,https://streetviewpixels-pa.googleapis.com/v1/thumbnail?panoid=G2CCTRjyjceNg_Q_rRuhUQ&cb_client=search.gws-prod.gps&w=408&h=240&yaw=303.26852&pitch=0&thumbfov=100,true,Closed,9 am–5 pm,9 am–5 pm,9 am–5 pm,9 am–5 pm,9 am–5 pm,Closed,"https://www.google.com/maps/search/Infusion+centers+in+Greeley+Fort+Collins+CO/@40.5852602,-105.084423,14z",2025-09-29T00:52:02.399Z,
https://www.google.com/maps/place/Concentra+Urgent+Care/data=!4m7!3m6!1s0x87694ae79505e7f9:0xbd9dcc976e5618fa!8m2!3d40.578572!4d-105.0571892!16s%2Fg%2F1tj46d6d!19sChIJ-ecFledKaYcR-hhWbpfMnb0,Concentra Urgent Care,4.0,919,Occupational health service,"620 S Lemay Ave, Fort Collins, CO 80524, United States","HWHV+C4 Fort Collins, Colorado, USA",http://www.concentra.com/?utm_source=Yext&utm_medium=Organic&utm_campaign=Homepage%20Link,+1 970-221-5811,"Closed ⋅ Opens 8 am Mon

Confirmed by this business 9 weeks ago",,https://lh3.googleusercontent.com/gps-cs-s/AC9h4no6enO3FcRfDQ8bRh9eCT4Q_aOslMVM-fwyQrAXRqrwpF3r-hqtqDfEVnvoH6sg84r0A5uUPFnwGHObtQeIBjaxvVVPOTTBScV9W5dr9Z0WLAJ-y1eO5ToCNBxm7-nI5NAunQxg=w426-h240-k-no,true,Closed,8 am–5 pm,8 am–5 pm,8 am–5 pm,8 am–5 pm,8 am–5 pm,Closed,"https://www.google.com/maps/search/Infusion+centers+in+Greeley+Fort+Collins+CO/@40.5852602,-105.084423,14z",2025-09-29T00:52:07.725Z,
https://www.google.com/maps/place/Four+Points+Counseling+Center/data=!4m7!3m6!1s0x87694b0b8e9652f5:0x9ce052712c378ea3!8m2!3d40.5739822!4d-105.0551549!16s%2Fg%2F11sg7fdn4d!19sChIJ9VKWjgtLaYcRo443LHFS4Jw,Four Points Counseling Center,5.0,9,Mental health service,"1221 E Elizabeth St Suite 3, Fort Collins, CO 80524, United States","HWFV+HW Fort Collins, Colorado, USA",https://www.fourpointscounselingcenter.com/,+1 970-682-1337,,LGBTQ+ friendly,https://lh3.googleusercontent.com/p/AF1QipNKs8ucTstZnviX4FWIYqIAW9AA_kAA-27cw1vE=w408-h408-k-no,true,,,,,,,,"https://www.google.com/maps/search/Infusion+centers+in+Greeley+Fort+Collins+CO/@40.5852602,-105.084423,14z",2025-09-29T00:52:12.807Z,
https://www.google.com/maps/place/Soak+Spa/data=!4m7!3m6!1s0x87694cae377c02ff:0x88d588057b8f601b!8m2!3d40.5520908!4d-105.0589168!16s%2Fg%2F1tdxwhv9!19sChIJ_wJ8N65MaYcRG2CPewWI1Yg,Soak Spa,4.9,543,Day spa,"2601 S Lemay Ave Suite 39, Fort Collins, CO 80525, United States","HW2R+RC Fort Collins, Colorado, USA",https://soakspashop.com/?utm_source=gbp&utm_medium=organic,+1 970-377-9868,Closed ⋅ Opens 10:30 am Mon,LGBTQ+ friendly,https://lh3.googleusercontent.com/p/AF1QipMhTLcy5BvjywnMJigyo-bSEvKbkoRXn59kF4zB=w408-h544-k-no,true,10:30 am–5 pm,10:30 am–5 pm,10 am–7 pm,10 am–6 pm,10 am–8 pm,9 am–8 pm,9 am–8 pm,"https://www.google.com/maps/search/Infusion+centers+in+Greeley+Fort+Collins+CO/@40.5852602,-105.084423,14z",2025-09-29T00:52:18.004Z,
https://www.google.com/maps/place/Centers+For+Gastroenterology/data=!4m7!3m6!1s0x8769532ee27da6af:0x270e8989716d9c4b!8m2!3d40.406536!4d-105.040838!16s%2Fg%2F1tffz_4p!19sChIJr6Z94i5TaYcRS5xtcYmJDic,Centers For Gastroenterology,4.5,164,Medical clinic,"2555 E 13th St Suite 220, Loveland, CO 80537, United States","CX45+JM Loveland, Colorado, USA",https://www.digestive-health.net/,+1 970-669-5432,Closed ⋅ Opens 8 am Mon,,https://lh3.googleusercontent.com/p/AF1QipPH0ujRrgG_A3R8zxIZXTmMeSk7dLozSnnJNC7j=w408-h272-k-no,true,Closed,8 am–5 pm,8 am–5 pm,8 am–5 pm,8 am–5 pm,8 am–5 pm,Closed,"https://www.google.com/maps/search/Infusion+centers+in+Loveland+Fort+Collins+CO/@40.395451,-105.0745837,14z",2025-09-29T00:52:33.003Z,
https://www.google.com/maps/place/Infusion+for+Health+-+Loveland/data=!4m7!3m6!1s0x876ead709c55ee5f:0x6aba72667ca885af!8m2!3d40.409979!4d-105.0018305!16s%2Fg%2F11y1x93w0p!19sChIJX-5VnHCtbocRr4WofGZyumo,Infusion for Health - Loveland,,,Medical clinic,"1615 Foxtrail Dr #100, Loveland, CO 80538, United States","CX5X+X7 Loveland, Colorado, USA",https://infusionforhealth.com/locations/colorado/loveland/,+1 970-236-9280,,,https://lh3.googleusercontent.com/p/AF1QipOSHbKFGisFIKh2H0jS0Dj94bz8XlEJLcWPYPxU=w426-h240-k-no,true,Closed,7 am–7 pm,7 am–7 pm,7 am–7 pm,7 am–7 pm,7 am–7 pm,Closed,"https://www.google.com/maps/search/Infusion+centers+in+Loveland+Fort+Collins+CO/@40.395451,-105.0745837,14z",2025-09-29T00:52:37.714Z,
https://www.google.com/maps/place/UCHealth+Cancer+Care+and+Hematology+Clinic+-+Loveland/data=!4m7!3m6!1s0x876eacfcd2d3456b:0x606df0b91bf0c037!8m2!3d40.4156022!4d-104.9971202!16s%2Fg%2F11b6ynwhmg!19sChIJa0XT0vysbocRN8DwG7nwbWA,UCHealth Cancer Care and Hematology Clinic - Loveland,4.8,57,Cancer treatment center,"North Medical Office Building, 2500 Rocky Mountain Ave, Loveland, CO 80538, United States","C283+65 Loveland, Colorado, USA",https://www.uchealth.org/locations/uchealth-cancer-care-and-hematology-loveland/?utm_source=GMBSocialClimb&utm_medium=UCHealthCancerCareandHematologyClinic-Loveland,+1 970-203-7080,Closed ⋅ Opens 8 am Mon,LGBTQ+ friendly,https://streetviewpixels-pa.googleapis.com/v1/thumbnail?panoid=Mvwv-Jc6S9AweiZ5A1_czw&cb_client=search.gws-prod.gps&w=408&h=240&yaw=74.13424&pitch=0&thumbfov=100,true,Closed,8 am–4:30 pm,8 am–4:30 pm,8 am–4:30 pm,8 am–4:30 pm,8 am–4:30 pm,Closed,"https://www.google.com/maps/search/Infusion+centers+in+Loveland+Fort+Collins+CO/@40.395451,-105.0745837,14z",2025-09-29T00:52:42.694Z,
https://www.google.com/maps/place/Banner+Health+Clinic/data=!4m7!3m6!1s0x876952df3c541ce3:0xf9ee9f77fc899d49!8m2!3d40.412775!4d-105.0518561!16s%2Fg%2F11xbwpks1!19sChIJ4xxUPN9SaYcRSZ2J_Hef7vk,Banner Health Clinic,4.8,55,Medical Center,"1900 N Boise Ave Ste 220, Loveland, CO 80538, United States","CW7X+47 Loveland, Colorado, USA",https://www.bannerhealth.com/locations/loveland/banner-health-clinic-boise-pulmonology?y_source=1_MTE5MDc1MTYtNzE1LWxvY2F0aW9uLndlYnNpdGU%3D,+1 970-820-2120,"Closed ⋅ Opens 8 am Mon

Confirmed by this business 9 weeks ago",,https://lh3.googleusercontent.com/p/AF1QipOw9dlsSrsP730MZyPOBIc0BTwpAxQLRBbvoJM0=w426-h240-k-no,true,Closed,8 am–5 pm,8 am–5 pm,8 am–5 pm,8 am–5 pm,8 am–5 pm,Closed,"https://www.google.com/maps/search/Infusion+centers+in+Loveland+Fort+Collins+CO/@40.395451,-105.0745837,14z",2025-09-29T00:52:47.521Z,
https://www.google.com/maps/place/Banner+MD+Anderson+Cancer+Center+Radiation+Oncology+Clinic+at+Banner+McKee+Medical+Center/data=!4m7!3m6!1s0x8769535911ea7e7d:0xdf9297e5afb3a834!8m2!3d40.4132365!4d-105.0513281!16s%2Fg%2F11f9_zll3j!19sChIJfX7qEVlTaYcRNKizr-WXkt8,Banner MD Anderson Cancer Center Radiation Oncology Clinic at Banner McKee Medical Center,4.2,6,Cancer treatment center,"2000 N Boise Ave, Loveland, CO 80538, United States","CW7X+7F Loveland, Colorado, USA",https://www.bannerhealth.com/locations/loveland/banner-md-anderson-cancer-center-at-mckee-medical-center-loveland?y_source=1_MTE5MDczMDYtNzE1LWxvY2F0aW9uLndlYnNpdGU%3D,+1 970-810-3894,Closed ⋅ Opens 8 am Mon,,https://lh3.googleusercontent.com/p/AF1QipPmtkY_2tKzMKuBt9OwvNPRIRiqZvvkninZtIbf=w426-h240-k-no,true,Closed,8 am–5 pm,8 am–5 pm,8 am–5 pm,8 am–5 pm,8 am–5 pm,Closed,"https://www.google.com/maps/search/Infusion+centers+in+Loveland+Fort+Collins+CO/@40.395451,-105.0745837,14z",2025-09-29T00:52:52.720Z,
https://www.google.com/maps/place/Integrative+Center+For+Health/data=!4m7!3m6!1s0x87694a5e5f95dc67:0x49470bc577585dfb!8m2!3d40.5839649!4d-105.0835885!16s%2Fg%2F1tl7p5_7!19sChIJZ9yVX15KaYcR-11Yd8ULR0k,Integrative Center For Health,4.3,4,Medical clinic,"315 Canyon Ave STE 3, Fort Collins, CO 80521, United States","HWM8+HH Fort Collins, Colorado, USA",https://www.icforhealth.com/,+1 970-472-8008,,,https://streetviewpixels-pa.googleapis.com/v1/thumbnail?panoid=k0adMVpj38O72iwp0o5RBg&cb_client=search.gws-prod.gps&w=408&h=240&yaw=203.15671&pitch=0&thumbfov=100,false,,,,,,,,"https://www.google.com/maps/search/Infusion+centers+in+Estes+Park+Fort+Collins+CO/@40.5852602,-105.084423,14z",2025-09-29T00:53:11.733Z,
https://www.google.com/maps/place/Living+Arts+Wellness+%26+Massage/data=!4m7!3m6!1s0x87694a5c0f37eea7:0x7c00c2ef0edb083f!8m2!3d40.5818904!4d-105.0803559!16s%2Fg%2F1vn19010!19sChIJp-43D1xKaYcRPwjbDu_CAHw,Living Arts Wellness & Massage,4.9,232,Massage therapist,"420 S Howes St A-202, Fort Collins, CO 80521, United States","HWJ9+QV Fort Collins, Colorado, USA",https://www.livingartswellness.com/,+1 970-472-0995,Open ⋅ Closes 9 pm,LGBTQ+ friendly,https://lh3.googleusercontent.com/p/AF1QipPXfaCNJ1uFM3CGvzXjZeCFsTmLeE82vVAPdCHW=w426-h240-k-no,true,7 am–9 pm,7 am–9 pm,7 am–9 pm,7 am–9 pm,7 am–9 pm,7 am–9 pm,7 am–9 pm,"https://www.google.com/maps/search/Infusion+centers+in+Estes+Park+Fort+Collins+CO/@40.5852602,-105.084423,14z",2025-09-29T00:53:16.807Z,
https://www.google.com/maps/place/Green+Fig+Aesthetics+%26+Wellness+Spa/data=!4m7!3m6!1s0x8769530ef030edff:0x399c8e403ff43a5d!8m2!3d40.5840239!4d-105.0778018!16s%2Fg%2F1tdxlc0n!19sChIJ_-0w8A5TaYcRXTr0P0COnDk,Green Fig Aesthetics & Wellness Spa,5.0,36,Facial spa,"109 W Olive St STE 3, Fort Collins, CO 80524, United States","HWMC+JV Fort Collins, Colorado, USA",https://greenfig.skincaretherapy.net/,+1 850-496-7479,Closed ⋅ Opens 12 pm Mon,,https://lh3.googleusercontent.com/p/AF1QipPwVF0IPOHFcFeh_QWFYsBkAoScIFslN1MGtF3_=w426-h240-k-no,true,Closed,12–5 pm,12–5 pm,12–5 pm,12–5 pm,12–5 pm,Closed,"https://www.google.com/maps/search/Infusion+centers+in+Estes+Park+Fort+Collins+CO/@40.5852602,-105.084423,14z",2025-09-29T00:53:21.910Z,
https://www.google.com/maps/place/UCHealth+Cancer+Center+-+Harmony+Campus/data=!4m7!3m6!1s0x87694cb2142038c1:0x27ac0456b181058f!8m2!3d40.5219324!4d-105.0368442!16s%2Fg%2F11b6xr6gy_!19sChIJwTggFLJMaYcRjwWBsVYErCc,UCHealth Cancer Center - Harmony Campus,3.6,15,Cancer treatment center,"2121 E Harmony Rd Building A Suite 170, Fort Collins, CO 80528, United States","GXC7+Q7 Fort Collins, Colorado, USA",https://www.uchealth.org/locations/uchealth-cancer-center-poudre-valley-hospital/?utm_source=GMBSocialClimb&utm_medium=UCHealthCancerCenter-HarmonyCampus,+1 970-237-7700,Closed ⋅ Opens 8 am Mon,LGBTQ+ friendly,https://lh3.googleusercontent.com/gps-cs-s/AC9h4nq6whNItBvKQ7VKih-rNyWCIrt0Gt5KDK5D30UQmb84Mm6fjW43Btf-3PhXlnOXAkCImSxm9pTYRRZdhrT5NHANElPSwA2pKRfZuujRU6UuQmsHgNcHTIRkYuqvKcu-n8LdJG8XIw=w408-h315-k-no,true,Closed,8 am–4:30 pm,8 am–4:30 pm,8 am–4:30 pm,8 am–4:30 pm,8 am–4:30 pm,Closed,"https://www.google.com/maps/search/Infusion+centers+in+Estes+Park+Fort+Collins+CO/@40.5852602,-105.084423,14z",2025-09-29T00:53:26.771Z,
,,,,,,,,,,,,,,,,,,,,"https://www.google.com/maps/search/Infusion+centers+in+Windsor+Fort+Collins+CO/@40.5852602,-105.084423,14z",2025-09-29T00:53:35.267Z,No new results found
,,,,,,,,,,,,,,,,,,,,"https://www.google.com/maps/search/Infusion+centers+in+Berthoud+Fort+Collins+CO/@40.5852602,-105.084423,14z",2025-09-29T00:53:43.818Z,No new results found
,,,,,,,,,,,,,,,,,,,,"https://www.google.com/maps/search/Infusion+centers+in+Wellington+Fort+Collins+CO/@40.5852602,-105.084423,14z",2025-09-29T00:53:52.535Z,No new results found
,,,,,,,,,,,,,,,,,,,,"https://www.google.com/maps/search/Infusion+centers+in+Evans+Fort+Collins+CO/@40.5852602,-105.084423,14z",2025-09-29T00:54:01.535Z,No new results found