placeUrl,title,rating,reviewCount,category,address,plusCode,website,phoneNumber,currentStatus,imgUrl,isClaimed,wednesday,query,timestamp,info
https://www.google.com/maps/place/Alger+Pediatrics/data=!4m7!3m6!1s0x8819b2612c48b519:0x216b5857fff5a5b9!8m2!3d42.9203657!4d-85.648353!16s%2Fg%2F1txnq1y_!19sChIJGbVILGGyGYgRuaX1_1dYayE,Alger Pediatrics,4.8,,Pediatrician,"733 Alger St SE, Grand Rapids, MI 49507, United States","W9C2+4M Grand Rapids, Michigan, USA",http://www.algerpediatrics.com/,+1 616-243-9515,Closed · Opens 8 am Wed,https://streetviewpixels-pa.googleapis.com/v1/thumbnail?panoid=STHtT6hSFB5oGGdwblqTIA&cb_client=search.gws-prod.gps&w=408&h=240&yaw=34.258698&pitch=0&thumbfov=100,false,"8 am–12 pm, 1:15–5 pm","https://www.google.com/maps/search/pediatrician+in+Grand+Rapids+Grand+Rapids+MI/@42.9704146,-85.6721946,14z",2026-02-10T23:53:10.528Z,
https://www.google.com/maps/place/Forest+Hills+Pediatric+Associates+PC/data=!4m7!3m6!1s0x88185263f268d8bb:0x30d1b660314464f0!8m2!3d42.94702!4d-85.5566509!16s%2Fg%2F1tk1nlpm!19sChIJu9ho8mNSGIgR8GREMWC20TA,Forest Hills Pediatric Associates PC,4.8,,Pediatrician,"C, 877 Forest Hill Ave SE, Grand Rapids, MI 49546, United States","WCWV+R8 Grand Rapids, Michigan, USA",https://foresthillspediatrics.com/,+1 616-949-4465,Closes soon · 7 pm · Opens 7:30 am Wed,https://lh3.googleusercontent.com/p/AF1QipMsrwuhm5HkKF63lFOJx3RTbL8ZB8RU6xOgc2zB=w408-h306-k-no,true,7:30 am–7 pm,"https://www.google.com/maps/search/pediatrician+in+Grand+Rapids+Grand+Rapids+MI/@42.9704146,-85.6721946,14z",2026-02-10T23:53:16.411Z,LGBTQ+ friendly
https://www.google.com/maps/place/Breton+Village+Pediatrics+and+Family+Medicine/data=!4m7!3m6!1s0x8819b2ade6491f57:0x18e7514629fd2bc0!8m2!3d42.9267949!4d-85.6069049!16s%2Fg%2F1pzq3w1b7!19sChIJVx9J5q2yGYgRwCv9KUZR5xg,Breton Village Pediatrics and Family Medicine,4.8,,Medical clinic,"Professional Building, 2460 Burton St SE #300, Grand Rapids, MI 49546, United States","W9GV+P6 Grand Rapids, Michigan, USA",https://www.macfieldmd.com/,+1 616-805-3846,Closed · Opens 7:30 am Wed,https://lh3.googleusercontent.com/p/AF1QipOXtYwADK9RSBp08kvs4uPf2-TN9M808V1j4Qon=w486-h240-k-no,true,7:30 am–4:30 pm,"https://www.google.com/maps/search/pediatrician+in+Grand+Rapids+Grand+Rapids+MI/@42.9704146,-85.6721946,14z",2026-02-10T23:53:20.946Z,
https://www.google.com/maps/place/Cherry+Health+-+Heart+of+the+City+Pediatrics/data=!4m7!3m6!1s0x8819ad0d8a0a57cd:0xc29314800fb1f65c!8m2!3d42.9590925!4d-85.6654545!16s%2Fg%2F11g194dc04!19sChIJzVcKig2tGYgRXPaxD4AUk8I,Cherry Health - Heart of the City Pediatrics,2.9,,Medical clinic,"100 Cherry St SE, Grand Rapids, MI 49503, United States","X85M+JR Grand Rapids, Michigan, USA",https://cherryhealth.org/locations/heart-of-the-city-health-center/,+1 616-459-4314,Closes soon · 7 pm · Opens 8 am Wed,https://lh3.googleusercontent.com/gps-cs-s/AHVAweqECB0GobGjfu12GNRjw2IgSGfw1gDQyumcyayHX71dItJDtchYG6eWD1gI8i_1_5L6-eIamtU-oZGXnHC9ySdbgdRMJPc3QtfLh9jyRpcm2-5jCnOnRtg56c-BoajLZaJDSJSYrA=w408-h240-k-no-pi-0-ya67.403404-ro-0-fo100,true,8 am–5 pm,"https://www.google.com/maps/search/pediatrician+in+Grand+Rapids+Grand+Rapids+MI/@42.9704146,-85.6721946,14z",2026-02-10T23:53:25.545Z,LGBTQ+ friendly
https://www.google.com/maps/place/Corewell+Health+Grand+Rapids+Hospitals+General+Pediatrics+-+Helen+DeVos+Children%27s/data=!4m7!3m6!1s0x8819ade6a3ce62d7:0xdca6c8dffb790a86!8m2!3d42.969498!4d-85.663452!16s%2Fg%2F1261xyx98!19sChIJ12LOo-atGYgRhgp5-9_Iptw,Corewell Health Grand Rapids Hospitals General Pediatrics - Helen DeVos Children's,3.2,,Medical group,"330 Barclay Ave NE #300, Grand Rapids, MI 49503, United States","X89P+QJ Grand Rapids, Michigan, USA",https://findadoctor.spectrumhealth.org/location/profile/943?utm_source=GoogleBusiness&utm_content=Homepage,+1 616-391-8810,,https://lh3.googleusercontent.com/p/AF1QipP3Z56C6IqQ7INgtI2u7ueZqYAyguplM1Jvc9IU=w426-h240-k-no,true,,"https://www.google.com/maps/search/pediatrician+in+Grand+Rapids+Grand+Rapids+MI/@42.9704146,-85.6721946,14z",2026-02-10T23:53:28.194Z,
https://www.google.com/maps/place/Western+Michigan+Pediatrics/data=!4m7!3m6!1s0x8818528bac835793:0x6f46f8e8713ad572!8m2!3d42.9496195!4d-85.5647877!16s%2Fg%2F1tfd7lgn!19sChIJk1eDrItSGIgRctU6cej4Rm8,Western Michigan Pediatrics,4.7,,Pediatrician,"721 Kenmoor Ave SE, Grand Rapids, MI 49546, United States","WCXP+R3 Grand Rapids, Michigan, USA",https://www.westernmichiganpediatrics.com/,+1 616-949-6112,Closed · Opens 8:30 am Wed,https://lh3.googleusercontent.com/gps-cs-s/AHVAwepO6luMIz2VLKm3e9tH_NvdhlxYMo73BmMWMXAEsWXDTnrxAXIXxFNYe6J298ArP4NX_X-KFx3RwDXO0sMJjBY-Lp9rWZ-CGqcU2rqZoNWPjZly9kI2m_CnJuCW8J4Fa2Vh7dIm-zgC1x16=w408-h544-k-no,true,8:30 am–5 pm,"https://www.google.com/maps/search/pediatrician+in+Grand+Rapids+Grand+Rapids+MI/@42.9704146,-85.6721946,14z",2026-02-10T23:53:32.799Z,
https://www.google.com/maps/place/Corewell+Health+Grand+Rapids+Hospitals+Academic+General+Pediatric+Care/data=!4m7!3m6!1s0x8819ad278a45d7f3:0x79da8575ddb62b01!8m2!3d42.9706082!4d-85.662402!16s%2Fg%2F11wvn213j6!19sChIJ89dFiietGYgRASu23XWF2nk,Corewell Health Grand Rapids Hospitals Academic General Pediatric Care,,,Pediatrician,"275 Michigan St NE 8th Floor, Grand Rapids, MI 49503, United States","X8CQ+62 Grand Rapids, Michigan, USA",https://corewellhealth.org/locations/LOC0000193937/corewell-health-grand-rapids-hospitals-academic-general-pediatric-care?utm_source=GoogleBusiness&utm_content=Homepage,+1 616-391-8810,Closed · Opens 8 am Wed,https://lh3.googleusercontent.com/p/AF1QipMeBBuSQA_ZSvpvfEZsBGIxSrcbAMvL-7p3WUEO=w426-h240-k-no,true,8 am–4:30 pm,"https://www.google.com/maps/search/pediatrician+in+Grand+Rapids+Grand+Rapids+MI/@42.9704146,-85.6721946,14z",2026-02-10T23:53:37.518Z,
https://www.google.com/maps/place/ABC+Pediatrics/data=!4m7!3m6!1s0x8819a5fc938cd5a1:0x251eecfca6360460!8m2!3d43.0154704!4d-85.775276!16s%2Fg%2F1wd3wnny!19sChIJodWMk_ylGYgRYAQ2pvzsHiU,ABC Pediatrics,4.5,,Pediatrician,"4288 3 Mile Rd NW Suite 1, Grand Rapids, MI 49534, United States","268F+5V Grand Rapids, Michigan, USA",http://www.abcpedspc.com/,+1 616-458-3677,Closed · Opens 9 am Wed,https://lh3.googleusercontent.com/p/AF1QipOY1OMkyHMAQxiyG179o-x6FtkhqSKQG5VmtOFs=w408-h272-k-no,true,9 am–5 pm,"https://www.google.com/maps/search/pediatrician+in+Grand+Rapids+Grand+Rapids+MI/@42.9704146,-85.6721946,14z",2026-02-10T23:53:42.228Z,
"https://www.google.com/maps/place/Donna+Harold,+MD/data=!4m7!3m6!1s0x8819ad0468a6a0cd:0x43b9cf1da0cecef!8m2!3d42.9697799!4d-85.6583938!16s%2Fg%2F1tj3lpr_!19sChIJzaCmaAStGYgR7-wM2vGcOwQ","Donna Harold, MD",4.9,,Family practice physician,"426 Michigan St NE, Grand Rapids, MI 49503, United States","X89R+WJ Grand Rapids, Michigan, USA",https://findadoctor.spectrumhealth.org/physician/profile/1182?utm_source=GoogleBusiness&utm_content=Homepage,+1 616-267-7888,,https://lh3.googleusercontent.com/p/AF1QipNiHEr5m6MeLMXF0FAHUG5-QH1dYkG4-iugkd6m=w408-h612-k-no,true,,"https://www.google.com/maps/search/pediatrician+in+Grand+Rapids+Grand+Rapids+MI/@42.9704146,-85.6721946,14z",2026-02-10T23:53:44.683Z,
"https://www.google.com/maps/place/Dr.+Masuma+F.+Macfield,+MD/data=!4m7!3m6!1s0x8819b2ade6491f57:0xbb3aa9337d4ba2b9!8m2!3d42.9267933!4d-85.6069038!16s%2Fg%2F1q5blld0p!19sChIJVx9J5q2yGYgRuaJLfTOpOrs","Dr. Masuma F. Macfield, MD",4.4,,Pediatrician,"Professional Building, 2460 Burton St SE #300, Grand Rapids, MI 49546, United States","W9GV+P6 Grand Rapids, Michigan, USA",http://www.macfieldmd.com/,+1 616-805-3846,Closed · Opens 7:30 am Wed,https://streetviewpixels-pa.googleapis.com/v1/thumbnail?panoid=BqW_YT3dZAY7LakLkitLBg&cb_client=search.gws-prod.gps&w=408&h=240&yaw=293.92163&pitch=0&thumbfov=100,false,7:30 am–5 pm,"https://www.google.com/maps/search/pediatrician+in+Grand+Rapids+Grand+Rapids+MI/@42.9704146,-85.6721946,14z",2026-02-10T23:53:49.285Z,
"https://www.google.com/maps/place/Susan+Laham,+PA-C/data=!4m7!3m6!1s0x8819adc99cf9da21:0xcd94cf33d2b68fc7!8m2!3d42.9708284!4d-85.6664107!16s%2Fg%2F1263x7z88!19sChIJIdr5nMmtGYgRx4-20jPPlM0","Susan Laham, PA-C",4.8,,Pediatrician,"35 Michigan St NE #4150, Grand Rapids, MI 49503, United States","X8CM+8C Grand Rapids, Michigan, USA",https://findadoctor.spectrumhealth.org/physician/profile/1678?utm_source=GoogleBusiness&utm_content=Homepage,+1 616-267-2600,,https://lh3.googleusercontent.com/p/AF1QipM4lYEvP2Di4H9pJIZWlE-zKOr0QOUlnBjXJ5t4=w408-h612-k-no,true,,"https://www.google.com/maps/search/pediatrician+in+Grand+Rapids+Grand+Rapids+MI/@42.9704146,-85.6721946,14z",2026-02-10T23:53:52.176Z,
https://www.google.com/maps/place/Bates+Maribel+N+DO/data=!4m7!3m6!1s0x8819adc0ffffb519:0x52c9a73141c43f59!8m2!3d42.9594208!4d-85.6659776!16s%2Fg%2F1263nsq3z!19sChIJGbX__8CtGYgRWT_EQTGnyVI,Bates Maribel N DO,4.7,,Pediatrician,"100 Cherry St SE, Grand Rapids, MI 49503, United States","X85M+QJ Grand Rapids, Michigan, USA",,+1 616-459-4314,,https://streetviewpixels-pa.googleapis.com/v1/thumbnail?panoid=8ulGKI_7KiQtDJTDiVWr-A&cb_client=search.gws-prod.gps&w=408&h=240&yaw=193.60614&pitch=0&thumbfov=100,false,,"https://www.google.com/maps/search/pediatrician+in+Grand+Rapids+Grand+Rapids+MI/@42.9704146,-85.6721946,14z",2026-02-10T23:53:54.455Z,
"https://www.google.com/maps/place/Corewell+Health+Family,+Internal+and+Pediatric+Medicine+-+2750+E+Beltline+Ave+NE/data=!4m7!3m6!1s0x881854c4c000d983:0xbb81912548d5217c!8m2!3d43.0108991!4d-85.5883359!16s%2Fg%2F1s04bm5ck!19sChIJg9kAwMRUGIgRfCHVSCWRgbs","Corewell Health Family, Internal and Pediatric Medicine - 2750 E Beltline Ave NE",5.0,,Family practice physician,"2750 E Beltline Ave NE, Grand Rapids, MI 49525, United States","2C66+9M Grand Rapids, Michigan, USA",https://findadoctor.spectrumhealth.org/location/profile/7037?utm_source=GoogleBusiness&utm_content=Homepage,+1 616-267-7015,Closes soon · 7 pm · Opens 7 am Wed,https://lh3.googleusercontent.com/p/AF1QipPsz9TWEJFaXOjo23g_re0o1stHYc-ct1eqJswR=w426-h240-k-no,true,7 am–7 pm,"https://www.google.com/maps/search/pediatrician+in+Grand+Rapids+Grand+Rapids+MI/@42.9704146,-85.6721946,14z",2026-02-10T23:53:59.215Z,
"https://www.google.com/maps/place/Trinity+Health+Medical+Group,+Primary+Care+%26+Pediatrics+-+Cherry/data=!4m7!3m6!1s0x8819adbf6d7a30df:0x436332d245742961!8m2!3d42.959923!4d-85.662817!16s%2Fg%2F12jg2bhbb!19sChIJ3zB6bb-tGYgRYSl0RdIyY0M","Trinity Health Medical Group, Primary Care & Pediatrics - Cherry",3.1,,Medical clinic,"245 Cherry St SE Ste 100, Grand Rapids, MI 49503, United States","X85P+XV Grand Rapids, Michigan, USA",https://www.trinityhealthmichigan.org/location/trinity-health-medical-group-primary-care-pediatrics-cherry-1,+1 616-685-3200,Closed · Opens 7 am Wed,https://lh3.googleusercontent.com/p/AF1QipN81lFLdSexVd8-cuEjQxP__uZaAjZIs-ZmLWjk=w480-h240-k-no,true,7 am–5 pm,"https://www.google.com/maps/search/pediatrician+in+Grand+Rapids+Grand+Rapids+MI/@42.9704146,-85.6721946,14z",2026-02-10T23:54:03.818Z,
"https://www.google.com/maps/place/Katie+Sonneveldt,+PA-C/data=!4m7!3m6!1s0x8819adaa7a4519dd:0x760f4938898d5047!8m2!3d42.9708284!4d-85.6664107!16s%2Fg%2F11gxgk29m9!19sChIJ3RlFeqqtGYgRR1CNiThJD3Y","Katie Sonneveldt, PA-C",5.0,,Pediatrician,"35 Michigan St NE #4150, Grand Rapids, MI 49503, United States","X8CM+8C Grand Rapids, Michigan, USA",https://findadoctor.spectrumhealth.org/physician/profile/3678?utm_source=GoogleBusiness&utm_content=Homepage,+1 616-267-2600,,https://lh3.googleusercontent.com/p/AF1QipNir7xEkU7C6eZw_mFR7wl9vUXNhe7ACDfh2ihd=w408-h612-k-no,true,,"https://www.google.com/maps/search/pediatrician+in+Grand+Rapids+Grand+Rapids+MI/@42.9704146,-85.6721946,14z",2026-02-10T23:54:06.381Z,
https://www.google.com/maps/place/Corewell+Health+Grand+Rapids+Hospitals+Pediatric+Gastroenterology+-+35+Michigan+St+NE/data=!4m7!3m6!1s0x8819adb62e161299:0xdb842343d3d1ba38!8m2!3d42.9706732!4d-85.6661183!16s%2Fg%2F11b6gfgpnj!19sChIJmRIWLratGYgROLrR00MjhNs,Corewell Health Grand Rapids Hospitals Pediatric Gastroenterology - 35 Michigan St NE,2.3,,Medical group,"35 Michigan St NE #4150, Grand Rapids, MI 49503, United States","X8CM+7H Grand Rapids, Michigan, USA",https://findadoctor.spectrumhealth.org/location/profile/863?utm_source=GoogleBusiness&utm_content=Homepage,+1 616-267-2100,Closed · Opens 8 am Wed,https://lh3.googleusercontent.com/p/AF1QipMN-j9fsIbleCDywWUHX7AUBF2-qLNE29RflDmv=w426-h240-k-no,true,8 am–5 pm,"https://www.google.com/maps/search/pediatrician+in+Grand+Rapids+Grand+Rapids+MI/@42.9704146,-85.6721946,14z",2026-02-10T23:54:11.016Z,
"https://www.google.com/maps/place/Internal+Medicine+and+Pediatrics+of+West+Michigan/@42.9505405,-85.5661891,17z/data=!3m1!4b1!4m6!3m5!1s0x88184d7b38c8f843:0xe3e5b4bbf87fa52f!8m2!3d42.9505405!4d-85.5661891!16s%2Fg%2F11ddyj1m6j",Internal Medicine and Pediatrics of West Michigan,3.7,,Medical clinic,"655 Kenmoor Ave SE # 200, Grand Rapids, MI 49546, United States","XC2M+6G Grand Rapids, Michigan, USA",https://drmichaelapp.com/,+1 616-363-7690,Closed · Opens 8 am Wed,,false,8 am–4:30 pm,"https://www.google.com/maps/search/pediatrician+in+Grand+Rapids+Grand+Rapids+MI/@42.9704146,-85.6721946,14z",2026-02-10T23:54:17.541Z,
https://www.google.com/maps/place/Neonatal+Associates/data=!4m7!3m6!1s0x8819adc8564fb1a5:0x19b3d8ecb67d6d0b!8m2!3d42.9679195!4d-85.6657218!16s%2Fg%2F1tk_pwxh!19sChIJpbFPVsitGYgRC219tuzYsxk,Neonatal Associates,5.0,,Neonatal physician,"100 Michigan St NE, Grand Rapids, MI 49503, United States","X89M+5P Grand Rapids, Michigan, USA",,+1 616-391-1370,,https://streetviewpixels-pa.googleapis.com/v1/thumbnail?panoid=4Wpi1ojH1lKtXfDZ641HZg&cb_client=search.gws-prod.gps&w=408&h=240&yaw=267.95578&pitch=0&thumbfov=100,false,,"https://www.google.com/maps/search/pediatrician+in+Grand+Rapids+Grand+Rapids+MI/@42.9704146,-85.6721946,14z",2026-02-10T23:54:20.242Z,
"https://www.google.com/maps/place/Esmerelda+Cadena,+MD/data=!4m7!3m6!1s0x8819adbf6d7a30df:0x8df235ac7734d67e!8m2!3d42.959923!4d-85.662817!16s%2Fg%2F1tcw8sxb!19sChIJ3zB6bb-tGYgRftY0d6w18o0","Esmerelda Cadena, MD",4.6,,Doctor,"245 Cherry St SE Ste 100, Grand Rapids, MI 49503, United States","X85P+XV Grand Rapids, Michigan, USA",https://www.trinityhealthmichigan.org/provider/esmerelda-cadena-md-pediatrics,+1 616-685-3200,Closed · Opens 7 am Wed,https://lh3.googleusercontent.com/p/AF1QipPI2ZbUHa-cBsPjxqSHSvORVG-dtJI2XYhosuQ9=w648-h240-k-no,true,7 am–5 pm,"https://www.google.com/maps/search/pediatrician+in+Grand+Rapids+Grand+Rapids+MI/@42.9704146,-85.6721946,14z",2026-02-10T23:54:24.716Z,
https://www.google.com/maps/place/Corewell+Health+Grand+Rapids+Hospitals+Pediatric+Intensive+Feeding+Clinic+-+Lafayette/data=!4m7!3m6!1s0x8819ad957965eb99:0x840b6ff61e25dcc8!8m2!3d42.9560665!4d-85.6612717!16s%2Fg%2F1hc0rd331!19sChIJmetleZWtGYgRyNwlHvZvC4Q,Corewell Health Grand Rapids Hospitals Pediatric Intensive Feeding Clinic - Lafayette,3.2,,Medical group,"360 Lafayette Ave SE #400, Grand Rapids, MI 49503, United States","X84Q+CF Grand Rapids, Michigan, USA",https://findadoctor.spectrumhealth.org/location/profile/4432?utm_source=GoogleBusiness&utm_content=Homepage,+1 616-486-6870,,https://lh3.googleusercontent.com/gps-cs-s/AHVAwepTmQeAqf594v97qkzhWjPSN5TQSLqDsXhq8LGLNn4rh242yjU6DqyMqDPSa0pA0i9yfdQ1iT2qojyuHvvKgQCTevgi_29sNl1_YbFlRz4qm2jUbgNXV6kl43Td4MxsuJNR5WQjfw=w426-h240-k-no,true,,"https://www.google.com/maps/search/pediatrician+in+Grand+Rapids+Grand+Rapids+MI/@42.9704146,-85.6721946,14z",2026-02-10T23:54:27.164Z,
https://www.google.com/maps/place/Corewell+Health+Grand+Rapids+Hospitals+Pediatric+Behavioral+Health+-+35+Michigan+St+NE/data=!4m7!3m6!1s0x8819adb13bc12dc1:0xcba7336099d512e6!8m2!3d42.9706732!4d-85.6661183!16s%2Fg%2F1ygvsv0bg!19sChIJwS3BO7GtGYgR5hLVmWAzp8s,Corewell Health Grand Rapids Hospitals Pediatric Behavioral Health - 35 Michigan St NE,5.0,,Medical group,"35 Michigan St NE #5201, Grand Rapids, MI 49503, United States","X8CM+7H Grand Rapids, Michigan, USA",https://findadoctor.spectrumhealth.org/location/profile/752?utm_source=GoogleBusiness&utm_content=Homepage,+1 616-267-2830,Closed · Opens 8 am Wed,https://lh3.googleusercontent.com/p/AF1QipOcLiAzty8nvu2FUN9hNr8BZSemkYKr9zHK9yq6=w426-h240-k-no,true,8 am–4:30 pm,"https://www.google.com/maps/search/pediatrician+in+Grand+Rapids+Grand+Rapids+MI/@42.9704146,-85.6721946,14z",2026-02-10T23:54:31.757Z,
https://www.google.com/maps/place/Family+and+Pediatric+Medicine+of+Grand+Rapids/data=!4m7!3m6!1s0x8819b33ae5571627:0x116d16c93f876324!8m2!3d42.8887256!4d-85.606263!16s%2Fg%2F1vpq7hkm!19sChIJJxZX5TqzGYgRJGOHP8kWbRE,Family and Pediatric Medicine of Grand Rapids,4.6,,Medical clinic,"4130 Breton Rd SE Ste B, Kentwood, MI 49512, United States","V9QV+FF Kentwood, Michigan, USA",https://familyandpediatricmedicinegr.com/,+1 616-281-0093,Closed · Opens 8 am Wed,https://lh3.googleusercontent.com/gps-cs-s/AHVAweqQYKJ8CBcRW1DMqEGanCEgCR1JeHo4q611lpZ3iZm3HpiPVHQcGKsJPPIOw7zwTgYS2V-wVWZKslTh-Oor2f8u_rC2DTheuHrn9YrwiAyoe6naIgRC3fSm9HWTMkNmtAUlii16=w408-h272-k-no,true,"8 am–12 pm, 1–4:30 pm","https://www.google.com/maps/search/pediatrician+in+Grand+Rapids+Grand+Rapids+MI/@42.9704146,-85.6721946,14z",2026-02-10T23:54:36.489Z,
https://www.google.com/maps/place/Corewell+Health+Grand+Rapids+Hospitals+Pediatric+Neurology+-+35+Michigan+St+NE/data=!4m7!3m6!1s0x8819adf3759e3f15:0xe3455e43ee53344d!8m2!3d42.9708284!4d-85.6662835!16s%2Fg%2F11jyjd343_!19sChIJFT-edfOtGYgRTTRT7kNeReM,Corewell Health Grand Rapids Hospitals Pediatric Neurology - 35 Michigan St NE,5.0,,Medical group,"35 Michigan St NE #3003, Grand Rapids, MI 49503, United States","X8CM+8F Grand Rapids, Michigan, USA",https://findadoctor.spectrumhealth.org/location/profile/868?utm_source=GoogleBusiness&utm_content=Homepage,+1 616-267-2500,,https://lh3.googleusercontent.com/p/AF1QipPJgZ0b4IT3ZkIsY4deXbuT-6feMgAws8Dt7_To=w426-h240-k-no,true,,"https://www.google.com/maps/search/pediatrician+in+Grand+Rapids+Grand+Rapids+MI/@42.9704146,-85.6721946,14z",2026-02-10T23:54:38.845Z,
"https://www.google.com/maps/place/Cascade+Pediatrics,+LLP/data=!4m7!3m6!1s0x8818526d5795b25d:0x5e8441fb07b75515!8m2!3d42.942046!4d-85.541544!16s%2Fg%2F1tg35t_v!19sChIJXbKVV21SGIgRFVW3B_tBhF4","Cascade Pediatrics, LLP",4.3,,Pediatrician,"5150 Cascade Rd SE b, Grand Rapids, MI 49546, United States","WFR5+R9 Grand Rapids, Michigan, USA",http://cascadepediatrics.com/,+1 616-940-3168,Closed · Opens 8:30 am Wed,https://lh3.googleusercontent.com/p/AF1QipNVE2_F4-iVchTlpC0edfp6b_4PejGM0gRZZ2pp=w408-h271-k-no,true,8:30 am–5 pm,"https://www.google.com/maps/search/pediatrician+in+Grand+Rapids+Grand+Rapids+MI/@42.9704146,-85.6721946,14z",2026-02-10T23:54:43.423Z,
"https://www.google.com/maps/place/Jessica+Miller,+PA-C/data=!4m7!3m6!1s0x8819adde54087925:0x960f387e3a23880!8m2!3d42.970928!4d-85.6664438!16s%2Fg%2F11h1rbw11x!19sChIJJXkIVN6tGYgRgDii44fzYAk","Jessica Miller, PA-C",5.0,,Pediatrician,"35 Michigan St NE #4150, Grand Rapids, MI 49503, United States","X8CM+9C Grand Rapids, Michigan, USA",https://findadoctor.spectrumhealth.org/physician/profile/2016?utm_source=GoogleBusiness&utm_content=Homepage,+1 616-267-2600,,https://lh3.googleusercontent.com/p/AF1QipNrjx-wywL3zxJH65jxwHsnYhH3D7IErChmgnxx=w408-h612-k-no,true,,"https://www.google.com/maps/search/pediatrician+in+Grand+Rapids+Grand+Rapids+MI/@42.9704146,-85.6721946,14z",2026-02-10T23:54:45.978Z,
"https://www.google.com/maps/place/Lisa+Lowery,+MD/data=!4m7!3m6!1s0x8819adb62e3beb6f:0xfbfedfe13f87b4c5!8m2!3d42.969498!4d-85.663452!16s%2Fg%2F1tctmdft!19sChIJb-s7LratGYgRxbSHP-Hf_vs","Lisa Lowery, MD",5.0,,Pediatrician,"330 Barclay Ave NE #203, Grand Rapids, MI 49503, United States","X89P+QJ Grand Rapids, Michigan, USA",https://findadoctor.spectrumhealth.org/physician/profile/1804?utm_source=GoogleBusiness&utm_content=Homepage,+1 616-391-2123,,https://streetviewpixels-pa.googleapis.com/v1/thumbnail?panoid=_lPGKNznpzuTGphSvfFV9g&cb_client=search.gws-prod.gps&w=408&h=240&yaw=98.797035&pitch=0&thumbfov=100,true,,"https://www.google.com/maps/search/pediatrician+in+Grand+Rapids+Grand+Rapids+MI/@42.9704146,-85.6721946,14z",2026-02-10T23:54:48.366Z,
"https://www.google.com/maps/place/Sheila+Wang,+MD/data=!4m7!3m6!1s0x8819adbfa73bca1d:0xee618abb32107bee!8m2!3d42.959923!4d-85.662817!16s%2Fg%2F12631qnmw!19sChIJHco7p7-tGYgR7nsQMruKYe4","Sheila Wang, MD",4.2,,Doctor,"245 Cherry St SE Ste 100, Grand Rapids, MI 49503, United States","X85P+XV Grand Rapids, Michigan, USA",https://www.trinityhealthmichigan.org/provider/sheila-wang-md-pediatrics,+1 616-685-3200,Closed · Opens 7 am Wed,https://lh3.googleusercontent.com/p/AF1QipOvgmylii4AidlwiDkWFTZj8Ta1Nd7x8fZGOny-=w648-h240-k-no,true,7 am–5 pm,"https://www.google.com/maps/search/pediatrician+in+Grand+Rapids+Grand+Rapids+MI/@42.9704146,-85.6721946,14z",2026-02-10T23:54:52.952Z,
https://www.google.com/maps/place/Corewell+Health+Pediatrics+-+1545+68th+St+SE/data=!4m7!3m6!1s0x8819b55d2b13b8f3:0x78f5bd4cb77061b4!8m2!3d42.8420172!4d-85.6261835!16s%2Fg%2F126440pb_!19sChIJ87gTK121GYgRtGFwt0y99Xg,Corewell Health Pediatrics - 1545 68th St SE,4.0,,Pediatrician,"1545 68th St SE #100, Grand Rapids, MI 49508, United States","R9RF+RG Grand Rapids, Michigan, USA",https://findadoctor.spectrumhealth.org/location/profile/519?utm_source=GoogleBusiness&utm_content=Homepage,+1 616-267-7881,Closes soon · 7 pm · Opens 7 am Wed,https://lh3.googleusercontent.com/p/AF1QipOb37K2qVPITb2PRpWXUlyXPbjpkHRSochSOHy7=w408-h408-k-no,true,7 am–7 pm,"https://www.google.com/maps/search/pediatrician+in+Grand+Rapids+Grand+Rapids+MI/@42.9704146,-85.6721946,14z",2026-02-10T23:54:57.485Z,
https://www.google.com/maps/place/Corewell+Health+Helen+DeVos+Children%27s+Hospital/data=!4m7!3m6!1s0x8819adb62e3beb6f:0x4d8c6ccdef340186!8m2!3d42.9700731!4d-85.665915!16s%2Fm%2F0br_pk_!19sChIJb-s7LratGYgRhgE0781sjE0,Corewell Health Helen DeVos Children's Hospital,4.1,,Children's hospital,"100 Michigan St NE, Grand Rapids, MI 49503, United States","X8CM+2J Grand Rapids, Michigan, USA",https://www.spectrumhealth.org/services/helen-devos-childrens-hospital?utm_source=GoogleBusiness&utm_content=Homepage,+1 616-391-9000,,https://lh3.googleusercontent.com/p/AF1QipP-IiAxJik-TUlKTPTg0L_OrJFCnv8w-jqRvusM=w408-h272-k-no,true,Open 24 hours,"https://www.google.com/maps/search/pediatrician+in+Grand+Rapids+Grand+Rapids+MI/@42.9704146,-85.6721946,14z",2026-02-10T23:55:02.212Z,
https://www.google.com/maps/place/Spectrum+Health+Medical+Group+Pediatric+Orthopedics/data=!4m7!3m6!1s0x8819adc8564fc88b:0xe20928508a61b416!8m2!3d42.9709836!4d-85.6664428!16s%2Fg%2F1hc0tdhhf!19sChIJi8hPVsitGYgRFrRhilAoCeI,Spectrum Health Medical Group Pediatric Orthopedics,5.0,,Orthopedic clinic,"35 Michigan St NE 4th floor suite 4150, Grand Rapids, MI 49503, United States","X8CM+9C Grand Rapids, Michigan, USA",https://www.spectrumhealth.org/patient-care/childrens-health/pediatric-orthopedics,+1 616-267-2600,,https://streetviewpixels-pa.googleapis.com/v1/thumbnail?panoid=ysWdKdqN5XSqJlk8_c1YYg&cb_client=search.gws-prod.gps&w=408&h=240&yaw=179.63426&pitch=0&thumbfov=100,false,,"https://www.google.com/maps/search/pediatrician+in+Grand+Rapids+Grand+Rapids+MI/@42.9704146,-85.6721946,14z",2026-02-10T23:55:04.947Z,
https://www.google.com/maps/place/Corewell+Health+Pediatric+Endocrinology+-+35+Michigan+St+NE/data=!4m7!3m6!1s0x8819adb13bc12dc1:0x85b27198e2e59890!8m2!3d42.9707963!4d-85.6664373!16s%2Fg%2F1tncthwj!19sChIJwS3BO7GtGYgRkJjl4phxsoU,Corewell Health Pediatric Endocrinology - 35 Michigan St NE,4.0,,Medical group,"35 Michigan St NE Suite 1800, Grand Rapids, MI 49503, United States","X8CM+8C Grand Rapids, Michigan, USA",https://corewellhealth.org/locations/LOC0000193956/corewell-health-pediatric-endocrinology-35-michigan-st-ne?utm_source=GoogleBusiness&utm_content=Homepage,+1 616-391-3933,Closed · Opens 8 am Wed,https://lh3.googleusercontent.com/p/AF1QipNrirHujs1WV7UCxRWb8IFwlGS78Mrzy5xvpNNj=w426-h240-k-no,true,8 am–5 pm,"https://www.google.com/maps/search/pediatrician+in+Grand+Rapids+Grand+Rapids+MI/@42.9704146,-85.6721946,14z",2026-02-10T23:55:09.449Z,
"https://www.google.com/maps/place/Heather+Sowinski,+DO/data=!4m7!3m6!1s0x8819ad59fb16a00f:0xc93c58b9d7986e33!8m2!3d42.9708848!4d-85.6670343!16s%2Fg%2F11gxgn_mfw!19sChIJD6AW-1mtGYgRM26Y17lYPMk","Heather Sowinski, DO",5.0,,Pediatric cardiologist,"25 Michigan St NE #4200, Grand Rapids, MI 49503, United States","X8CM+95 Grand Rapids, Michigan, USA",https://findadoctor.spectrumhealth.org/physician/profile/2778?utm_source=GoogleBusiness&utm_content=Homepage,+1 616-267-9150,,https://lh3.googleusercontent.com/p/AF1QipNetHCmoVGJ9TGw0SkK7U98mSs5XGSefX6p8pN6=w408-h611-k-no,true,,"https://www.google.com/maps/search/pediatrician+in+Grand+Rapids+Grand+Rapids+MI/@42.9704146,-85.6721946,14z",2026-02-10T23:55:11.901Z,
"https://www.google.com/maps/place/Gregory+Trowbridge,+MD/data=!4m7!3m6!1s0x8819adc8564fb1a5:0x8a896def7178e5ac!8m2!3d42.9697763!4d-85.6646785!16s%2Fg%2F1tg_b2sm!19sChIJpbFPVsitGYgRrOV4ce9tiYo","Gregory Trowbridge, MD",5.0,,Pediatrician,"100 Michigan St NE, Grand Rapids, MI 49503, United States","X89P+W4 Grand Rapids, Michigan, USA",https://findadoctor.spectrumhealth.org/physician/profile/3000?name=Gregory%20Trowbridge,+1 616-267-0011,,https://lh3.googleusercontent.com/p/AF1QipMxKgwOY08a49rn0xhVDXwG9YvM7yM3pncqAxzU=w408-h612-k-no,true,,"https://www.google.com/maps/search/pediatrician+in+Grand+Rapids+Grand+Rapids+MI/@42.9704146,-85.6721946,14z",2026-02-10T23:55:14.352Z,
https://www.google.com/maps/place/Corewell+Health+Grand+Rapids+Hospitals+Adolescent+Medicine+-+Helen+DeVos+Children%27s/data=!4m7!3m6!1s0x8819adb62e3beb6f:0xab03f40f3b5587ed!8m2!3d42.9696265!4d-85.6634205!16s%2Fg%2F1tdh91fh!19sChIJb-s7LratGYgR7YdVOw_0A6s,Corewell Health Grand Rapids Hospitals Adolescent Medicine - Helen DeVos Children's,5.0,,Medical group,"330 Barclay Ave NE #203, Grand Rapids, MI 49503, United States","X89P+VJ Grand Rapids, Michigan, USA",https://findadoctor.spectrumhealth.org/location/profile/745?utm_source=GoogleBusiness&utm_content=Homepage,+1 616-391-2123,Closed · Opens 8 am Wed,https://lh3.googleusercontent.com/p/AF1QipNi60Z-gcXdSmN_F_24eK6Z_T7LGkTKGHwJWDPm=w426-h240-k-no,true,8 am–5 pm,"https://www.google.com/maps/search/pediatrician+in+Grand+Rapids+Grand+Rapids+MI/@42.9704146,-85.6721946,14z",2026-02-10T23:55:18.905Z,
https://www.google.com/maps/place/Corewell+Health+Grand+Rapids+Hospitals+Pediatric+Allergy+%26+Immunology+-+35+Michigan+St+NE/data=!4m7!3m6!1s0x8819ad9826e3f0c3:0xa8bbbe063c8b9b10!8m2!3d42.9708284!4d-85.6662835!16s%2Fg%2F11fhqmvbnd!19sChIJw_DjJpitGYgREJuLPAa-u6g,Corewell Health Grand Rapids Hospitals Pediatric Allergy & Immunology - 35 Michigan St NE,5.0,,Medical group,"35 Michigan St NE #3003, Grand Rapids, MI 49503, United States","X8CM+8F Grand Rapids, Michigan, USA",https://findadoctor.spectrumhealth.org/location/profile/9167?utm_source=GoogleBusiness&utm_content=Homepage,+1 616-267-8150,Closed · Opens 8 am Wed,https://lh3.googleusercontent.com/p/AF1QipOfaJ3HrndKJ1l8dwFXE6HB7xIc3riaQU1w6F0T=w426-h240-k-no,true,8 am–5 pm,"https://www.google.com/maps/search/pediatrician+in+Grand+Rapids+Grand+Rapids+MI/@42.9704146,-85.6721946,14z",2026-02-10T23:55:23.480Z,
https://www.google.com/maps/place/Corewell+Health+Grand+Rapids+Hospitals+Pediatric+Nephrology+-+35+Michigan+St+NE/data=!4m7!3m6!1s0x8819adb61671d05f:0xa7e6f3fd52679489!8m2!3d42.9708714!4d-85.6664507!16s%2Fg%2F1tgjlxcz!19sChIJX9BxFratGYgRiZRnUv3z5qc,Corewell Health Grand Rapids Hospitals Pediatric Nephrology - 35 Michigan St NE,5.0,,Medical group,"35 Michigan St NE #5201, Grand Rapids, MI 49503, United States","X8CM+8C Grand Rapids, Michigan, USA",https://findadoctor.spectrumhealth.org/location/profile/2265?utm_source=GoogleBusiness&utm_content=Homepage,+1 616-267-2400,,https://lh3.googleusercontent.com/p/AF1QipMrKIlqRn_yYzwyxITBsIL2Mk4Cs5xPVEdVyosx=w426-h240-k-no,true,,"https://www.google.com/maps/search/pediatrician+in+Grand+Rapids+Grand+Rapids+MI/@42.9704146,-85.6721946,14z",2026-02-10T23:55:26.218Z,
https://www.google.com/maps/place/Family+%26+Pediatric+Eyecare+Center/data=!4m7!3m6!1s0x8819adc59f3eb427:0x5ded006210ce83b4!8m2!3d42.9660059!4d-85.6714416!16s%2Fg%2F1tf3zzvh!19sChIJJ7Q-n8WtGYgRtIPOEGIA7V0,Family & Pediatric Eyecare Center,4.8,,Optometrist,"144 Monroe Center St NW, Grand Rapids, MI 49503, United States","X88H+CC Grand Rapids, Michigan, USA",https://www.fpeyecare.com/,+1 616-459-0641,Closed · Opens 8 am Wed,https://streetviewpixels-pa.googleapis.com/v1/thumbnail?panoid=Xo1AyqjGPy0QnQ3nQfRSMA&cb_client=search.gws-prod.gps&w=408&h=240&yaw=12.886966&pitch=0&thumbfov=100,true,8 am–6:30 pm,"https://www.google.com/maps/search/pediatrician+in+Grand+Rapids+Grand+Rapids+MI/@42.9704146,-85.6721946,14z",2026-02-10T23:55:30.780Z,
https://www.google.com/maps/place/Kent+Pediatrics/data=!4m7!3m6!1s0x8819abb18ea0eb51:0xb16d49b6b93d04d!8m2!3d43.0487861!4d-85.6558325!16s%2Fg%2F1tr7j_hq!19sChIJUeugjrGrGYgRTdCTa5vUFgs,Kent Pediatrics,4.4,,Child health care center,"4735 W River Dr NE, Comstock Park, MI 49321, United States","28XV+GM Comstock Park, Michigan, USA",http://kentpeds.com/,+1 616-784-9400,Closed · Opens 8:30 am Wed,https://streetviewpixels-pa.googleapis.com/v1/thumbnail?panoid=SiyOJg3QEi6OqWxemLpoBQ&cb_client=search.gws-prod.gps&w=408&h=240&yaw=11.869562&pitch=0&thumbfov=100,true,8:30 am–5 pm,"https://www.google.com/maps/search/pediatrician+in+Grand+Rapids+Grand+Rapids+MI/@42.9704146,-85.6721946,14z",2026-02-10T23:55:35.780Z,
"https://www.google.com/maps/place/Dr.+Olufemi+O.+Soyode,+MD/data=!4m7!3m6!1s0x8819adc8564fb1a5:0x6a85c088a6c593ab!8m2!3d42.9711351!4d-85.6244741!16s%2Fg%2F12llv_72d!19sChIJpbFPVsitGYgRq5PFpojAhWo","Dr. Olufemi O. Soyode, MD",4.8,,Pediatric neurologist,"422 Plymouth Ave NE, Grand Rapids, MI 49505, United States","X9CG+F6 Grand Rapids, Michigan, USA",http://www.cacngr.com/,+1 616-294-0010,Closed · Opens 9 am Wed,https://lh3.googleusercontent.com/p/AF1QipORS_6OoNTqXFu63HLl_SvDqUX-v-rUHOz5mGdX=w408-h342-k-no,true,9 am–5 pm,"https://www.google.com/maps/search/pediatrician+in+Grand+Rapids+Grand+Rapids+MI/@42.9704146,-85.6721946,14z",2026-02-10T23:55:40.429Z,
"https://www.google.com/maps/place/Dr.+Kipp+L.+Chillag,+DO/data=!4m7!3m6!1s0x8819adc99f76a09b:0xbcd1c49740d4a5b8!8m2!3d42.9709328!4d-85.6664245!16s%2Fg%2F1hc4yp8vy!19sChIJm6B2n8mtGYgRuKXUQJfE0bw","Dr. Kipp L. Chillag, DO",4.3,,Pediatric neurologist,"35 Michigan St NE, Grand Rapids, MI 49503, United States","X8CM+9C Grand Rapids, Michigan, USA",,+1 616-867-5309,,https://streetviewpixels-pa.googleapis.com/v1/thumbnail?panoid=fASJaTourObGmL_C8g-9PQ&cb_client=search.gws-prod.gps&w=408&h=240&yaw=358.19058&pitch=0&thumbfov=100,false,,"https://www.google.com/maps/search/pediatrician+in+Grand+Rapids+Grand+Rapids+MI/@42.9704146,-85.6721946,14z",2026-02-10T23:55:42.812Z,
https://www.google.com/maps/place/Keowa+Vasquez/data=!4m7!3m6!1s0x8819adc9cc000001:0xe3bd60793a0be56!8m2!3d42.969485!4d-85.6649995!16s%2Fg%2F11ss_4nk1z!19sChIJAQAAzMmtGYgRVr6gkwfWOw4,Keowa Vasquez,5.0,,Internist,"100 Michigan St NE, Grand Rapids, MI 49503, United States",,https://providers.corewellhealth.org/provider/keowa-m-vasquez/2779646,+1 616-391-3139,,https://streetviewpixels-pa.googleapis.com/v1/thumbnail?panoid=lm_pyOvG0owT8JSzUoGICA&cb_client=search.gws-prod.gps&w=408&h=240&yaw=178.75272&pitch=0&thumbfov=100,false,,"https://www.google.com/maps/search/pediatrician+in+Grand+Rapids+Grand+Rapids+MI/@42.9704146,-85.6721946,14z",2026-02-10T23:55:45.308Z,
https://www.google.com/maps/place/Cherry+Street+Health+Center:+Chobanian+Michael+MD/data=!4m7!3m6!1s0x8819adbcd890fbdb:0xc6c597d5ef16bc78!8m2!3d42.9591249!4d-85.6546262!16s%2Fg%2F1tx8ttqf!19sChIJ2_uQ2LytGYgReLwW79WXxcY,Cherry Street Health Center: Chobanian Michael MD,5.0,,Pediatrician,"550 Cherry St SE, Grand Rapids, MI 49503, United States","X85W+J4 Grand Rapids, Michigan, USA",https://cherryhealth.org/locations/cherry-street-health-center/,+1 616-235-7272,,https://streetviewpixels-pa.googleapis.com/v1/thumbnail?panoid=1keWb1Ou9B8079V61Btc7g&cb_client=search.gws-prod.gps&w=408&h=240&yaw=294.27603&pitch=0&thumbfov=100,false,,"https://www.google.com/maps/search/pediatrician+in+Grand+Rapids+Grand+Rapids+MI/@42.9704146,-85.6721946,14z",2026-02-10T23:55:47.922Z,
"https://www.google.com/maps/place/Pediatric+Surgeons+Of+West+Mi/@42.969525,-85.66345,17z/data=!3m1!4b1!4m6!3m5!1s0x8819adb62e3beb6f:0xa9600b5da7db926c!8m2!3d42.969525!4d-85.66345!16s%2Fg%2F1tfnz606",Pediatric Surgeons Of West Mi,4.0,,Surgical center,"330 Barclay Ave NE #202, Grand Rapids, MI 49503, United States","X89P+RJ Grand Rapids, Michigan, USA",https://pedsurgwmi.com/,+1 616-458-1722,,,true,,"https://www.google.com/maps/search/pediatrician+in+Grand+Rapids+Grand+Rapids+MI/@42.9704146,-85.6721946,14z",2026-02-10T23:55:52.323Z,
https://www.google.com/maps/place/Julie+Gunderson/data=!4m7!3m6!1s0x8819adc9cc000001:0x2919ac2c04624204!8m2!3d42.969485!4d-85.6649995!16s%2Fg%2F11sh29vmt2!19sChIJAQAAzMmtGYgRBEJiBCysGSk,Julie Gunderson,5.0,,Pediatrician,"100 Michigan St NE, Grand Rapids, MI 495032560, United States",,,+1 616-391-3670,,https://streetviewpixels-pa.googleapis.com/v1/thumbnail?panoid=lm_pyOvG0owT8JSzUoGICA&cb_client=search.gws-prod.gps&w=408&h=240&yaw=178.75272&pitch=0&thumbfov=100,false,,"https://www.google.com/maps/search/pediatrician+in+Grand+Rapids+Grand+Rapids+MI/@42.9704146,-85.6721946,14z",2026-02-10T23:55:54.727Z,
"https://www.google.com/maps/place/Kim+Lee,+MD/data=!4m7!3m6!1s0x8819adc8564fc88b:0xc966da10ce7257c4!8m2!3d42.9709748!4d-85.6665194!16s%2Fg%2F1ygvsv5p0!19sChIJi8hPVsitGYgRxFdyzhDaZsk","Kim Lee, MD",5.0,,Pediatric cardiologist,"25 Michigan St NE #4200, Grand Rapids, MI 49503, United States","X8CM+99 Grand Rapids, Michigan, USA",https://findadoctor.spectrumhealth.org/physician/profile/1740?utm_source=GoogleBusiness&utm_content=Homepage,+1 616-267-9150,,https://lh3.googleusercontent.com/p/AF1QipNranblJlQ4MvnbxEgTDtsI2JZOoI1TJMD4x65A=w408-h612-k-no,true,,"https://www.google.com/maps/search/pediatrician+in+Grand+Rapids+Grand+Rapids+MI/@42.9704146,-85.6721946,14z",2026-02-10T23:55:57.202Z,
https://www.google.com/maps/place/Dr.+Emily+T.+Durkin/data=!4m7!3m6!1s0x8819adb62e161299:0x3744a99b05fc3a4a!8m2!3d42.969525!4d-85.66345!16s%2Fg%2F1yhbjt4cz!19sChIJmRIWLratGYgRSjr8BZupRDc,Dr. Emily T. Durkin,3.7,,Pediatric surgeon,"330 Barclay Ave NE #202, Grand Rapids, MI 49503, United States","X89P+RJ Grand Rapids, Michigan, USA",http://www.pedsurgwmi.com/,+1 616-458-1722,,https://streetviewpixels-pa.googleapis.com/v1/thumbnail?panoid=_lPGKNznpzuTGphSvfFV9g&cb_client=search.gws-prod.gps&w=408&h=240&yaw=92.377266&pitch=0&thumbfov=100,false,,"https://www.google.com/maps/search/pediatrician+in+Grand+Rapids+Grand+Rapids+MI/@42.9704146,-85.6721946,14z",2026-02-10T23:55:59.495Z,
https://www.google.com/maps/place/Corewell+Health+Grand+Rapids+Hospitals+Pediatric+Ophthalmology+-+35+Michigan+St+NE/data=!4m7!3m6!1s0x8819ad8fd776a7d1:0x4f764ba3242d40f5!8m2!3d42.9709434!4d-85.666508!16s%2Fg%2F11fhqnrvnx!19sChIJ0ad214-tGYgR9UAtJKNLdk8,Corewell Health Grand Rapids Hospitals Pediatric Ophthalmology - 35 Michigan St NE,3.6,,Medical group,"35 Michigan St NE Suite 5101, Grand Rapids, MI 49503, United States","X8CM+99 Grand Rapids, Michigan, USA",https://findadoctor.spectrumhealth.org/location/profile/5017?utm_source=GoogleBusiness&utm_content=Homepage,+1 616-267-2605,,https://lh3.googleusercontent.com/p/AF1QipN6rtiEsen_K2MdQinwNPEnbpuOYf1K5UZJw4vx=w426-h240-k-no,true,,"https://www.google.com/maps/search/pediatrician+in+Grand+Rapids+Grand+Rapids+MI/@42.9704146,-85.6721946,14z",2026-02-10T23:56:02.079Z,
"https://www.google.com/maps/place/Michael+Metz,+MD/data=!4m7!3m6!1s0x8819adb62e3beb6f:0x3fc5f8e6cfcda395!8m2!3d42.9694389!4d-85.6645136!16s%2Fg%2F1v6p4xf9!19sChIJb-s7LratGYgRlaPNz-b4xT8","Michael Metz, MD",5.0,,Pediatrician,"100 Michigan St NE, Grand Rapids, MI 49503, United States","X89P+Q5 Grand Rapids, Michigan, USA",https://findadoctor.spectrumhealth.org/physician/profile/1992?name=Michael%20Metz,+1 616-267-0011,,https://lh3.googleusercontent.com/p/AF1QipOi7yByGDE1IO6Iq0e8e9Cv4smb0iHQWmmd4rvY=w408-h611-k-no,true,,"https://www.google.com/maps/search/pediatrician+in+Grand+Rapids+Grand+Rapids+MI/@42.9704146,-85.6721946,14z",2026-02-10T23:56:04.569Z,
https://www.google.com/maps/place/Eastown+Pediatric+Dentistry/data=!4m7!3m6!1s0x8819ad50710832bd:0x4f6bbdde7ef2bb28!8m2!3d42.9557479!4d-85.6308304!16s%2Fg%2F11vpdjdl2k!19sChIJvTIIcVCtGYgRKLvyft69a08,Eastown Pediatric Dentistry,4.9,,Pediatric dentist,"1551 Wealthy St SE Suite A, Grand Rapids, MI 49506, United States","X949+7M Grand Rapids, Michigan, USA",https://www.eastownpd.com/,+1 616-330-1123,Closed · Opens 7:30 am Wed,https://lh3.googleusercontent.com/p/AF1QipO8GtWJXha6hdkLL_1UGUitJ_faSyewiom4YDyb=w408-h272-k-no,true,7:30 am–3:30 pm,"https://www.google.com/maps/search/pediatrician+in+Grand+Rapids+Grand+Rapids+MI/@42.9704146,-85.6721946,14z",2026-02-10T23:56:08.994Z,
https://www.google.com/maps/place/Pediatric+Dentistry+of+Michigan/data=!4m7!3m6!1s0x881853a4268d354b:0xbb255f7deec51e80!8m2!3d42.9923574!4d-85.5875578!16s%2Fg%2F11lgkxm3t9!19sChIJSzWNJqRTGIgRgB7F7n1fJbs,Pediatric Dentistry of Michigan,4.9,,Pediatric dentist,"3297 Eagle Run Dr NE #1, Grand Rapids, MI 49525, United States","XCR6+WX Grand Rapids, Michigan, USA",https://www.michigankidsdental.com/,+1 616-447-7900,Closed · Opens 7:30 am Wed,https://lh3.googleusercontent.com/p/AF1QipMebe_DT3D5TYtcdQ45zVS2S2t15h2C4UVHPjj9=w574-h240-k-no,true,7:30 am–4:30 pm,"https://www.google.com/maps/search/pediatrician+in+Grand+Rapids+Grand+Rapids+MI/@42.9704146,-85.6721946,14z",2026-02-10T23:56:13.732Z,
https://www.google.com/maps/place/Eric+Groh/data=!4m7!3m6!1s0x8819adb62e3beb6f:0x94819a227458c4d9!8m2!3d42.969525!4d-85.66345!16s%2Fg%2F11kjq6nyd5!19sChIJb-s7LratGYgR2cRYdCKagZQ,Eric Groh,5.0,,Pediatric surgeon,"330 Barclay Ave NE #202, Grand Rapids, MI 495032525, United States","X89P+RJ Grand Rapids, Michigan, USA",,+1 616-458-1722,,https://streetviewpixels-pa.googleapis.com/v1/thumbnail?panoid=_lPGKNznpzuTGphSvfFV9g&cb_client=search.gws-prod.gps&w=408&h=240&yaw=92.377266&pitch=0&thumbfov=100,false,,"https://www.google.com/maps/search/pediatrician+in+Grand+Rapids+Grand+Rapids+MI/@42.9704146,-85.6721946,14z",2026-02-10T23:56:16.262Z,
"https://www.google.com/maps/place/Cheryl+Kuz,+MD/data=!4m7!3m6!1s0x8819adb62e3beb6f:0x7ee9a3dc6d8f8335!8m2!3d42.969525!4d-85.66345!16s%2Fg%2F1tdhmfk8!19sChIJb-s7LratGYgRNYOPbdyj6X4","Cheryl Kuz, MD",,,Pediatrician,"330 Barclay Ave NE #300, Grand Rapids, MI 49503, United States","X89P+RJ Grand Rapids, Michigan, USA",https://findadoctor.spectrumhealth.org/physician/profile/1663?utm_source=GoogleBusiness&utm_content=Homepage,+1 616-391-8810,,https://streetviewpixels-pa.googleapis.com/v1/thumbnail?panoid=_lPGKNznpzuTGphSvfFV9g&cb_client=search.gws-prod.gps&w=408&h=240&yaw=92.377266&pitch=0&thumbfov=100,true,,"https://www.google.com/maps/search/pediatrician+in+Grand+Rapids+Grand+Rapids+MI/@42.9704146,-85.6721946,14z",2026-02-10T23:56:18.720Z,
"https://www.google.com/maps/place/Jessica+Guiles,+PNP-AC/data=!4m7!3m6!1s0x8819add46ce2686b:0x970a6633680c793c!8m2!3d42.9708848!4d-85.6670343!16s%2Fg%2F11h1sd5_45!19sChIJa2jibNStGYgRPHkMaDNmCpc","Jessica Guiles, PNP-AC",5.0,,Pediatric cardiologist,"25 Michigan St NE #4200, Grand Rapids, MI 49503, United States","X8CM+95 Grand Rapids, Michigan, USA",https://findadoctor.spectrumhealth.org/physician/profile/1124?utm_source=GoogleBusiness&utm_content=Homepage,+1 616-267-9150,,https://streetviewpixels-pa.googleapis.com/v1/thumbnail?panoid=eFnyEhv7MZTQ2oPI_-NoEg&cb_client=search.gws-prod.gps&w=408&h=240&yaw=0.16199039&pitch=0&thumbfov=100,true,,"https://www.google.com/maps/search/pediatrician+in+Grand+Rapids+Grand+Rapids+MI/@42.9704146,-85.6721946,14z",2026-02-10T23:56:21.187Z,
https://www.google.com/maps/place/Brooke+Geddiec+DO/data=!4m7!3m6!1s0x8819adb62e3beb6f:0xf6a560705c8a20d0!8m2!3d42.9709434!4d-85.666508!16s%2Fg%2F1tj4z9rk!19sChIJb-s7LratGYgR0CCKXHBgpfY,Brooke Geddiec DO,4.8,,Pediatric ophthalmologist,"35 Michigan St NE Suite 5101, Grand Rapids, MI 49503, United States","X8CM+99 Grand Rapids, Michigan, USA",https://findadoctor.spectrumhealth.org/physician/profile/1013?utm_source=GoogleBusiness&utm_content=Homepage,+1 616-267-2605,,https://lh3.googleusercontent.com/p/AF1QipPEJSyB6U_0L67ZTUFBu0Cf91yXIo_QZ3ffWmKB=w408-h612-k-no,true,,"https://www.google.com/maps/search/pediatrician+in+Grand+Rapids+Grand+Rapids+MI/@42.9704146,-85.6721946,14z",2026-02-10T23:56:23.610Z,
"https://www.google.com/maps/place/Caroline+Rich,+PNP-AC%2FPC/data=!4m7!3m6!1s0x8819adaa08748ec3:0x6f6dd461e4d7463c!8m2!3d42.9708284!4d-85.6662835!16s%2Fg%2F11fhjms9gk!19sChIJw450CKqtGYgRPEbX5GHUbW8","Caroline Rich, PNP-AC/PC",5.0,,Pediatric neurologist,"35 Michigan St NE #3003, Grand Rapids, MI 49503, United States","X8CM+8F Grand Rapids, Michigan, USA",https://findadoctor.spectrumhealth.org/physician/profile/2475,+1 616-267-2500,,https://lh3.googleusercontent.com/p/AF1QipPWR4odmJbfUD6513j9aVY-uafTp0d1p8ac5OxY=w408-h612-k-no,true,,"https://www.google.com/maps/search/pediatrician+in+Grand+Rapids+Grand+Rapids+MI/@42.9704146,-85.6721946,14z",2026-02-10T23:56:25.969Z,
https://www.google.com/maps/place/Trinity+Health+Neonatal+Intensive+Care+Unit+%28NICU%29+-+Grand+Rapids+Hospital/data=!4m7!3m6!1s0x8819adf9163d9341:0x13d91690832f235a!8m2!3d42.9581317!4d-85.6623148!16s%2Fg%2F11h7snh8jc!19sChIJQZM9FvmtGYgRWiMvg5AW2RM,Trinity Health Neonatal Intensive Care Unit (NICU) - Grand Rapids Hospital,3.7,,Neonatal physician,"200 Jefferson Ave SE, Grand Rapids, MI 49503, United States","X85Q+73 Grand Rapids, Michigan, USA",https://www.trinityhealthmichigan.org/find-a-service-or-specialty/maternity-care/labor-and-delivery/nicu/,+1 616-685-6475,Open 24 hours,https://streetviewpixels-pa.googleapis.com/v1/thumbnail?panoid=TFiFxWp8mbdzGkMLa9qG7A&cb_client=search.gws-prod.gps&w=408&h=240&yaw=122.72412&pitch=0&thumbfov=100,false,Open 24 hours,"https://www.google.com/maps/search/pediatrician+in+Grand+Rapids+Grand+Rapids+MI/@42.9704146,-85.6721946,14z",2026-02-10T23:56:30.575Z,
https://www.google.com/maps/place/Dr+Natasha+L+Holt/data=!4m7!3m6!1s0x8819adbfb52a65e9:0x1e554a418b7c9090!8m2!3d42.9584447!4d-85.6613491!16s%2Fg%2F11b6p1ls2t!19sChIJ6WUqtb-tGYgRkJB8i0FKVR4,Dr Natasha L Holt,,,Pediatrician,"300 Lafayette Ave SE, Grand Rapids, MI 49503, United States","X85Q+9F Grand Rapids, Michigan, USA",http://mercyhealthphysicianpartners.com/,+1 616-685-6919,,https://streetviewpixels-pa.googleapis.com/v1/thumbnail?panoid=KX3Iq2MY7CKO6FU0931jYw&cb_client=search.gws-prod.gps&w=408&h=240&yaw=268.80975&pitch=0&thumbfov=100,false,,"https://www.google.com/maps/search/pediatrician+in+Grand+Rapids+Grand+Rapids+MI/@42.9704146,-85.6721946,14z",2026-02-10T23:56:33.331Z,
"https://www.google.com/maps/place/Elizabeth+Parker,+MD/data=!4m7!3m6!1s0x8819ad491edbb223:0xb0bbbabf0718fc4!8m2!3d42.969545!4d-85.6634195!16s%2Fg%2F11jyfyjkj9!19sChIJI7LbHkmtGYgRxI9x8Ku7Cws","Elizabeth Parker, MD",,,Pediatrician,"330 Barclay Ave NE #300, Grand Rapids, MI 49503, United States","X89P+RJ Grand Rapids, Michigan, USA",https://findadoctor.spectrumhealth.org/physician/profile/2256?utm_source=GoogleBusiness&utm_content=Homepage,+1 616-391-8810,,https://streetviewpixels-pa.googleapis.com/v1/thumbnail?panoid=_lPGKNznpzuTGphSvfFV9g&cb_client=search.gws-prod.gps&w=408&h=240&yaw=87.81638&pitch=0&thumbfov=100,true,,"https://www.google.com/maps/search/pediatrician+in+Grand+Rapids+Grand+Rapids+MI/@42.9704146,-85.6721946,14z",2026-02-10T23:56:35.873Z,
"https://www.google.com/maps/place/Yasser+Al-Khatib,+MD/data=!4m7!3m6!1s0x8819ad84493d7257:0x4eb41f9c71231254!8m2!3d42.9708848!4d-85.6670343!16s%2Fg%2F11gxh46qvf!19sChIJV3I9SYStGYgRVBIjcZwftE4","Yasser Al-Khatib, MD",5.0,,Pediatric cardiologist,"25 Michigan St NE #4200, Grand Rapids, MI 49503, United States","X8CM+95 Grand Rapids, Michigan, USA",https://findadoctor.spectrumhealth.org/physician/profile/44?utm_source=GoogleBusiness&utm_content=Homepage,+1 616-267-9150,,https://lh3.googleusercontent.com/p/AF1QipN31G94cavhgaWMVPPxzSiuid5rapQPEWSWLVuk=w408-h612-k-no,true,,"https://www.google.com/maps/search/pediatrician+in+Grand+Rapids+Grand+Rapids+MI/@42.9704146,-85.6721946,14z",2026-02-10T23:56:38.396Z,
https://www.google.com/maps/place/Corewell+Health+Grand+Rapids+Hospitals+Pediatric+Orthopedics+-+35+Michigan+St+NE/data=!4m7!3m6!1s0x8819ad04a8a02a45:0x8d4c1a2a6883d71a!8m2!3d42.9704977!4d-85.6661209!16s%2Fg%2F1tk4rs6b!19sChIJRSqgqAStGYgRGteDaCoaTI0,Corewell Health Grand Rapids Hospitals Pediatric Orthopedics - 35 Michigan St NE,3.8,,Medical group,"35 Michigan St NE #4150, Grand Rapids, MI 49503, United States","X8CM+5H Grand Rapids, Michigan, USA",https://findadoctor.spectrumhealth.org/location/profile/3015?utm_source=GoogleBusiness&utm_content=Homepage,+1 616-267-2600,Closed · Opens 8 am Wed,https://lh3.googleusercontent.com/p/AF1QipNr_ORGJPVsKrIbvyp6SpHNGypqnULwe51aUR5H=w426-h240-k-no,true,8 am–5 pm,"https://www.google.com/maps/search/pediatrician+in+Grand+Rapids+Grand+Rapids+MI/@42.9704146,-85.6721946,14z",2026-02-10T23:56:43.028Z,
"https://www.google.com/maps/place/Trinity+Health+Medical+Group,+Primary+Care+%26+Pediatrics+-+NW+Grand+Rapids/data=!4m7!3m6!1s0x8819aeace0387ca3:0xd945f7d988b7192c!8m2!3d43.0149166!4d-85.69251!16s%2Fg%2F1tgcyp1w!19sChIJo3w44KyuGYgRLBm3iNn3Rdk","Trinity Health Medical Group, Primary Care & Pediatrics - NW Grand Rapids",3.2,,Medical clinic,"933 3 Mile Rd NW Ste 210, Grand Rapids, MI 49544, United States","2874+XX Grand Rapids, Michigan, USA",https://www.trinityhealthmichigan.org/location/trinity-health-medical-group-primary-care-pediatrics-nw-grand-rapids,+1 616-685-8150,Closed · Opens 7 am Wed,https://lh3.googleusercontent.com/p/AF1QipN7cHiLccDxMejB8UGDzVosScOyVSetAU5GaOdM=w426-h240-k-no,true,7 am–5 pm,"https://www.google.com/maps/search/pediatrician+in+Grand+Rapids+Grand+Rapids+MI/@42.9704146,-85.6721946,14z",2026-02-10T23:56:47.695Z,
"https://www.google.com/maps/place/Kristin+Stout,+MD/data=!4m7!3m6!1s0x8819ae7e4368d6e1:0x1483e3418181b7ee!8m2!3d42.9755588!4d-85.6884344!16s%2Fg%2F1tf9tfp0!19sChIJ4dZoQ36uGYgR7reBgUHjgxQ","Kristin Stout, MD",4.3,,Pediatrician,"669 Stocking Ave NW, Grand Rapids, MI 49504, United States","X8G6+6J Grand Rapids, Michigan, USA",https://www.cherryhealth.org/find-location/westside-health-center/,+1 616-235-7507,,https://streetviewpixels-pa.googleapis.com/v1/thumbnail?panoid=7bcNCnV5TuSosZpCsqyRrw&cb_client=search.gws-prod.gps&w=408&h=240&yaw=259.41217&pitch=0&thumbfov=100,false,,"https://www.google.com/maps/search/pediatrician+in+Grand+Rapids+Grand+Rapids+MI/@42.9704146,-85.6721946,14z",2026-02-10T23:56:50.071Z,
"https://www.google.com/maps/place/Leslie+Jurecko,+MD/data=!4m7!3m6!1s0x8819adc8564fb1a5:0x63512dbd33beeb2b!8m2!3d42.9694389!4d-85.6645136!16s%2Fg%2F1w0j4t3f!19sChIJpbFPVsitGYgRK-u-M70tUWM","Leslie Jurecko, MD",5.0,,Pediatrician,"100 Michigan St NE, Grand Rapids, MI 49503, United States","X89P+Q5 Grand Rapids, Michigan, USA",https://findadoctor.spectrumhealth.org/physician/profile/1447?name=Leslie%20Jurecko,+1 616-267-0011,,https://streetviewpixels-pa.googleapis.com/v1/thumbnail?panoid=OG0yXl5V7BV5AHDDcXWLqQ&cb_client=search.gws-prod.gps&w=408&h=240&yaw=296.293&pitch=0&thumbfov=100,false,,"https://www.google.com/maps/search/pediatrician+in+Grand+Rapids+Grand+Rapids+MI/@42.9704146,-85.6721946,14z",2026-02-10T23:56:52.616Z,
"https://www.google.com/maps/place/Dr.+Christopher+R.+Arnos,+MD/data=!4m7!3m6!1s0x8819adc8564fc88b:0xc8cbf949040eacb6!8m2!3d42.968657!4d-85.6663317!16s%2Fg%2F1hc33qr27!19sChIJi8hPVsitGYgRtqwOBEn5y8g","Dr. Christopher R. Arnos, MD",5.0,,Pediatrician,"100 Michigan St NE, Grand Rapids, MI 49503, United States","X89M+FF Grand Rapids, Michigan, USA",,+1 616-267-0073,,https://streetviewpixels-pa.googleapis.com/v1/thumbnail?panoid=r3FM7mATt7LXzFN4M2DHHQ&cb_client=search.gws-prod.gps&w=408&h=240&yaw=80.99106&pitch=0&thumbfov=100,false,,"https://www.google.com/maps/search/pediatrician+in+Grand+Rapids+Grand+Rapids+MI/@42.9704146,-85.6721946,14z",2026-02-10T23:56:55.351Z,
"https://www.google.com/maps/place/Ashley+Verhey,+FNP/data=!4m7!3m6!1s0x8819ad55d1b3de8b:0xcbac84fde8afe77b!8m2!3d42.9708284!4d-85.6664107!16s%2Fg%2F11h1r9t2lf!19sChIJi96z0VWtGYgRe-ev6P2ErMs","Ashley Verhey, FNP",5.0,,Pediatric gastroenterologist,"35 Michigan St NE #4150, Grand Rapids, MI 49503, United States","X8CM+8C Grand Rapids, Michigan, USA",https://findadoctor.spectrumhealth.org/physician/profile/2708?utm_source=GoogleBusiness&utm_content=Homepage,+1 616-267-2100,,https://lh3.googleusercontent.com/p/AF1QipOxjCrF-lOlSc2boBanYIFcROAsq7zlth9iFBLd=w408-h612-k-no,true,,"https://www.google.com/maps/search/pediatrician+in+Grand+Rapids+Grand+Rapids+MI/@42.9704146,-85.6721946,14z",2026-02-10T23:56:57.831Z,
https://www.google.com/maps/place/Pediatric+Dental+Specialists+of+West+Michigan/data=!4m7!3m6!1s0x88184d0941b930d9:0x115309a6930da8e1!8m2!3d42.9252624!4d-85.5700378!16s%2Fg%2F11h5rtxxb2!19sChIJ2TC5QQlNGIgR4agNk6YJUxE,Pediatric Dental Specialists of West Michigan,4.9,,Pediatric dentist,"2155 E Paris Ave SE Ste 120, Grand Rapids, MI 49546, United States","WCGH+4X Grand Rapids, Michigan, USA",https://www.pdsofwestmi.com/,+1 616-608-8898,Closed · Opens 8 am Wed,https://lh3.googleusercontent.com/p/AF1QipNzbfA15Qw0RKcnjlt6Py7enN2sAMXyObPykwJy=w408-h408-k-no,true,8 am–3:30 pm,"https://www.google.com/maps/search/pediatrician+in+Grand+Rapids+Grand+Rapids+MI/@42.9704146,-85.6721946,14z",2026-02-10T23:57:02.391Z,Identifies as women-owned
"https://www.google.com/maps/place/Dr.+Melissa+A.+Schneider,+MD/data=!4m7!3m6!1s0x8819adc8564fc88b:0xd699ecac5d475cc3!8m2!3d42.968657!4d-85.6663317!16s%2Fg%2F1hc0_bmq8!19sChIJi8hPVsitGYgRw1xHXazsmdY","Dr. Melissa A. Schneider, MD",,,Pediatrician,"100 Michigan St NE, Grand Rapids, MI 49503, United States","X89M+FF Grand Rapids, Michigan, USA",,+1 616-267-0073,,https://streetviewpixels-pa.googleapis.com/v1/thumbnail?panoid=r3FM7mATt7LXzFN4M2DHHQ&cb_client=search.gws-prod.gps&w=408&h=240&yaw=80.99106&pitch=0&thumbfov=100,false,,"https://www.google.com/maps/search/pediatrician+in+Grand+Rapids+Grand+Rapids+MI/@42.9704146,-85.6721946,14z",2026-02-10T23:57:04.946Z,
https://www.google.com/maps/place/Corewell+Health+Grand+Rapids+Hospitals+Pediatric+Autism+Spectrum+Disorders+Clinic+-+35+Michigan+St+NE/data=!4m7!3m6!1s0x8819ad7ca9fcdbf1:0x1bd3fe3988d2e02f!8m2!3d42.9708213!4d-85.6672605!16s%2Fg%2F11tby03fk_!19sChIJ8dv8qXytGYgRL-DSiDn-0xs,Corewell Health Grand Rapids Hospitals Pediatric Autism Spectrum Disorders Clinic - 35 Michigan St NE,,,Medical group,"35 Michigan St NE #5201, Grand Rapids, MI 49503, United States","X8CM+83 Grand Rapids, Michigan, USA",https://findadoctor.spectrumhealth.org/location/profile/13916?utm_source=GoogleBusiness&utm_content=Homepage,+1 616-267-2850,,https://lh3.googleusercontent.com/p/AF1QipMCbOSATBVSzgOfvJFnDGFCtgmTskRcQmkRZ4G1=w426-h240-k-no,true,,"https://www.google.com/maps/search/pediatrician+in+Grand+Rapids+Grand+Rapids+MI/@42.9704146,-85.6721946,14z",2026-02-10T23:57:07.336Z,
https://www.google.com/maps/place/Corewell+Health+Grand+Rapids+Hospitals+-+Helen+DeVos+Children%27s+Hospital+Critical+Care+%28PICU%29/data=!4m7!3m6!1s0x8819ad8d17672d43:0x9a4a5a9c4dcc65c2!8m2!3d42.969485!4d-85.6649995!16s%2Fg%2F11w3f23sc7!19sChIJQy1nF42tGYgRwmXMTZxaSpo,Corewell Health Grand Rapids Hospitals - Helen DeVos Children's Hospital Critical Care (PICU),,,Pediatrician,"100 Michigan St NE, Grand Rapids, MI 49503, United States","X89P+Q2 Grand Rapids, Michigan, USA",https://findadoctor.spectrumhealth.org/location/profile/832?utm_source=GoogleBusiness&utm_content=Homepage,+1 616-267-0118,,https://lh3.googleusercontent.com/p/AF1QipO-tmQechEejkrIkWyNL2oEFTm3ZyZ8R3cNAB9k=w426-h240-k-no,true,,"https://www.google.com/maps/search/pediatrician+in+Grand+Rapids+Grand+Rapids+MI/@42.9704146,-85.6721946,14z",2026-02-10T23:57:09.704Z,
"https://www.google.com/maps/place/Corewell+Health+Internal+Medicine,+Family+Medicine+%26+Pediatrics+-+426+Michigan+St+NE/data=!4m7!3m6!1s0x8819ad047abf4821:0xbe3ab682fdcbf01!8m2!3d42.9697747!4d-85.6586331!16s%2Fg%2F1tnpg124!19sChIJIUi_egStGYgRAb_cL2ir4ws","Corewell Health Internal Medicine, Family Medicine & Pediatrics - 426 Michigan St NE",3.4,,Family practice physician,"426 Michigan St NE, Grand Rapids, MI 49503, United States","X89R+WG Grand Rapids, Michigan, USA",https://findadoctor.spectrumhealth.org/location/profile/3915?utm_source=GoogleBusiness&utm_content=Homepage,+1 616-267-7888,,https://lh3.googleusercontent.com/p/AF1QipOWxNMbcuHXnsGA42R7zdxvWfB1y_WjSWCjQnt8=w426-h240-k-no,true,,"https://www.google.com/maps/search/pediatrician+in+Grand+Rapids+Grand+Rapids+MI/@42.9704146,-85.6721946,14z",2026-02-10T23:57:12.164Z,
https://www.google.com/maps/place/Pediatric+Associates+of+Kentwood/data=!4m7!3m6!1s0x8819b3167e34a239:0x94faaec67513baa!8m2!3d42.8827432!4d-85.625456!16s%2Fg%2F1tx8ttqw!19sChIJOaI0fhazGYgRqjtRZ-yqTwk,Pediatric Associates of Kentwood,4.9,,Pediatrician,"4444 Kalamazoo Ave SE # 103, Kentwood, MI 49508, United States","V9MF+3R Kentwood, Michigan, USA",http://www.pak4kids.com/,+1 616-281-5800,Closed · Opens 8:30 am Wed,https://lh3.googleusercontent.com/p/AF1QipNQFG2MceZuVepjqOqh9vaB9cdUzmpQpHM7l-Vc=w408-h306-k-no,true,8:30 am–4 pm,"https://www.google.com/maps/search/pediatrician+in+Grand+Rapids+Grand+Rapids+MI/@42.9704146,-85.6721946,14z",2026-02-10T23:57:16.714Z,
"https://www.google.com/maps/place/Dr.+Giselle+L.+Saulnier+Sholler,+MD/data=!4m7!3m6!1s0x8819adc8564fc88b:0xc60920267c58322f!8m2!3d42.9694389!4d-85.6645136!16s%2Fg%2F1tr185by!19sChIJi8hPVsitGYgRLzJYfCYgCcY","Dr. Giselle L. Saulnier Sholler, MD",5.0,,Pediatric hematologist,"100 Michigan St NE, Grand Rapids, MI 49503, United States","X89P+Q5 Grand Rapids, Michigan, USA",,+1 616-267-1925,,https://streetviewpixels-pa.googleapis.com/v1/thumbnail?panoid=OG0yXl5V7BV5AHDDcXWLqQ&cb_client=search.gws-prod.gps&w=408&h=240&yaw=296.293&pitch=0&thumbfov=100,false,,"https://www.google.com/maps/search/pediatrician+in+Grand+Rapids+Grand+Rapids+MI/@42.9704146,-85.6721946,14z",2026-02-10T23:57:19.479Z,
https://www.google.com/maps/place/Growing+Smiles+Pediatric+Dentistry/data=!4m7!3m6!1s0x881853476706ebaf:0x80bac0a0a09331fd!8m2!3d43.0101404!4d-85.5912211!16s%2Fg%2F1ygbbbqvq!19sChIJr-sGZ0dTGIgR_TGToKDAuoA,Growing Smiles Pediatric Dentistry,4.7,,Pediatric dentist,"2643 E Beltline Ave NE, Grand Rapids, MI 49525, United States","2C65+3G Grand Rapids, Michigan, USA",https://growingsmilesgr.com/,+1 616-988-9485,Closed · Opens 7:20 am Wed,https://lh3.googleusercontent.com/p/AF1QipOYn7V45EbLAUfYZ3zBE4SA7k_9h0viIySqLyRv=w408-h408-k-no,true,7:20 am–3 pm,"https://www.google.com/maps/search/pediatrician+in+Grand+Rapids+Grand+Rapids+MI/@42.9704146,-85.6721946,14z",2026-02-10T23:57:23.930Z,Identifies as women-owned
"https://www.google.com/maps/place/Dr.+Peter+S.+Macfield,+MD/data=!4m7!3m6!1s0x8818533bd1bce271:0x99f6de80aaf4a281!8m2!3d42.926733!4d-85.6069634!16s%2Fg%2F1tfb753n!19sChIJceK80TtTGIgRgaL0qoDe9pk","Dr. Peter S. Macfield, MD",4.8,,Family practice physician,"Professional Building, 2460 Burton St SE #300, Grand Rapids, MI 49546, United States","W9GV+M6 Grand Rapids, Michigan, USA",https://www.macfieldmd.com/,+1 616-805-3846,Closed · Opens 9 am Wed,https://lh3.googleusercontent.com/p/AF1QipPYmxxYGuFDd5uEWLAcutsNSkc2GdduHkMTxN08=w486-h240-k-no,true,9 am–4 pm,"https://www.google.com/maps/search/pediatrician+in+Grand+Rapids+Grand+Rapids+MI/@42.9704146,-85.6721946,14z",2026-02-10T23:57:28.407Z,
"https://www.google.com/maps/place/Dr.+Michael+Meindertsma,+FHPA/data=!4m7!3m6!1s0x88185263f268d8bb:0xb4d389d382743a10!8m2!3d42.9470145!4d-85.5565855!16s%2Fg%2F1tp1zf08!19sChIJu9ho8mNSGIgREDp0gtOJ07Q","Dr. Michael Meindertsma, FHPA",4.4,,Pediatrician,"C, 877 Forest Hill Ave SE B, Grand Rapids, MI 49546, United States","WCWV+R9 Grand Rapids, Michigan, USA",https://foresthillspediatrics.com/,+1 616-949-4465,Open · Closes 8 pm,https://streetviewpixels-pa.googleapis.com/v1/thumbnail?panoid=W5gzLu9FyRgSlcPTJ3joIQ&cb_client=search.gws-prod.gps&w=408&h=240&yaw=28.102034&pitch=0&thumbfov=100,true,7:30 am–8 pm,"https://www.google.com/maps/search/pediatrician+in+Grand+Rapids+Grand+Rapids+MI/@42.9704146,-85.6721946,14z",2026-02-10T23:57:33.005Z,
"https://www.google.com/maps/place/Amanda+King,+DO/data=!4m7!3m6!1s0x8819ade21a9c46e1:0xbbac03f12b7c294e!8m2!3d42.9708213!4d-85.6672605!16s%2Fg%2F11jt69q4dq!19sChIJ4UacGuKtGYgRTil8K_EDrLs","Amanda King, DO",,,Pediatrician,"35 Michigan St NE #5201, Grand Rapids, MI 49503, United States","X8CM+83 Grand Rapids, Michigan, USA",https://findadoctor.spectrumhealth.org/physician/profile/7916?utm_source=GoogleBusiness&utm_content=Homepage,+1 616-267-2830,,https://streetviewpixels-pa.googleapis.com/v1/thumbnail?panoid=lyPkCVgbu43OCbim4kT1XA&cb_client=search.gws-prod.gps&w=408&h=240&yaw=337.45718&pitch=0&thumbfov=100,true,,"https://www.google.com/maps/search/pediatrician+in+Grand+Rapids+Grand+Rapids+MI/@42.9704146,-85.6721946,14z",2026-02-10T23:57:35.487Z,
"https://www.google.com/maps/place/John+Winters,+MD/data=!4m7!3m6!1s0x8819adc8564fb1a5:0x5ff3f4637ca757f!8m2!3d42.969485!4d-85.6649995!16s%2Fg%2F1td9r3wh!19sChIJpbFPVsitGYgRf3XKN0Y__wU","John Winters, MD",4.5,,Intensivist,"100 Michigan St NE, Grand Rapids, MI 49503, United States","X89P+Q2 Grand Rapids, Michigan, USA",https://findadoctor.spectrumhealth.org/physician/profile/3310?name=John%20Winters,+1 616-267-0118,,https://lh3.googleusercontent.com/p/AF1QipOW5u_d8KdvPpbE_1pkYXkY4rSseXozlOBZnhp8=w408-h612-k-no,true,,"https://www.google.com/maps/search/pediatrician+in+Grand+Rapids+Grand+Rapids+MI/@42.9704146,-85.6721946,14z",2026-02-10T23:57:37.952Z,
"https://www.google.com/maps/place/Marcus+Haw,+MD,+FRCS/data=!4m7!3m6!1s0x8819ad10d6febe5b:0x343883225bc61ec9!8m2!3d42.9708848!4d-85.6670343!16s%2Fg%2F11fhkdp4qd!19sChIJW77-1hCtGYgRyR7GWyKDODQ","Marcus Haw, MD, FRCS",5.0,,Pediatric cardiologist,"25 Michigan St NE #4200, Grand Rapids, MI 49503, United States","X8CM+95 Grand Rapids, Michigan, USA",https://findadoctor.spectrumhealth.org/physician/profile/1211?utm_source=GoogleBusiness&utm_content=Homepage,+1 616-267-9150,,https://streetviewpixels-pa.googleapis.com/v1/thumbnail?panoid=eFnyEhv7MZTQ2oPI_-NoEg&cb_client=search.gws-prod.gps&w=408&h=240&yaw=0.16199039&pitch=0&thumbfov=100,true,,"https://www.google.com/maps/search/pediatrician+in+Grand+Rapids+Grand+Rapids+MI/@42.9704146,-85.6721946,14z",2026-02-10T23:57:40.570Z,
"https://www.google.com/maps/place/Dr.+Marc+G.+Schlatter,+MD/@42.969525,-85.66345,17z/data=!3m1!4b1!4m6!3m5!1s0x8819adb62e3beb6f:0x6b7350144d807413!8m2!3d42.969525!4d-85.66345!16s%2Fg%2F1tfrsjn7","Dr. Marc G. Schlatter, MD",4.8,,Pediatric surgeon,"330 Barclay Ave NE #202, Grand Rapids, MI 49503, United States","X89P+RJ Grand Rapids, Michigan, USA",http://www.pedsurgwmi.com/,+1 616-458-1722,,,false,,"https://www.google.com/maps/search/pediatrician+in+Grand+Rapids+Grand+Rapids+MI/@42.9704146,-85.6721946,14z",2026-02-10T23:57:45.128Z,
"https://www.google.com/maps/place/Meghan+Bisonet,+PA-C/data=!4m7!3m6!1s0x8819ade917d19ed9:0x1eb89efd1c7270b7!8m2!3d42.9708848!4d-85.6670343!16s%2Fg%2F11gxg0rb56!19sChIJ2Z7RF-mtGYgRt3ByHP2euB4","Meghan Bisonet, PA-C",5.0,,Pediatric cardiologist,"25 Michigan St NE #4200, Grand Rapids, MI 49503, United States","X8CM+95 Grand Rapids, Michigan, USA",https://findadoctor.spectrumhealth.org/physician/profile/270?utm_source=GoogleBusiness&utm_content=Homepage,+1 616-267-9150,,https://lh3.googleusercontent.com/p/AF1QipMpIIpHoX-PfL798qBtfnScjiqsUKFaWydRRJLk=w408-h612-k-no,true,,"https://www.google.com/maps/search/pediatrician+in+Grand+Rapids+Grand+Rapids+MI/@42.9704146,-85.6721946,14z",2026-02-10T23:57:47.654Z,
"https://www.google.com/maps/place/Jeffrey+Schneider,+MD/data=!4m7!3m6!1s0x8819adb62e3beb6f:0x6d971c193eb0363a!8m2!3d42.9709748!4d-85.6665194!16s%2Fg%2F1tdd5wkl!19sChIJb-s7LratGYgROjawPhkcl20","Jeffrey Schneider, MD",5.0,,Pediatric cardiologist,"25 Michigan St NE #4200, Grand Rapids, MI 49503, United States","X8CM+99 Grand Rapids, Michigan, USA",https://findadoctor.spectrumhealth.org/physician/profile/2618?utm_source=GoogleBusiness&utm_content=Homepage,+1 616-267-9150,,https://streetviewpixels-pa.googleapis.com/v1/thumbnail?panoid=G3mheu6ewcLSsiwsFQSaVg&cb_client=search.gws-prod.gps&w=408&h=240&yaw=41.925167&pitch=0&thumbfov=100,true,,"https://www.google.com/maps/search/pediatrician+in+Grand+Rapids+Grand+Rapids+MI/@42.9704146,-85.6721946,14z",2026-02-10T23:57:50.190Z,
"https://www.google.com/maps/place/Amie+Hinshaw,+MD/data=!4m7!3m6!1s0x8819add65dd0b969:0x17ee7a0ce9fc110!8m2!3d42.970802!4d-85.6665517!16s%2Fg%2F11v3zdrkfy!19sChIJabnQXdatGYgREMGfzqDnfgE","Amie Hinshaw, MD",5.0,,Pediatric gastroenterologist,"35 Michigan St NE S-4150, Grand Rapids, MI 49503, United States","X8CM+89 Grand Rapids, Michigan, USA",https://findadoctor.spectrumhealth.org/physician/profile/8516?utm_source=GoogleBusiness&utm_content=Homepage,+1 616-267-2100,,https://streetviewpixels-pa.googleapis.com/v1/thumbnail?panoid=9jD2L0HgOtOpgKNyPnlvPA&cb_client=search.gws-prod.gps&w=408&h=240&yaw=358.1325&pitch=0&thumbfov=100,true,,"https://www.google.com/maps/search/pediatrician+in+Grand+Rapids+Grand+Rapids+MI/@42.9704146,-85.6721946,14z",2026-02-10T23:57:52.521Z,
"https://www.google.com/maps/place/Dr.+James+M.+Decou,+MD/@42.969525,-85.66345,17z/data=!3m1!4b1!4m6!3m5!1s0x8819adb62e3beb6f:0xf8655663743c54d2!8m2!3d42.969525!4d-85.66345!16s%2Fg%2F1tpf7r7g","Dr. James M. Decou, MD",3.7,,Pediatric surgeon,"330 Barclay Ave NE #202, Grand Rapids, MI 49503, United States","X89P+RJ Grand Rapids, Michigan, USA",http://www.pedsurgwmi.com/,+1 616-458-1722,,,false,,"https://www.google.com/maps/search/pediatrician+in+Grand+Rapids+Grand+Rapids+MI/@42.9704146,-85.6721946,14z",2026-02-10T23:57:57.106Z,
"https://www.google.com/maps/place/Anna+Kegel,+DO/data=!4m7!3m6!1s0x8819ad5e947af22f:0xd08c7e3aef44d488!8m2!3d42.969485!4d-85.6649995!16s%2Fg%2F11l2p0x6xz!19sChIJL_J6lF6tGYgRiNRE7zp-jNA","Anna Kegel, DO",,,Pediatrician,"100 Michigan St NE, Grand Rapids, MI 49503, United States","X89P+Q2 Grand Rapids, Michigan, USA",https://findadoctor.spectrumhealth.org/physician/profile/6078?utm_source=GoogleBusiness&utm_content=Homepage,+1 616-267-0118,,https://streetviewpixels-pa.googleapis.com/v1/thumbnail?panoid=cI4iz6Zw-wt4QX4N6mqFAQ&cb_client=search.gws-prod.gps&w=408&h=240&yaw=169.61658&pitch=0&thumbfov=100,true,,"https://www.google.com/maps/search/pediatrician+in+Grand+Rapids+Grand+Rapids+MI/@42.9704146,-85.6721946,14z",2026-02-10T23:57:59.626Z,
https://www.google.com/maps/place/Michiels+Erica+A+MD/data=!4m7!3m6!1s0x8819adc8564fc88b:0xfc6121f6af1e80d6!8m2!3d42.9694389!4d-85.6645136!16s%2Fg%2F1261fjf99!19sChIJi8hPVsitGYgR1oAer_YhYfw,Michiels Erica A MD,1.0,,Emergency care physician,"100 Michigan St NE, Grand Rapids, MI 49503, United States","X89P+Q5 Grand Rapids, Michigan, USA",http://www.spectrumhealth.org/,+1 616-391-9000,,https://streetviewpixels-pa.googleapis.com/v1/thumbnail?panoid=lm_pyOvG0owT8JSzUoGICA&cb_client=search.gws-prod.gps&w=408&h=240&yaw=149.52132&pitch=0&thumbfov=100,false,,"https://www.google.com/maps/search/pediatrician+in+Grand+Rapids+Grand+Rapids+MI/@42.9704146,-85.6721946,14z",2026-02-10T23:58:02.441Z,
"https://www.google.com/maps/place/Deborah+Cloney,+MD/data=!4m7!3m6!1s0x8819adb62e3beb6f:0x79065d409fedeb80!8m2!3d42.9708284!4d-85.6664107!16s%2Fg%2F12hm3vkdv!19sChIJb-s7LratGYgRgOvtn0BdBnk","Deborah Cloney, MD",5.0,,Pediatric gastroenterologist,"35 Michigan St NE #4150, Grand Rapids, MI 49503, United States","X8CM+8C Grand Rapids, Michigan, USA",https://findadoctor.spectrumhealth.org/physician/profile/529?utm_source=GoogleBusiness&utm_content=Homepage,+1 616-267-2100,,https://streetviewpixels-pa.googleapis.com/v1/thumbnail?panoid=fASJaTourObGmL_C8g-9PQ&cb_client=search.gws-prod.gps&w=408&h=240&yaw=2.4025292&pitch=0&thumbfov=100,true,,"https://www.google.com/maps/search/pediatrician+in+Grand+Rapids+Grand+Rapids+MI/@42.9704146,-85.6721946,14z",2026-02-10T23:58:04.998Z,
"https://www.google.com/maps/place/Marcus+Haw,+MD/data=!4m7!3m6!1s0x8819addf83d69793:0xdd02c1b28bb1d45d!8m2!3d42.9695011!4d-85.6634593!16s%2Fg%2F11fhk8gzd1!19sChIJk5fWg9-tGYgRXdSxi7LBAt0","Marcus Haw, MD",5.0,,Pediatric cardiologist,"330 Barclay Ave NE #200, Grand Rapids, MI 49503, United States","X89P+RJ Grand Rapids, Michigan, USA",https://findadoctor.spectrumhealth.org/physician/profile/1211,+1 616-391-2802,,https://lh3.googleusercontent.com/p/AF1QipPQ5h_1m-JPEB0gCSJwtQLJA7daYWdAO74uY8XU=w408-h612-k-no,true,,"https://www.google.com/maps/search/pediatrician+in+Grand+Rapids+Grand+Rapids+MI/@42.9704146,-85.6721946,14z",2026-02-10T23:58:07.592Z,
https://www.google.com/maps/place/Dr.+Elizabeth+Schut/data=!4m7!3m6!1s0x8819adc059c0030f:0x7ce7eefd31fb84ab!8m2!3d42.9592865!4d-85.6658889!16s%2Fg%2F11rwxdz80q!19sChIJDwPAWcCtGYgRq4T7Mf3u53w,Dr. Elizabeth Schut,,,Pediatrician,"100 Cherry St SE, Grand Rapids, MI 49503, United States","X85M+PJ Grand Rapids, Michigan, USA",https://cherryhealth.org/providers/elizabeth-schut-md/,+1 616-459-4314,,https://streetviewpixels-pa.googleapis.com/v1/thumbnail?panoid=8ulGKI_7KiQtDJTDiVWr-A&cb_client=search.gws-prod.gps&w=408&h=240&yaw=171.94579&pitch=0&thumbfov=100,false,,"https://www.google.com/maps/search/pediatrician+in+Grand+Rapids+Grand+Rapids+MI/@42.9704146,-85.6721946,14z",2026-02-10T23:58:10.188Z,
"https://www.google.com/maps/place/Christopher+DeBano,+PA-C/data=!4m7!3m6!1s0x8819ad232b554d2b:0x4279ae12961985d3!8m2!3d42.9708848!4d-85.6670343!16s%2Fg%2F11fhn0mqw2!19sChIJK01VKyOtGYgR04UZlhKueUI","Christopher DeBano, PA-C",5.0,,Pediatric cardiologist,"25 Michigan St NE #4200, Grand Rapids, MI 49503, United States","X8CM+95 Grand Rapids, Michigan, USA",https://findadoctor.spectrumhealth.org/physician/profile/652?utm_source=GoogleBusiness&utm_content=Homepage,+1 616-267-9150,,https://lh3.googleusercontent.com/p/AF1QipMU4nx8a1J0TnGX9fYj18_Ogc2bFi9hk8Y15vE=w408-h612-k-no,true,,"https://www.google.com/maps/search/pediatrician+in+Grand+Rapids+Grand+Rapids+MI/@42.9704146,-85.6721946,14z",2026-02-10T23:58:12.661Z,
"https://www.google.com/maps/place/Lauren+Alessi,+MD/data=!4m7!3m6!1s0x8819ad3f5db45c15:0x492b82d91a67766a!8m2!3d42.969485!4d-85.6649995!16s%2Fg%2F11r_dng4_0!19sChIJFVy0XT-tGYgRanZnGtmCK0k","Lauren Alessi, MD",5.0,,Intensivist,"100 Michigan St NE, Grand Rapids, MI 49503, United States","X89P+Q2 Grand Rapids, Michigan, USA",https://findadoctor.spectrumhealth.org/physician/profile/7412,+1 616-267-0118,,https://streetviewpixels-pa.googleapis.com/v1/thumbnail?panoid=lm_pyOvG0owT8JSzUoGICA&cb_client=search.gws-prod.gps&w=408&h=240&yaw=178.75272&pitch=0&thumbfov=100,true,,"https://www.google.com/maps/search/pediatrician+in+Grand+Rapids+Grand+Rapids+MI/@42.9704146,-85.6721946,14z",2026-02-10T23:58:15.186Z,
https://www.google.com/maps/place/Dr.+Miranda+Hillard/data=!4m7!3m6!1s0x8819adc96e03347b:0xe9872eb221c1c9f4!8m2!3d42.9708213!4d-85.6672605!16s%2Fg%2F11p07b71n3!19sChIJezQDbsmtGYgR9MnBIbIuh-k,Dr. Miranda Hillard,,,Pediatrician,"35 Michigan St NE #5201, Grand Rapids, MI 49503, United States","X8CM+83 Grand Rapids, Michigan, USA",https://providers.corewellhealth.org/provider/miranda-l-hillard/2779603,+1 616-267-2400,,https://streetviewpixels-pa.googleapis.com/v1/thumbnail?panoid=lyPkCVgbu43OCbim4kT1XA&cb_client=search.gws-prod.gps&w=408&h=240&yaw=337.45718&pitch=0&thumbfov=100,false,,"https://www.google.com/maps/search/pediatrician+in+Grand+Rapids+Grand+Rapids+MI/@42.9704146,-85.6721946,14z",2026-02-10T23:58:17.751Z,
"https://www.google.com/maps/place/Dr.+Michael+J.+Forness,+DO/data=!4m7!3m6!1s0x8819adc99f76a09b:0xb72e530835fc0135!8m2!3d42.9708284!4d-85.6664107!16s%2Fg%2F1hc102r2p!19sChIJm6B2n8mtGYgRNQH8NQhTLrc","Dr. Michael J. Forness, DO",5.0,,Pediatric orthopedic surgeon,"35 Michigan St NE #4150, Grand Rapids, MI 49503, United States","X8CM+8C Grand Rapids, Michigan, USA",,+1 616-267-2600,,https://streetviewpixels-pa.googleapis.com/v1/thumbnail?panoid=fASJaTourObGmL_C8g-9PQ&cb_client=search.gws-prod.gps&w=408&h=240&yaw=2.4025292&pitch=0&thumbfov=100,false,,"https://www.google.com/maps/search/pediatrician+in+Grand+Rapids+Grand+Rapids+MI/@42.9704146,-85.6721946,14z",2026-02-10T23:58:20.231Z,
"https://www.google.com/maps/place/Dr.+Jayne+A.+Rauwerda,+MD/data=!4m7!3m6!1s0x8819b2612c48b519:0x6b8cef0ca25a1b34!8m2!3d42.9203657!4d-85.648353!16s%2Fg%2F1tf36kvc!19sChIJGbVILGGyGYgRNBtaogzvjGs","Dr. Jayne A. Rauwerda, MD",5.0,,Pediatrician,"733 Alger St SE, Grand Rapids, MI 49507, United States","W9C2+4M Grand Rapids, Michigan, USA",,+1 616-243-9515,,https://streetviewpixels-pa.googleapis.com/v1/thumbnail?panoid=STHtT6hSFB5oGGdwblqTIA&cb_client=search.gws-prod.gps&w=408&h=240&yaw=34.258698&pitch=0&thumbfov=100,false,,"https://www.google.com/maps/search/pediatrician+in+Grand+Rapids+Grand+Rapids+MI/@42.9704146,-85.6721946,14z",2026-02-10T23:58:23.052Z,
"https://www.google.com/maps/place/Dr.+Ajay+A.+Khilanani,+MD/data=!4m7!3m6!1s0x8819adc8564fb1a5:0xcce2867c42940186!8m2!3d42.9694389!4d-85.6645136!16s%2Fg%2F1thxwv5p!19sChIJpbFPVsitGYgRhgGUQnyG4sw","Dr. Ajay A. Khilanani, MD",5.0,,Anesthesiologist,"100 Michigan St NE, Grand Rapids, MI 49503, United States","X89P+Q5 Grand Rapids, Michigan, USA",,+1 616-391-3670,,https://streetviewpixels-pa.googleapis.com/v1/thumbnail?panoid=OG0yXl5V7BV5AHDDcXWLqQ&cb_client=search.gws-prod.gps&w=408&h=240&yaw=296.293&pitch=0&thumbfov=100,false,,"https://www.google.com/maps/search/pediatrician+in+Grand+Rapids+Grand+Rapids+MI/@42.9704146,-85.6721946,14z",2026-02-10T23:58:25.547Z,
"https://www.google.com/maps/place/Stephanie-Grace+Raymundo,+MD/data=!4m7!3m6!1s0x8819ada10ec5d179:0x6a99715e5e4f7cda!8m2!3d42.9708848!4d-85.6670343!16s%2Fg%2F11s7cl1hp8!19sChIJedHFDqGtGYgR2nxPXl5xmWo","Stephanie-Grace Raymundo, MD",5.0,,Pediatric cardiologist,"25 Michigan St NE #4200, Grand Rapids, MI 49503, United States","X8CM+95 Grand Rapids, Michigan, USA",https://findadoctor.spectrumhealth.org/physician/profile/7979?utm_source=GoogleBusiness&utm_content=Homepage,+1 616-267-9150,Closed · Opens 9 am Wed,https://streetviewpixels-pa.googleapis.com/v1/thumbnail?panoid=eFnyEhv7MZTQ2oPI_-NoEg&cb_client=search.gws-prod.gps&w=408&h=240&yaw=0.16199039&pitch=0&thumbfov=100,true,9 am–5 pm,"https://www.google.com/maps/search/pediatrician+in+Grand+Rapids+Grand+Rapids+MI/@42.9704146,-85.6721946,14z",2026-02-10T23:58:30.262Z,
"https://www.google.com/maps/place/Dr.+Kathrine+Conliffe,+DO/data=!4m7!3m6!1s0x8819adc8564fc88b:0xb85862e7008700ce!8m2!3d42.968657!4d-85.6663317!16s%2Fg%2F1hc2mt_vj!19sChIJi8hPVsitGYgRzgCHAOdiWLg","Dr. Kathrine Conliffe, DO",,,Pediatrician,"100 Michigan St NE, Grand Rapids, MI 49503, United States","X89M+FF Grand Rapids, Michigan, USA",,+1 616-267-0073,,https://streetviewpixels-pa.googleapis.com/v1/thumbnail?panoid=r3FM7mATt7LXzFN4M2DHHQ&cb_client=search.gws-prod.gps&w=408&h=240&yaw=80.99106&pitch=0&thumbfov=100,false,,"https://www.google.com/maps/search/pediatrician+in+Grand+Rapids+Grand+Rapids+MI/@42.9704146,-85.6721946,14z",2026-02-10T23:58:32.772Z,
"https://www.google.com/maps/place/Lauren+Fletcher-Morehouse,+DO/data=!4m7!3m6!1s0x8819ada93ed86a31:0x5e849de01043d079!8m2!3d42.9709434!4d-85.666508!16s%2Fg%2F11gxd8w4zj!19sChIJMWrYPqmtGYgRedBDEOCdhF4","Lauren Fletcher-Morehouse, DO",5.0,,Pediatric ophthalmologist,"35 Michigan St NE Suite 5101, Grand Rapids, MI 49503, United States","X8CM+99 Grand Rapids, Michigan, USA",https://findadoctor.spectrumhealth.org/physician/profile/5745?utm_source=GoogleBusiness&utm_content=Homepage,+1 616-267-2605,,https://lh3.googleusercontent.com/p/AF1QipMVz0Z1BlKKqrOk9TxKLBFS7JkMV2R7DjvAFCg=w408-h612-k-no,true,,"https://www.google.com/maps/search/pediatrician+in+Grand+Rapids+Grand+Rapids+MI/@42.9704146,-85.6721946,14z",2026-02-10T23:58:35.234Z,
https://www.google.com/maps/place/Austin+Voydanoff/data=!4m7!3m6!1s0x8819adb62e2f3dff:0x9c953121b2a4e9b8!8m2!3d42.969545!4d-85.6634195!16s%2Fg%2F11sd2xzbcp!19sChIJ_z0vLratGYgRuOmksiExlZw,Austin Voydanoff,,,Pediatrician,"330 Barclay Ave NE #300, Grand Rapids, MI 49503, United States","X89P+RJ Grand Rapids, Michigan, USA",,+1 616-391-8810,,https://streetviewpixels-pa.googleapis.com/v1/thumbnail?panoid=_lPGKNznpzuTGphSvfFV9g&cb_client=search.gws-prod.gps&w=408&h=240&yaw=87.81638&pitch=0&thumbfov=100,false,,"https://www.google.com/maps/search/pediatrician+in+Grand+Rapids+Grand+Rapids+MI/@42.9704146,-85.6721946,14z",2026-02-10T23:58:37.677Z,
"https://www.google.com/maps/place/Dr.+Dominic+J.+Sanfilippo+Jr,+MD/data=!4m7!3m6!1s0x8819adc8564fb1a5:0x18856eeb80e4ce9!8m2!3d42.9694389!4d-85.6645136!16s%2Fg%2F1tg4l_db!19sChIJpbFPVsitGYgR6UwOuO5WiAE","Dr. Dominic J. Sanfilippo Jr, MD",,,Pediatrician,"100 Michigan St NE, Grand Rapids, MI 49503, United States","X89P+Q5 Grand Rapids, Michigan, USA",http://www.spectrumhealth.org/,+1 616-391-9000,,https://streetviewpixels-pa.googleapis.com/v1/thumbnail?panoid=OG0yXl5V7BV5AHDDcXWLqQ&cb_client=search.gws-prod.gps&w=408&h=240&yaw=296.293&pitch=0&thumbfov=100,false,,"https://www.google.com/maps/search/pediatrician+in+Grand+Rapids+Grand+Rapids+MI/@42.9704146,-85.6721946,14z",2026-02-10T23:58:40.325Z,
https://www.google.com/maps/place/Dr.+Elizabeth+Prentice/data=!4m7!3m6!1s0x8819adc9cc000001:0x44198b8fc3fcf058!8m2!3d42.969485!4d-85.6649995!16s%2Fg%2F11rwxfsdtc!19sChIJAQAAzMmtGYgRWPD8w4-LGUQ,Dr. Elizabeth Prentice,,,Anesthesiologist,"100 Michigan St NE, Grand Rapids, MI 49503, United States",,https://providers.corewellhealth.org/provider/elizabeth-r-prentice/2779267,+1 616-267-0118,,https://streetviewpixels-pa.googleapis.com/v1/thumbnail?panoid=lm_pyOvG0owT8JSzUoGICA&cb_client=search.gws-prod.gps&w=408&h=240&yaw=178.75272&pitch=0&thumbfov=100,false,,"https://www.google.com/maps/search/pediatrician+in+Grand+Rapids+Grand+Rapids+MI/@42.9704146,-85.6721946,14z",2026-02-10T23:58:42.780Z,
https://www.google.com/maps/place/Randles+Monica+L+MD/data=!4m7!3m6!1s0x8819adc0ffffb519:0x9b175cc2b5593e13!8m2!3d42.9592865!4d-85.6658889!16s%2Fg%2F1262820wg!19sChIJGbX__8CtGYgREz5ZtcJcF5s,Randles Monica L MD,,,Pediatrician,"100 Cherry St SE, Grand Rapids, MI 49503, United States","X85M+PJ Grand Rapids, Michigan, USA",,+1 616-459-4314,,https://streetviewpixels-pa.googleapis.com/v1/thumbnail?panoid=8ulGKI_7KiQtDJTDiVWr-A&cb_client=search.gws-prod.gps&w=408&h=240&yaw=171.94579&pitch=0&thumbfov=100,false,,"https://www.google.com/maps/search/pediatrician+in+Grand+Rapids+Grand+Rapids+MI/@42.9704146,-85.6721946,14z",2026-02-10T23:58:45.559Z,
https://www.google.com/maps/place/Grandville+Pediatrics/data=!4m7!3m6!1s0x8819b07945858195:0x6be5b29eba1eba4b!8m2!3d42.8854009!4d-85.7348936!16s%2Fg%2F1tjbssgv!19sChIJlYGFRXmwGYgRS7oeup6y5Ws,Grandville Pediatrics,4.7,,Pediatrician,"2845 44th St SW #200, Grandville, MI 49418, United States","V7P8+52 Grandville, Michigan, USA",https://grandvillepediatrics.com/,+1 616-538-2410,Closed · Opens 8 am Wed,https://lh3.googleusercontent.com/p/AF1QipOq7X_RprO8MhUO7nskA-dqLnqhkxHj5Yi1_HrI=w408-h272-k-no,true,8 am–5 pm,"https://www.google.com/maps/search/pediatrician+in+Grand+Rapids+Grand+Rapids+MI/@42.9704146,-85.6721946,14z",2026-02-10T23:58:50.272Z,
"https://www.google.com/maps/place/Joseph+Vettukattil,+MD/data=!4m7!3m6!1s0x8819ad9a53b24a27:0x3201635044a9c294!8m2!3d42.9695011!4d-85.6634593!16s%2Fg%2F11h1rjgm72!19sChIJJ0qyU5qtGYgRlMKpRFBjATI","Joseph Vettukattil, MD",5.0,,Pediatric cardiologist,"330 Barclay Ave NE #200, Grand Rapids, MI 49503, United States","X89P+RJ Grand Rapids, Michigan, USA",https://findadoctor.spectrumhealth.org/physician/profile/3149,+1 616-391-2802,,https://streetviewpixels-pa.googleapis.com/v1/thumbnail?panoid=_lPGKNznpzuTGphSvfFV9g&cb_client=search.gws-prod.gps&w=408&h=240&yaw=98.251755&pitch=0&thumbfov=100,false,,"https://www.google.com/maps/search/pediatrician+in+Grand+Rapids+Grand+Rapids+MI/@42.9704146,-85.6721946,14z",2026-02-10T23:58:52.995Z,
https://www.google.com/maps/place/Ayse+Cemeroglu/data=!4m7!3m6!1s0x8819adb63c5d689f:0xf398f5f328b69ff!8m2!3d42.970102!4d-85.6631997!16s%2Fg%2F11k3_jvrl0!19sChIJn2hdPLatGYgR_2mLMl-POQ8,Ayse Cemeroglu,,,Pediatric endocrinologist,"230 Michigan St NE #101, Grand Rapids, MI 49503, United States","X8CP+2P Grand Rapids, Michigan, USA",,+1 616-391-3933,,https://streetviewpixels-pa.googleapis.com/v1/thumbnail?panoid=Ccj3ZclsJiPA0Vispntgcg&cb_client=search.gws-prod.gps&w=408&h=240&yaw=221.89746&pitch=0&thumbfov=100,false,,"https://www.google.com/maps/search/pediatrician+in+Grand+Rapids+Grand+Rapids+MI/@42.9704146,-85.6721946,14z",2026-02-10T23:58:55.491Z,
"https://www.google.com/maps/place/Stanley+Sedore,+MD,+PhD/data=!4m7!3m6!1s0x8819ad3fa26939b5:0xe358857a3c686972!8m2!3d42.9708848!4d-85.6670343!16s%2Fg%2F11gxh4jzrr!19sChIJtTlpoj-tGYgRcmloPHqFWOM","Stanley Sedore, MD, PhD",5.0,,Pediatric cardiologist,"25 Michigan St NE #4200, Grand Rapids, MI 49503, United States","X8CM+95 Grand Rapids, Michigan, USA",https://findadoctor.spectrumhealth.org/physician/profile/5083?utm_source=GoogleBusiness&utm_content=Homepage,+1 616-267-9150,,https://lh3.googleusercontent.com/p/AF1QipMeSKNA6xr1U9O6w8iyKWrctH-XUnPl7N5IVVei=w408-h612-k-no,true,,"https://www.google.com/maps/search/pediatrician+in+Grand+Rapids+Grand+Rapids+MI/@42.9704146,-85.6721946,14z",2026-02-10T23:58:57.881Z,
"https://www.google.com/maps/place/Daniel+Watkins/@42.969525,-85.66345,17z/data=!3m1!4b1!4m6!3m5!1s0x8819adb62e3beb6f:0x79376727657e2677!8m2!3d42.969525!4d-85.66345!16s%2Fg%2F11sc_y9pz8",Daniel Watkins,,,Pediatric surgeon,"330 Barclay Ave NE #202, Grand Rapids, MI 49503, United States","X89P+RJ Grand Rapids, Michigan, USA",,+1 616-458-0061,,,false,,"https://www.google.com/maps/search/pediatrician+in+Grand+Rapids+Grand+Rapids+MI/@42.9704146,-85.6721946,14z",2026-02-10T23:59:02.407Z,
"https://www.google.com/maps/place/Allison+Long,+MD/data=!4m7!3m6!1s0x8819adc8564fb1a5:0x427485d701d05cb!8m2!3d42.969485!4d-85.6649995!16s%2Fg%2F1tg79nh2!19sChIJpbFPVsitGYgRywUdcF1IJwQ","Allison Long, MD",,,Pediatrician,"100 Michigan St NE Room 280, Grand Rapids, MI 49503, United States","X89P+Q2 Grand Rapids, Michigan, USA",https://findadoctor.spectrumhealth.org/physician/profile/6351?name=Allison%20Long,+1 616-267-0011,,https://lh3.googleusercontent.com/p/AF1QipMSLsSQdmMjPhitnUY3kRns93gITwS3aD6chInA=w408-h611-k-no,true,,"https://www.google.com/maps/search/pediatrician+in+Grand+Rapids+Grand+Rapids+MI/@42.9704146,-85.6721946,14z",2026-02-10T23:59:05.198Z,
"https://www.google.com/maps/place/Christopher+Ratnasamy,+MD/data=!4m7!3m6!1s0x8819ad1fe6de41b1:0x5f0b356525c0d6ff!8m2!3d42.9710987!4d-85.6671932!16s%2Fg%2F11gxh4jzrs!19sChIJsUHe5h-tGYgR_9bAJWU1C18","Christopher Ratnasamy, MD",5.0,,Pediatric cardiologist,"25 Michigan St NE #4200, Grand Rapids, MI 49503, United States","X8CM+C4 Grand Rapids, Michigan, USA",https://findadoctor.spectrumhealth.org/physician/profile/2437?utm_source=GoogleBusiness&utm_content=Homepage,+1 616-267-9150,,https://lh3.googleusercontent.com/p/AF1QipMM1o2Z-0uGrjFzibiHqJA54j_wrwoOe-IHI1gI=w408-h612-k-no,true,,"https://www.google.com/maps/search/pediatrician+in+Grand+Rapids+Grand+Rapids+MI/@42.9704146,-85.6721946,14z",2026-02-10T23:59:08.127Z,
https://www.google.com/sorry/index,,,,,,,,,,,true,,"https://www.google.com/maps/search/pediatrician+in+Grand+Rapids+Grand+Rapids+MI/@42.9704146,-85.6721946,14z",2026-02-10T23:59:17.251Z,
https://www.google.com/sorry/index,,,,,,,,,,,true,,"https://www.google.com/maps/search/pediatrician+in+Grand+Rapids+Grand+Rapids+MI/@42.9704146,-85.6721946,14z",2026-02-10T23:59:26.534Z,
https://www.google.com/sorry/index,,,,,,,,,,,true,,"https://www.google.com/maps/search/pediatrician+in+Grand+Rapids+Grand+Rapids+MI/@42.9704146,-85.6721946,14z",2026-02-10T23:59:35.693Z,
https://www.google.com/sorry/index,,,,,,,,,,,true,,"https://www.google.com/maps/search/pediatrician+in+Grand+Rapids+Grand+Rapids+MI/@42.9704146,-85.6721946,14z",2026-02-10T23:59:44.657Z,
https://www.google.com/sorry/index,,,,,,,,,,,true,,"https://www.google.com/maps/search/pediatrician+in+Grand+Rapids+Grand+Rapids+MI/@42.9704146,-85.6721946,14z",2026-02-10T23:59:53.556Z,
https://www.google.com/sorry/index,,,,,,,,,,,true,,"https://www.google.com/maps/search/pediatrician+in+Grand+Rapids+Grand+Rapids+MI/@42.9704146,-85.6721946,14z",2026-02-11T00:00:02.886Z,
https://www.google.com/sorry/index,,,,,,,,,,,true,,"https://www.google.com/maps/search/pediatrician+in+Grand+Rapids+Grand+Rapids+MI/@42.9704146,-85.6721946,14z",2026-02-11T00:00:12.072Z,
https://www.google.com/sorry/index,,,,,,,,,,,true,,"https://www.google.com/maps/search/pediatrician+in+Grand+Rapids+Grand+Rapids+MI/@42.9704146,-85.6721946,14z",2026-02-11T00:00:21.058Z,
https://www.google.com/sorry/index,,,,,,,,,,,true,,"https://www.google.com/maps/search/pediatrician+in+Grand+Rapids+Grand+Rapids+MI/@42.9704146,-85.6721946,14z",2026-02-11T00:00:30.282Z,
https://www.google.com/sorry/index,,,,,,,,,,,true,,"https://www.google.com/maps/search/pediatrician+in+Grand+Rapids+Grand+Rapids+MI/@42.9704146,-85.6721946,14z",2026-02-11T00:00:39.447Z,
https://www.google.com/sorry/index,,,,,,,,,,,true,,"https://www.google.com/maps/search/pediatrician+in+Grand+Rapids+Grand+Rapids+MI/@42.9704146,-85.6721946,14z",2026-02-11T00:00:48.527Z,
https://www.google.com/sorry/index,,,,,,,,,,,true,,"https://www.google.com/maps/search/pediatrician+in+Grand+Rapids+Grand+Rapids+MI/@42.9704146,-85.6721946,14z",2026-02-11T00:00:57.932Z,