placeUrl,title,rating,reviewCount,category,address,plusCode,website,phoneNumber,currentStatus,imgUrl,isClaimed,wednesday,thursday,friday,saturday,sunday,monday,tuesday,query,timestamp,info,error,isBlackOwned,attributes
"https://www.google.com/maps/place/Suncrest+Hospice+-+Richmond,+VA/data=!4m7!3m6!1s0x89b11524da61f18f:0x4641885e79fdd22e!8m2!3d37.6046979!4d-77.5333904!16s%2Fg%2F11tfytvzf_!19sChIJj_Fh2iQVsYkRLtL9eV6IQUY","Suncrest Hospice - Richmond, VA",4.4,27,Hospice,"7301 Forest Ave #110, Richmond, VA 23226, United States","JF38+VJ Richmond, Virginia, USA",http://suncrestcare.com/,+1 804-905-6740,Open 24 hours,https://lh3.googleusercontent.com/p/AF1QipP_aZxv_G-axubbywrI3Ki7sFvIjyfT7MBx6IqE=w408-h317-k-no,true,Open 24 hours,Open 24 hours,Open 24 hours,Open 24 hours,Open 24 hours,Open 24 hours,Open 24 hours,"https://www.google.com/maps/search/Hospice+clinics+in+Richmond+Richmond+VA/@37.5407246,-77.4360481,14z",2025-09-18T00:08:39.627Z,,,,
https://www.google.com/maps/place/Hospice+of+Virginia/data=!4m7!3m6!1s0x89b114e4426f11bf:0xb3584b7e44b18311!8m2!3d37.589597!4d-77.4921127!16s%2Fg%2F1tcy9scg!19sChIJvxFvQuQUsYkREYOxRH5LWLM,Hospice of Virginia,4.5,150,Home health care service,"2235 Staples Mill Rd #100, Richmond, VA 23230, United States","HGQ5+R5 Richmond, Virginia, USA",https://hospiceofvirginia.com/?y_source=1_MTQ4MTI4MTQtNzE1LWxvY2F0aW9uLndlYnNpdGU%3D,+1 804-281-0451,Open 24 hours,https://lh3.googleusercontent.com/p/AF1QipPTTpxcjf46xIB9iiJUhlALlJgWCU4zm928C26a=w408-h408-k-no,true,Open 24 hours,Open 24 hours,Open 24 hours,Open 24 hours,Open 24 hours,Open 24 hours,Open 24 hours,"https://www.google.com/maps/search/Hospice+clinics+in+Richmond+Richmond+VA/@37.5407246,-77.4360481,14z",2025-09-18T00:08:45.127Z,,,,
https://www.google.com/maps/place/Bon+Secours+Hospice+by+Compassus/data=!4m7!3m6!1s0x89b13d85954d32d5:0x5d8c462820ecfbd8!8m2!3d37.5405227!4d-77.4083546!16s%2Fg%2F1tftxv5z!19sChIJ1TJNlYU9sYkR2PvsIChGjF0,Bon Secours Hospice by Compassus,4.2,5,Hospice,"2603 Nine Mile Rd Suite 220, Richmond, VA 23223, United States","GHRR+6M Richmond, Virginia, USA",https://www.compassus.com/locations/virginia/richmond-hospice/,+1 804-627-5360,"Open 24 hours

Updated by this business 4 weeks ago",https://streetviewpixels-pa.googleapis.com/v1/thumbnail?panoid=tv1aKwEuKswnFAX0Hp5Ogw&cb_client=search.gws-prod.gps&w=408&h=240&yaw=176.30467&pitch=0&thumbfov=100,true,Open 24 hours,Open 24 hours,Open 24 hours,Open 24 hours,Open 24 hours,Open 24 hours,Open 24 hours,"https://www.google.com/maps/search/Hospice+clinics+in+Richmond+Richmond+VA/@37.5407246,-77.4360481,14z",2025-09-18T00:08:50.523Z,,,,
https://www.google.com/maps/place/Enhabit+Hospice/data=!4m7!3m6!1s0x89b16d4101473319:0xbaa9a34f644f1068!8m2!3d37.4971758!4d-77.5582774!16s%2Fg%2F1q64m68mv!19sChIJGTNHAUFtsYkRaBBPZE-jqbo,Enhabit Hospice,4.8,16,Hospice,"100 Gateway Centre Pkwy #205b, Richmond, VA 23235, United States","FCWR+VM Richmond, Virginia, USA",https://www.ehab.com/?utm_source=gmb&utm_medium=chatmeter,+1 804-726-2855,"Open 24 hours

Confirmed by this business 4 weeks ago",https://lh3.googleusercontent.com/p/AF1QipN0hDGfONBoq2XfOVkKfdm_47x968Qy4tKxq21v=w408-h306-k-no,true,Open 24 hours,Open 24 hours,Open 24 hours,Open 24 hours,Open 24 hours,Open 24 hours,Open 24 hours,"https://www.google.com/maps/search/Hospice+clinics+in+Richmond+Richmond+VA/@37.5407246,-77.4360481,14z",2025-09-18T00:08:55.348Z,Identifies as women-owned,,,
https://www.google.com/maps/place/Serenity+First+Hospice/data=!4m7!3m6!1s0x89b115fbfa0dc1ab:0x951c9f255f46039d!8m2!3d37.5801756!4d-77.4965679!16s%2Fg%2F11s09z_y56!19sChIJq8EN-vsVsYkRnQNGXyWfHJU,Serenity First Hospice,4.5,4,Hospice,"4915 Fitzhugh Ave, Richmond, VA 23230, United States","HGJ3+39 Richmond, Virginia, USA",http://serenityfirsthospice.com/,+1 804-562-5777,Closed ⋅ Opens 8:30 am Thu,https://lh3.googleusercontent.com/p/AF1QipMawap5tOz6qqoJrosfP3a3NLC0xgn5IemidTVm=w408-h544-k-no,true,8:30 am–5 pm,8:30 am–5 pm,8:30 am–5 pm,Closed,Closed,8:30 am–5 pm,8:30 am–5 pm,"https://www.google.com/maps/search/Hospice+clinics+in+Richmond+Richmond+VA/@37.5407246,-77.4360481,14z",2025-09-18T00:09:00.351Z,,,,
https://www.google.com/maps/place/Legacy+Hospice/data=!4m7!3m6!1s0x89b114e3c73a10b1:0xcdd23ae190fb1503!8m2!3d37.6020802!4d-77.5077977!16s%2Fg%2F11hbg9cm2g!19sChIJsRA6x-MUsYkRAxX7kOE60s0,Legacy Hospice,5.0,13,Hospice,"5540 Falmouth St #200, Richmond, VA 23230, United States","JF2R+RV Richmond, Virginia, USA",http://www.legacy-hospice.com/,+1 804-528-5883,Closed ⋅ Opens 8 am Thu,https://lh3.googleusercontent.com/p/AF1QipMuTpvw5XD346PA8cbhmKAE6dVAZJ1SodsLRwJ0=w408-h272-k-no,true,8 am–4:30 pm,8 am–4:30 pm,8 am–4:30 pm,Open 24 hours,Open 24 hours,8 am–4:30 pm,8 am–4:30 pm,"https://www.google.com/maps/search/Hospice+clinics+in+Richmond+Richmond+VA/@37.5407246,-77.4360481,14z",2025-09-18T00:09:05.347Z,,,,
"https://www.google.com/maps/place/Bristol+Hospice+-+Richmond/@37.5079419,-77.5282968,17z/data=!3m1!4b1!4m6!3m5!1s0x89b113c25baa5c61:0x996560b8fb38fa9a!8m2!3d37.5079419!4d-77.5282968!16s%2Fg%2F11kj4269g8",Bristol Hospice - Richmond,4.5,16,Hospice,"7400 Beaufont Springs Dr #105, Richmond, VA 23225, United States","GF5C+5M Richmond, Virginia, USA",https://bristolhospice.com/,+1 804-554-5530,"Open 24 hours

Confirmed by this business 7 weeks ago",,true,Open 24 hours,Open 24 hours,Open 24 hours,Open 24 hours,Open 24 hours,Open 24 hours,Open 24 hours,"https://www.google.com/maps/search/Hospice+clinics+in+Richmond+Richmond+VA/@37.5407246,-77.4360481,14z",2025-09-18T00:09:12.254Z,,,,
https://www.google.com/maps/place/Bon+Secours+Palliative+Medicine/data=!4m7!3m6!1s0x89b1146112a64105:0x27069fe3a0dabf87!8m2!3d37.584333!4d-77.5126906!16s%2Fg%2F1pt_m6b23!19sChIJBUGmEmEUsYkRh7_aoOOfBic,Bon Secours Palliative Medicine,3.7,3,Hospice,"5855 Bremo Road MOB North, Suite 403, Richmond, VA 23226, United States","HFMP+PW Richmond, Virginia, USA",https://www.bonsecours.com/locations/specialty-locations/hospice-palliative-care/bon-secours-palliative-medicine-st-marys?utm_source=google&utm_medium=organic&utm_content=local_website_link,+1 804-288-2673,Closed ⋅ Opens 8 am Thu,https://streetviewpixels-pa.googleapis.com/v1/thumbnail?panoid=9Q9I4B2WHBmoqSwUmFm4BA&cb_client=search.gws-prod.gps&w=408&h=240&yaw=98.92363&pitch=0&thumbfov=100,true,8 am–4:30 pm,8 am–4:30 pm,8 am–4:30 pm,Closed,Closed,8 am–4:30 pm,8 am–4:30 pm,"https://www.google.com/maps/search/Hospice+clinics+in+Richmond+Richmond+VA/@37.5407246,-77.4360481,14z",2025-09-18T00:09:17.443Z,,,,
https://www.google.com/maps/place/Gentiva+Hospice/data=!4m7!3m6!1s0x89b114c4b400f537:0xbb47a26c8750715b!8m2!3d37.5024851!4d-77.5809445!16s%2Fg%2F119vr_9p6!19sChIJN_UAtMQUsYkRW3FQh2yiR7s,Gentiva Hospice,4.1,13,Hospice,"808 Moorefield Park Dr Ste 113, Richmond, VA 23236, United States","GC29+XJ Richmond, Virginia, USA",https://www.gentivahs.com/,+1 804-290-4300,Open 24 hours,https://lh3.googleusercontent.com/p/AF1QipM1jvCBdUThmsaEXoUwgM9TkaMfCs6AsFIVRfzc=w426-h240-k-no,true,Open 24 hours,Open 24 hours,Open 24 hours,Open 24 hours,Open 24 hours,Open 24 hours,Open 24 hours,"https://www.google.com/maps/search/Hospice+clinics+in+Richmond+Richmond+VA/@37.5407246,-77.4360481,14z",2025-09-18T00:09:22.303Z,,,,
https://www.google.com/maps/place/Trinity+Hospice/data=!4m7!3m6!1s0x89b16dfda32d8051:0xdebc45e5fadc0b4d!8m2!3d37.5014517!4d-77.5811041!16s%2Fg%2F11k4yclrpd!19sChIJUYAto_1tsYkRTQvc-uVFvN4,Trinity Hospice,4.9,18,Hospice,"804 Moorefield Park Dr #305, North Chesterfield, VA 23236, United States","GC29+HH North Chesterfield, Richmond, VA, USA",https://trinityhospice.com/about-us,+1 804-613-4529,Closed ⋅ Opens 8:30 am Thu,https://streetviewpixels-pa.googleapis.com/v1/thumbnail?panoid=CHosQPZSTqbZVZxrxBX-ig&cb_client=search.gws-prod.gps&w=408&h=240&yaw=180.76695&pitch=0&thumbfov=100,false,8:30 am–5 pm,8:30 am–5 pm,8:30 am–5 pm,Closed,Closed,8:30 am–5 pm,8:30 am–5 pm,"https://www.google.com/maps/search/Hospice+clinics+in+Richmond+Richmond+VA/@37.5407246,-77.4360481,14z",2025-09-18T00:09:27.195Z,,,,
https://www.google.com/maps/place/Traditions+Health+Hospice/data=!4m7!3m6!1s0x89b16ab06df37c39:0x37e947f8e1c5cf43!8m2!3d37.6471786!4d-77.5722407!16s%2Fg%2F1tdfp43m!19sChIJOXzzbbBqsYkRQ8_F4fhH6Tc,Traditions Health Hospice,4.8,18,Hospice,"10128 W Broad St Suite A, Glen Allen, VA 23060, United States","JCWH+V4 Glen Allen, Virginia, USA",https://www.traditionshealth.com/locations/glen-allen-va/?utm_source=google&utm_medium=organic&utm_campaign=gbp-listing&utm_content=glen-allen-va,+1 804-290-0951,Open 24 hours,https://lh3.googleusercontent.com/p/AF1QipMWWeKH4rf24bNfYMzu8y19tOB7a8cj2jacCxJ7=w408-h271-k-no,true,Open 24 hours,Open 24 hours,Open 24 hours,Open 24 hours,Open 24 hours,Open 24 hours,Open 24 hours,"https://www.google.com/maps/search/Hospice+clinics+in+Richmond+Richmond+VA/@37.5407246,-77.4360481,14z",2025-09-18T00:09:32.186Z,,,,
https://www.google.com/maps/place/James+River+Home+Health+and+Hospice/data=!4m7!3m6!1s0x89b16d56e7f22e39:0xdc25b38e90316fc7!8m2!3d37.493397!4d-77.566851!16s%2Fg%2F11f33m605g!19sChIJOS7y51ZtsYkRx28xkI6zJdw,James River Home Health and Hospice,3.3,35,Home health care service,"9100 Arboretum Pkwy #290, Richmond, VA 23236, United States","FCVM+97 Richmond, Virginia, USA",http://jamesriverhh.com/,+1 804-272-3300,Closed ⋅ Opens 8 am Thu,https://streetviewpixels-pa.googleapis.com/v1/thumbnail?panoid=ZsR2oRE1UKzmcMky7MFMrQ&cb_client=search.gws-prod.gps&w=408&h=240&yaw=110.380226&pitch=0&thumbfov=100,true,8 am–5 pm,8 am–5 pm,8 am–5 pm,Closed,Closed,8 am–5 pm,8 am–5 pm,"https://www.google.com/maps/search/Hospice+clinics+in+Richmond+Richmond+VA/@37.5407246,-77.4360481,14z",2025-09-18T00:09:37.032Z,,,,
https://www.google.com/maps/place/ACG+Hospice/data=!4m7!3m6!1s0x89b115ffb8e5173b:0xfd266258eedc68c7!8m2!3d37.6060526!4d-77.5273868!16s%2Fg%2F11yb55c4ky!19sChIJOxfluP8VsYkRx2jc7lhiJv0,ACG Hospice,5.0,3,Hospice,"7130 Glen Forest Dr ste 203, Richmond, VA 23226, United States","JF4F+C2 Richmond, Virginia, USA",https://acghospice.com/,+1 866-260-2296,Open 24 hours,https://lh3.googleusercontent.com/p/AF1QipM5cVTEvuEoP2DkoG06uIsnQ_1jsFL_QnFNykGR=w555-h240-k-no,true,Open 24 hours,Open 24 hours,Open 24 hours,Open 24 hours,Open 24 hours,Open 24 hours,Open 24 hours,"https://www.google.com/maps/search/Hospice+clinics+in+Richmond+Richmond+VA/@37.5407246,-77.4360481,14z",2025-09-18T00:09:41.932Z,,,,
https://www.google.com/maps/place/Enlight+Hospice+of+VA/data=!4m7!3m6!1s0x2b1d55c386fbb09:0xa4198015ee3c8aef!8m2!3d37.5246815!4d-77.493343!16s%2Fg%2F11x03fwxkg!19sChIJCbtvOFzVsQIR74o87hWAGaQ,Enlight Hospice of VA,5.0,5,Hospice,,,https://enlightvirginiahospice.com/,+1 804-471-4588,Open 24 hours,https://lh3.googleusercontent.com/p/AF1QipNpLFA6YV2839bTtNvJ918u_gCuFu4dnFLMBKNM=w506-h240-k-no,true,Open 24 hours,Open 24 hours,Open 24 hours,Open 24 hours,Open 24 hours,Open 24 hours,Open 24 hours,"https://www.google.com/maps/search/Hospice+clinics+in+Richmond+Richmond+VA/@37.5407246,-77.4360481,14z",2025-09-18T00:09:46.708Z,,,,
https://www.google.com/maps/place/Retreat+Doctors%27+Hospital/data=!4m7!3m6!1s0x89b113fd205bb3bb:0xb4f3117543c4e79!8m2!3d37.5541672!4d-77.4730592!16s%2Fg%2F1tf36v5y!19sChIJu7NbIP0TsYkReU48VBcxTws,Retreat Doctors' Hospital,4.6,1328,Hospital,"2621 Grove Ave, Richmond, VA 23220, United States","HG3G+MQ Richmond, Virginia, USA",https://www.hcavirginia.com/locations/retreat-doctors-hospital?utm_campaign=corp_listings_mgmt&utm_source=google&utm_medium=business_listing,+1 804-254-5100,,https://lh3.googleusercontent.com/p/AF1QipNwuAUyQgEv2g7nd7O2aNSumyuzJ3Um0shBBhyf=w427-h240-k-no,true,Open 24 hours,Open 24 hours,Open 24 hours,Open 24 hours,Open 24 hours,Open 24 hours,Open 24 hours,"https://www.google.com/maps/search/Hospice+clinics+in+Richmond+Richmond+VA/@37.5407246,-77.4360481,14z",2025-09-18T00:09:51.605Z,,,,
https://www.google.com/maps/place/Bon+Secours+Community+Hospice+House/data=!4m7!3m6!1s0x89b16d46d9cd465b:0x1b99eecd1003f315!8m2!3d37.5087534!4d-77.578844!16s%2Fg%2F11bwyr7q29!19sChIJW0bN2UZtsYkRFfMDEM3umRs,Bon Secours Community Hospice House,4.6,28,Hospice,"1133 Old Bon Air Rd, Richmond, VA 23235, United States","GC5C+GF Richmond, Virginia, USA",http://communityhospicehouse.com/,+1 804-309-3660,Open 24 hours,https://lh3.googleusercontent.com/gps-cs-s/AC9h4npYFOa6LHR5zMoYLbiE1zX3mDBmVbOtg6IKPgG4VCZayX_qW2pR5m3IrmkNHmzExFFScKncxyOvP92d8NtKjabAZMyrKKXyMGlMK7x95ePb_RJcJZiMQt3bSBpLv4hUwwNO6MND=w408-h544-k-no,true,Open 24 hours,Open 24 hours,Open 24 hours,Open 24 hours,Open 24 hours,Open 24 hours,Open 24 hours,"https://www.google.com/maps/search/Hospice+clinics+in+Richmond+Richmond+VA/@37.5407246,-77.4360481,14z",2025-09-18T00:09:56.485Z,,,,
https://www.google.com/maps/place/Amedisys+Hospice+Care/data=!4m7!3m6!1s0x89b114c496611d85:0x83e52b4886379d88!8m2!3d37.6873635!4d-77.5900411!16s%2Fg%2F1tghqg8l!19sChIJhR1hlsQUsYkRiJ03hkgr5YM,Amedisys Hospice Care,4.1,9,Hospice,"201 Concourse Blvd Suite 250, Glen Allen, VA 23059, United States","MCP5+WX Glen Allen, Virginia, USA",https://locations.amedisys.com/va/glen-allen/hospice-1759/?utm_source=google&utm_medium=organic&utm_campaign=locallisting,+1 804-282-4364,Open 24 hours,https://lh3.googleusercontent.com/p/AF1QipNnRtw_1Z7jd16pQDP_gYeEyuVz3XZeRFwskDhw=w426-h240-k-no,true,Open 24 hours,Open 24 hours,Open 24 hours,Open 24 hours,Open 24 hours,Open 24 hours,Open 24 hours,"https://www.google.com/maps/search/Hospice+clinics+in+Richmond+Richmond+VA/@37.5407246,-77.4360481,14z",2025-09-18T00:10:01.404Z,,,,
https://www.google.com/maps/place/Medi+Home+Hospice/data=!4m7!3m6!1s0x89b114c57956538b:0xd6ddeddd34c1d373!8m2!3d37.6577556!4d-77.5746851!16s%2Fg%2F1tctmn_z!19sChIJi1NWecUUsYkRc9PBNN3t3dY,Medi Home Hospice,3.7,3,Hospice,"4461 Cox Rd #100, Glen Allen, VA 23060, United States","MC5G+44 Glen Allen, Virginia, USA",https://www.msahealthcare.com/,+1 804-282-4301,Closed ⋅ Opens 8 am Thu,https://lh3.googleusercontent.com/p/AF1QipMaRYB84JHmcIAvKYQqP-ZgbxJbQ3jAPrOawdhk=w427-h240-k-no,true,8 am–5 pm,8 am–5 pm,8 am–5 pm,Closed,Closed,8 am–5 pm,8 am–5 pm,"https://www.google.com/maps/search/Hospice+clinics+in+Richmond+Richmond+VA/@37.5407246,-77.4360481,14z",2025-09-18T00:10:06.412Z,,,,
"https://www.google.com/maps/place/Noah's+Children/@37.5854489,-77.5145929,17z/data=!3m1!4b1!4m6!3m5!1s0x89b1146165d0ef15:0x8f36a0920839ecfe!8m2!3d37.5854489!4d-77.5145929!16s%2Fg%2F11g0k223ry",Noah's Children,,,Hospice,"1501 Maple Ave, Richmond, VA 23226, United States","HFPP+55 Richmond, Virginia, USA",http://www.noahschildren.org/contact-us/,+1 804-287-7686,,,false,,,,,,,,"https://www.google.com/maps/search/Hospice+clinics+in+Richmond+Richmond+VA/@37.5407246,-77.4360481,14z",2025-09-18T00:10:11.079Z,,,,
https://www.google.com/maps/place/Affinity+Care+of+Virginia/data=!4m7!3m6!1s0x89b16f5da9fdc859:0x8650be2d50095905!8m2!3d37.5533395!4d-77.6683122!16s%2Fg%2F11pxs3b5y4!19sChIJWcj9qV1vsYkRBVkJUC2-UIY,Affinity Care of Virginia,4.6,17,Hospice,"3736 Winterfield Rd Suite 202, Midlothian, VA 23113, United States","H83J+8M Midlothian, Virginia, USA",https://affinityhealthmanagement.com/virginia/,+1 804-460-6550,Open 24 hours,https://streetviewpixels-pa.googleapis.com/v1/thumbnail?panoid=gfnCodPzbIycSJBoglp76Q&cb_client=search.gws-prod.gps&w=408&h=240&yaw=333.92487&pitch=0&thumbfov=100,true,Open 24 hours,Open 24 hours,Open 24 hours,Open 24 hours,Open 24 hours,Open 24 hours,Open 24 hours,"https://www.google.com/maps/search/Hospice+clinics+in+Richmond+Richmond+VA/@37.5407246,-77.4360481,14z",2025-09-18T00:10:16.027Z,,,,
https://www.google.com/maps/place/Bon+Secours+St.+Mary%27s+Pediatric+Palliative+Care+Services+%28Noah%27s+Children%29/data=!4m7!3m6!1s0x89b1159f5ac61d81:0xf0ca7ca85ec745fd!8m2!3d37.5842884!4d-77.5126772!16s%2Fg%2F11jg7v9wjq!19sChIJgR3GWp8VsYkR_UXHXqh8yvA,Bon Secours St. Mary's Pediatric Palliative Care Services (Noah's Children),,,Medical clinic,"5855 Bremo Rd MOB North, #703, Richmond, VA 23226, United States","HFMP+PW Richmond, Virginia, USA",https://www.bonsecours.com/locations/specialty-locations/pediatrics/bon-secours-st-marys-pediatric-palliative-care-services,+1 804-287-7698,,https://streetviewpixels-pa.googleapis.com/v1/thumbnail?panoid=9Q9I4B2WHBmoqSwUmFm4BA&cb_client=search.gws-prod.gps&w=408&h=240&yaw=104.3492&pitch=0&thumbfov=100,true,,,,,,,,"https://www.google.com/maps/search/Hospice+clinics+in+Richmond+Richmond+VA/@37.5407246,-77.4360481,14z",2025-09-18T00:10:18.533Z,,,,
"https://www.google.com/maps/place/NEW+CENTURY+HOSPICE+OF+RICHMOND,+LLC/data=!4m7!3m6!1s0x89b113f023649e13:0xf3ceb1bb8674c72b!8m2!3d37.5542485!4d-77.483439!16s%2Fg%2F1q6634ztt!19sChIJE55kI_ATsYkRK8d0hruxzvM","NEW CENTURY HOSPICE OF RICHMOND, LLC",,,,"3228 W Cary St, Richmond, VA 23221, United States","HG38+MJ Richmond, Virginia, USA",http://newcenturyhospice.com/contact-us.htm,+1 804-353-2702,Permanently closed,https://streetviewpixels-pa.googleapis.com/v1/thumbnail?panoid=eLG4poPWFmAa20rZfN1xeQ&cb_client=search.gws-prod.gps&w=408&h=240&yaw=49.013184&pitch=0&thumbfov=100,true,,,,,,,,"https://www.google.com/maps/search/Hospice+clinics+in+Richmond+Richmond+VA/@37.5407246,-77.4360481,14z",2025-09-18T00:10:23.146Z,,,,
https://www.google.com/maps/place/Hospice+of+Virginia/data=!4m7!3m6!1s0x89b113fd21de4253:0xd7c6df2e57c44ee8!8m2!3d37.553688!4d-77.472931!16s%2Fg%2F11hbw2rf00!19sChIJU0LeIf0TsYkR6E7EVy7fxtc,Hospice of Virginia,5.0,3,,"2621 Grove Ave, Richmond, VA 23220, United States","HG3G+FR Richmond, Virginia, USA",http://www.hospiceofvirginia.com/locations,+1 804-200-1810,Permanently closed,https://lh3.googleusercontent.com/p/AF1QipPzodMvGuRGESL8bzDrqiTA7stozJ7txD7xKMxY=w408-h544-k-no,true,,,,,,,,"https://www.google.com/maps/search/Hospice+clinics+in+Richmond+Richmond+VA/@37.5407246,-77.4360481,14z",2025-09-18T00:10:28.194Z,,,,
https://www.google.com/maps/place/AT+Home+Care+%26+Hospice+-+Richmond/data=!4m7!3m6!1s0x89b119a86e66dfe3:0x6a31284fca3faa8!8m2!3d37.6236856!4d-77.2992984!16s%2Fg%2F11fntg83vq!19sChIJ499mbqgZsYkRqPqj_IQSowY,AT Home Care & Hospice - Richmond,4.6,35,Hospice,"8149 Walnut Grove Rd, Mechanicsville, VA 23111, United States","JPF2+F7 Mechanicsville, Virginia, USA",https://athomecareandhospice.com/locations/mechanicsville-va/?utm_campaign=gmb&utm_medium=organic&utm_source=local,+1 804-358-3480,"Open 24 hours

Confirmed by this business 5 weeks ago",https://lh3.googleusercontent.com/p/AF1QipNqIIcyBns9xQZeLKVI7U6oL7RIMpua8F4oYvaN=w426-h240-k-no,true,Open 24 hours,Open 24 hours,Open 24 hours,Open 24 hours,Open 24 hours,Open 24 hours,Open 24 hours,"https://www.google.com/maps/search/Hospice+clinics+in+Mechanicsville+Richmond+VA/@37.6087561,-77.3733139,14z",2025-09-18T00:10:42.438Z,,,,
https://www.google.com/maps/place/Bon+Secours+Palliative+Medicine/data=!4m7!3m6!1s0x89b1170ac7c20f07:0xfcc6a277787e3bd4!8m2!3d37.6277859!4d-77.3870797!16s%2Fg%2F11h0mwgqpl!19sChIJBw_CxwoXsYkR1Dt-eHeixvw,Bon Secours Palliative Medicine,,,Hospice,"8220 Meadowbridge Rd MOB I, Suite 101, Mechanicsville, VA 23116, United States","JJH7+45 Mechanicsville, Virginia, USA",https://www.bonsecours.com/locations/specialty-locations/hospice-palliative-care/bon-secours-palliative-medicine-mrmc?utm_source=google&utm_medium=organic&utm_content=local_website_link,+1 804-288-2673,Closed ⋅ Opens 8 am Thu,https://streetviewpixels-pa.googleapis.com/v1/thumbnail?panoid=SKPyMa44ctGY2cES2gMG8g&cb_client=search.gws-prod.gps&w=408&h=240&yaw=299.42883&pitch=0&thumbfov=100,true,8 am–5 pm,8 am–5 pm,8 am–5 pm,Closed,Closed,8 am–5 pm,8 am–5 pm,"https://www.google.com/maps/search/Hospice+clinics+in+Mechanicsville+Richmond+VA/@37.6087561,-77.3733139,14z",2025-09-18T00:10:47.148Z,,,,
https://www.google.com/maps/place/Riverside+Home+Health+and+Hospice/data=!4m7!3m6!1s0x89b119bbb625c3e9:0xfe513e57dc777e64!8m2!3d37.6158921!4d-77.3187288!16s%2Fg%2F11ts42xgp1!19sChIJ6cMltrsZsYkRZH533Fc-Uf4,Riverside Home Health and Hospice,5.0,2,Home health care service,"8005 Creighton Pkwy A, Mechanicsville, VA 23111, United States","JM8J+9G Mechanicsville, Virginia, USA",,+1 804-730-5510,Closed ⋅ Opens 8 am Thu,https://lh3.googleusercontent.com/p/AF1QipOwHvgvSaOg23HQBG6kA_vwVLXu-YdGEZyY5bun=w408-h487-k-no,true,8 am–4:30 pm,8 am–4:30 pm,8 am–4:30 pm,Closed,Closed,8 am–4:30 pm,8 am–4:30 pm,"https://www.google.com/maps/search/Hospice+clinics+in+Mechanicsville+Richmond+VA/@37.6087561,-77.3733139,14z",2025-09-18T00:10:52.193Z,,,,
https://www.google.com/maps/place/Riverside+Hospice+Care+Mechanicsville/data=!4m7!3m6!1s0x89b1199b0a89754b:0x34b48429e1acb9b1!8m2!3d37.6158921!4d-77.3187288!16s%2Fg%2F11tsxyry9p!19sChIJS3WJCpsZsYkRsbms4SmEtDQ,Riverside Hospice Care Mechanicsville,,,Hospice,"8005 Creighton Pkwy A, Mechanicsville, VA 23111, United States","JM8J+9G Mechanicsville, Virginia, USA",,+1 804-730-5440,Closed ⋅ Opens 9 am Thu,https://lh3.googleusercontent.com/gps-cs-s/AC9h4no9gPb-810DgPSqd5E_lO87KCQVdKI4AMyaVlNCVOMolsIv65EAFi95uPn5d3tuejszXkS5yw3Cq1qQAwwjsKeXYk0CRov0P0S3hf-WOEYqqYZ0viphcK2qJw82oSM9vy4bcJidRA=w408-h544-k-no,true,9 am–5 pm,9 am–5 pm,9 am–5 pm,Closed,Closed,9 am–5 pm,9 am–5 pm,"https://www.google.com/maps/search/Hospice+clinics+in+Mechanicsville+Richmond+VA/@37.6087561,-77.3733139,14z",2025-09-18T00:10:56.945Z,,,,
https://www.google.com/maps/place/ACG+Hospice/data=!4m7!3m6!1s0x89b108f01a537295:0x43adffb18ffc32f0!8m2!3d37.3583589!4d-77.4448482!16s%2Fg%2F11cncn08qp!19sChIJlXJTGvAIsYkR8DL8j7H_rUM,ACG Hospice,4.3,6,Hospice,"3700 Festival Park Plaza 3rd Floor Ste. B, Chester, VA 23831, United States","9H54+83 Chester, Virginia, USA",https://acghospice.com/,+1 866-260-2296,Open 24 hours,https://streetviewpixels-pa.googleapis.com/v1/thumbnail?panoid=WTXv0tEpI34REojLsylgwg&cb_client=search.gws-prod.gps&w=408&h=240&yaw=63.798073&pitch=0&thumbfov=100,true,Open 24 hours,Open 24 hours,Open 24 hours,Open 24 hours,Open 24 hours,Open 24 hours,Open 24 hours,"https://www.google.com/maps/search/Hospice+clinics+in+Chesterfield+Richmond+VA/@42.3917541,-72.8398172,14z",2025-09-18T00:11:10.493Z,,,,
https://www.google.com/maps/place/ProMedica+Palliative+Care/data=!4m7!3m6!1s0x89b16db334072e59:0x6d429f2c54f9edf6!8m2!3d37.5076729!4d-77.5972522!16s%2Fg%2F11qh1x5226!19sChIJWS4HNLNtsYkR9u35VCyfQm0,ProMedica Palliative Care,,,Hospice,"10800 Midlothian Tpke #303, Bon Air, VA 23235, United States","GC53+33 Bon Air, Virginia, USA",https://www.promedica.org/locations-and-doctors/locations/palliative-care/what-is-palliative-care,+1 804-288-0235,Open 24 hours,https://lh3.googleusercontent.com/p/AF1QipOH735cc1yjx7D1yUevAnFAIv50EGg8XKN71sX6=w426-h240-k-no,true,Open 24 hours,Open 24 hours,Open 24 hours,Open 24 hours,Open 24 hours,Open 24 hours,Open 24 hours,"https://www.google.com/maps/search/Hospice+clinics+in+Chesterfield+Richmond+VA/@42.3917541,-72.8398172,14z",2025-09-18T00:11:22.378Z,,,,
https://www.google.com/maps/place/Bon+Secours+Palliative+Medicine/data=!4m7!3m6!1s0x89b10992e59e7c77:0x7bbd1faf64d35867!8m2!3d37.4680626!4d-77.6617077!16s%2Fg%2F11h6fmlmmw!19sChIJd3ye5ZIJsYkRZ1jTZK8fvXs,Bon Secours Palliative Medicine,,,Hospice,"14015 St Francis Blvd Suite 2201, Midlothian, VA 23114, United States","F89Q+68 Midlothian, Virginia, USA",https://www.bonsecours.com/?utm_source=local-listings&utm_medium=organic&utm_content=website_link,+1 804-288-2673,,https://streetviewpixels-pa.googleapis.com/v1/thumbnail?panoid=v3Fft5jcvtEmi8WRCvS6kA&cb_client=search.gws-prod.gps&w=408&h=240&yaw=198.55437&pitch=0&thumbfov=100,true,,,,,,,,"https://www.google.com/maps/search/Hospice+clinics+in+Chesterfield+Richmond+VA/@42.3917541,-72.8398172,14z",2025-09-18T00:11:25.297Z,,,,
https://www.google.com/maps/place/Enhabit+Home+Health/data=!4m7!3m6!1s0x89b1134bb1c6ae57:0xcf4cda969d62ba09!8m2!3d37.4971758!4d-77.5582774!16s%2Fg%2F11fmzybch_!19sChIJV67GsUsTsYkRCbpinZbaTM8,Enhabit Home Health,5.0,5,Home health care service,"100 Gateway Centre Pkwy #205a, Richmond, VA 23235, United States","FCWR+VM Richmond, Virginia, USA",https://www.ehab.com/?utm_source=gmb&utm_medium=chatmeter,+1 804-377-1188,"Open 24 hours

Confirmed by this business 4 weeks ago",https://streetviewpixels-pa.googleapis.com/v1/thumbnail?panoid=6Dko84QvglogoXGM4R9TYA&cb_client=search.gws-prod.gps&w=408&h=240&yaw=271.29794&pitch=0&thumbfov=100,true,Open 24 hours,Open 24 hours,Open 24 hours,Open 24 hours,Open 24 hours,Open 24 hours,Open 24 hours,"https://www.google.com/maps/search/Hospice+clinics+in+Midlothian+Richmond+VA/@37.5011782,-77.5074774,14z",2025-09-18T00:11:41.125Z,Identifies as women-owned,,,
https://www.google.com/maps/place/Chippenham+Hospital/data=!4m7!3m6!1s0x89b112f072b26b97:0x6a1219376e8e1fed!8m2!3d37.5135368!4d-77.5261508!16s%2Fg%2F1tj53gss!19sChIJl2uycvASsYkR7R-ObjcZEmo,Chippenham Hospital,4.1,4704,Hospital,"7101 Jahnke Rd, Richmond, VA 23225, United States","GF7F+CG Richmond, Virginia, USA",https://www.chippenhammed.com/,+1 804-483-0000,,https://lh3.googleusercontent.com/gps-cs-s/AC9h4no26qnv7W6vmqcfne5V5DhDlxCkcq9iUqcQ6llMu7VYIbDnrr51x91Iqnu5XZeKhf31o3Ud0H5-iAQaX9vqJljVtyDIml3wVo3fCzSvVCpvxPC28b_HesTYVAxZK-YkGjOVbcFVGg=w408-h247-k-no,true,Open 24 hours,Open 24 hours,Open 24 hours,Open 24 hours,Open 24 hours,Open 24 hours,Open 24 hours,"https://www.google.com/maps/search/Hospice+clinics+in+Midlothian+Richmond+VA/@37.5011782,-77.5074774,14z",2025-09-18T00:11:46.163Z,,,,
https://www.google.com/maps/place/Laurels+of+Bon+Air/data=!4m7!3m6!1s0x89b16d52e1ff4f2f:0x57b371929e0e971d!8m2!3d37.4967109!4d-77.5637044!16s%2Fg%2F1tgcsrvq!19sChIJL0__4VJtsYkRHZcOnpJxs1c,Laurels of Bon Air,3.9,289,Nursing home,"9101 Bon Air Crossings Dr, Richmond, VA 23235, United States","FCWP+MG Richmond, Virginia, USA",http://www.laurelsofbonair.com/,+1 804-521-9980,Closed ⋅ Opens 9 am Thu,https://lh3.googleusercontent.com/p/AF1QipPmIYgkT9oJc3Wiqx0dGY8-GByOaptTrC5jx4Z-=w426-h240-k-no,true,9 am–5 pm,9 am–5 pm,9 am–5 pm,9 am–5 pm,9 am–5 pm,9 am–5 pm,9 am–5 pm,"https://www.google.com/maps/search/Hospice+clinics+in+Midlothian+Richmond+VA/@37.5011782,-77.5074774,14z",2025-09-18T00:11:58.071Z,,,,
https://www.google.com/maps/place/Hunter+Holmes+McGuire+VA+Medical+Center:+Polytrauma+Transitional+Center/data=!4m7!3m6!1s0x89b11118779af30b:0x55388f33e538a392!8m2!3d37.4979647!4d-77.4667433!16s%2Fg%2F11sd31_slr!19sChIJC_OadxgRsYkRkqM45TOPOFU,Hunter Holmes McGuire VA Medical Center: Polytrauma Transitional Center,5.0,6,Medical clinic,"1201 Broad Rock Blvd Building 500, Richmond, VA 23249, United States","FGXM+58 Richmond, Virginia, USA",https://www.va.gov/richmond-health-care/programs/polytrauma-transitional-rehabilitation-program-ptrp/,+1 804-675-5000,Open 24 hours,https://lh3.googleusercontent.com/gps-cs-s/AC9h4noM-pmJ7h5XWAsiqOkn0FEIowmYpFqHjp4J6ehMHn20SLuqgmiOYIxBYP1QikB5ApEKaoIqtH57Xcol2MhsVbmls8iLkgpSTdefMDi7kKsMIxyckatbP59YWOMN3aBRoselYtK0Ug=w426-h240-k-no,false,Open 24 hours,Open 24 hours,Open 24 hours,Open 24 hours,Open 24 hours,Open 24 hours,Open 24 hours,"https://www.google.com/maps/search/Hospice+clinics+in+Midlothian+Richmond+VA/@37.5011782,-77.5074774,14z",2025-09-18T00:12:03.013Z,,,,
https://www.google.com/maps/place/Beaufont+Health+%26+Rehabilitation+Center/data=!4m7!3m6!1s0x89b112f24ffa5979:0x96f1a5c45ffc3e8a!8m2!3d37.5055578!4d-77.5257031!16s%2Fg%2F1tggphwt!19sChIJeVn6T_ISsYkRij78X8Sl8ZY,Beaufont Health & Rehabilitation Center,4.3,221,Rehabilitation center,"200 Hioaks Rd, Richmond, VA 23225, United States","GF4F+6P Richmond, Virginia, USA",https://www.mfa.net/center/beaufont-health-rehabilitation-center,+1 804-272-2918,Closed ⋅ Opens 8 am Thu,https://lh3.googleusercontent.com/p/AF1QipPPwNPgs74osheGDg8nKORjDRd4SlXHWmPpxlC7=w408-h240-k-no,true,8 am–8 pm,8 am–8 pm,8 am–8 pm,8 am–8 pm,8 am–8 pm,8 am–8 pm,8 am–8 pm,"https://www.google.com/maps/search/Hospice+clinics+in+Midlothian+Richmond+VA/@37.5011782,-77.5074774,14z",2025-09-18T00:12:07.889Z,,,,
https://www.google.com/maps/place/Crater+Community+Hospice+and+Thrift+Shop/data=!4m7!3m6!1s0x89b16da2367f0125:0xdf0ee62854cdfcc9!8m2!3d37.5048513!4d-77.606228!16s%2Fg%2F11r2jycw4t!19sChIJJQF_NqJtsYkRyfzNVCjmDt8,Crater Community Hospice and Thrift Shop,3.9,60,Thrift store,"11401 Midlothian Tpke, Richmond, VA 23235, United States","G93V+WG Richmond, Virginia, USA",https://cratercommunityhospice.org/,+1 804-417-7500,Closed ⋅ Opens 10 am Thu,https://lh3.googleusercontent.com/p/AF1QipN_l1Rb3D5eDiwTt39lrsWGBqsqYDusll4TNSd5=w435-h240-k-no,true,10 am–7 pm,10 am–7 pm,10 am–7 pm,10 am–7 pm,12–5 pm,10 am–7 pm,10 am–7 pm,"https://www.google.com/maps/search/Hospice+clinics+in+Midlothian+Richmond+VA/@37.5011782,-77.5074774,14z",2025-09-18T00:12:12.690Z,,,,
https://www.google.com/maps/place/HCA+Virginia+Health+System/data=!4m7!3m6!1s0x89b11292accb3303:0x9c4b8ae866f8a6f7!8m2!3d37.5142852!4d-77.5262813!16s%2Fg%2F1td393j2!19sChIJAzPLrJISsYkR96b4ZuiKS5w,HCA Virginia Health System,3.0,8,General hospital,"7101 Jahnke Rd, Richmond, VA 23225, United States","GF7F+PF Richmond, Virginia, USA",http://www.hcavirginia.com/,+1 804-483-0000,,https://streetviewpixels-pa.googleapis.com/v1/thumbnail?panoid=55otMPtkmagYyegKoYfKHA&cb_client=search.gws-prod.gps&w=408&h=240&yaw=202.2318&pitch=0&thumbfov=100,true,,,,,,,,"https://www.google.com/maps/search/Hospice+clinics+in+Midlothian+Richmond+VA/@37.5011782,-77.5074774,14z",2025-09-18T00:12:15.548Z,,,,
"https://www.google.com/maps/place/Chapters+Health+Hospice+-+Richmond,+VA/data=!4m7!3m6!1s0x89b13f375ce4e221:0x247b1b92056e216c!8m2!3d37.6589445!4d-77.5260233!16s%2Fg%2F11ygch03c2!19sChIJIeLkXDc_sYkRbCFuBZIbeyQ","Chapters Health Hospice - Richmond, VA",,,Non-profit organization,"10330 Staples Mill Rd ste 204, Glen Allen, VA 23060, United States","MF5F+HH Glen Allen, Virginia, USA",https://chaptershealth.org/,+1 804-603-9610,"Closed ⋅ Opens 9 am Thu

Updated by this business 8 weeks ago",https://streetviewpixels-pa.googleapis.com/v1/thumbnail?panoid=SVVOdipQT1lqFLgqOSuN_g&cb_client=search.gws-prod.gps&w=408&h=240&yaw=232.54753&pitch=0&thumbfov=100,true,9 am–5 pm,9 am–5 pm,9 am–5 pm,Closed,Closed,9 am–5 pm,9 am–5 pm,"https://www.google.com/maps/search/Hospice+clinics+in+Midlothian+Richmond+VA/@37.5011782,-77.5074774,14z",2025-09-18T00:12:20.277Z,,,,
https://www.google.com/maps/place/Ascend+Hospice+and+Ascend+Home+Health/data=!4m7!3m6!1s0x89b13dc656ace795:0xe4b496601d176a20!8m2!3d37.673667!4d-77.450508!16s%2Fg%2F11btn1cll_!19sChIJleesVsY9sYkRIGoXHWCWtOQ,Ascend Hospice and Ascend Home Health,4.6,9,Hospice,"10571 Telegraph Rd #203, Glen Allen, VA 23059, United States","MGFX+FQ Glen Allen, Virginia, USA",http://www.ascendhealth.com/,+1 866-821-1212,,https://streetviewpixels-pa.googleapis.com/v1/thumbnail?panoid=wnCYqTYzs8Y1YzmE1e5xOQ&cb_client=search.gws-prod.gps&w=408&h=240&yaw=209.75528&pitch=0&thumbfov=100,true,,,,,,,,"https://www.google.com/maps/search/Hospice+clinics+in+Midlothian+Richmond+VA/@37.5011782,-77.5074774,14z",2025-09-18T00:12:23.255Z,,,,
https://www.google.com/maps/place/Southampton+Rehabilitation+%26+Healthcare+Center/data=!4m7!3m6!1s0x89b11310863e061f:0x6406cc12e40015b2!8m2!3d37.5382351!4d-77.5305179!16s%2Fg%2F1tgh8fmr!19sChIJHwY-hhATsYkRshUA5BLMBmQ,Southampton Rehabilitation & Healthcare Center,4.4,481,Nursing home,"7246 Forest Hill Ave, Richmond, VA 23225, United States","GFQ9+7Q Richmond, Virginia, USA",https://southamptonhc.com/?utm_source=google&utm_medium=organic&utm_campaign=gmb&utm_content=main_button,+1 804-320-7901,Open 24 hours,https://lh3.googleusercontent.com/p/AF1QipPDLQ4_RhEsLFYwoSQwrnb9Mba6uwKY9QNdsxYQ=w424-h240-k-no,true,Open 24 hours,Open 24 hours,Open 24 hours,Open 24 hours,Open 24 hours,Open 24 hours,Open 24 hours,"https://www.google.com/maps/search/Hospice+clinics+in+Midlothian+Richmond+VA/@37.5011782,-77.5074774,14z",2025-09-18T00:12:28.335Z,,,,
https://www.google.com/maps/place/Amedisys+Home+Health+Care/data=!4m7!3m6!1s0x89b173eef4b81f33:0xa473f4854bfe3d94!8m2!3d37.4252092!4d-77.6377842!16s%2Fg%2F1tgfq_mw!19sChIJMx-49O5zsYkRlD3-S4X0c6Q,Amedisys Home Health Care,4.4,55,Home health care service,"4589 Lifestyle Ln, Midlothian, VA 23112, United States","C9G6+3V Midlothian, Virginia, USA",https://locations.amedisys.com/va/midlothian/home-health-1704/?utm_source=google&utm_medium=organic&utm_campaign=locallisting,+1 804-639-7903,Closed ⋅ Opens 8 am Thu,https://lh3.googleusercontent.com/p/AF1QipMXZuzm0WXUVtYWscTl4vSR3clv_1T8Grd4UEJI=w426-h240-k-no,true,8 am–5 pm,8 am–5 pm,8 am–5 pm,Closed,Closed,8 am–5 pm,8 am–5 pm,"https://www.google.com/maps/search/Hospice+clinics+in+Midlothian+Richmond+VA/@37.5011782,-77.5074774,14z",2025-09-18T00:12:33.209Z,,,,
https://www.google.com/maps/place/Laurels+of+Willow+Creek/data=!4m7!3m6!1s0x89b16da468757a2b:0x7cc56419cf82204a!8m2!3d37.521801!4d-77.615662!16s%2Fg%2F1tf7s_yw!19sChIJK3p1aKRtsYkRSiCCzxlkxXw,Laurels of Willow Creek,4.3,393,Nursing home,"11611 Robious Rd, Midlothian, VA 23113, United States","G9CM+PP Midlothian, Virginia, USA",http://www.laurelsofwillowcreek.com/,+1 804-379-4771,Closed ⋅ Opens 9 am Thu,https://lh3.googleusercontent.com/p/AF1QipPaNpwNmevvjzk73HaTNLexgIbVdvYfTpCASug=w426-h240-k-no,true,9 am–5 pm,9 am–5 pm,9 am–5 pm,9 am–5 pm,9 am–5 pm,9 am–5 pm,9 am–5 pm,"https://www.google.com/maps/search/Hospice+clinics+in+Midlothian+Richmond+VA/@37.5011782,-77.5074774,14z",2025-09-18T00:12:37.969Z,,,,
https://www.google.com/maps/place/Hospital+to+Home+LLC/data=!4m7!3m6!1s0x89b16de809bcd2b5:0x505c4e111754f0b2!8m2!3d37.609329!4d-77.5243622!16s%2Fg%2F11r_k6rzh0!19sChIJtdK8CehtsYkRsvBUFxFOXFA,Hospital to Home LLC,4.8,76,Transportation service,"2812 Emerywood Pkwy Suite 105, Richmond, VA 23294, United States","JF5G+P7 Richmond, Virginia, USA",https://hospitaltohomellc.com/,+1 804-718-1006,Open 24 hours,https://lh3.googleusercontent.com/p/AF1QipPRhk_X4NYQFELGQo29QMWn9wxsDJGiDkE79gkR=w408-h271-k-no,true,Open 24 hours,Open 24 hours,Open 24 hours,Open 24 hours,Open 24 hours,Open 24 hours,Open 24 hours,"https://www.google.com/maps/search/Hospice+clinics+in+Midlothian+Richmond+VA/@37.5011782,-77.5074774,14z",2025-09-18T00:12:42.911Z,,,,
https://www.google.com/maps/place/Nayar+Health+Care+%26+Hospice+%28NHC%29/data=!4m7!3m6!1s0x89b112f103894e37:0x66bd740398aa8c47!8m2!3d37.7460633!4d-77.4696379!16s%2Fg%2F11fx8zgrts!19sChIJN06JA_ESsYkRR4yqmAN0vWY,Nayar Health Care & Hospice (NHC),4.6,27,Home health care service,"300 Ashcake Rd, Ashland, VA 23005, United States","PGWJ+C4 Ashland, Virginia, USA",https://nayarhealthcare.com/,+1 804-330-5433,Closed ⋅ Opens 8 am Thu,https://lh3.googleusercontent.com/p/AF1QipMEhvKT8jKjLK6zVZeg_auJCkoYkb39AOTzF1DP=w408-h544-k-no,true,8 am–5 pm,8 am–5 pm,8 am–5 pm,Closed,Closed,8 am–5 pm,8 am–5 pm,"https://www.google.com/maps/search/Hospice+clinics+in+Midlothian+Richmond+VA/@37.5011782,-77.5074774,14z",2025-09-18T00:12:47.918Z,,,,
https://www.google.com/maps/place/Central+Virginia+VA+Health+Care+System/data=!4m7!3m6!1s0x89b111f460bd00b3:0xb35a8b4f169fa0d3!8m2!3d37.4960896!4d-77.4666406!16zL20vMDd2Y3I2!19sChIJswC9YPQRsYkR06CfFk-LWrM,Central Virginia VA Health Care System,3.8,414,Veterans hospital,"1201 Broad Rock Blvd, Richmond, VA 23249, United States","FGWM+C8 Richmond, Virginia, USA",https://www.va.gov/richmond-health-care/,+1 804-675-5000,Open 24 hours,https://lh3.googleusercontent.com/gps-cs-s/AC9h4npElWJi8U6_33io1IDPOf__y4xTj04RaOXHrXcWMgM7hYsfuDr97nhvJX_g0KEP8ztBQ3X6bWKrMOYZAbFFMOaqM2QsCZSGJbiZ2Q7DsoWbxqrj4OKNemfRtiR6ROwd_6NyZ2kZyg=w408-h544-k-no,true,Open 24 hours,Open 24 hours,Open 24 hours,Open 24 hours,Open 24 hours,Open 24 hours,Open 24 hours,"https://www.google.com/maps/search/Hospice+clinics+in+Midlothian+Richmond+VA/@37.5011782,-77.5074774,14z",2025-09-18T00:12:52.764Z,,,,
https://www.google.com/maps/place/Johnston-Willis+Hospital/data=!4m7!3m6!1s0x89b16d6d0bb91d0f:0xfe443a11e4d11c8e!8m2!3d37.510606!4d-77.5946555!16s%2Fg%2F11cjg6ln8b!19sChIJDx25C21tsYkRjhzR5BE6RP4,Johnston-Willis Hospital,4.5,5729,Hospital,"1401 Johnston Willis Dr, Richmond, VA 23235, United States",,https://www.hcavirginia.com/locations/johnston-willis-hospital?utm_campaign=corp_listings_mgmt&utm_source=google&utm_medium=business_listing,+1 804-483-5000,,https://lh3.googleusercontent.com/gps-cs-s/AC9h4noC7UR_J4HZF45L6mfgwMrmTP51moJBggF3Mo7FMtr_JqiNNCBNuLnI4630-Y8nenVdJmThj__AKLo3ocmIRJsPeO1O7djtvfeXdKcYVpRp71hPncqyNqaA9CgIdOpLHsMJqOPO=w408-h306-k-no,true,Open 24 hours,Open 24 hours,Open 24 hours,Open 24 hours,Open 24 hours,Open 24 hours,Open 24 hours,"https://www.google.com/maps/search/Hospice+clinics+in+Midlothian+Richmond+VA/@37.5011782,-77.5074774,14z",2025-09-18T00:12:57.861Z,,,,
https://www.google.com/maps/place/Enhabit+Home+Health/data=!4m7!3m6!1s0x89b114dafb30837f:0x9072798bc73af965!8m2!3d37.6045919!4d-77.548091!16s%2Fg%2F1q65fz40m!19sChIJf4Mw-9oUsYkRZfk6x4t5cpA,Enhabit Home Health,4.7,19,Home health care service,"1606 Santa Rosa Rd #134, Richmond, VA 23229, United States","JF32+RQ Richmond, Virginia, USA",https://www.ehab.com/?utm_source=gmb&utm_medium=chatmeter,+1 804-562-4252,"Open 24 hours

Confirmed by this business 5 weeks ago",https://lh3.googleusercontent.com/p/AF1QipM67wXizCss2i6X4sB4zolzSw-OZ3PiV0hlA-LK=w528-h240-k-no,true,Open 24 hours,Open 24 hours,Open 24 hours,Open 24 hours,Open 24 hours,Open 24 hours,Open 24 hours,"https://www.google.com/maps/search/Hospice+clinics+in+Midlothian+Richmond+VA/@37.5011782,-77.5074774,14z",2025-09-18T00:13:02.817Z,,,,
https://www.google.com/maps/place/VCU+Health+%7C+Hospice+at+Home+by+BAYADA/data=!4m7!3m6!1s0x89b115ad730568d7:0x23ee515ec5728f05!8m2!3d37.6079942!4d-77.5120644!16s%2Fg%2F11p_2nrrfy!19sChIJ12gFc60VsYkRBY9yxV5R7iM,VCU Health | Hospice at Home by BAYADA,3.3,9,Home health care service,"6802 Paragon Pl #230, Richmond, VA 23230, United States","JF5Q+55 Richmond, Virginia, USA",https://www.bayada.com/hospice-care/locations/va/richmond/6802-paragon-place-suite-230/40259?utm_source=google&utm_medium=local&utm_campaign=google-my-business&utm_content=local-listings,+1 804-525-1350,Open 24 hours,https://lh3.googleusercontent.com/p/AF1QipO-erjQ7ISBVf_SVxxSediDamvH1S4lbbxHFEJL=w427-h240-k-no,true,Open 24 hours,Open 24 hours,Open 24 hours,Open 24 hours,Open 24 hours,Open 24 hours,Open 24 hours,"https://www.google.com/maps/search/Hospice+clinics+in+Midlothian+Richmond+VA/@37.5011782,-77.5074774,14z",2025-09-18T00:13:07.583Z,LGBTQ+ friendly,,,
https://www.google.com/maps/place/Westport+Rehabilitation+and+Nursing+Center/data=!4m7!3m6!1s0x89b114e406d5f179:0x7e597c9dfb14a6df!8m2!3d37.6060398!4d-77.5329156!16s%2Fg%2F1tfm7jhp!19sChIJefHVBuQUsYkR36YU-518WX4,Westport Rehabilitation and Nursing Center,4.2,490,Nursing home,"7300 Forest Ave, Richmond, VA 23226, United States","JF48+CR Richmond, Virginia, USA",http://www.westporthc.com/,+1 804-287-8600,Closed ⋅ Opens 8 am Thu,https://lh3.googleusercontent.com/gps-cs-s/AC9h4noTCByQHVeO_CzSyEfcNsqj6cCGUf0ohToxJ5l67c8qHFor9lJomJfKdamTbVTDJcyHYAoHdu9Zv3i6j33UMFiYUX9s6wNgERTcwk-m7IyW8deF0AbXfof1jqg1MFarhgWpggqj=w426-h240-k-no,true,8 am–8 pm,8 am–8 pm,8 am–8 pm,8 am–8 pm,8 am–8 pm,8 am–8 pm,8 am–8 pm,"https://www.google.com/maps/search/Hospice+clinics+in+Midlothian+Richmond+VA/@37.5011782,-77.5074774,14z",2025-09-18T00:13:12.746Z,,,,
"https://www.google.com/maps/place/Vidya+Raghavan,+MD/data=!4m7!3m6!1s0x89b115f6f2308699:0xef04dcc60214886a!8m2!3d37.5835401!4d-77.5121699!16s%2Fg%2F11fkmkmwgr!19sChIJmYYw8vYVsYkRaogUAsbcBO8","Vidya Raghavan, MD",1.0,1,Doctor,"5855 Bremo Road, MOB N Suite 403, Richmond, VA 23226, United States","HFMQ+C4 Richmond, Virginia, USA",https://www.bonsecours.com/find-a-doctor/physicians/vidya-raghavan/1860381?utm_source=local-listings&utm_medium=organic&utm_content=website_link,+1 804-288-2673,,https://streetviewpixels-pa.googleapis.com/v1/thumbnail?panoid=nAGxfLy3pryByKPNNrNFaQ&cb_client=search.gws-prod.gps&w=408&h=240&yaw=10.584317&pitch=0&thumbfov=100,true,,,,,,,,"https://www.google.com/maps/search/Hospice+clinics+in+Midlothian+Richmond+VA/@37.5011782,-77.5074774,14z",2025-09-18T00:13:15.403Z,,,,
https://www.google.com/maps/place/Canterbury+Rehabilitation+%26+Healthcare+Center/data=!4m7!3m6!1s0x89b16bcece955555:0xd6b2ed927c270088!8m2!3d37.6155567!4d-77.6368786!16s%2Fg%2F11gg6gmjhy!19sChIJVVWVzs5rsYkRiAAnfJLtstY,Canterbury Rehabilitation & Healthcare Center,4.5,549,Nursing home,"1776 Cambridge Dr, Richmond, VA 23238, United States","J987+66 Richmond, Virginia, USA",https://canterburyrehab.com/?utm_source=google&utm_medium=organic&utm_campaign=gmb&utm_content=main_button,+1 804-740-6174,Open 24 hours,https://lh3.googleusercontent.com/p/AF1QipNfSKmWW3A7O9XO2E4dr2EGrBppocw0BhR9ylo0=w424-h240-k-no,true,Open 24 hours,Open 24 hours,Open 24 hours,Open 24 hours,Open 24 hours,Open 24 hours,Open 24 hours,"https://www.google.com/maps/search/Hospice+clinics+in+Midlothian+Richmond+VA/@37.5011782,-77.5074774,14z",2025-09-18T00:13:20.282Z,,,,
https://www.google.com/maps/place/Visiting+Angels+Senior+Home+Care/data=!4m7!3m6!1s0x89b1146c82883843:0xaac0acf2894465f!8m2!3d37.5812542!4d-77.4954993!16s%2Fg%2F1td7d0hw!19sChIJQziIgmwUsYkRX0aUKM8KrAo,Visiting Angels Senior Home Care,4.7,70,Home health care service,"4914 Radford Ave UNIT 211, Richmond, VA 23230, United States","HGJ3+GR Richmond, Virginia, USA",https://www.visitingangels.com/richmond/home?utm_source=gmb&utm_medium=organic&utm_campaign=local,+1 804-353-0000,Open 24 hours,https://lh3.googleusercontent.com/p/AF1QipMnSJDnZVaNjTA10-aS38FPMLAopTd7FBUuOQ9I=w408-h510-k-no,true,Open 24 hours,Open 24 hours,Open 24 hours,Open 24 hours,Open 24 hours,Open 24 hours,Open 24 hours,"https://www.google.com/maps/search/Hospice+clinics+in+Midlothian+Richmond+VA/@37.5011782,-77.5074774,14z",2025-09-18T00:13:25.287Z,,,,
https://www.google.com/maps/place/Caremed+INC/data=!4m7!3m6!1s0x89b16d4436f4a22d:0xd1514afe0309398a!8m2!3d37.5070469!4d-78.0150364!16s%2Fg%2F1tfln9mh!19sChIJLaL0NkRtsYkRijkJA_5KUdE,Caremed INC,2.6,5,Home health care service,,,http://www.caremedcares.com/,+1 804-674-7130,Closed ⋅ Opens 8 am Thu,https://lh3.googleusercontent.com/p/AF1QipN-9B4ze2lWuQvY0Lrv8P4lZ27zxhTNUNd_Zksf=w426-h240-k-no,true,8 am–5 pm,8 am–5 pm,8 am–5 pm,8 am–5 pm,8 am–5 pm,8 am–5 pm,8 am–5 pm,"https://www.google.com/maps/search/Hospice+clinics+in+Midlothian+Richmond+VA/@37.5011782,-77.5074774,14z",2025-09-18T00:13:30.107Z,,,,
https://www.google.com/maps/place/Touch+of+Grace+Living+Assistance+Services+LLC/data=!4m7!3m6!1s0x89b16f40101eec4d:0x7200c578b135eef2!8m2!3d37.502451!4d-77.6565878!16s%2Fg%2F11tb5rbrln!19sChIJTeweEEBvsYkR8u41sXjFAHI,Touch of Grace Living Assistance Services LLC,5.0,4,Home health care service,"13817 Village Mill Dr Ste. H, Midlothian, VA 23114, United States","G82V+X9 Midlothian, Virginia, USA",http://www.touchofgracescs.com/,+1 804-384-0074,Temporarily closed,https://streetviewpixels-pa.googleapis.com/v1/thumbnail?panoid=taMfEW5Ts-o4qkXdIcEiLQ&cb_client=search.gws-prod.gps&w=408&h=240&yaw=272.9721&pitch=0&thumbfov=100,true,,,,,,,,"https://www.google.com/maps/search/Hospice+clinics+in+Midlothian+Richmond+VA/@37.5011782,-77.5074774,14z",2025-09-18T00:13:35.222Z,,,,
https://www.google.com/maps/place/ameriCARE+of+Greater+Richmond/data=!4m7!3m6!1s0x89b16b54eb4e72cf:0x28d75b0c79c3b23f!8m2!3d37.6066936!4d-77.5701838!16s%2Fg%2F11wx1k9ccc!19sChIJz3JO61RrsYkRP7LDeQxb1yg,ameriCARE of Greater Richmond,5.0,3,Home health care service,"8942 Quioccasin Rd Suite 1, Henrico, VA 23229, United States","JC4H+MW Henrico, Virginia, USA",https://americareinfo.com/greater-richmond/,+1 804-584-7251,,https://lh3.googleusercontent.com/p/AF1QipNM5flwULDO689bBip8BHpNJDEvoLHhxpwOCsVe=w408-h544-k-no,true,,,,,,,,"https://www.google.com/maps/search/Hospice+clinics+in+Henrico+Richmond+VA/@37.6307265,-77.5439961,14z",2025-09-18T00:13:50.694Z,,,,
https://www.google.com/maps/place/Henrico+Doctors%27+Hospital/data=!4m7!3m6!1s0x89b114dd8a676385:0xd9e3bbb751b090ac!8m2!3d37.6040431!4d-77.5400619!16s%2Fg%2F1td1w9zn!19sChIJhWNnit0UsYkRrJCwUbe749k,Henrico Doctors' Hospital,4.5,4981,Hospital,"1602 Skipwith Rd, Richmond, VA 23229, United States","JF35+JX Richmond, Virginia, USA",https://www.hcavirginia.com/locations/henrico-doctors-hospital?utm_campaign=corp_listings_mgmt&utm_source=google&utm_medium=business_listing,+1 804-289-4500,,https://lh3.googleusercontent.com/p/AF1QipPpbhHGn_AeFkFkonF0BnwHcdNYsuiLVGP0we_Y=w426-h240-k-no,true,Open 24 hours,Open 24 hours,Open 24 hours,Open 24 hours,Open 24 hours,Open 24 hours,Open 24 hours,"https://www.google.com/maps/search/Hospice+clinics+in+Henrico+Richmond+VA/@37.6307265,-77.5439961,14z",2025-09-18T00:13:55.931Z,,,,
https://www.google.com/maps/place/Assisting+Hands+Home+Care/data=!4m7!3m6!1s0x89b1150d05fe4f27:0x7cb5f5a342a53103!8m2!3d37.6045105!4d-77.5479264!16s%2Fg%2F11h1956c58!19sChIJJ0_-BQ0VsYkRAzGlQqP1tXw,Assisting Hands Home Care,4.7,13,Home health care service,"1606 Santa Rosa Rd, Henrico, VA 23229, United States","JF32+RR Henrico, Virginia, USA",https://assistinghandsrichmond.com/,+1 804-500-9787,Open 24 hours,https://lh3.googleusercontent.com/p/AF1QipM4QpRMQ24jDez97USRis7lues680V5TMZuAYxf=w426-h240-k-no,true,Open 24 hours,Open 24 hours,Open 24 hours,Open 24 hours,Open 24 hours,Open 24 hours,Open 24 hours,"https://www.google.com/maps/search/Hospice+clinics+in+Henrico+Richmond+VA/@37.6307265,-77.5439961,14z",2025-09-18T00:14:01.017Z,,,,
https://www.google.com/maps/place/Parham+Doctors%27+Hospital/data=!4m7!3m6!1s0x89b11572cd414f79:0x97b32a1a40179d0a!8m2!3d37.6312355!4d-77.5258456!16s%2Fg%2F1tcysq3q!19sChIJeU9BzXIVsYkRCp0XQBoqs5c,Parham Doctors' Hospital,4.4,2562,Hospital,"7700 E Parham Rd, Richmond, VA 23294, United States","JFJF+FM Richmond, Virginia, USA",https://www.hcavirginia.com/locations/parham-doctors-hospital?utm_campaign=corp_listings_mgmt&utm_source=google&utm_medium=business_listing,+1 804-747-5600,,https://lh3.googleusercontent.com/p/AF1QipNiPEGpr25TZGOsdwn11LxPhxVQziH0WxSbPOO2=w427-h240-k-no,true,Open 24 hours,Open 24 hours,Open 24 hours,Open 24 hours,Open 24 hours,Open 24 hours,Open 24 hours,"https://www.google.com/maps/search/Hospice+clinics+in+Henrico+Richmond+VA/@37.6307265,-77.5439961,14z",2025-09-18T00:14:05.932Z,,,,
https://www.google.com/maps/place/Laurels+of+University+Park/data=!4m7!3m6!1s0x89b16acfa9c33eef:0x40e4c3ef5cca0a24!8m2!3d37.6282807!4d-77.570492!16s%2Fg%2F1v6qjhj0!19sChIJ7z7Dqc9qsYkRJArKXO_D5EA,Laurels of University Park,4.0,200,Nursing home,"2420 Pemberton Rd, Richmond, VA 23233, United States","JCHH+8R Richmond, Virginia, USA",http://www.laurelsofuniversitypark.com/,+1 804-747-9200,Closed ⋅ Opens 10 am Thu,https://lh3.googleusercontent.com/p/AF1QipM96Kd5EGBLyLtR5u0PQFCBfxHEI4gj3o1zrUWE=w426-h240-k-no,true,10 am–6 pm,10 am–6 pm,10 am–6 pm,10 am–5 pm,10 am–5 pm,10 am–6 pm,10 am–6 pm,"https://www.google.com/maps/search/Hospice+clinics+in+Henrico+Richmond+VA/@37.6307265,-77.5439961,14z",2025-09-18T00:14:18.076Z,Identifies as women-owned,,,
https://www.google.com/maps/place/Virginia+Associaton+for+Home+Care+and+Hospice+and+the+West+Virginia+Council+for+Home+Care+and+Hospice/data=!4m7!3m6!1s0x89b114c496611d85:0x38ad75d2fa3276c4!8m2!3d37.6426969!4d-77.5827186!16s%2Fg%2F1thn6cz3!19sChIJhR1hlsQUsYkRxHYy-tJ1rTg,Virginia Associaton for Home Care and Hospice and the West Virginia Council for Home Care and Hospice,,,Non-profit organization,"3761 Westerre Pkwy Suite B, Richmond, VA 23233, United States","JCV8+3W Richmond, Virginia, USA",http://www.vahc.org/,+1 804-285-8636,,https://streetviewpixels-pa.googleapis.com/v1/thumbnail?panoid=9Jbzz3_ZaEwaW0SSwsh7WA&cb_client=search.gws-prod.gps&w=408&h=240&yaw=119.517395&pitch=0&thumbfov=100,true,,,,,,,,"https://www.google.com/maps/search/Hospice+clinics+in+Henrico+Richmond+VA/@37.6307265,-77.5439961,14z",2025-09-18T00:14:20.846Z,,,,
https://www.google.com/maps/place/HarmonyCares+Medical+Group/data=!4m7!3m6!1s0x89b114549475a0c9:0x4ce99da09d4e6c49!8m2!3d37.6049846!4d-77.5300179!16s%2Fg%2F11b7fycyjk!19sChIJyaB1lFQUsYkRSWxOnaCd6Uw,HarmonyCares Medical Group,3.4,30,Home health care service,"Highland II Building B, 7229 Forest Ave., Ste. 111, Ste 111, Richmond, VA 23226, United States","JF39+XX Richmond, Virginia, USA",https://harmonycares.com/service-areas/virginia/richmond/?utm_source=gmb&utm_medium=yext&utm_campaign=richmond,+1 804-687-4793,Open 24 hours,https://lh3.googleusercontent.com/p/AF1QipOqMXqo3Zn2NBdweNYTv9qIgaBP5IqwbbYipanE=w459-h240-k-no,true,Open 24 hours,Open 24 hours,Open 24 hours,Open 24 hours,Open 24 hours,Open 24 hours,Open 24 hours,"https://www.google.com/maps/search/Hospice+clinics+in+Henrico+Richmond+VA/@37.6307265,-77.5439961,14z",2025-09-18T00:14:25.741Z,,,,
https://www.google.com/maps/place/BAYADA+Assistive+Care/data=!4m7!3m6!1s0x89b11551936842e5:0xfdc28ff9a6adb520!8m2!3d37.6014472!4d-77.5077135!16s%2Fg%2F11rwp2r0qr!19sChIJ5UJok1EVsYkRILWtpvmPwv0,BAYADA Assistive Care,4.3,6,Home health care service,"5516 Falmouth St # 101, Richmond, VA 23230, United States","JF2R+HW Richmond, Virginia, USA",https://www.bayada.com/personal-care-and-companionship/locations/va/richmond/5516-falmouth-street-suite-101/32244?utm_source=google&utm_medium=local&utm_campaign=google-my-business&utm_content=local-listings,+1 804-793-0086,Open 24 hours,https://lh3.googleusercontent.com/p/AF1QipNCB_6yG0GC-VBwAPGRHIOKYDkIgsDJ415NZUJo=w426-h240-k-no,true,Open 24 hours,Open 24 hours,Open 24 hours,Open 24 hours,Open 24 hours,Open 24 hours,Open 24 hours,"https://www.google.com/maps/search/Hospice+clinics+in+Henrico+Richmond+VA/@37.6307265,-77.5439961,14z",2025-09-18T00:14:30.720Z,LGBTQ+ friendly,,,
https://www.google.com/maps/place/Parham+Healthcare+%26+Rehabilitation+Center/data=!4m7!3m6!1s0x89b1158d59da1b59:0xe4bfe8ea5bbb8c76!8m2!3d37.6394166!4d-77.4934418!16s%2Fg%2F1th7ns9y!19sChIJWRvaWY0VsYkRdoy7W-rov-Q,Parham Healthcare & Rehabilitation Center,4.0,333,Rehabilitation center,"2400 E Parham Rd, Richmond, VA 23228, United States","JGQ4+QJ Richmond, Virginia, USA",https://www.mfa.net/center/parham-healthcare-rehabilitation-center,+1 804-264-9185,Closed ⋅ Opens 9 am Thu,https://lh3.googleusercontent.com/gps-cs-s/AC9h4npFwt52p2IZxICTnQcPzDwUwBlYVlCvuP2rCz5V4W8-lmMrEhmWmYR0rb46Tp1v2tLMzPy068nypGEKBlf7kQRp3NTTubCmG-LHCcV6qxKe6EIRplERr5kEMmY6BJHC8N0oAcwm=w408-h544-k-no,true,9 am–8 pm,9 am–8 pm,9 am–8 pm,9 am–5 pm,9 am–5 pm,9 am–8 pm,9 am–8 pm,"https://www.google.com/maps/search/Hospice+clinics+in+Henrico+Richmond+VA/@37.6307265,-77.5439961,14z",2025-09-18T00:14:35.636Z,,,,
https://www.google.com/maps/place/Lakeside+Health+%26+Rehabilitation/data=!4m7!3m6!1s0x89b115d82e889507:0x203257fc02a7bbaa!8m2!3d37.6163143!4d-77.4727923!16s%2Fg%2F1thsgt5q!19sChIJB5WILtgVsYkRqrunAvxXMiA,Lakeside Health & Rehabilitation,3.0,98,Nursing home,"2125 Hilliard Rd, Richmond, VA 23228, United States","JG8G+GV Richmond, Virginia, USA",https://lakesidehrc.com/,+1 804-266-9666,Open 24 hours,https://lh3.googleusercontent.com/gps-cs-s/AC9h4nrUd2p49-Svw8tYd28c0906rdaUT6qHsm2ldNXyKBZaYdq2CHJcRCgRTVFiRnvtAZ5aEWUPDEe5USa7AC4ngXo5G0O4hXDBljuAVE7XwOYaScJgA5M1WZpUB9batA1HT5X91no=w408-h270-k-no,true,Open 24 hours,Open 24 hours,Open 24 hours,Open 24 hours,Open 24 hours,Open 24 hours,Open 24 hours,"https://www.google.com/maps/search/Hospice+clinics+in+Henrico+Richmond+VA/@37.6307265,-77.5439961,14z",2025-09-18T00:14:40.686Z,,,,
https://www.google.com/maps/place/Our+Lady+of+Hope+Health+Center/data=!4m7!3m6!1s0x89b16a0dde4e9d05:0xcbde8d871ae239b7!8m2!3d37.6553623!4d-77.6356833!16s%2Fg%2F1tfscqrc!19sChIJBZ1O3g1qsYkRtzniGoeN3ss,Our Lady of Hope Health Center,4.0,62,Nursing home,"13700 N Gayton Rd, Richmond, VA 23233, United States","M947+4P Richmond, Virginia, USA",https://www.ourladyofhope.com/,+1 804-360-1960,Open 24 hours,https://lh3.googleusercontent.com/p/AF1QipNmclHII7Ddq_YzHe5WpEQOftpxzX-q8GtV8ueT=w427-h240-k-no,true,Open 24 hours,Open 24 hours,Open 24 hours,Open 24 hours,Open 24 hours,Open 24 hours,Open 24 hours,"https://www.google.com/maps/search/Hospice+clinics+in+Henrico+Richmond+VA/@37.6307265,-77.5439961,14z",2025-09-18T00:14:50.377Z,,,,
,,,,,,,,,,,,,,,,,,,"https://www.google.com/maps/search/Hospice+clinics+in+Glen+Allen+Richmond+VA/@37.66598,-77.50637,14z",2025-09-18T00:15:06.336Z,,No new results found,,
https://www.google.com/maps/place/Noah%27s+Children+Pediatric+Hospice/data=!4m7!3m6!1s0x89b1130f15e28785:0x2743a38f2fb2b748!8m2!3d37.5386355!4d-77.5233033!16s%2Fg%2F1tscpx1f!19sChIJhYfiFQ8TsYkRSLeyL4-jQyc,Noah's Children Pediatric Hospice,,,Hospice,"6954 Forest Hill Ave, Richmond, VA 23225, United States","GFQG+FM Richmond, Virginia, USA",,+1 804-327-9092,,https://streetviewpixels-pa.googleapis.com/v1/thumbnail?panoid=68H4bm79QeteIqfo_Q2V7A&cb_client=search.gws-prod.gps&w=408&h=240&yaw=23.01532&pitch=0&thumbfov=100,false,,,,,,,,"https://www.google.com/maps/search/Hospice+clinics+in+Varina+Richmond+VA/@37.5407246,-77.4360481,14z",2025-09-18T00:15:32.741Z,,,,
https://www.google.com/maps/place/Bon+Secours+Senior+Care+Services/data=!4m7!3m6!1s0x89b13f8400288c21:0x5dd83ad7b26082c5!8m2!3d37.5406229!4d-77.4083587!16s%2Fg%2F11h650br6x!19sChIJIYwoAIQ_sYkRxYJgstc62F0,Bon Secours Senior Care Services,1.0,2,Medical clinic,"2603 Nine Mile Rd Suite 220, Richmond, VA 23223, United States","GHRR+6M Richmond, Virginia, USA",https://www.bonsecours.com/locations/primary-care-family-medicine/richmond/bon-secours-senior-care-services,+1 804-893-8627,Closed ⋅ Opens 8 am Thu,https://streetviewpixels-pa.googleapis.com/v1/thumbnail?panoid=tv1aKwEuKswnFAX0Hp5Ogw&cb_client=search.gws-prod.gps&w=408&h=240&yaw=174.6678&pitch=0&thumbfov=100,true,8 am–4:30 pm,8 am–4:30 pm,8 am–4:30 pm,Closed,Closed,8 am–4:30 pm,8 am–4:30 pm,"https://www.google.com/maps/search/Hospice+clinics+in+Varina+Richmond+VA/@37.5407246,-77.4360481,14z",2025-09-18T00:15:37.436Z,,,,
https://www.google.com/maps/place/Rosedale+Health+%26+Rehabilitation/data=!4m7!3m6!1s0x89b1169e13a4aa31:0xf3bd5fbeeea8883a!8m2!3d37.58792!4d-77.46901!16s%2Fg%2F1tj5m0sb!19sChIJMaqkE54WsYkROoio7r5fvfM,Rosedale Health & Rehabilitation,3.6,113,Nursing home,"1719 Bellevue Ave, Richmond, VA 23227, United States","HGQJ+59 Richmond, Virginia, USA",https://rosedalerehab.com/,+1 804-262-7364,Open 24 hours,https://lh3.googleusercontent.com/gps-cs-s/AC9h4np23NXEnNoaF3-lp7yibj3YnOhKGfGwsgEWioDA5FUGKqiAVOAqCu8rVL9SuLgx4ZUN1pgrA-2FVVFoh4T5zES29WsYFBLmmnuyZbOLvs0NHexSy0G3SGD5qBsdNWCOdiAagBRLUA=w408-h270-k-no,true,Open 24 hours,Open 24 hours,Open 24 hours,Open 24 hours,Open 24 hours,Open 24 hours,Open 24 hours,"https://www.google.com/maps/search/Hospice+clinics+in+Varina+Richmond+VA/@37.5407246,-77.4360481,14z",2025-09-18T00:15:42.269Z,,,,
https://www.google.com/maps/place/Encompass+Health+Rehabilitation+Hospital+of+Richmond/data=!4m7!3m6!1s0x89b11467bf8126fb:0xe1587abb83bf77ee!8m2!3d37.5855512!4d-77.5069973!16s%2Fg%2F1tc_rwx6!19sChIJ-yaBv2cUsYkR7ne_g7t6WOE,Encompass Health Rehabilitation Hospital of Richmond,4.3,85,Rehabilitation center,"5700 Fitzhugh Ave, Richmond, VA 23226, United States","HFPV+66 Richmond, Virginia, USA",https://www.encompasshealth.com/locations/richmond-rehab?utm_source=google&utm_medium=organic&utm_campaign=gbp,+1 804-288-5700,Open 24 hours,https://lh3.googleusercontent.com/p/AF1QipNtEYQm0pFxsYzuuEs1SR7Cnh7Yj_8MSpvqla1N=w427-h240-k-no,true,Open 24 hours,Open 24 hours,Open 24 hours,Open 24 hours,Open 24 hours,Open 24 hours,Open 24 hours,"https://www.google.com/maps/search/Hospice+clinics+in+Varina+Richmond+VA/@37.5407246,-77.4360481,14z",2025-09-18T00:15:47.084Z,,,,
https://www.google.com/maps/place/AT+Home+Care+%26+Hospice+-+Tri-Cities/data=!4m7!3m6!1s0x89b1a7fa0b59cc4f:0xe66a4360da9a6da7!8m2!3d37.2521083!4d-77.3860482!16s%2Fg%2F11fk3sj718!19sChIJT8xZC_qnsYkRp22a2mBDauY,AT Home Care & Hospice - Tri-Cities,5.0,12,Hospice,"131 Temple Lake Dr #2, Colonial Heights, VA 23834, United States","7J27+RH Colonial Heights, Virginia, USA",https://athomecareandhospice.com/locations/colonial-heights-va/,+1 804-520-7766,Open 24 hours,https://lh3.googleusercontent.com/p/AF1QipMoPwgRC0Q8BN_sYtdMcuTV9Hjd-D3BXVe_EZwl=w426-h240-k-no,true,Open 24 hours,Open 24 hours,Open 24 hours,Open 24 hours,Open 24 hours,Open 24 hours,Open 24 hours,"https://www.google.com/maps/search/Hospice+clinics+in+Varina+Richmond+VA/@37.5407246,-77.4360481,14z",2025-09-18T00:15:52.183Z,,,,
https://www.google.com/maps/place/Westminster+Canterbury+Richmond/data=!4m7!3m6!1s0x89b11685d701cecb:0xcb4bc0f45b73811e!8m2!3d37.597481!4d-77.4621434!16s%2Fg%2F1tfjx4pj!19sChIJy84B14UWsYkRHoFzW_TAS8s,Westminster Canterbury Richmond,4.2,144,Retirement community,"1600 Westbrook Ave, Richmond, VA 23227, United States","HGWQ+X4 Richmond, Virginia, USA",https://www.wcrichmond.org/?_vsrefdom=organic-local-gmb&CMM=seolocal_direct_1018967_gmb&utm_medium=organic&utm_source=local&utm_campaign=1018967&utm_content=gmb,+1 804-256-2092,,https://lh3.googleusercontent.com/p/AF1QipPkvAiDpWK_G7jHIua6wGz4X-auOId9gzWHLP4r=w408-h306-k-no,true,,,,,,,,"https://www.google.com/maps/search/Hospice+clinics+in+Varina+Richmond+VA/@37.5407246,-77.4360481,14z",2025-09-18T00:15:57.025Z,,,,
https://www.google.com/maps/place/Unique+Holistic+Care/data=!4m7!3m6!1s0x89b1146c63077f0b:0xdbbdf44670e7edbc!8m2!3d37.5796284!4d-77.4957379!16s%2Fg%2F11g7zgrxrt!19sChIJC38HY2wUsYkRvO3ncEb0vds,Unique Holistic Care,4.3,122,Mental health service,"4901 Fitzhugh Ave Suite 200, Richmond, VA 23230, United States","HGH3+VP Richmond, Virginia, USA",http://www.uniqholcare.com/,+1 804-464-8340,Closed ⋅ Opens 8:30 am Thu,https://lh3.googleusercontent.com/p/AF1QipN1O3_FJEhSC6yfnZ6plLgMKNphIqb7aUWphzdi=w408-h306-k-no,true,8:30 am–7 pm,8:30 am–5 pm,8:30 am–5 pm,Closed,Closed,8:30 am–5 pm,8:30 am–5 pm,"https://www.google.com/maps/search/Hospice+clinics+in+Varina+Richmond+VA/@37.5407246,-77.4360481,14z",2025-09-18T00:16:02.256Z,LGBTQ+ friendly,,true,
https://www.google.com/maps/place/Cary+Street+Veterinary+Hospital/data=!4m7!3m6!1s0x89b113f01800bd05:0x19db02e37d96ec0e!8m2!3d37.554313!4d-77.4831!16s%2Fg%2F1tg3bzp6!19sChIJBb0AGPATsYkRDuyWfeMC2xk,Cary Street Veterinary Hospital,4.5,298,Veterinarian,"3210 W Cary St, Richmond, VA 23221, United States","HG38+PQ Richmond, Virginia, USA",http://www.carystreetvet.com/,+1 804-355-9144,Closed ⋅ Opens 8 am Thu,https://lh3.googleusercontent.com/gps-cs-s/AC9h4npXWqvlcZWl9af6v1Zi0CkMs5ITseY3CNkLeA7pWhVcrGvKZKpRZQA2F64q2UwD6CjoY7ckPSSajdoVOM9OzUaZQH8juEiiQ-DoaDEljj9B-1PrB21oDSVBZxpDBh_ofPA5rd6U=w408-h513-k-no,true,8 am–6 pm,8 am–6 pm,8 am–6 pm,Closed,Closed,8 am–6 pm,8 am–6 pm,"https://www.google.com/maps/search/Hospice+clinics+in+Varina+Richmond+VA/@37.5407246,-77.4360481,14z",2025-09-18T00:16:07.237Z,LGBTQ+ friendly,,,
https://www.google.com/maps/place/Bon+Secours+Behavioral+Health+Services/data=!4m7!3m6!1s0x89b110c6ac7a62cb:0xd8284053c6f6285b!8m2!3d37.5401214!4d-77.4069255!16s%2Fg%2F1vm_yrxb!19sChIJy2J6rMYQsYkRWyj2xlNAKNg,Bon Secours Behavioral Health Services,1.3,7,Mental health service,"1500 N 28th St, Richmond, VA 23223, United States","GHRV+26 Richmond, Virginia, USA",https://www.bonsecours.com/health-care-services/behavioral-mental-health,+1 804-371-1675,,https://streetviewpixels-pa.googleapis.com/v1/thumbnail?panoid=LAQKGuLHMJDdvkDijsdQxg&cb_client=search.gws-prod.gps&w=408&h=240&yaw=254.03627&pitch=0&thumbfov=100,false,,,,,,,,"https://www.google.com/maps/search/Hospice+clinics+in+Varina+Richmond+VA/@37.5407246,-77.4360481,14z",2025-09-18T00:16:10.125Z,,,,
https://www.google.com/maps/place/Susan+M.+Markel+Veterinary+Hospital+at+the+Richmond+SPCA/data=!4m7!3m6!1s0x89b116adfbf184d7:0xe8deb6a70f0d2d16!8m2!3d37.5665556!4d-77.4592194!16s%2Fg%2F11bz_pw81f!19sChIJ14Tx-60WsYkRFi0ND6e23ug,Susan M. Markel Veterinary Hospital at the Richmond SPCA,4.7,612,Animal hospital,"2519 Hermitage Rd, Richmond, VA 23220, United States","HG8R+J8 Richmond, Virginia, USA",https://www.richmondspca.org/hospital,+1 804-521-1330,Closed ⋅ Opens 8 am Thu,https://lh3.googleusercontent.com/gps-cs-s/AC9h4nqtkkUf_8F1jv0gYlthurAzf_upjLyUkUS7IwnfUMUOs23IIafzDm2WM48X_taj4bsPm-gGJ42OXMC5ci0RxEJMZB1pzt5IoAEiW5Wm66hD8aC41l-YBuv1qmulhxRozqP1f2jL=w408-h306-k-no,true,"8 am–12 pm, 1–6 pm","8 am–12 pm, 1–6 pm","8 am–12 pm, 1–6 pm",Closed,Closed,"8 am–12 pm, 1–6 pm","8 am–12 pm, 1–6 pm","https://www.google.com/maps/search/Hospice+clinics+in+Varina+Richmond+VA/@37.5407246,-77.4360481,14z",2025-09-18T00:16:15.482Z,,,,
https://www.google.com/maps/place/VCU+Division+of+General+Internal+Medicine/data=!4m7!3m6!1s0x89b111217807451b:0xd5bb1d2078f7d75e!8m2!3d37.5410607!4d-77.4304144!16s%2Fg%2F11c1qx_x9s!19sChIJG0UHeCERsYkRXtf3eCAdu9U,VCU Division of General Internal Medicine,,,Internal medicine ward,"417 N 11th St, Richmond, VA 23298, United States","GHR9+CR Richmond, Virginia, USA",https://intmed.vcu.edu/divisions/general/,+1 804-828-8786,,https://streetviewpixels-pa.googleapis.com/v1/thumbnail?panoid=-j5Nm2aMJWpMG9TDjdSWdg&cb_client=search.gws-prod.gps&w=408&h=240&yaw=132.45229&pitch=0&thumbfov=100,false,,,,,,,,"https://www.google.com/maps/search/Hospice+clinics+in+Varina+Richmond+VA/@37.5407246,-77.4360481,14z",2025-09-18T00:16:18.204Z,,,,
https://www.google.com/maps/place/Virginia+Health+Information/data=!4m7!3m6!1s0x89b1113c50afba07:0x3e8f30b5897c972e!8m2!3d37.541688!4d-77.4390325!16s%2Fg%2F1thcnnh2!19sChIJB7qvUDwRsYkRLpd8ibUwjz4,Virginia Health Information,,,Non-profit organization,"102 N 5th St, Richmond, VA 23219, United States","GHR6+M9 Richmond, Virginia, USA",http://www.vhi.org/,+1 804-643-5573,Closed ⋅ Opens 8:30 am Thu,https://streetviewpixels-pa.googleapis.com/v1/thumbnail?panoid=twnNRv8N-oD2lS-2KH1W1g&cb_client=search.gws-prod.gps&w=408&h=240&yaw=311.1766&pitch=0&thumbfov=100,true,8:30 am–5 pm,8:30 am–5 pm,8:30 am–5 pm,Closed,Closed,8:30 am–5 pm,8:30 am–5 pm,"https://www.google.com/maps/search/Hospice+clinics+in+Varina+Richmond+VA/@37.5407246,-77.4360481,14z",2025-09-18T00:16:23.062Z,,,,
https://www.google.com/maps/place/VCU+Health+Center+For+Advanced+Health+Management/data=!4m7!3m6!1s0x89b1142028c6d299:0x372eeab27023b8f8!8m2!3d37.58434!4d-77.4729388!16s%2Fg%2F11bx2434wy!19sChIJmdLGKCAUsYkR-LgjcLLqLjc,VCU Health Center For Advanced Health Management,4.6,9,Medical clinic,"2116 W Laburnum Ave, Richmond, VA 23227, United States","HGMG+PR Richmond, Virginia, USA",https://www.vcuhealth.org/services/geriatric-and-continuum-services,+1 804-254-3500,Closed ⋅ Opens 8 am Thu,https://lh3.googleusercontent.com/p/AF1QipNWK2Pzljh_zB3t16S3rcf6GvlWESNaYao5VpPP=w408-h306-k-no,true,8 am–4:30 pm,8 am–4:30 pm,8 am–4:30 pm,Closed,Closed,8 am–4:30 pm,8 am–4:30 pm,"https://www.google.com/maps/search/Hospice+clinics+in+Varina+Richmond+VA/@37.5407246,-77.4360481,14z",2025-09-18T00:16:28.017Z,,,,
https://www.google.com/maps/place/Hospice+House+of+Williamsburg/data=!4m7!3m6!1s0x89b08bb2628e0095:0xca41d1b95e691a11!8m2!3d37.2773453!4d-76.7665591!16s%2Fg%2F1tff_clb!19sChIJlQCOYrKLsIkRERppXrnRQco,Hospice House of Williamsburg,4.7,17,Hospice,"4445 Powhatan Pkwy, Williamsburg, VA 23188, United States","76GM+W9 Williamsburg, Virginia, USA",https://williamsburghospice.org/,+1 757-253-1220,Closed ⋅ Opens 8:30 am Thu,https://lh3.googleusercontent.com/p/AF1QipP5gHOuocrx_oF87LYeZVO4Cj7WgvDQR_n6zqH5=w408-h377-k-no,true,8:30 am–8 pm,8:30 am–8 pm,8:30 am–8 pm,8:30 am–8 pm,8:30 am–8 pm,8:30 am–8 pm,8:30 am–8 pm,"https://www.google.com/maps/search/Hospice+clinics+in+Varina+Richmond+VA/@37.5407246,-77.4360481,14z",2025-09-18T00:16:32.794Z,,,,
https://www.google.com/maps/place/Hospice+of+Virginia/data=!4m7!3m6!1s0x89b73532ac275921:0x6a583ccfa307b1e4!8m2!3d37.913233!4d-76.8609704!16s%2Fg%2F1hc629h69!19sChIJIVknrDI1t4kR5LEHo888WGo,Hospice of Virginia,4.9,62,Home health care service,"1251 Tappahannock Blvd Suite 1E, Tappahannock, VA 22560, United States","W47Q+7J Tappahannock, Virginia, USA",https://hospiceofvirginia.com/?y_source=1_MTQ4MTI4MTMtNzE1LWxvY2F0aW9uLndlYnNpdGU%3D,+1 804-443-4090,Open 24 hours,https://lh3.googleusercontent.com/p/AF1QipNC-CD3jYqyf7kB-5dJYXZ2774_Gn63yZz1nGBO=w408-h306-k-no,true,Open 24 hours,Open 24 hours,Open 24 hours,Open 24 hours,Open 24 hours,Open 24 hours,Open 24 hours,"https://www.google.com/maps/search/Hospice+clinics+in+Varina+Richmond+VA/@37.5407246,-77.4360481,14z",2025-09-18T00:16:38.154Z,,,,
https://www.google.com/maps/place/Virginia+Commonwealth+University/data=!4m7!3m6!1s0x89b11123d7de72ff:0x175811a6891410c8!8m2!3d37.5469205!4d-77.4541645!16zL20vMDE3N3Nx!19sChIJ_3Le1yMRsYkRyBAUiaYRWBc,Virginia Commonwealth University,4.2,466,Public university,"Richmond, VA 23284, United States","GGWW+Q8 Richmond, Virginia, USA",http://vcu.edu/,+1 804-828-0100,,https://lh3.googleusercontent.com/p/AF1QipPt_jZqiA1GrSWU9hiaC2rrpvlaypoL2bwEIz2r=w408-h271-k-no,true,,,,,,,,"https://www.google.com/maps/search/Hospice+clinics+in+Varina+Richmond+VA/@37.5407246,-77.4360481,14z",2025-09-18T00:16:41.117Z,,,,
https://www.google.com/maps/place/Gentiva+Hospice/data=!4m7!3m6!1s0x89b735c78689bf29:0x34ab77e7a8c97874!8m2!3d38.2447792!4d-77.5053717!16s%2Fg%2F11f60yrz5k!19sChIJKb-Jhsc1t4kRdHjJqOd3qzQ,Gentiva Hospice,5.0,9,Hospice,"10333 Southpoint Landing Blvd STE 211, Fredericksburg, VA 22407, United States","6FVV+WV Fredericksburg, Virginia, USA",https://www.gentivahs.com/,+1 540-684-1544,Open 24 hours,https://lh3.googleusercontent.com/p/AF1QipN95wx2a1zc9DggpcNbvqXbdyIm0a-IpGvxeipk=w426-h240-k-no,true,Open 24 hours,Open 24 hours,Open 24 hours,Open 24 hours,Open 24 hours,Open 24 hours,Open 24 hours,"https://www.google.com/maps/search/Hospice+clinics+in+Varina+Richmond+VA/@37.5407246,-77.4360481,14z",2025-09-18T00:16:46.036Z,,,,
https://www.google.com/maps/place/Furbish+Thrift/data=!4m7!3m6!1s0x89b1137e71c497ff:0xd2c75a9f842073ad!8m2!3d37.5389438!4d-77.5181842!16s%2Fg%2F11tt11xf8_!19sChIJ_5fEcX4TsYkRrXMghJ9ax9I,Furbish Thrift,4.9,63,Thrift store,"2833 Hathaway Rd, Richmond, VA 23225, United States","GFQJ+HP Richmond, Virginia, USA",https://www.furbishthrift.org/,+1 804-505-3117,Closed ⋅ Opens 10 am Thu,https://lh3.googleusercontent.com/gps-cs-s/AC9h4nod-XQor6rntCGUyPVTuXyk1lwY1mVB9cftKuSa7tES2z9BAs1ceSsGhK2rHl5e_d5QzFZkrKC6dZjGRGCYl5-PfUg2-8Dq2VyheJCWNogKGRhRuXZ_CCbz4lu6m4nim_Q3Wq6V9Q=w408-h408-k-no,true,10 am–6 pm,10 am–6 pm,10 am–6 pm,10 am–6 pm,10 am–6 pm,Closed,Closed,"https://www.google.com/maps/search/Hospice+clinics+in+Varina+Richmond+VA/@37.5407246,-77.4360481,14z",2025-09-18T00:16:51.156Z,LGBTQ+ friendly,,,· In-store shopping · Delivery
,,,,,,,,,,,,,,,,,,,"https://www.google.com/maps/search/Hospice+clinics+in+Ashland+Richmond+VA/@42.2612067,-71.4633956,14z",2025-09-18T00:16:59.886Z,,No new results found,,
,,,,,,,,,,,,,,,,,,,"https://www.google.com/maps/search/Hospice+clinics+in+Bon+Air+Richmond+VA/@37.5248695,-77.5577653,14z",2025-09-18T00:17:15.495Z,,No new results found,,
https://www.google.com/maps/place/Thriveworks+Counseling+%26+Psychiatry+Henrico/data=!4m7!3m6!1s0x89b16bc8c9217e83:0x99ffc3279f2a04bd!8m2!3d37.6133654!4d-77.6358322!16s%2Fg%2F11hcy_4vv9!19sChIJg34hychrsYkRvQQqnyfD_5k,Thriveworks Counseling & Psychiatry Henrico,4.5,75,Counselor,"12093-95 Gayton Rd, Henrico, VA 23238, United States","J977+8M Henrico, Virginia, USA",https://thriveworks.com/henrico-therapy/?utm_source=GMBlisting&utm_medium=organic&field%3A8499441=GMB,+1 804-265-4857,,https://lh3.googleusercontent.com/p/AF1QipPlcNEus4V6HWcf1tgOtvDonZhAz8v1nqKShhon=w426-h240-k-no,true,,,,,,,,"https://www.google.com/maps/search/Hospice+clinics+in+Tuckahoe+Richmond+VA/@37.5700239,-77.6527888,14z",2025-09-18T00:17:39.374Z,LGBTQ+ friendly,,,
https://www.google.com/maps/place/Restore+Hyper+Wellness/data=!4m7!3m6!1s0x89b16b6a76fb980f:0xdefb74b8d8ec5ae0!8m2!3d37.6584195!4d-77.6361672!16s%2Fg%2F11jg1tpg48!19sChIJD5j7dmprsYkR4Frs2Lh0-94,Restore Hyper Wellness,4.9,245,Medical spa,"201 Maltby Blvd Suite D, Henrico, VA 23233, United States","M957+9G Henrico, Virginia, USA",https://www.restore.com/locations/va-henrico-greengate-va002?utm_source=gmb&utm_medium=Yext&y_source=1_MzE2Mjk5NTUtNzE1LWxvY2F0aW9uLndlYnNpdGU%3D,+1 804-210-3110,"Closed ⋅ Opens 10 am Thu

Confirmed by this business 11 weeks ago",https://lh3.googleusercontent.com/p/AF1QipPoICADeKxieauoFiw925-bHdvD5sVcR_08BkcQ=w408-h306-k-no,true,10 am–6 pm,10 am–6 pm,10 am–6 pm,9 am–5 pm,11 am–5 pm,10 am–6 pm,10 am–6 pm,"https://www.google.com/maps/search/Hospice+clinics+in+Tuckahoe+Richmond+VA/@37.5700239,-77.6527888,14z",2025-09-18T00:17:44.697Z,,,,
"https://www.google.com/maps/place/Johnston+Willis/@37.5114912,-77.5945091,17z/data=!3m1!4b1!4m6!3m5!1s0x89b16d6a4d69c05b:0x3b68d2206f90676!8m2!3d37.5114912!4d-77.5945091!16s%2Fg%2F11s58y52vk",Johnston Willis,5.0,6,Association / Organization,"1405 Johnston Willis Dr, Richmond, VA 23235, United States","GC64+H5 Richmond, Virginia, USA",,,,,false,,,,,,,,"https://www.google.com/maps/search/Hospice+clinics+in+Tuckahoe+Richmond+VA/@37.5700239,-77.6527888,14z",2025-09-18T00:17:50.059Z,,,,
https://www.google.com/maps/place/A+Touch+of+Grace+Healthcare/data=!4m7!3m6!1s0x89b1732eb2efac93:0x8bc6017b6797ca3a!8m2!3d37.4482211!4d-77.5704646!16s%2Fg%2F11r1x2k9xx!19sChIJk6zvsi5zsYkROsqXZ3sBxos,A Touch of Grace Healthcare,,,Medical group,"9460 Amberdale Dr Suite-D, North Chesterfield, VA 23236, United States","CCXH+7R North Chesterfield, Richmond, VA, USA",https://www.melodysconsulting.com/a-touch-of-grace-healthcare,+1 804-728-2278,Closed ⋅ Opens 9 am Thu,https://lh3.googleusercontent.com/p/AF1QipO3HiNFyQixREWO3ghMqpd1_WrAOzVZ77vfMZUy=w408-h544-k-no,true,9 am–5 pm,9 am–5 pm,9 am–5 pm,Closed,Closed,9 am–5 pm,9 am–5 pm,"https://www.google.com/maps/search/Hospice+clinics+in+Tuckahoe+Richmond+VA/@37.5700239,-77.6527888,14z",2025-09-18T00:17:55.095Z,,,,
"https://www.google.com/maps/place/Hunter+Veterinary+Services,+LLC/data=!4m7!3m6!1s0x89b16b647d3a9391:0xb92427f4c93b857a!8m2!3d37.573829!4d-77.629748!16s%2Fg%2F11j0sl7kvg!19sChIJkZM6fWRrsYkReoU7yfQnJLk","Hunter Veterinary Services, LLC",5.0,25,Veterinarian,,,http://huntervethousecalls.com/,+1 804-741-4812,,https://lh3.googleusercontent.com/p/AF1QipP5Qh2yJz6VKbNauTTMdTfX7YMfsfGDhrOn5W2B=w408-h544-k-no,true,,,,,,,,"https://www.google.com/maps/search/Hospice+clinics+in+Tuckahoe+Richmond+VA/@37.5700239,-77.6527888,14z",2025-09-18T00:17:57.905Z,,,,
https://www.google.com/maps/place/Riverside+Hospice+Care+Middle+Peninsula/data=!4m7!3m6!1s0x89b09ceb77594797:0x9bd5bd6862495d6a!8m2!3d37.3988482!4d-76.523194!16s%2Fg%2F1tdbg9d5!19sChIJl0dZd-ucsIkRal1JYmi91Zs,Riverside Hospice Care Middle Peninsula,4.8,4,Medical group,"7358 Main St, Gloucester, VA 23061, United States","9FXG+GP Gloucester, Virginia, USA",https://www.riversideonline.com/homecare/hospice.cfm,+1 804-693-1111,Closed ⋅ Opens 8 am Thu,https://streetviewpixels-pa.googleapis.com/v1/thumbnail?panoid=q73RtJSyrX2dFsINlBVNgA&cb_client=search.gws-prod.gps&w=408&h=240&yaw=349.69162&pitch=0&thumbfov=100,true,8 am–4:30 pm,8 am–4:30 pm,8 am–4:30 pm,Closed,Closed,8 am–4:30 pm,8 am–4:30 pm,"https://www.google.com/maps/search/Hospice+clinics+in+Lakeside+Richmond+VA/@37.5407246,-77.4360481,14z",2025-09-18T00:18:20.573Z,,,,
https://www.google.com/maps/place/James+River+Home+Health+and+Hospice/data=!4m7!3m6!1s0x89b2d1d86af150e1:0x292719e49bf7ccd6!8m2!3d37.3992507!4d-79.2231628!16s%2Fg%2F11szlnk3rk!19sChIJ4VDxatjRsokR1sz3m-QZJyk,James River Home Health and Hospice,3.0,2,Hospice,"3831 Old Forest Rd suite 3, Lynchburg, VA 24501, United States","9QXG+PP Lynchburg, Virginia, USA",http://www.jamesriverhospice.com/,+1 434-849-8614,Closed ⋅ Opens 8 am Thu,https://lh3.googleusercontent.com/p/AF1QipMG0AOiEeJVm_UGoj3J6Tq4WUw93rjo1nCFj0pu=w408-h272-k-no,true,8 am–5 pm,8 am–5 pm,8 am–5 pm,Closed,Closed,8 am–5 pm,8 am–5 pm,"https://www.google.com/maps/search/Hospice+clinics+in+Lakeside+Richmond+VA/@37.5407246,-77.4360481,14z",2025-09-18T00:18:25.367Z,,,,
,,,,,,,,,,,,,,,,,,,"https://www.google.com/maps/search/Hospice+clinics+in+Sandston+Richmond+VA/@37.5234001,-77.3158452,14z",2025-09-18T00:18:42.001Z,,No new results found,,
,,,,,,,,,,,,,,,,,,,"https://www.google.com/maps/search/Hospice+clinics+in+Highland+Springs+Richmond+VA/@37.5407246,-77.4360481,14z",2025-09-18T00:18:58.305Z,,No new results found,,
https://www.google.com/maps/place/The+Barrington+at+Hioaks/data=!4m7!3m6!1s0x89b112f2505d9e41:0x8de3f2c8025913ad!8m2!3d37.5084758!4d-77.5258727!16s%2Fg%2F11_r_28cn!19sChIJQZ5dUPISsYkRrRNZAsjy440,The Barrington at Hioaks,4.7,137,Assisted living facility,"350 Hioaks Rd, Richmond, VA 23225, United States","GF5F+9M Richmond, Virginia, USA",https://barringtonathioaksbyrui.com/,+1 804-320-1412,Open 24 hours,https://lh3.googleusercontent.com/p/AF1QipPYF88PWjooFXaCzegvqjQsGX1LFoU_4i1Bva7g=w408-h272-k-no,true,Open 24 hours,Open 24 hours,Open 24 hours,Open 24 hours,Open 24 hours,Open 24 hours,Open 24 hours,"https://www.google.com/maps/search/Hospice+clinics+in+New+Kent+Richmond+VA/@37.5279911,-77.491297,14z",2025-09-18T00:19:21.288Z,,,,
https://www.google.com/maps/place/Interim+HealthCare+of+Richmond/data=!4m7!3m6!1s0x89b16d5cdce04293:0x51420dd31a4d50ad!8m2!3d37.500015!4d-77.581472!16s%2Fg%2F11b7vj2k6z!19sChIJk0Lg3FxtsYkRrVBNGtMNQlE,Interim HealthCare of Richmond,4.5,53,Home health care service,"720 Moorefield Park Dr Ste 301 Suite 301, Richmond, VA 23236, United States","GC29+2C Richmond, Virginia, USA",https://www.interimhealthcare.com/location/richmond-va,+1 804-340-6455,"Open 24 hours

Confirmed by this business 8 weeks ago",https://lh3.googleusercontent.com/p/AF1QipMkYBw5GrN4xF6OdYuYWNSlinD9Gqs5en_jYQlb=w408-h306-k-no,true,Open 24 hours,Open 24 hours,Open 24 hours,Open 24 hours,Open 24 hours,Open 24 hours,Open 24 hours,"https://www.google.com/maps/search/Hospice+clinics+in+New+Kent+Richmond+VA/@37.5279911,-77.491297,14z",2025-09-18T00:19:31.076Z,,,,
https://www.google.com/maps/place/Sentara+Palliative+Care+Specialists/data=!4m7!3m6!1s0x89b08c223fa7fc9b:0xd90bbed8fc85df6!8m2!3d37.3366743!4d-76.7407326!16s%2Fg%2F11bc8d3hrr!19sChIJm_ynPyKMsIkR9l3Ij-27kA0,Sentara Palliative Care Specialists,,,Pain control clinic,"100 Sentara Cir, Williamsburg, VA 23188, United States","87P5+MP Williamsburg, Virginia, USA",https://www.sentara.com/hospitalslocations/sentara-palliative-care-specialists/locations/sentara-palliative-care-specialists-swrmc,+1 757-984-7338,,https://lh3.googleusercontent.com/p/AF1QipMrw7VJONCyj_Edr-J5P_mtHnJeYSdDonLb-9cA=w426-h240-k-no,true,,,,,,,,"https://www.google.com/maps/search/Hospice+clinics+in+Moseley+Richmond+VA/@37.5407246,-77.4360481,14z",2025-09-18T00:19:58.657Z,,,,
https://www.google.com/maps/place/VHS+Hospice/data=!4m7!3m6!1s0x89b079dabe531095:0x15aae5805a64a23f!8m2!3d37.0836622!4d-76.4869318!16s%2Fg%2F11f5ljvz3l!19sChIJlRBTvtp5sIkRP6JkWoDlqhU,VHS Hospice,5.0,11,Hospice,"1103 William Styron Square S, Newport News, VA 23606, United States","3GM7+F6 Newport News, Virginia, USA",https://vahs.com/hospicecare/,+1 757-223-1396,"Closed ⋅ Opens 8 am Thu

Confirmed by this business 8 weeks ago",https://streetviewpixels-pa.googleapis.com/v1/thumbnail?panoid=-5_-e0mdd4aJnUZiZkN9NQ&cb_client=search.gws-prod.gps&w=408&h=240&yaw=137.09865&pitch=0&thumbfov=100,true,8 am–4:30 pm,8 am–4:30 pm,8 am–4:30 pm,Closed,Closed,8 am–4:30 pm,8 am–4:30 pm,"https://www.google.com/maps/search/Hospice+clinics+in+Moseley+Richmond+VA/@37.5407246,-77.4360481,14z",2025-09-18T00:20:03.487Z,,,,
https://www.google.com/maps/place/Liberation+Thrift/data=!4m7!3m6!1s0x89b112417acaee8d:0x311be6dc6fddd4be!8m2!3d37.5045307!4d-77.4998923!16s%2Fg%2F1vzv4jq6!19sChIJje7KekESsYkRvtTdb9zmGzE,Liberation Thrift,4.0,242,Thrift store,"5503 Midlothian Tpke, Richmond, VA 23225, United States","GG32+R2 Richmond, Virginia, USA",https://www.facebook.com/LiberationThrift,+1 804-230-4144,Closed ⋅ Opens 10 am Thu,https://lh3.googleusercontent.com/gps-cs-s/AC9h4npOqWh0pDRizjbXJZUZLZps_9joKmK_HNCTbAKARw3m2jSKeNZ8WeBEHH9Cln0m0o7OStGKc6Sg9EZcS4gWN347eYbq4NEvwJH2RWpNPgncDm_VTQAqSp7zl10ivClvTk32aJsn=w426-h240-k-no,true,10 am–6 pm,10 am–6 pm,10 am–6 pm,10 am–6 pm,Closed,10 am–6 pm,10 am–6 pm,"https://www.google.com/maps/search/Hospice+clinics+in+Moseley+Richmond+VA/@37.5407246,-77.4360481,14z",2025-09-18T00:20:08.333Z,,,,
,,,,,,,,,,,,,,,,,,,"https://www.google.com/maps/search/Hospice+clinics+in+The+Fan+District+Richmond+VA/@37.5512752,-77.4587934,14z",2025-09-18T00:20:29.952Z,,No new results found,,
https://www.google.com/maps/place/CAHN+Greater+Fulton+Medical+Center/data=!4m7!3m6!1s0x89b11089091da501:0xe520a87ca8310239!8m2!3d37.515401!4d-77.393635!16s%2Fg%2F11c50rbsb1!19sChIJAaUdCYkQsYkROQIxqHyoIOU,CAHN Greater Fulton Medical Center,3.2,20,Community health center,"1718 Williamsburg Rd, Richmond, VA 23231, United States","GJ84+5G Richmond, Virginia, USA",http://cahealthnet.org/,+1 804-780-0840,Temporarily closed,https://streetviewpixels-pa.googleapis.com/v1/thumbnail?panoid=fVI_vWqEaPTXEb25tUnbZg&cb_client=search.gws-prod.gps&w=408&h=240&yaw=358.6431&pitch=0&thumbfov=100,true,,,,,,,,"https://www.google.com/maps/search/Hospice+clinics+in+Fulton+Richmond+VA/@37.5157061,-77.3984704,14z",2025-09-18T00:20:52.161Z,,,,
https://www.google.com/maps/place/Triple+Crossing+Beer+-+Fulton/data=!4m7!3m6!1s0x89b1105f350b8a75:0x60ba7b821a608a6a!8m2!3d37.512579!4d-77.4069293!16s%2Fg%2F11c4bcfqsq!19sChIJdYoLNV8QsYkRaopgGoJ7umA,Triple Crossing Beer - Fulton,4.7,649,Brewery,"5203 Hatcher St, Richmond, VA 23231, United States","GH7V+26 Richmond, Virginia, USA",http://www.triplecrossing.com/,+1 804-729-8707,Open ⋅ Closes 10 pm,https://lh3.googleusercontent.com/p/AF1QipMMTb6uCIeIb6MdhPO2y5pLP4h0Auyg4XAetxcq=w408-h306-k-no,true,12–10 pm,12–10 pm,12–10 pm,12–10 pm,12–8 pm,12–10 pm,12–10 pm,"https://www.google.com/maps/search/Hospice+clinics+in+Fulton+Richmond+VA/@37.5157061,-77.3984704,14z",2025-09-18T00:21:02.042Z,,,,· Takeaway · Delivery
https://www.google.com/maps/place/Fulton+Medical+Center/data=!4m7!3m6!1s0x89b11089084904c7:0xd05fa180b623a773!8m2!3d37.5152742!4d-77.3935954!16s%2Fg%2F11j8m6q6g3!19sChIJxwRJCIkQsYkRc6cjtoChX9A,Fulton Medical Center,4.5,2,,"1718 Williamsburg Rd, Richmond, VA 23231, United States","GJ84+4H Richmond, Virginia, USA",,,,https://streetviewpixels-pa.googleapis.com/v1/thumbnail?panoid=fVI_vWqEaPTXEb25tUnbZg&cb_client=search.gws-prod.gps&w=408&h=240&yaw=9.720025&pitch=0&thumbfov=100,false,,,,,,,,"https://www.google.com/maps/search/Hospice+clinics+in+Fulton+Richmond+VA/@37.5157061,-77.3984704,14z",2025-09-18T00:21:05.027Z,,,,
https://www.google.com/maps/place/VirginiaNavigator/data=!4m7!3m6!1s0x89b112e9421dbb49:0xffa12bd3cf0e4bd7!8m2!3d37.5129344!4d-77.5346733!16s%2Fg%2F1tx1v1lr!19sChIJSbsdQukSsYkR10sOz9Mrof8,VirginiaNavigator,3.7,3,Non-profit organization,"7501 Boulder View Dr, Richmond, VA 23225, United States","GF78+54 Richmond, Virginia, USA",http://www.virginianavigator.org/,+1 804-525-7728,Closed ⋅ Opens 9 am Thu,https://streetviewpixels-pa.googleapis.com/v1/thumbnail?panoid=KKxKeXi1b6L7xKpDaSzkeQ&cb_client=search.gws-prod.gps&w=408&h=240&yaw=186.98042&pitch=0&thumbfov=100,true,9 am–5 pm,9 am–5 pm,9 am–5 pm,Closed,Closed,9 am–5 pm,9 am–5 pm,"https://www.google.com/maps/search/Hospice+clinics+in+Westover+Hills+Richmond+VA/@37.5296722,-77.4917065,14z",2025-09-18T00:21:28.246Z,Identifies as women-owned,,,
,,,,,,,,,,,,,,,,,,,"https://www.google.com/maps/search/Hospice+clinics+in+Church+Hill+Richmond+VA/@37.5328397,-77.4162523,14z",2025-09-18T00:21:49.955Z,,No new results found,,
https://www.google.com/maps/place/L%27Opossum/data=!4m7!3m6!1s0x89b1116a5934d281:0xde0fd5a7c86d241d!8m2!3d37.5379321!4d-77.4503673!16s%2Fg%2F11bbydr1fk!19sChIJgdI0WWoRsYkRHSRtyKfVD94,L'Opossum,4.7,1014,Modern French restaurant,"626 China St, Richmond, VA 23220, United States","GGQX+5V Richmond, Virginia, USA",http://www.lopossum.com/,+1 804-918-6028,Open ⋅ Closes 9:30 pm,https://lh3.googleusercontent.com/gps-cs-s/AC9h4nrRY0am0TsAQCSDSH6lsria1hUZNomCYOTql0vYatDxCNjxVyZ2DlEviKgrIf1uiX9jq7-nhYMAQYNvZoxKVbYnNXvvEaVq_9Jp4hYQccK0VGGkL0N5W8UBZbtsfnUuF6lvU0L0=w426-h240-k-no,false,5–9:30 pm,5–9:30 pm,5–9:30 pm,5–9:30 pm,Closed,Closed,5–9:30 pm,"https://www.google.com/maps/search/Hospice+clinics+in+Oregon+Hill+Richmond+VA/@37.5377471,-77.4508354,14z",2025-09-18T00:22:17.415Z,,,,"Playful, sophisticated spins on French cuisine & craft cocktails in an eclectic, art-filled space. · Dine-in · Delivery"