placeUrl,title,rating,reviewCount,category,address,plusCode,website,phoneNumber,currentStatus,imgUrl,isClaimed,tuesday,wednesday,thursday,friday,saturday,sunday,monday,query,timestamp,info
https://www.google.com/maps/place/Little+Rock+Pediatric+Clinic/data=!4m7!3m6!1s0x87d2a476ffffffff:0xb4cd58c3a17235c4!8m2!3d34.747599!4d-92.342809!16s%2Fg%2F1260ntq8n!19sChIJ_____3ak0ocRxDVyocNYzbQ,Little Rock Pediatric Clinic,3.8,33,Medical clinic,"500 S University Ave # 400, Little Rock, AR 72205, United States","PMX4+2V Little Rock, Arkansas, USA",http://www.littlerockpediatricclinic.com/,+1 501-664-4044,Closes soon · 5 pm · Opens 8:30 am Wed,https://streetviewpixels-pa.googleapis.com/v1/thumbnail?panoid=whh_vbK-iJ4Un6LYfGFh3g&cb_client=search.gws-prod.gps&w=408&h=240&yaw=173.6969&pitch=0&thumbfov=100,true,8:30 am–5 pm,8:30 am–5 pm,8:30 am–5 pm,8:30 am–5 pm,9–11:30 am,Closed,8:30 am–5 pm,"https://www.google.com/maps/search/pediatrician+in+Hillcrest+Little+Rock+AR/@34.7547449,-92.3246274,14z",2026-02-10T22:21:40.400Z,
https://www.google.com/maps/place/Little+Rock+Children%27s+Clinic+PA/data=!4m7!3m6!1s0x87d2a401e7abe6cd:0x30af33300fe38e8c!8m2!3d34.7519541!4d-92.388952!16s%2Fg%2F1td0tf2w!19sChIJzear5wGk0ocRjI7jDzAzrzA,Little Rock Children's Clinic PA,4.6,123,Medical clinic,"27 Corporate Hill Dr #100, Little Rock, AR 72205, United States","QJ26+QC Little Rock, Arkansas, USA",http://www.littlerockchildrensclinic.com/,+1 501-227-6727,Open · Closes 6 pm,https://lh3.googleusercontent.com/p/AF1QipM3IiR-0wLC9KoMhTMTv2CeVME6ns9wzywflfsk=w408-h306-k-no,true,8 am–6 pm,8 am–6 pm,8 am–6 pm,8 am–6 pm,8–11 am,Closed,8 am–6 pm,"https://www.google.com/maps/search/pediatrician+in+Hillcrest+Little+Rock+AR/@34.7547449,-92.3246274,14z",2026-02-10T22:21:46.660Z,LGBTQ+ friendly
"https://www.google.com/maps/place/Arkansas+Pediatric+Clinic:+Lori+Montgomery,+MD/data=!4m7!3m6!1s0x87d2a47e24da7d65:0x28d9c04f92a2fdd7!8m2!3d34.7476131!4d-92.3427352!16s%2Fg%2F1tg2f0f9!19sChIJZX3aJH6k0ocR1_2ikk_A2Sg","Arkansas Pediatric Clinic: Lori Montgomery, MD",4.5,2,Pediatrician,"500 S University Ave #200, Little Rock, AR 72205, United States","PMX4+2W Little Rock, Arkansas, USA",http://www.arped.com/,+1 501-664-4117,Closes soon · 5 pm · Opens 8 am Wed,https://streetviewpixels-pa.googleapis.com/v1/thumbnail?panoid=ddEkeDio7xdj_jKhIYcQRA&cb_client=search.gws-prod.gps&w=408&h=240&yaw=357.4664&pitch=0&thumbfov=100,false,8 am–5 pm,8 am–5 pm,8 am–5 pm,8 am–5 pm,8–11:30 am,Closed,8 am–5 pm,"https://www.google.com/maps/search/pediatrician+in+Hillcrest+Little+Rock+AR/@34.7547449,-92.3246274,14z",2026-02-10T22:21:51.427Z,
https://www.google.com/maps/place/Arkansas+Pediatric+Clinic:Hawkins+Kristi+MD/data=!4m7!3m6!1s0x87d2a47e24da7d65:0x9a48c703dcbaf056!8m2!3d34.7476131!4d-92.3427352!16s%2Fg%2F1tj3lmbv!19sChIJZX3aJH6k0ocRVvC63APHSJo,Arkansas Pediatric Clinic:Hawkins Kristi MD,5.0,3,Pediatrician,"Doctors Building, 500 S University Ave #200, Little Rock, AR 72205, United States","PMX4+2W Little Rock, Arkansas, USA",http://www.arped.com/,+1 501-664-4117,Closes soon · 5 pm · Opens 8 am Wed,https://streetviewpixels-pa.googleapis.com/v1/thumbnail?panoid=ddEkeDio7xdj_jKhIYcQRA&cb_client=search.gws-prod.gps&w=408&h=240&yaw=357.4664&pitch=0&thumbfov=100,false,8 am–5 pm,8 am–5 pm,8 am–5 pm,8 am–5 pm,8–11:30 am,Closed,8 am–5 pm,"https://www.google.com/maps/search/pediatrician+in+Hillcrest+Little+Rock+AR/@34.7547449,-92.3246274,14z",2026-02-10T22:21:56.132Z,
https://www.google.com/maps/place/All+For+Kids+Pediatric+Clinic/data=!4m7!3m6!1s0x87d2a6ca3850f6bf:0x145412da4fe96cd5!8m2!3d34.7460024!4d-92.4036697!16s%2Fg%2F1tfjg1zh!19sChIJv_ZQOMqm0ocR1WzpT9oSVBQ,All For Kids Pediatric Clinic,4.3,156,Pediatrician,"904 Autumn Rd #100, Little Rock, AR 72211, United States","PHWW+CG Little Rock, Arkansas, USA",http://www.afkpeds.org/,+1 501-224-5437,Closes soon · 5 pm · Opens 8 am Wed,https://lh3.googleusercontent.com/p/AF1QipPuTw6UJJm2tZk5fgUS2SSEf80YIu8mmJAdcdv2=w408-h307-k-no,true,8 am–5 pm,8 am–5 pm,8 am–5 pm,8 am–5 pm,8–10:30 am,Closed,8 am–5 pm,"https://www.google.com/maps/search/pediatrician+in+Hillcrest+Little+Rock+AR/@34.7547449,-92.3246274,14z",2026-02-10T22:22:00.955Z,
"https://www.google.com/maps/place/Arkansas+Pediatric+Clinic:+Scott+Sanders,+MD/data=!4m7!3m6!1s0x87d2a47e24da7d65:0x6acdc7a22c519b3a!8m2!3d34.7476131!4d-92.3427352!16s%2Fg%2F1thw_zvv!19sChIJZX3aJH6k0ocROptRLKLHzWo","Arkansas Pediatric Clinic: Scott Sanders, MD",5.0,1,Pediatrician,"500 S University Ave #200, Little Rock, AR 72205, United States","PMX4+2W Little Rock, Arkansas, USA",http://www.arped.com/,+1 501-664-4117,Closes soon · 5 pm · Opens 8 am Wed,https://streetviewpixels-pa.googleapis.com/v1/thumbnail?panoid=ddEkeDio7xdj_jKhIYcQRA&cb_client=search.gws-prod.gps&w=408&h=240&yaw=357.4664&pitch=0&thumbfov=100,false,8 am–5 pm,8 am–5 pm,8 am–5 pm,8 am–5 pm,8–11:30 am,Closed,8 am–5 pm,"https://www.google.com/maps/search/pediatrician+in+Hillcrest+Little+Rock+AR/@34.7547449,-92.3246274,14z",2026-02-10T22:22:05.702Z,
"https://www.google.com/maps/place/Dr.+Cheryl+L.+Ahart,+MD/data=!4m7!3m6!1s0x87d2a47e24da7d65:0x3dba88ab271f501e!8m2!3d34.747599!4d-92.342809!16s%2Fg%2F1td6bdtj!19sChIJZX3aJH6k0ocRHlAfJ6uIuj0","Dr. Cheryl L. Ahart, MD",4.3,6,Pediatrician,"5306, 500 S University Ave # 615, Little Rock, AR 72205, United States","PMX4+2V Little Rock, Arkansas, USA",http://www.littlerockpediatricclinic.com/,+1 501-664-4044,Closes soon · 5 pm · Opens 8:30 am Wed,https://streetviewpixels-pa.googleapis.com/v1/thumbnail?panoid=rBaDhmUki1z4QxH3dN2LtA&cb_client=search.gws-prod.gps&w=408&h=240&yaw=158.85454&pitch=0&thumbfov=100,false,8:30 am–5 pm,8:30 am–5 pm,8:30 am–5 pm,8:30 am–5 pm,9 am–12 pm,Closed,8:30 am–5 pm,"https://www.google.com/maps/search/pediatrician+in+Hillcrest+Little+Rock+AR/@34.7547449,-92.3246274,14z",2026-02-10T22:22:10.617Z,
"https://www.google.com/maps/place/Arkansas+Pediatric+Clinic:+Stacy+L+Sax,+MD/data=!4m7!3m6!1s0x87d2a47e24da7d65:0xd1513efa800491a5!8m2!3d34.7476131!4d-92.3427352!16s%2Fg%2F1vy7h32_!19sChIJZX3aJH6k0ocRpZEEgPo-UdE","Arkansas Pediatric Clinic: Stacy L Sax, MD",4.2,10,Pediatrician,"500 S University Ave #200, Little Rock, AR 72205, United States","PMX4+2W Little Rock, Arkansas, USA",http://www.arped.com/,+1 501-664-4117,Closes soon · 5 pm · Opens 8 am Wed,https://streetviewpixels-pa.googleapis.com/v1/thumbnail?panoid=ddEkeDio7xdj_jKhIYcQRA&cb_client=search.gws-prod.gps&w=408&h=240&yaw=357.4664&pitch=0&thumbfov=100,false,8 am–5 pm,8 am–5 pm,8 am–5 pm,8 am–5 pm,8–11:30 am,Closed,8 am–5 pm,"https://www.google.com/maps/search/pediatrician+in+Hillcrest+Little+Rock+AR/@34.7547449,-92.3246274,14z",2026-02-10T22:22:15.340Z,
"https://www.google.com/maps/place/Dr.+Laura+K.+Sanders,+MD/data=!4m7!3m6!1s0x87d2a47e24da7d65:0xd788384330b00d0d!8m2!3d34.7476131!4d-92.3427352!16s%2Fg%2F1td7nvym!19sChIJZX3aJH6k0ocRDQ2wMEM4iNc","Dr. Laura K. Sanders, MD",5.0,1,Pediatrician,"500 S University Ave #200, Little Rock, AR 72205, United States","PMX4+2W Little Rock, Arkansas, USA",,+1 501-664-4117,Closes soon · 5 pm · Opens 8 am Wed,https://streetviewpixels-pa.googleapis.com/v1/thumbnail?panoid=ddEkeDio7xdj_jKhIYcQRA&cb_client=search.gws-prod.gps&w=408&h=240&yaw=357.4664&pitch=0&thumbfov=100,false,8 am–5 pm,8 am–5 pm,8 am–5 pm,Closed,Closed,Closed,8 am–5 pm,"https://www.google.com/maps/search/pediatrician+in+Hillcrest+Little+Rock+AR/@34.7547449,-92.3246274,14z",2026-02-10T22:22:20.068Z,
https://www.google.com/maps/place/Arkansas+Pediatric+Clinic:+Lu+Eugene+MD/data=!4m7!3m6!1s0x87d2a47e24da7d65:0x96d8c97bf1f211eb!8m2!3d34.7476131!4d-92.3427352!16s%2Fg%2F1v96mb1q!19sChIJZX3aJH6k0ocR6xHy8XvJ2JY,Arkansas Pediatric Clinic: Lu Eugene MD,4.2,5,Pediatrician,"500 S University Ave #200, Little Rock, AR 72205, United States","PMX4+2W Little Rock, Arkansas, USA",https://www.arped.com/,+1 501-664-4117,Closes soon · 5 pm · Opens 8 am Wed,https://streetviewpixels-pa.googleapis.com/v1/thumbnail?panoid=ddEkeDio7xdj_jKhIYcQRA&cb_client=search.gws-prod.gps&w=408&h=240&yaw=357.4664&pitch=0&thumbfov=100,false,8 am–5 pm,8 am–5 pm,8 am–5 pm,8 am–5 pm,8–11:30 am,Closed,8 am–5 pm,"https://www.google.com/maps/search/pediatrician+in+Hillcrest+Little+Rock+AR/@34.7547449,-92.3246274,14z",2026-02-10T22:22:24.871Z,
"https://www.google.com/maps/place/Arkansas+Pediatric+Clinic:+Diane+Freeman,+MD/data=!4m7!3m6!1s0x87d2a47e24da7d65:0x8f5372040928ff37!8m2!3d34.7476131!4d-92.3427352!16s%2Fg%2F1ttphf7j!19sChIJZX3aJH6k0ocRN_8oCQRyU48","Arkansas Pediatric Clinic: Diane Freeman, MD",5.0,1,Pediatrician,"Doctors Building, 500 S University Ave #200, Little Rock, AR 72205, United States","PMX4+2W Little Rock, Arkansas, USA",http://www.arped.com/,+1 501-664-4117,Closes soon · 5 pm · Opens 8 am Wed,https://streetviewpixels-pa.googleapis.com/v1/thumbnail?panoid=ddEkeDio7xdj_jKhIYcQRA&cb_client=search.gws-prod.gps&w=408&h=240&yaw=357.4664&pitch=0&thumbfov=100,false,8 am–5 pm,8 am–5 pm,8 am–5 pm,8 am–5 pm,8–11:30 am,Closed,8 am–5 pm,"https://www.google.com/maps/search/pediatrician+in+Hillcrest+Little+Rock+AR/@34.7547449,-92.3246274,14z",2026-02-10T22:22:29.904Z,
"https://www.google.com/maps/place/Arkansas+Pediatric+Clinic:+Anthony+%28Tony%29+Johnson,+MD/data=!4m7!3m6!1s0x87d2a47e24da7d65:0x41dea6d2b0edff7e!8m2!3d34.7476131!4d-92.3427352!16s%2Fg%2F1tkmn2jy!19sChIJZX3aJH6k0ocRfv_tsNKm3kE","Arkansas Pediatric Clinic: Anthony (Tony) Johnson, MD",5.0,3,Pediatrician,"500 S University Ave #200, Little Rock, AR 72205, United States","PMX4+2W Little Rock, Arkansas, USA",http://www.arped.com/,+1 501-664-4117,Closes soon · 5 pm · Opens 8 am Wed,https://streetviewpixels-pa.googleapis.com/v1/thumbnail?panoid=ddEkeDio7xdj_jKhIYcQRA&cb_client=search.gws-prod.gps&w=408&h=240&yaw=357.4664&pitch=0&thumbfov=100,false,8 am–5 pm,8 am–5 pm,8 am–5 pm,8 am–5 pm,8–11:30 am,Closed,8 am–5 pm,"https://www.google.com/maps/search/pediatrician+in+Hillcrest+Little+Rock+AR/@34.7547449,-92.3246274,14z",2026-02-10T22:22:34.633Z,
https://www.google.com/maps/place/Arkansas+Children%27s+Pediatrics/data=!4m7!3m6!1s0x87d2bbcdc2cf1423:0xe2a1f1a72bebeb2e!8m2!3d34.7381284!4d-92.2913736!16s%2Fg%2F11xzqxrfw8!19sChIJIxTPws270ocRLuvrK6fxoeI,Arkansas Children's Pediatrics,3.0,3,Pediatric clinic,"1617 W 13th St, Little Rock, AR 72202, United States","PPQ5+7F Little Rock, Arkansas, USA",https://www.archildrens.org/locations/arkansas-childrens/pediatrics,+1 501-364-1202,Closes soon · 5 pm · Opens 8 am Wed,https://lh3.googleusercontent.com/p/AF1QipO6pkcUT3nnIpqYbkq3c-KNJO7kFMv39Cq2kZ6r=w548-h240-k-no,true,8 am–5 pm,8 am–5 pm,8 am–5 pm,8 am–5 pm,Closed,Closed,8 am–5 pm,"https://www.google.com/maps/search/pediatrician+in+Hillcrest+Little+Rock+AR/@34.7547449,-92.3246274,14z",2026-02-10T22:22:39.547Z,
https://www.google.com/maps/place/Arkansas+Children%27s+After-Hours+Clinic/data=!4m7!3m6!1s0x87d2bbd49930af0f:0x58623326b99bb01b!8m2!3d34.742573!4d-92.2939283!16s%2Fg%2F11sctn4q19!19sChIJD68wmdS70ocRG7CbuSYzYlg,Arkansas Children's After-Hours Clinic,3.9,12,Medical clinic,"Arkansas Children's West Entrance, 901 S Battery St, Little Rock, AR 72202, United States","PPV4+2C Little Rock, Arkansas, USA",https://www.archildrens.org/locations/arkansas-childrens/after-hours-clinic,+1 501-364-1202,Closed · Opens 5 pm,https://lh3.googleusercontent.com/gps-cs-s/AHVAwersf-cv1VSuxTqnvWKJXFnLrWO0Ur0ZwoESbLAlxV0h1EU3DeDz4JLaCOnAWEn7d0xRk7j2S1cLEo72ZYRkvgyfiq28uSxvLqhnFSJ0BggrNObwwW9-4SIIdZZcKJKMDR3rJgC8Qw=w408-h544-k-no,true,5–9 pm,5–9 pm,5–9 pm,5–9 pm,9 am–8 pm,9 am–8 pm,5–9 pm,"https://www.google.com/maps/search/pediatrician+in+Hillcrest+Little+Rock+AR/@34.7547449,-92.3246274,14z",2026-02-10T22:22:44.718Z,
https://www.google.com/maps/place/UAMS+Health+-+James+L.+Dennis+Developmental+Center/data=!4m7!3m6!1s0x87d2bb4f792bed35:0x66ba797529aebe43!8m2!3d34.7383057!4d-92.2926963!16s%2Fg%2F1td05lnk!19sChIJNe0reU-70ocRQ76uKXV5umY,UAMS Health - James L. Dennis Developmental Center,3.2,39,Pediatric clinic,"1301 Wolfe St, Little Rock, AR 72202, United States","PPQ4+8W Little Rock, Arkansas, USA",https://uamshealth.com/location/dennis-developmental-center/?utm_source=google&utm_medium=gmb&utm_campaign=clinical&utm_term=location&utm_content=profile&utm_specs=dennis-developmental-center,+1 501-364-1830,Closes soon · 4:30 pm · Opens 8 am Wed,https://lh3.googleusercontent.com/p/AF1QipMbk34Qv_Nz_Euh9-GyLrZULqAq_NT63tWqsWF8=w426-h240-k-no,true,8 am–4:30 pm,8 am–4:30 pm,8 am–4:30 pm,8 am–4:30 pm,Closed,Closed,8 am–4:30 pm,"https://www.google.com/maps/search/pediatrician+in+Hillcrest+Little+Rock+AR/@34.7547449,-92.3246274,14z",2026-02-10T22:22:49.730Z,
https://www.google.com/maps/place/Natalie+Burr/data=!4m7!3m6!1s0x87d2a47e3ddf4493:0x5151583e392a6f44!8m2!3d34.747599!4d-92.342809!16s%2Fg%2F11qgb7c4gr!19sChIJk0TfPX6k0ocRRG8qOT5YUVE,Natalie Burr,3.0,2,Pediatrician,"500 S University Ave # 400, Little Rock, AR 72205, United States","PMX4+2V Little Rock, Arkansas, USA",https://www.littlerockpediatricclinic.com/,+1 501-664-4044,,https://streetviewpixels-pa.googleapis.com/v1/thumbnail?panoid=rBaDhmUki1z4QxH3dN2LtA&cb_client=search.gws-prod.gps&w=408&h=240&yaw=158.85454&pitch=0&thumbfov=100,false,,,,,,,,"https://www.google.com/maps/search/pediatrician+in+Hillcrest+Little+Rock+AR/@34.7547449,-92.3246274,14z",2026-02-10T22:22:52.664Z,
"https://www.google.com/maps/place/Vincent+Calderon+Jr,+MD/data=!4m7!3m6!1s0x87d2a4563eb9edfd:0x1e98e65247a26c7f!8m2!3d34.7423004!4d-92.3893724!16s%2Fg%2F1tdr8qnt!19sChIJ_e25Plak0ocRf2yiR1LmmB4","Vincent Calderon Jr, MD",5.0,34,Pediatrician,"10301 Kanis Rd Suite 1, Little Rock, AR 72205, United States","PJR6+W7 Little Rock, Arkansas, USA",https://www.chistvincent.com/physicians/vincent-calderon-jr,+1 501-562-4838,Closes soon · 5 pm · Opens 8 am Wed,https://lh3.googleusercontent.com/p/AF1QipNpdiQl51V7rOTxNZSJ-yQ4OI9rXtg_pC5VvXIY=w408-h408-k-no,true,8 am–5 pm,8 am–5 pm,8 am–5 pm,8 am–5 pm,8 am–12 pm,Closed,8 am–5 pm,"https://www.google.com/maps/search/pediatrician+in+Hillcrest+Little+Rock+AR/@34.7547449,-92.3246274,14z",2026-02-10T22:22:57.635Z,LGBTQ+ friendly
https://www.google.com/maps/place/Rodgers+Chad+T+MD/data=!4m7!3m6!1s0x87d2a47e24da7d65:0x7ee9a86797063189!8m2!3d34.747599!4d-92.342809!16s%2Fg%2F1thcswn7!19sChIJZX3aJH6k0ocRiTEGl2eo6X4,Rodgers Chad T MD,5.0,5,Pediatrician,"500 S University Ave # 400, Little Rock, AR 72205, United States","PMX4+2V Little Rock, Arkansas, USA",,+1 501-664-4044,,https://streetviewpixels-pa.googleapis.com/v1/thumbnail?panoid=rBaDhmUki1z4QxH3dN2LtA&cb_client=search.gws-prod.gps&w=408&h=240&yaw=158.85454&pitch=0&thumbfov=100,false,,,,,,,,"https://www.google.com/maps/search/pediatrician+in+Hillcrest+Little+Rock+AR/@34.7547449,-92.3246274,14z",2026-02-10T22:23:00.092Z,
https://www.google.com/maps/place/Sarah+Bone/data=!4m7!3m6!1s0x87d2a47e3d06bfd9:0x3905549463ba636b!8m2!3d34.7476437!4d-92.3426428!16s%2Fg%2F11p07bbltm!19sChIJ2b8GPX6k0ocRa2O6Y5RUBTk,Sarah Bone,3.7,3,Pediatrician,"500 S University Ave # 317, Little Rock, AR 72205, United States","PMX4+3W Little Rock, Arkansas, USA",https://www.arped.com/staff/,+1 501-664-4117,,https://streetviewpixels-pa.googleapis.com/v1/thumbnail?panoid=DBsAI3-DfMVeSWy4DnIKhw&cb_client=search.gws-prod.gps&w=408&h=240&yaw=354.15787&pitch=0&thumbfov=100,false,,,,,,,,"https://www.google.com/maps/search/pediatrician+in+Hillcrest+Little+Rock+AR/@34.7547449,-92.3246274,14z",2026-02-10T22:23:02.738Z,
"https://www.google.com/maps/place/Dr.+Josh+Lyon,+MD/data=!4m7!3m6!1s0x87d2a78dc0fc505d:0x7adc678cf0e9a9bc!8m2!3d34.7459382!4d-92.4036631!16s%2Fg%2F11vycz_n07!19sChIJXVD8wI2n0ocRvKnp8Ixn3Ho","Dr. Josh Lyon, MD",5.0,16,Pediatrician,"904 Autumn Rd #100, Little Rock, AR 72211, United States","PHWW+9G Little Rock, Arkansas, USA",https://www.afkpeds.org/our-doctors/dr-josh-lyon/,+1 501-224-5437,Closes soon · 4:30 pm · Opens 8 am Wed,https://lh3.googleusercontent.com/p/AF1QipMVaszPFWifaxoIMn9U2tKfH-VzFomS8o4_XFft=w408-h263-k-no,true,8 am–4:30 pm,8 am–4:30 pm,8 am–4:30 pm,8 am–4:30 pm,8–11:30 am,Closed,8 am–4:30 pm,"https://www.google.com/maps/search/pediatrician+in+Hillcrest+Little+Rock+AR/@34.7547449,-92.3246274,14z",2026-02-10T22:23:07.542Z,
"https://www.google.com/maps/place/Dr.+Susan+A.+Keathley,+MD/@34.7463285,-92.3808237,17z/data=!3m1!4b1!4m6!3m5!1s0x87d2a401e7abe6cd:0x386e3b6443df19dc!8m2!3d34.7463285!4d-92.3808237!16s%2Fg%2F1tm8l3c0","Dr. Susan A. Keathley, MD",5.0,1,Pediatrician,"9600 Baptist Health Dr # 360, Little Rock, AR 72205, United States","PJW9+GM Little Rock, Arkansas, USA",,+1 501-227-6727,,,false,,,,,,,,"https://www.google.com/maps/search/pediatrician+in+Hillcrest+Little+Rock+AR/@34.7547449,-92.3246274,14z",2026-02-10T22:23:12.164Z,
https://www.google.com/maps/place/Elser+Joseph+M+MD/data=!4m7!3m6!1s0x87d2a4a1855a28f9:0x5111464bff49c97b!8m2!3d34.7500376!4d-92.3219615!16s%2Fg%2F1v16qvg7!19sChIJ-ShahaGk0ocRe8lJ_0tGEVE,Elser Joseph M MD,4.0,1,Pediatrician,"4301 W Markham St # 556, Little Rock, AR 72205, United States","QM2H+26 Little Rock, Arkansas, USA",,+1 501-686-5750,,https://streetviewpixels-pa.googleapis.com/v1/thumbnail?panoid=PjUNJyHpURrVnSxYksYqiQ&cb_client=search.gws-prod.gps&w=408&h=240&yaw=235.51625&pitch=0&thumbfov=100,false,,,,,,,,"https://www.google.com/maps/search/pediatrician+in+Hillcrest+Little+Rock+AR/@34.7547449,-92.3246274,14z",2026-02-10T22:23:15.152Z,
https://www.google.com/maps/place/Arkansas+Children%27s+Hospital/data=!4m7!3m6!1s0x87d2bb5aa75c917f:0xdb47726f6e51cf59!8m2!3d34.7428332!4d-92.2924031!16zL20vMDZ2czFy!19sChIJf5Fcp1q70ocRWc9Rbm9yR9s,Arkansas Children's Hospital,3.7,661,Children's hospital,"1 Children's Way, Little Rock, AR 72202, United States","PPV5+42 Little Rock, Arkansas, USA",https://www.archildrens.org/,+1 501-441-3453,,https://lh3.googleusercontent.com/gps-cs-s/AHVAweqvEgtMSFbg-oOJrkvr-t7qGio0aydDD4BqULg42KQ1nFNkW9F0w36MZXN8SJNsk6g7LnVTHt3iReEfwaePYXBd0h0Ybf7zFtvgFUR0U6B5Ywds8aPfgrt3wDrpyjjLSxrxTPQS=w408-h272-k-no,true,Open 24 hours,Open 24 hours,Open 24 hours,Open 24 hours,Open 24 hours,Open 24 hours,Open 24 hours,"https://www.google.com/maps/search/pediatrician+in+Hillcrest+Little+Rock+AR/@34.7547449,-92.3246274,14z",2026-02-10T22:23:19.984Z,LGBTQ+ friendly
"https://www.google.com/maps/place/Dr.+Frederick+R.+Levin,+MD/data=!4m7!3m6!1s0x87d2a47e24da7d65:0x2c7e7ba2df6ea88b!8m2!3d34.747599!4d-92.342809!16s%2Fg%2F1tf8tmv7!19sChIJZX3aJH6k0ocRi6hu36J7fiw","Dr. Frederick R. Levin, MD",5.0,1,Pediatrician,"500 S University Ave # 400, Little Rock, AR 72205, United States","PMX4+2V Little Rock, Arkansas, USA",http://www.littlerockpediatricclinic.com/,+1 501-664-4044,,https://streetviewpixels-pa.googleapis.com/v1/thumbnail?panoid=rBaDhmUki1z4QxH3dN2LtA&cb_client=search.gws-prod.gps&w=408&h=240&yaw=158.85454&pitch=0&thumbfov=100,false,,,,,,,,"https://www.google.com/maps/search/pediatrician+in+Hillcrest+Little+Rock+AR/@34.7547449,-92.3246274,14z",2026-02-10T22:23:22.648Z,
https://www.google.com/maps/place/Pediatrics+Plus+-+Little+Rock+Developmental+Preschool+%2B+Therapy/data=!4m7!3m6!1s0x87d2a6a4de951177:0x7f84a63cc076edb2!8m2!3d34.7364527!4d-92.3909833!16s%2Fg%2F1261ms9gg!19sChIJdxGV3qSm0ocRsu12wDymhH8,Pediatrics Plus - Little Rock Developmental Preschool + Therapy,3.4,22,Pediatric clinic,"1900 Aldersgate Rd, Little Rock, AR 72205, United States","PJP5+HJ Little Rock, Arkansas, USA",http://www.pediatricsplus.com/,+1 501-821-5459,Open · Closes 6 pm,https://lh3.googleusercontent.com/p/AF1QipNiuQZXwA31YnW7r9L2758AasCo56UVSzZu5lpJ=w408-h262-k-no,true,7 am–6 pm,7 am–6 pm,7 am–6 pm,7 am–5 pm,Closed,Closed,7 am–6 pm,"https://www.google.com/maps/search/pediatrician+in+Hillcrest+Little+Rock+AR/@34.7547449,-92.3246274,14z",2026-02-10T22:23:27.617Z,
"https://www.google.com/maps/place/Arkansas+Children%27s+-+Karen+J.+Farst,+M.D./data=!4m7!3m6!1s0x87d2bb5a95dfcb41:0x6c848a2bbae0c624!8m2!3d34.7429496!4d-92.2929685!16s%2Fg%2F1tdd16ny!19sChIJQcvflVq70ocRJMbguiuKhGw","Arkansas Children's - Karen J. Farst, M.D.",3.0,2,Pediatrician,"Children's Hospital, 1 Children's Way, Little Rock, AR 72202, United States","PPV4+5R Little Rock, Arkansas, USA",https://uamshealth.com/provider/karen-j-farst/?utm_source=google&utm_medium=gmb&utm_campaign=clinical&utm_term=provider&utm_content=profile&utm_specs=karen-j-farst_arkansas-childrens,+1 501-263-2621,,https://streetviewpixels-pa.googleapis.com/v1/thumbnail?panoid=jd4G376TnL-FML467cXBIA&cb_client=search.gws-prod.gps&w=408&h=240&yaw=95.33583&pitch=0&thumbfov=100,true,,,,,,,,"https://www.google.com/maps/search/pediatrician+in+Hillcrest+Little+Rock+AR/@34.7547449,-92.3246274,14z",2026-02-10T22:23:30.333Z,
https://www.google.com/maps/place/Arkansas+Pediatric+Dentistry/data=!4m7!3m6!1s0x87d2a487d2913fa1:0x7306d8ddc5b32abe!8m2!3d34.7410252!4d-92.3403619!16s%2Fg%2F1z44bl90j!19sChIJoT-R0oek0ocRviqzxd3YBnM,Arkansas Pediatric Dentistry,4.9,430,Pediatric dentist,"5905 W 12th St, Little Rock, AR 72204, United States","PMR5+CV Little Rock, Arkansas, USA",https://www.arpeddent.com/,+1 501-812-3109,Closes soon · 5 pm · Opens 8 am Wed,https://lh3.googleusercontent.com/p/AF1QipNFAFbrG6J7LzJL_NRU1xOQWWJAL6tgxWT25PSw=w408-h269-k-no,true,8 am–5 pm,8 am–5 pm,8 am–5 pm,8 am–12 pm,Closed,Closed,8 am–5 pm,"https://www.google.com/maps/search/pediatrician+in+Hillcrest+Little+Rock+AR/@34.7547449,-92.3246274,14z",2026-02-10T22:23:35.144Z,
https://www.google.com/maps/place/UAMS+Health+-+Kids+First/data=!4m7!3m6!1s0x87d2bb4effffffff:0xfa71371015d255df!8m2!3d34.7511049!4d-92.3898846!16s%2Fg%2F11f65vnx32!19sChIJ_____0670ocR31XSFRA3cfo,UAMS Health - Kids First,3.0,4,Pediatric clinic,"333 Executive Ct, Little Rock, AR 72205, United States","QJ26+C2 Little Rock, Arkansas, USA",https://uamshealth.com/location/kids-first-little-rock/?utm_source=google&utm_medium=gmb&utm_campaign=clinical&utm_term=location&utm_content=profile&utm_specs=kids-first-little-rock,+1 501-526-8700,Closes soon · 4:30 pm · Opens 7 am Wed,https://lh3.googleusercontent.com/p/AF1QipO_1OFStwwWIGg8UeA68IrZh26QY2ZY9NeoGR7y=w426-h240-k-no,true,7 am–4:30 pm,7 am–4:30 pm,7 am–4:30 pm,7 am–4:30 pm,Closed,Closed,7 am–4:30 pm,"https://www.google.com/maps/search/pediatrician+in+Hillcrest+Little+Rock+AR/@34.7547449,-92.3246274,14z",2026-02-10T22:23:40.137Z,
"https://www.google.com/maps/place/Dr.+September+A.+Westbrook,+MD/data=!4m7!3m6!1s0x87d2a6ca3850f6bf:0xdce737106517705!8m2!3d34.745874!4d-92.4036567!16s%2Fg%2F1td6n5rd!19sChIJv_ZQOMqm0ocRBXdRBnFzzg0","Dr. September A. Westbrook, MD",5.0,1,Pediatrician,"904 Autumn Rd #100, Little Rock, AR 72211, United States","PHWW+8G Little Rock, Arkansas, USA",http://www.afkpeds.org/,+1 501-224-5437,,https://streetviewpixels-pa.googleapis.com/v1/thumbnail?panoid=f5INF99vC_D2Spaga6K5MQ&cb_client=search.gws-prod.gps&w=408&h=240&yaw=261.6547&pitch=0&thumbfov=100,false,,,,,,,,"https://www.google.com/maps/search/pediatrician+in+Hillcrest+Little+Rock+AR/@34.7547449,-92.3246274,14z",2026-02-10T22:23:42.856Z,
https://www.google.com/maps/place/Repp+Meghan+F+MD/data=!4m7!3m6!1s0x87d2bb45414dac0d:0x742b1e7dae8791d3!8m2!3d34.7428307!4d-92.2919413!16s%2Fg%2F1263m7kd0!19sChIJDaxNQUW70ocR05GHrn0eK3Q,Repp Meghan F MD,4.0,4,Pediatrician,"1 Children's Way, Little Rock, AR 72202, United States","PPV5+46 Little Rock, Arkansas, USA",,+1 501-364-1100,,https://streetviewpixels-pa.googleapis.com/v1/thumbnail?panoid=6cWJOe8gJ8LT8T6-ymeLnQ&cb_client=search.gws-prod.gps&w=408&h=240&yaw=268.16782&pitch=0&thumbfov=100,false,,,,,,,,"https://www.google.com/maps/search/pediatrician+in+Hillcrest+Little+Rock+AR/@34.7547449,-92.3246274,14z",2026-02-10T22:23:45.712Z,
https://www.google.com/maps/place/Hillcrest+Family+clinic/data=!4m7!3m6!1s0x87d2a360dff78d75:0x9b78705ff279212e!8m2!3d34.7561361!4d-92.3244261!16s%2Fg%2F1tfj3pz3!19sChIJdY3332Cj0ocRLiF58l9weJs,Hillcrest Family clinic,4.3,54,Medical clinic,"4601 Woodlawn Dr, Little Rock, AR 72205, United States","QM4G+F6 Little Rock, Arkansas, USA",,+1 501-664-0769,Closes soon · 5 pm · Opens 8:30 am Wed,https://streetviewpixels-pa.googleapis.com/v1/thumbnail?panoid=ZwykIVNRIqbmzu-QFrqoQA&cb_client=search.gws-prod.gps&w=408&h=240&yaw=237.29774&pitch=0&thumbfov=100,true,8:30 am–5 pm,8:30 am–5 pm,8:30 am–5 pm,8:30 am–1:30 am,Closed,Closed,8:30 am–5 pm,"https://www.google.com/maps/search/pediatrician+in+Hillcrest+Little+Rock+AR/@34.7547449,-92.3246274,14z",2026-02-10T22:23:50.526Z,
"https://www.google.com/maps/place/Arkansas+Children%27s+-+Liza+C.+Murray,+M.D./data=!4m7!3m6!1s0x87d2bb7ac4b068c5:0xa3c60d30a44579dc!8m2!3d34.7429496!4d-92.2929685!16s%2Fg%2F11qsm9m3_3!19sChIJxWiwxHq70ocR3HlFpDANxqM","Arkansas Children's - Liza C. Murray, M.D.",3.0,2,Pediatrician,"Children's Hospital, 1 Children's Way, Little Rock, AR 72202, United States","PPV4+5R Little Rock, Arkansas, USA",https://uamshealth.com/provider/liza-c-murray/?utm_source=google&utm_medium=gmb&utm_campaign=clinical&utm_term=provider&utm_content=profile&utm_specs=liza-c-murray_arkansas-childrens,+1 501-263-2621,,https://lh3.googleusercontent.com/p/AF1QipPSNx_hHcNWxHYHfnvTpG96X08fOmNhZNDpD0g7=w426-h240-k-no,true,,,,,,,,"https://www.google.com/maps/search/pediatrician+in+Hillcrest+Little+Rock+AR/@34.7547449,-92.3246274,14z",2026-02-10T22:23:53.141Z,
https://www.google.com/maps/place/Dr.+Kim+Skelley/data=!4m7!3m6!1s0x87d2a6ca3850f6bf:0xe8384366cd526dcd!8m2!3d34.745874!4d-92.4036566!16s%2Fg%2F1td72jm2!19sChIJv_ZQOMqm0ocRzW1SzWZDOOg,Dr. Kim Skelley,5.0,1,Pediatrician,"904 Autumn Rd #100, Little Rock, AR 72211, United States","PHWW+8G Little Rock, Arkansas, USA",http://www.afkpeds.org/,+1 501-224-5437,,https://streetviewpixels-pa.googleapis.com/v1/thumbnail?panoid=f5INF99vC_D2Spaga6K5MQ&cb_client=search.gws-prod.gps&w=408&h=240&yaw=261.65326&pitch=0&thumbfov=100,false,,,,,,,,"https://www.google.com/maps/search/pediatrician+in+Hillcrest+Little+Rock+AR/@34.7547449,-92.3246274,14z",2026-02-10T22:23:55.750Z,
"https://www.google.com/maps/place/Dr.+Jennifer+J.+Paul,+MD/data=!4m7!3m6!1s0x87d2a47e24da7d65:0xab5a4f70f89442e8!8m2!3d34.7476422!4d-92.3426627!16s%2Fg%2F1tsr3r9g!19sChIJZX3aJH6k0ocR6EKU-HBPWqs","Dr. Jennifer J. Paul, MD",,,Pediatrician,"500 S University Ave # 815, Little Rock, AR 72205, United States","PMX4+3W Little Rock, Arkansas, USA",http://www.littlerockpediatricclinic.com/,+1 501-664-4044,,https://streetviewpixels-pa.googleapis.com/v1/thumbnail?panoid=ddEkeDio7xdj_jKhIYcQRA&cb_client=search.gws-prod.gps&w=408&h=240&yaw=11.74795&pitch=0&thumbfov=100,false,,,,,,,,"https://www.google.com/maps/search/pediatrician+in+Hillcrest+Little+Rock+AR/@34.7547449,-92.3246274,14z",2026-02-10T22:23:58.507Z,
"https://www.google.com/maps/place/Arkansas+Children%27s+-+Charlotte+R.+Willis,+M.D./data=!4m7!3m6!1s0x87d2bb5a95dfcb41:0x4d595840b295a158!8m2!3d34.7429496!4d-92.2929685!16s%2Fg%2F1vnnjydj!19sChIJQcvflVq70ocRWKGVskBYWU0","Arkansas Children's - Charlotte R. Willis, M.D.",,,Pediatrician,"Children's Hospital, 1 Children's Way, Little Rock, AR 72202, United States","PPV4+5R Little Rock, Arkansas, USA",https://uamshealth.com/provider/charlotte-r-willis/?utm_source=google&utm_medium=gmb&utm_campaign=clinical&utm_term=provider&utm_content=profile&utm_specs=charlotte-r-willis_arkansas-childrens,+1 501-263-2621,Open 24 hours,https://streetviewpixels-pa.googleapis.com/v1/thumbnail?panoid=jd4G376TnL-FML467cXBIA&cb_client=search.gws-prod.gps&w=408&h=240&yaw=95.33583&pitch=0&thumbfov=100,true,Open 24 hours,Open 24 hours,Open 24 hours,Open 24 hours,Open 24 hours,Open 24 hours,Open 24 hours,"https://www.google.com/maps/search/pediatrician+in+Hillcrest+Little+Rock+AR/@34.7547449,-92.3246274,14z",2026-02-10T22:24:03.063Z,
"https://www.google.com/maps/place/Arkansas+Children%27s+-+Sarah+R.+Sobik,+M.D./data=!4m7!3m6!1s0x87d2bb34c965fe3f:0x865e1837de0cadb2!8m2!3d34.7429496!4d-92.2929685!16s%2Fg%2F11n73q9zqk!19sChIJP_5lyTS70ocRsq0M3jcYXoY","Arkansas Children's - Sarah R. Sobik, M.D.",5.0,1,Pediatrician,"Children's Hospital, 1 Children's Way, Little Rock, AR 72202, United States","PPV4+5R Little Rock, Arkansas, USA",https://uamshealth.com/provider/sarah-r-sobik/?utm_source=google&utm_medium=gmb&utm_campaign=clinical&utm_term=provider&utm_content=profile&utm_specs=sarah-r-sobik_arkansas-childrens,+1 501-263-2621,,https://streetviewpixels-pa.googleapis.com/v1/thumbnail?panoid=jd4G376TnL-FML467cXBIA&cb_client=search.gws-prod.gps&w=408&h=240&yaw=95.33583&pitch=0&thumbfov=100,true,,,,,,,,"https://www.google.com/maps/search/pediatrician+in+Hillcrest+Little+Rock+AR/@34.7547449,-92.3246274,14z",2026-02-10T22:24:05.611Z,
"https://www.google.com/maps/place/Youngblood+Leah+C+MD/@34.7462544,-92.3807631,17z/data=!3m1!4b1!4m6!3m5!1s0x87d2a401e7abe6cd:0x1371c4b6862e4cb4!8m2!3d34.7462544!4d-92.3807631!16s%2Fg%2F1tj89zcb",Youngblood Leah C MD,5.0,4,Pediatrician,"9600 Baptist Health Dr # 360, Little Rock, AR 72205, United States","PJW9+GM Little Rock, Arkansas, USA",http://littlerockchildrensclinic.com/,+1 501-227-6727,,,false,,,,,,,,"https://www.google.com/maps/search/pediatrician+in+Hillcrest+Little+Rock+AR/@34.7547449,-92.3246274,14z",2026-02-10T22:24:10.143Z,
https://www.google.com/maps/place/Morris+Paula+W+MD/data=!4m7!3m6!1s0x87d2bb5a95dfcb41:0x747b1d0a49aed8b0!8m2!3d34.7427873!4d-92.2928059!16s%2Fg%2F1td77340!19sChIJQcvflVq70ocRsNiuSQode3Q,Morris Paula W MD,5.0,1,Pediatrician,"800 Marshall St #653, Little Rock, AR 72202, United States","PPV4+4V Little Rock, Arkansas, USA",http://www.arpediatrics.org/,+1 501-364-3686,Closes soon · 4:30 pm · Opens 8 am Wed,https://streetviewpixels-pa.googleapis.com/v1/thumbnail?panoid=y4009lizVrNbSTyPFXam1w&cb_client=search.gws-prod.gps&w=408&h=240&yaw=300.69955&pitch=0&thumbfov=100,false,8 am–4:30 pm,8 am–4:30 pm,8 am–4:30 pm,8 am–4:30 pm,Closed,Closed,8 am–4:30 pm,"https://www.google.com/maps/search/pediatrician+in+Hillcrest+Little+Rock+AR/@34.7547449,-92.3246274,14z",2026-02-10T22:24:14.809Z,
https://www.google.com/maps/place/Jerry+Byrum/data=!4m7!3m6!1s0x87d2a6cbcc9bf96d:0xa5e278ff47b83d2a!8m2!3d34.7459382!4d-92.4036631!16s%2Fg%2F11rwxg74d5!19sChIJbfmbzMum0ocRKj24R_944qU,Jerry Byrum,5.0,1,Pediatrician,"904 Autumn Rd #100, Little Rock, AR 72211, United States","PHWW+9G Little Rock, Arkansas, USA",,+1 501-224-5437,,https://streetviewpixels-pa.googleapis.com/v1/thumbnail?panoid=f5INF99vC_D2Spaga6K5MQ&cb_client=search.gws-prod.gps&w=408&h=240&yaw=269.45438&pitch=0&thumbfov=100,false,,,,,,,,"https://www.google.com/maps/search/pediatrician+in+Hillcrest+Little+Rock+AR/@34.7547449,-92.3246274,14z",2026-02-10T22:24:17.353Z,
"https://www.google.com/maps/place/Arkansas+Children%27s+-+Elizabeth+A.+Storm,+M.D./data=!4m7!3m6!1s0x87d2bbe0adb350ed:0xd22920763a39df45!8m2!3d34.7429496!4d-92.2929685!16s%2Fg%2F11qsn9954l!19sChIJ7VCzreC70ocRRd85OnYgKdI","Arkansas Children's - Elizabeth A. Storm, M.D.",5.0,1,Pediatrician,"Children's Hospital, 1 Children's Way, Little Rock, AR 72202, United States","PPV4+5R Little Rock, Arkansas, USA",https://uamshealth.com/provider/elizabeth-a-storm/?utm_source=google&utm_medium=gmb&utm_campaign=clinical&utm_term=provider&utm_content=profile&utm_specs=beth-a-storm_arkansas-childrens,+1 501-263-2621,,https://streetviewpixels-pa.googleapis.com/v1/thumbnail?panoid=jd4G376TnL-FML467cXBIA&cb_client=search.gws-prod.gps&w=408&h=240&yaw=95.33583&pitch=0&thumbfov=100,true,,,,,,,,"https://www.google.com/maps/search/pediatrician+in+Hillcrest+Little+Rock+AR/@34.7547449,-92.3246274,14z",2026-02-10T22:24:20.201Z,
https://www.google.com/maps/place/Hardin+Brian+H+MD/data=!4m7!3m6!1s0x87d2bb4502eb3745:0x878419ef4b04cc49!8m2!3d34.7391776!4d-92.2900659!16s%2Fg%2F1tnpfzqr!19sChIJRTfrAkW70ocRScwES-8ZhIc,Hardin Brian H MD,3.7,3,Pediatrician,"1201 Bishop St, Little Rock, AR 72202, United States","PPQ5+MX Little Rock, Arkansas, USA",http://www.archildrens.org/,+1 501-364-8336,,https://streetviewpixels-pa.googleapis.com/v1/thumbnail?panoid=oz65BoSTHfTtp80DlLkEOw&cb_client=search.gws-prod.gps&w=408&h=240&yaw=101.12694&pitch=0&thumbfov=100,false,,,,,,,,"https://www.google.com/maps/search/pediatrician+in+Hillcrest+Little+Rock+AR/@34.7547449,-92.3246274,14z",2026-02-10T22:24:22.850Z,
https://www.google.com/maps/place/Arkansas+Children%27s+Hospital:+Dare+Jason+A+MD/data=!4m7!3m6!1s0x87d2bb5a95dfcb41:0x3c840de6bdedc6f8!8m2!3d34.7430052!4d-92.2922418!16s%2Fg%2F1tjfhcsw!19sChIJQcvflVq70ocR-MbtveYNhDw,Arkansas Children's Hospital: Dare Jason A MD,5.0,1,Pediatric rheumatologist,"800 Marshall St, Little Rock, AR 72202, United States","PPV5+64 Little Rock, Arkansas, USA",https://www.archildrens.org/,+1 501-364-1100,,https://streetviewpixels-pa.googleapis.com/v1/thumbnail?panoid=csUHAFg-wb0JOrKex19Aig&cb_client=search.gws-prod.gps&w=408&h=240&yaw=267.66504&pitch=0&thumbfov=100,false,,,,,,,,"https://www.google.com/maps/search/pediatrician+in+Hillcrest+Little+Rock+AR/@34.7547449,-92.3246274,14z",2026-02-10T22:24:25.496Z,
https://www.google.com/maps/place/Dr.+Brant+Sachleben/data=!4m7!3m6!1s0x87d2bb2f062f0233:0xd9240a60d4aeba14!8m2!3d34.7429496!4d-92.2929685!16s%2Fg%2F11hdcghw10!19sChIJMwIvBi-70ocRFLqu1GAKJNk,Dr. Brant Sachleben,5.0,1,Pediatric orthopedic surgeon,"1 Children's Way #3500, Little Rock, AR 72202, United States","PPV4+5R Little Rock, Arkansas, USA",http://www.archildrens.org/find-a-doctor/profile/brant-sachleben,+1 501-364-1100,Closes soon · 4:30 pm · Opens 8 am Wed,https://streetviewpixels-pa.googleapis.com/v1/thumbnail?panoid=csUHAFg-wb0JOrKex19Aig&cb_client=search.gws-prod.gps&w=408&h=240&yaw=265.9578&pitch=0&thumbfov=100,true,8 am–4:30 pm,8 am–4:30 pm,8 am–4:30 pm,8 am–4:30 pm,Closed,Closed,8 am–4:30 pm,"https://www.google.com/maps/search/pediatrician+in+Hillcrest+Little+Rock+AR/@34.7547449,-92.3246274,14z",2026-02-10T22:24:30.064Z,
"https://www.google.com/maps/place/Arkansas+Children%27s+-+Corey+O%27Neal+Montgomery,+M.D./data=!4m7!3m6!1s0x87d2a4a1855a28f9:0x2f761f26686446f3!8m2!3d34.7429496!4d-92.2929685!16s%2Fg%2F1tmy5lgb!19sChIJ-ShahaGk0ocR80ZkaCYfdi8","Arkansas Children's - Corey O'Neal Montgomery, M.D.",4.4,11,Pediatrician,"Children's Hospital, 1 Children's Way, Little Rock, AR 72202, United States","PPV4+5R Little Rock, Arkansas, USA",https://uamshealth.com/provider/corey-oneal-montgomery/?utm_source=google&utm_medium=gmb&utm_campaign=clinical&utm_term=provider&utm_content=profile&utm_specs=corey-oneal-montgomery_arkansas-childrens,+1 501-263-2621,,https://lh3.googleusercontent.com/p/AF1QipO_uj7srMXrHK1El5qc24VL8lKAXwNugR78-j6r=w426-h240-k-no,true,,,,,,,,"https://www.google.com/maps/search/pediatrician+in+Hillcrest+Little+Rock+AR/@34.7547449,-92.3246274,14z",2026-02-10T22:24:32.686Z,
"https://www.google.com/maps/place/Dr.+Steven+M.+Thompson,+MD/@34.746341,-92.3808326,17z/data=!3m1!4b1!4m6!3m5!1s0x87d2a401e7abe6cd:0x6858135f6d8200ef!8m2!3d34.746341!4d-92.3808326!16s%2Fg%2F1tk63nk1","Dr. Steven M. Thompson, MD",5.0,1,Pediatrician,"9600 Baptist Health Dr # 360, Little Rock, AR 72205, United States","PJW9+GM Little Rock, Arkansas, USA",,+1 501-227-6727,,,false,,,,,,,,"https://www.google.com/maps/search/pediatrician+in+Hillcrest+Little+Rock+AR/@34.7547449,-92.3246274,14z",2026-02-10T22:24:37.165Z,
"https://www.google.com/maps/place/Jennifer+L.+Dotson,+M.D.+-+Arkansas+Children%27s+Hospital/data=!4m7!3m6!1s0x87d2bb4aadf60c5f:0x8bb921a82d204c37!8m2!3d34.7430308!4d-92.2917695!16s%2Fg%2F11y918cl4_!19sChIJXwz2rUq70ocRN0wgLaghuYs","Jennifer L. Dotson, M.D. - Arkansas Children's Hospital",5.0,1,Pediatric gastroenterologist,"Arkansas Children's Hospital, 1 Children's Way, Little Rock, AR 72202, United States","PPV5+67 Little Rock, Arkansas, USA",https://uamshealth.com/provider/jennifer-l-dotson/?utm_source=google&utm_medium=gmb&utm_campaign=clinical&utm_term=provider&utm_content=profile&utm_specs=jennifer-l-dotson_arkansas-childrens,+1 501-263-2621,,https://streetviewpixels-pa.googleapis.com/v1/thumbnail?panoid=csUHAFg-wb0JOrKex19Aig&cb_client=search.gws-prod.gps&w=408&h=240&yaw=276.9253&pitch=0&thumbfov=100,true,,,,,,,,"https://www.google.com/maps/search/pediatrician+in+Hillcrest+Little+Rock+AR/@34.7547449,-92.3246274,14z",2026-02-10T22:24:39.886Z,
"https://www.google.com/maps/place/Dr.+Edmond+W.+Ashcraft,+MD/data=!4m7!3m6!1s0x87d2bb5a95dfcb41:0xd40ba0209dc93d79!8m2!3d34.7428307!4d-92.2919413!16s%2Fg%2F1tnssg67!19sChIJQcvflVq70ocReT3JnSCgC9Q","Dr. Edmond W. Ashcraft, MD",,,Pediatrician,"800 Marshall St, Little Rock, AR 72202, United States","PPV5+46 Little Rock, Arkansas, USA",,+1 501-364-1100,,https://streetviewpixels-pa.googleapis.com/v1/thumbnail?panoid=6cWJOe8gJ8LT8T6-ymeLnQ&cb_client=search.gws-prod.gps&w=408&h=240&yaw=268.16782&pitch=0&thumbfov=100,false,,,,,,,,"https://www.google.com/maps/search/pediatrician+in+Hillcrest+Little+Rock+AR/@34.7547449,-92.3246274,14z",2026-02-10T22:24:42.591Z,
"https://www.google.com/maps/place/Arkansas+Children%27s+-+Chenia+Y.+Eubanks,+M.D./data=!4m7!3m6!1s0x87d2bb447cfeeb79:0xdae4912ebc8123bf!8m2!3d34.7429496!4d-92.2929685!16s%2Fg%2F11qsnb66t_!19sChIJeev-fES70ocRvyOBvC6R5No","Arkansas Children's - Chenia Y. Eubanks, M.D.",1.0,1,Pediatrician,"Children's Hospital, 1 Children's Way, Little Rock, AR 72202, United States","PPV4+5R Little Rock, Arkansas, USA",https://uamshealth.com/provider/chenia-y-eubanks/?utm_source=google&utm_medium=gmb&utm_campaign=clinical&utm_term=provider&utm_content=profile&utm_specs=chenia-y-eubanks_arkansas-childrens,+1 501-263-2621,,https://streetviewpixels-pa.googleapis.com/v1/thumbnail?panoid=jd4G376TnL-FML467cXBIA&cb_client=search.gws-prod.gps&w=408&h=240&yaw=95.33583&pitch=0&thumbfov=100,true,,,,,,,,"https://www.google.com/maps/search/pediatrician+in+Hillcrest+Little+Rock+AR/@34.7547449,-92.3246274,14z",2026-02-10T22:24:45.118Z,
https://www.google.com/maps/place/Gibbons+Troy+E+MD/data=!4m7!3m6!1s0x87d2bb5a95dfcb41:0xd1577e8e26ee6576!8m2!3d34.7429496!4d-92.2929685!16s%2Fg%2F1thq5v0m!19sChIJQcvflVq70ocRdmXuJo5-V9E,Gibbons Troy E MD,5.0,3,Pediatric gastroenterologist,"1 Children's Way, Little Rock, AR 72202, United States","PPV4+5R Little Rock, Arkansas, USA",http://archildrens.org/,+1 501-364-2632,,https://streetviewpixels-pa.googleapis.com/v1/thumbnail?panoid=jd4G376TnL-FML467cXBIA&cb_client=search.gws-prod.gps&w=408&h=240&yaw=95.33583&pitch=0&thumbfov=100,false,,,,,,,,"https://www.google.com/maps/search/pediatrician+in+Hillcrest+Little+Rock+AR/@34.7547449,-92.3246274,14z",2026-02-10T22:24:47.638Z,
https://www.google.com/maps/place/Robben+Catherine+O+MD/data=!4m7!3m6!1s0x87d2a47e24da7d65:0x57c9a56b0221f46b!8m2!3d34.7475855!4d-92.3425806!16s%2Fg%2F1261xgmsl!19sChIJZX3aJH6k0ocRa_QhAmulyVc,Robben Catherine O MD,,,Pediatrician,"500 S University Ave, Little Rock, AR 72205, United States","PMX4+2X Little Rock, Arkansas, USA",http://www.rapaxray.com/,+1 501-664-3914,,https://streetviewpixels-pa.googleapis.com/v1/thumbnail?panoid=JIo_C33FKJWnoATZARB8lw&cb_client=search.gws-prod.gps&w=408&h=240&yaw=219.52872&pitch=0&thumbfov=100,false,,,,,,,,"https://www.google.com/maps/search/pediatrician+in+Hillcrest+Little+Rock+AR/@34.7547449,-92.3246274,14z",2026-02-10T22:24:50.160Z,
https://www.google.com/maps/place/Dr.+Schmitz+M.D./data=!4m7!3m6!1s0x87d2a47e24da7d65:0xb2c77498669f7ba1!8m2!3d34.7475868!4d-92.3429195!16s%2Fg%2F1tplqvz3!19sChIJZX3aJH6k0ocRoXufZph0x7I,Dr. Schmitz M.D.,,,Pediatrician,"500 S University Ave, Little Rock, AR 72205, United States","PMX4+2R Little Rock, Arkansas, USA",http://www.littlerockpediatricclinic.com/,+1 501-664-4044,,https://streetviewpixels-pa.googleapis.com/v1/thumbnail?panoid=rBaDhmUki1z4QxH3dN2LtA&cb_client=search.gws-prod.gps&w=408&h=240&yaw=174.88243&pitch=0&thumbfov=100,false,,,,,,,,"https://www.google.com/maps/search/pediatrician+in+Hillcrest+Little+Rock+AR/@34.7547449,-92.3246274,14z",2026-02-10T22:24:52.665Z,
https://www.google.com/maps/place/Dr.+Alice+Alexander/data=!4m7!3m6!1s0x87d2bb5abd374813:0xd419b60a90f3ee1a!8m2!3d34.7428307!4d-92.2919413!16s%2Fg%2F11p07bgjhy!19sChIJE0g3vVq70ocRGu7zkAq2GdQ,Dr. Alice Alexander,,,Pediatrician,"1 Children's Way # 653, Little Rock, AR 72202, United States","PPV5+46 Little Rock, Arkansas, USA",https://uamshealth.com/provider/alice-p-alexander/,+1 501-364-1100,,https://streetviewpixels-pa.googleapis.com/v1/thumbnail?panoid=csUHAFg-wb0JOrKex19Aig&cb_client=search.gws-prod.gps&w=408&h=240&yaw=226.2559&pitch=0&thumbfov=100,false,,,,,,,,"https://www.google.com/maps/search/pediatrician+in+Hillcrest+Little+Rock+AR/@34.7547449,-92.3246274,14z",2026-02-10T22:24:55.122Z,
https://www.google.com/maps/place/Zamilpa+Ismael+MD/data=!4m7!3m6!1s0x87d2bb45414dac0d:0xb0aadde4bf5c4e6f!8m2!3d34.7430735!4d-92.2917711!16s%2Fg%2F1261y_s1r!19sChIJDaxNQUW70ocRb05cv-TdqrA,Zamilpa Ismael MD,5.0,7,Pediatric urologist,"1 Children's Way, Little Rock, AR 72202, United States","PPV5+67 Little Rock, Arkansas, USA",https://www.archildrens.org/find-a-doctor/Ismael-Zamilpa-T3CN0IA3W3,+1 501-364-1100,,https://streetviewpixels-pa.googleapis.com/v1/thumbnail?panoid=_8SaL__45Tcr2e_j4v6QIw&cb_client=search.gws-prod.gps&w=408&h=240&yaw=239.52277&pitch=0&thumbfov=100,false,,,,,,,,"https://www.google.com/maps/search/pediatrician+in+Hillcrest+Little+Rock+AR/@34.7547449,-92.3246274,14z",2026-02-10T22:24:57.744Z,
"https://www.google.com/maps/place/Gresham+Richter,+M.D./data=!4m7!3m6!1s0x87d2bb5a95dfcb41:0x4efb9c92cdc9faea!8m2!3d34.74295!4d-92.292969!16s%2Fg%2F113jbbg5l!19sChIJQcvflVq70ocR6vrJzZKc-04","Gresham Richter, M.D.",4.6,18,Otolaryngologist,"1 Children's Way, Little Rock, AR 72202, United States","PPV4+5R Little Rock, Arkansas, USA",http://www.archildrens.org/find-a-doctor/profile/gresham-richter,+1 501-602-7347,,https://streetviewpixels-pa.googleapis.com/v1/thumbnail?panoid=jd4G376TnL-FML467cXBIA&cb_client=search.gws-prod.gps&w=408&h=240&yaw=95.30928&pitch=0&thumbfov=100,true,,,,,,,,"https://www.google.com/maps/search/pediatrician+in+Hillcrest+Little+Rock+AR/@34.7547449,-92.3246274,14z",2026-02-10T22:25:00.415Z,
https://www.google.com/maps/place/APS+Adult+%26+Pediatric+Specialists/data=!4m7!3m6!1s0x87d2a4657917a509:0xff7f3e3f59501744!8m2!3d34.7378552!4d-92.3513426!16s%2Fg%2F11gcdcshvf!19sChIJCaUXeWWk0ocRRBdQWT8-f_8,APS Adult & Pediatric Specialists,,,Pediatrician,"Westpark Dr, Little Rock, AR 72204, United States","PJQX+4F Little Rock, Arkansas, USA",,,,https://streetviewpixels-pa.googleapis.com/v1/thumbnail?panoid=7eTaOj8yknjq8JJZx5LyXg&cb_client=search.gws-prod.gps&w=408&h=240&yaw=186.72469&pitch=0&thumbfov=100,false,,,,,,,,"https://www.google.com/maps/search/pediatrician+in+Hillcrest+Little+Rock+AR/@34.7547449,-92.3246274,14z",2026-02-10T22:25:03.175Z,
"https://www.google.com/maps/place/Alice+McCormick,+DMD/data=!4m7!3m6!1s0x87d2a56cace65ac7:0x92b5fc896ffc626c!8m2!3d34.7332389!4d-92.3425521!16s%2Fg%2F11j79vwfqf!19sChIJx1rmrGyl0ocRbGL8b4n8tZI","Alice McCormick, DMD",3.0,2,Pediatric dentist,"2000 S University Ave # K, Little Rock, AR 72204, United States","PMM4+7X Little Rock, Arkansas, USA",https://leapkidsdental.com/dentist/alice-mccormick-dmd/,+1 501-438-0974,Closes soon · 5 pm · Opens 8 am Wed,https://streetviewpixels-pa.googleapis.com/v1/thumbnail?panoid=p8TTN3Jp65WZR46Ki_ki2A&cb_client=search.gws-prod.gps&w=408&h=240&yaw=278.52078&pitch=0&thumbfov=100,true,8 am–5 pm,8 am–5 pm,8 am–5 pm,8 am–5 pm,Closed,Closed,8 am–5 pm,"https://www.google.com/maps/search/pediatrician+in+Hillcrest+Little+Rock+AR/@34.7547449,-92.3246274,14z",2026-02-10T22:25:07.743Z,
"https://www.google.com/maps/place/Arkansas+Children%27s+-+Karen+Boyd+Worley,+Ph.D./data=!4m7!3m6!1s0x87d2bb5a95dfcb41:0xb579f6de218d8b81!8m2!3d34.7429496!4d-92.2929685!16s%2Fg%2F1tpbcj1l!19sChIJQcvflVq70ocRgYuNId72ebU","Arkansas Children's - Karen Boyd Worley, Ph.D.",5.0,1,Pediatrician,"Children's Hospital, 1 Children's Way, Little Rock, AR 72202, United States","PPV4+5R Little Rock, Arkansas, USA",https://uamshealth.com/provider/karen-boyd-worley/?utm_source=google&utm_medium=gmb&utm_campaign=clinical&utm_term=provider&utm_content=profile&utm_specs=karen-boyd-worley_arkansas-childrens,+1 501-263-2621,,https://streetviewpixels-pa.googleapis.com/v1/thumbnail?panoid=jd4G376TnL-FML467cXBIA&cb_client=search.gws-prod.gps&w=408&h=240&yaw=95.33583&pitch=0&thumbfov=100,true,,,,,,,,"https://www.google.com/maps/search/pediatrician+in+Hillcrest+Little+Rock+AR/@34.7547449,-92.3246274,14z",2026-02-10T22:25:10.277Z,
"https://www.google.com/maps/place/Arkansas+Children%27s+-+James+S.+Magee,+M.D./data=!4m7!3m6!1s0x87d2bb5a95dfcb41:0x1d05545f60ee2787!8m2!3d34.7429496!4d-92.2929685!16s%2Fg%2F1th1vlff!19sChIJQcvflVq70ocRhyfuYF9UBR0","Arkansas Children's - James S. Magee, M.D.",,,Pediatrician,"Children's Hospital, 1 Children's Way, Little Rock, AR 72202, United States","PPV4+5R Little Rock, Arkansas, USA",https://uamshealth.com/provider/james-s-magee/?utm_source=google&utm_medium=gmb&utm_campaign=clinical&utm_term=provider&utm_content=profile&utm_specs=james-s-magee_arkansas-childrens,+1 501-263-2621,,https://streetviewpixels-pa.googleapis.com/v1/thumbnail?panoid=jd4G376TnL-FML467cXBIA&cb_client=search.gws-prod.gps&w=408&h=240&yaw=95.33583&pitch=0&thumbfov=100,true,,,,,,,,"https://www.google.com/maps/search/pediatrician+in+Hillcrest+Little+Rock+AR/@34.7547449,-92.3246274,14z",2026-02-10T22:25:12.879Z,
"https://www.google.com/maps/place/Dr.+Kelsey+H.+O%27brien,+MD/data=!4m7!3m6!1s0x87d2a47e24da7d65:0x8279bed738b6a17e!8m2!3d34.7476131!4d-92.3427352!16s%2Fg%2F1tf65_xx!19sChIJZX3aJH6k0ocRfqG2ONe-eYI","Dr. Kelsey H. O'brien, MD",1.5,2,Pediatrician,"500 S University Ave #200, Little Rock, AR 72205, United States","PMX4+2W Little Rock, Arkansas, USA",http://www.arped.com/,+1 501-661-0308,,https://streetviewpixels-pa.googleapis.com/v1/thumbnail?panoid=ddEkeDio7xdj_jKhIYcQRA&cb_client=search.gws-prod.gps&w=408&h=240&yaw=357.4664&pitch=0&thumbfov=100,false,,,,,,,,"https://www.google.com/maps/search/pediatrician+in+Hillcrest+Little+Rock+AR/@34.7547449,-92.3246274,14z",2026-02-10T22:25:15.370Z,
"https://www.google.com/maps/place/Dr.+Julie+S.+May-Wewers,+MD/data=!4m7!3m6!1s0x87d2bb45414dac0d:0xfa9277cec4a11745!8m2!3d34.7495736!4d-92.3220467!16s%2Fg%2F1tk6wft8!19sChIJDaxNQUW70ocRRRehxM53kvo","Dr. Julie S. May-Wewers, MD",,,Pediatrician,"4301 W Markham St, Little Rock, AR 72205, United States","PMXH+R5 Little Rock, Arkansas, USA",http://www.archildrens.org/,,,https://streetviewpixels-pa.googleapis.com/v1/thumbnail?panoid=D48aqZLVEiw3DtFn_LqThw&cb_client=search.gws-prod.gps&w=408&h=240&yaw=277.3441&pitch=0&thumbfov=100,false,,,,,,,,"https://www.google.com/maps/search/pediatrician+in+Hillcrest+Little+Rock+AR/@34.7547449,-92.3246274,14z",2026-02-10T22:25:17.831Z,
https://www.google.com/maps/place/Arkansas+Children%27s+Hospital:+Schexnayder+Rebecca+E+MD/data=!4m7!3m6!1s0x87d2bb5a95dfcb41:0x62cbb69909f5ebb1!8m2!3d34.7430052!4d-92.2922418!16s%2Fg%2F1vhkl23m!19sChIJQcvflVq70ocRsev1CZm2y2I,Arkansas Children's Hospital: Schexnayder Rebecca E MD,,,Pediatrician,"800 Marshall St, Little Rock, AR 72202, United States","PPV5+64 Little Rock, Arkansas, USA",http://www.archildrens.org/,+1 501-364-1050,,https://streetviewpixels-pa.googleapis.com/v1/thumbnail?panoid=csUHAFg-wb0JOrKex19Aig&cb_client=search.gws-prod.gps&w=408&h=240&yaw=267.66504&pitch=0&thumbfov=100,false,,,,,,,,"https://www.google.com/maps/search/pediatrician+in+Hillcrest+Little+Rock+AR/@34.7547449,-92.3246274,14z",2026-02-10T22:25:20.222Z,
https://www.google.com/maps/place/Gerald+Schaefer/data=!4m7!3m6!1s0x87d2bb5abd374813:0x21838112d0698079!8m2!3d34.7428307!4d-92.2919413!16s%2Fg%2F11rwxgc2xt!19sChIJE0g3vVq70ocReYBp0BKBgyE,Gerald Schaefer,,,Pediatrician,"1 Children's Way # 653, Little Rock, AR 72202, United States","PPV5+46 Little Rock, Arkansas, USA",,+1 501-364-1100,,https://streetviewpixels-pa.googleapis.com/v1/thumbnail?panoid=csUHAFg-wb0JOrKex19Aig&cb_client=search.gws-prod.gps&w=408&h=240&yaw=226.2559&pitch=0&thumbfov=100,false,,,,,,,,"https://www.google.com/maps/search/pediatrician+in+Hillcrest+Little+Rock+AR/@34.7547449,-92.3246274,14z",2026-02-10T22:25:22.711Z,
"https://www.google.com/maps/place/UAMS+Health+-+Megan+N.+Baber,+D.O.+-+UAMS+Medical+Center/data=!4m7!3m6!1s0x87d2a5ed081cf739:0x514abd94ca475f59!8m2!3d34.7493136!4d-92.3205302!16s%2Fg%2F11qsp2rnpq!19sChIJOfccCO2l0ocRWV9HypS9SlE","UAMS Health - Megan N. Baber, D.O. - UAMS Medical Center",,,Pediatrician,"UAMS Medical Ctr, 4301 W Markham St, Little Rock, AR 72205, United States","PMXH+PQ Little Rock, Arkansas, USA",https://uamshealth.com/provider/megan-n-baber/?utm_source=google&utm_medium=gmb&utm_campaign=clinical&utm_term=provider&utm_content=profile&utm_specs=megan-n-baber_uams-medical-center,+1 501-686-8000,,https://streetviewpixels-pa.googleapis.com/v1/thumbnail?panoid=3P4S1oYAFN0j87PF0cT1Xg&cb_client=search.gws-prod.gps&w=408&h=240&yaw=108.874855&pitch=0&thumbfov=100,true,,,,,,,,"https://www.google.com/maps/search/pediatrician+in+Hillcrest+Little+Rock+AR/@34.7547449,-92.3246274,14z",2026-02-10T22:25:25.593Z,
https://www.google.com/maps/place/Baptist+Health+Family+Clinic-Hillcrest/data=!4m7!3m6!1s0x87d2a360aa19f123:0x32311c747806cf24!8m2!3d34.7571202!4d-92.322114!16s%2Fg%2F1ptx8m16q!19sChIJI_EZqmCj0ocRJM8GeHQcMTI,Baptist Health Family Clinic-Hillcrest,4.0,19,Medical clinic,"2601 Kavanaugh Blvd Suite 6, Little Rock, AR 72205, United States","QM4H+R5 Little Rock, Arkansas, USA",https://www.baptist-health.com/find-care/location/baptist-health-family-clinic-hillcrest/,+1 501-663-4357,Closes soon · 5 pm · Opens 7:45 am Wed,https://lh3.googleusercontent.com/p/AF1QipPYH6JKxfr4LqQqkhL2D6FuYsJiLY9YqVt6OzMD=w426-h240-k-no,true,7:45 am–5 pm,7:45 am–5 pm,7:45 am–5 pm,7:45 am–4 pm,Closed,Closed,7:45 am–5 pm,"https://www.google.com/maps/search/pediatrician+in+Hillcrest+Little+Rock+AR/@34.7547449,-92.3246274,14z",2026-02-10T22:25:30.260Z,
https://www.google.com/maps/place/Dr.+Melvin+Dassinger/data=!4m7!3m6!1s0x87d2a4a1b8555555:0x3b8b38afdf96ec80!8m2!3d34.7484328!4d-92.3207757!16s%2Fg%2F11ty7tdnwj!19sChIJVVVVuKGk0ocRgOyW3684izs,Dr. Melvin Dassinger,,,Pediatric surgeon,"4301 W Markham St # 783, Little Rock, AR 72205, United States","PMXH+9M Little Rock, Arkansas, USA",,+1 501-686-8000,,https://streetviewpixels-pa.googleapis.com/v1/thumbnail?panoid=n-NUDri98ZWhN2u4m4IbxQ&cb_client=search.gws-prod.gps&w=408&h=240&yaw=102.157646&pitch=0&thumbfov=100,false,,,,,,,,"https://www.google.com/maps/search/pediatrician+in+Hillcrest+Little+Rock+AR/@34.7547449,-92.3246274,14z",2026-02-10T22:25:32.649Z,
"https://www.google.com/maps/place/Arkansas+Children%27s+-+Kendall+L.+Stanford,+M.D./data=!4m7!3m6!1s0x87d2bb5a95dfcb41:0x58c0fc31fc7eebf8!8m2!3d34.7429496!4d-92.2929685!16s%2Fg%2F1trcgz4f!19sChIJQcvflVq70ocR-Ot-_DH8wFg","Arkansas Children's - Kendall L. Stanford, M.D.",,,Pediatrician,"Children's Hospital, 1 Children's Way, Little Rock, AR 72202, United States","PPV4+5R Little Rock, Arkansas, USA",https://uamshealth.com/provider/kendall-l-stanford/?utm_source=google&utm_medium=gmb&utm_campaign=clinical&utm_term=provider&utm_content=profile&utm_specs=kendall-l-stanford_arkansas-childrens,+1 501-263-2621,,https://streetviewpixels-pa.googleapis.com/v1/thumbnail?panoid=jd4G376TnL-FML467cXBIA&cb_client=search.gws-prod.gps&w=408&h=240&yaw=95.33583&pitch=0&thumbfov=100,true,,,,,,,,"https://www.google.com/maps/search/pediatrician+in+Hillcrest+Little+Rock+AR/@34.7547449,-92.3246274,14z",2026-02-10T22:25:35.133Z,
"https://www.google.com/maps/place/Arkansas+Children%27s+-+Jill+J.+Fussell,+M.D./data=!4m7!3m6!1s0x87d2bb7b78ca319b:0x5a513ce03189919c!8m2!3d34.7429496!4d-92.2929685!16s%2Fg%2F11n76qbmts!19sChIJmzHKeHu70ocRnJGJMeA8UVo","Arkansas Children's - Jill J. Fussell, M.D.",,,Pediatrician,"Children's Hospital, 1 Children's Way, Little Rock, AR 72202, United States","PPV4+5R Little Rock, Arkansas, USA",https://uamshealth.com/provider/jill-j-fussell/?utm_source=google&utm_medium=gmb&utm_campaign=clinical&utm_term=provider&utm_content=profile&utm_specs=jill-j-fussell_arkansas-childrens,+1 501-263-2621,,https://streetviewpixels-pa.googleapis.com/v1/thumbnail?panoid=jd4G376TnL-FML467cXBIA&cb_client=search.gws-prod.gps&w=408&h=240&yaw=95.33583&pitch=0&thumbfov=100,true,,,,,,,,"https://www.google.com/maps/search/pediatrician+in+Hillcrest+Little+Rock+AR/@34.7547449,-92.3246274,14z",2026-02-10T22:25:37.739Z,
https://www.google.com/maps/place/Arkansas+Children%27s+Hospital:+Ellis+Eileen+N+MD/data=!4m7!3m6!1s0x87d2bb5a95dfcb41:0x5b70955341056a5d!8m2!3d34.7426975!4d-92.2917981!16s%2Fg%2F1w347445!19sChIJQcvflVq70ocRXWoFQVOVcFs,Arkansas Children's Hospital: Ellis Eileen N MD,3.7,3,Pediatric nephrologist,"1 Children's Way, Little Rock, AR 72202, United States","PPV5+37 Little Rock, Arkansas, USA",http://www.archildrens.org/,+1 501-364-1100,,https://streetviewpixels-pa.googleapis.com/v1/thumbnail?panoid=B9--tvLFq9xtrIuu16sExg&cb_client=search.gws-prod.gps&w=408&h=240&yaw=296.54404&pitch=0&thumbfov=100,false,,,,,,,,"https://www.google.com/maps/search/pediatrician+in+Hillcrest+Little+Rock+AR/@34.7547449,-92.3246274,14z",2026-02-10T22:25:40.310Z,
"https://www.google.com/maps/place/Arkansas+Children%27s+-+Henry+C.+Farrar,+M.D./data=!4m7!3m6!1s0x87d2bb5a95dfcb41:0x39ff602f9577da95!8m2!3d34.7429496!4d-92.2929685!16s%2Fg%2F1td53zkq!19sChIJQcvflVq70ocRldp3lS9g_zk","Arkansas Children's - Henry C. Farrar, M.D.",,,Pediatrician,"Children's Hospital, 1 Children's Way, Little Rock, AR 72202, United States","PPV4+5R Little Rock, Arkansas, USA",https://uamshealth.com/provider/henry-c-farrar/?utm_source=google&utm_medium=gmb&utm_campaign=clinical&utm_term=provider&utm_content=profile&utm_specs=henry-c-farrar_arkansas-childrens,+1 501-263-2621,,https://streetviewpixels-pa.googleapis.com/v1/thumbnail?panoid=jd4G376TnL-FML467cXBIA&cb_client=search.gws-prod.gps&w=408&h=240&yaw=95.33583&pitch=0&thumbfov=100,true,,,,,,,,"https://www.google.com/maps/search/pediatrician+in+Hillcrest+Little+Rock+AR/@34.7547449,-92.3246274,14z",2026-02-10T22:25:42.725Z,
"https://www.google.com/maps/place/Arkansas+Children%27s+-+C.+Paul+Manbeck,+M.D./data=!4m7!3m6!1s0x87d2bb915f61e13d:0xf44c765dd353f869!8m2!3d34.7429496!4d-92.2929685!16s%2Fg%2F11n6t_3qkv!19sChIJPeFhX5G70ocRafhT0112TPQ","Arkansas Children's - C. Paul Manbeck, M.D.",5.0,1,Pediatric neurologist,"Children's Hospital, 1 Children's Way, Little Rock, AR 72202, United States","PPV4+5R Little Rock, Arkansas, USA",https://uamshealth.com/provider/c-paul-manbeck/?utm_source=google&utm_medium=gmb&utm_campaign=clinical&utm_term=provider&utm_content=profile&utm_specs=c-paul-manbeck_arkansas-childrens,+1 501-263-2621,,https://streetviewpixels-pa.googleapis.com/v1/thumbnail?panoid=jd4G376TnL-FML467cXBIA&cb_client=search.gws-prod.gps&w=408&h=240&yaw=95.33583&pitch=0&thumbfov=100,true,,,,,,,,"https://www.google.com/maps/search/pediatrician+in+Hillcrest+Little+Rock+AR/@34.7547449,-92.3246274,14z",2026-02-10T22:25:45.283Z,
https://www.google.com/maps/place/Ismael+Zamilpa/data=!4m7!3m6!1s0x87d2a4a1b8555555:0x11c2c0d99ec4b5eb!8m2!3d34.7484328!4d-92.3207757!16s%2Fg%2F11kjq6b55g!19sChIJVVVVuKGk0ocR67XEntnAwhE,Ismael Zamilpa,,,Pediatric urologist,"4301 W Markham St, Little Rock, AR 722057101, United States",,,+1 501-686-7000,,https://streetviewpixels-pa.googleapis.com/v1/thumbnail?panoid=n-NUDri98ZWhN2u4m4IbxQ&cb_client=search.gws-prod.gps&w=408&h=240&yaw=102.157646&pitch=0&thumbfov=100,false,,,,,,,,"https://www.google.com/maps/search/pediatrician+in+Hillcrest+Little+Rock+AR/@34.7547449,-92.3246274,14z",2026-02-10T22:25:48.261Z,
"https://www.google.com/maps/place/Arkansas+Children%27s+-+Travis+D.+Ayers,+M.D./data=!4m7!3m6!1s0x87d2bb9a12e453ad:0xdde2f3cbfde5d754!8m2!3d34.7429496!4d-92.2929685!16s%2Fg%2F11ls_7p2v5!19sChIJrVPkEpq70ocRVNfl_cvz4t0","Arkansas Children's - Travis D. Ayers, M.D.",5.0,1,Pediatric gastroenterologist,"Children's Hospital, 1 Children's Way, Little Rock, AR 72202, United States","PPV4+5R Little Rock, Arkansas, USA",https://uamshealth.com/provider/travis-d-ayers/?utm_source=google&utm_medium=gmb&utm_campaign=clinical&utm_term=provider&utm_content=profile&utm_specs=travis-d-ayers_arkansas-childrens,+1 501-263-2621,,https://streetviewpixels-pa.googleapis.com/v1/thumbnail?panoid=jd4G376TnL-FML467cXBIA&cb_client=search.gws-prod.gps&w=408&h=240&yaw=95.33583&pitch=0&thumbfov=100,true,,,,,,,,"https://www.google.com/maps/search/pediatrician+in+Hillcrest+Little+Rock+AR/@34.7547449,-92.3246274,14z",2026-02-10T22:25:50.939Z,
"https://www.google.com/maps/place/Arkansas+Children%27s+-+Sowmya+N.+Patil,+M.D./data=!4m7!3m6!1s0x87d2bb45414dac0d:0xd5f391a278e9df28!8m2!3d34.7429496!4d-92.2929685!16s%2Fg%2F1tkb5n30!19sChIJDaxNQUW70ocRKN_peKKR89U","Arkansas Children's - Sowmya N. Patil, M.D.",,,Pediatrician,"Children's Hospital, 1 Children's Way, Little Rock, AR 72202, United States","PPV4+5R Little Rock, Arkansas, USA",https://uamshealth.com/provider/sowmya-patil/?utm_source=google&utm_medium=gmb&utm_campaign=clinical&utm_term=provider&utm_content=profile&utm_specs=sowmya-patil_arkansas-childrens,+1 501-263-2621,,https://streetviewpixels-pa.googleapis.com/v1/thumbnail?panoid=jd4G376TnL-FML467cXBIA&cb_client=search.gws-prod.gps&w=408&h=240&yaw=95.33583&pitch=0&thumbfov=100,true,,,,,,,,"https://www.google.com/maps/search/pediatrician+in+Hillcrest+Little+Rock+AR/@34.7547449,-92.3246274,14z",2026-02-10T22:25:53.386Z,
"https://www.google.com/maps/place/Ochoa,+Eduardo,+M.D./data=!4m7!3m6!1s0x87d2bb5a95dfcb41:0x2980d893e2c648b6!8m2!3d34.7430824!4d-92.2922502!16s%2Fg%2F1w0p64sl!19sChIJQcvflVq70ocRtkjG4pPYgCk","Ochoa, Eduardo, M.D.",,,Pediatrician,"800 Marshall St, Little Rock, AR 72202, United States","PPV5+63 Little Rock, Arkansas, USA",http://www.archildrens.org/,+1 501-364-4364,,https://streetviewpixels-pa.googleapis.com/v1/thumbnail?panoid=kyuwXyyp4osfI8Qqh6hDkg&cb_client=search.gws-prod.gps&w=408&h=240&yaw=261.91333&pitch=0&thumbfov=100,false,,,,,,,,"https://www.google.com/maps/search/pediatrician+in+Hillcrest+Little+Rock+AR/@34.7547449,-92.3246274,14z",2026-02-10T22:25:55.880Z,
"https://www.google.com/maps/place/Arkansas+Children%27s+-+Eduardo+R.+Ochoa+Jr.,+M.D./data=!4m7!3m6!1s0x87d2bb8a26a9adb3:0xb017c72fb2331425!8m2!3d34.7429496!4d-92.2929685!16s%2Fg%2F11n6tv8hm_!19sChIJs62pJoq70ocRJRQzsi_HF7A","Arkansas Children's - Eduardo R. Ochoa Jr., M.D.",,,Pediatrician,"Children's Hospital, 1 Children's Way, Little Rock, AR 72202, United States","PPV4+5R Little Rock, Arkansas, USA",https://uamshealth.com/provider/eduardo-r-ochoa-jr/?utm_source=google&utm_medium=gmb&utm_campaign=clinical&utm_term=provider&utm_content=profile&utm_specs=eduardo-r-ochoa-jr_arkansas-childrens,+1 501-263-2621,,https://streetviewpixels-pa.googleapis.com/v1/thumbnail?panoid=jd4G376TnL-FML467cXBIA&cb_client=search.gws-prod.gps&w=408&h=240&yaw=95.33583&pitch=0&thumbfov=100,true,,,,,,,,"https://www.google.com/maps/search/pediatrician+in+Hillcrest+Little+Rock+AR/@34.7547449,-92.3246274,14z",2026-02-10T22:25:58.408Z,
"https://www.google.com/maps/place/Arkansas+Children%27s+-+Brian+K.+Eble,+M.D./data=!4m7!3m6!1s0x87d2bb5009753299:0x7debf592d28eab76!8m2!3d34.7429496!4d-92.2929685!16s%2Fg%2F11cs6d2qwk!19sChIJmTJ1CVC70ocRdquO0pL1630","Arkansas Children's - Brian K. Eble, M.D.",5.0,1,Pediatric cardiologist,"Children's Hospital, 1 Children's Way, Little Rock, AR 72202, United States","PPV4+5R Little Rock, Arkansas, USA",https://uamshealth.com/provider/brian-k-eble/?utm_source=google&utm_medium=gmb&utm_campaign=clinical&utm_term=provider&utm_content=profile&utm_specs=brian-k-eble_arkansas-childrens,+1 501-263-2621,,https://streetviewpixels-pa.googleapis.com/v1/thumbnail?panoid=jd4G376TnL-FML467cXBIA&cb_client=search.gws-prod.gps&w=408&h=240&yaw=95.33583&pitch=0&thumbfov=100,true,,,,,,,,"https://www.google.com/maps/search/pediatrician+in+Hillcrest+Little+Rock+AR/@34.7547449,-92.3246274,14z",2026-02-10T22:26:00.940Z,
https://www.google.com/maps/place/Leap+Kids+Dental/data=!4m7!3m6!1s0x87d2a461e7f499a9:0x51552ac6f0fba0c3!8m2!3d34.7332389!4d-92.3425521!16s%2Fg%2F1tg79l02!19sChIJqZn052Gk0ocRw6D78MYqVVE,Leap Kids Dental,4.7,395,Pediatric dentist,"2000 S University Ave # K, Little Rock, AR 72204, United States","PMM4+7X Little Rock, Arkansas, USA",https://leapkidsdental.com/locations/little-rock-university/?utm_source=gbp&utm_medium=organic&utm_campaign=gbp-listing&utm_content=PAR_Little_Rock_University,+1 501-438-0974,Closed · Opens 7:30 am Wed,https://lh3.googleusercontent.com/gps-cs-s/AHVAwepJT0saTwm_osMmmQvoIcgxFus3K_uaKjz3sY2cW_bjh-LyG0GMVH9sRpu4oq7oAfUdxIp3wq1lyJGHC_nqmYVcMs1ySL6-AgX_XKC44Cua2UMXmXPH_fOTbkl9kDDD1BIg87aiMQ=w408-h544-k-no,true,"7:30 am–12 pm, 1–4 pm","7:30 am–12 pm, 1–4 pm","7:30 am–12 pm, 1–4 pm",8 am–12 pm,Closed,Closed,"7:30 am–12 pm, 1–4 pm","https://www.google.com/maps/search/pediatrician+in+Hillcrest+Little+Rock+AR/@34.7547449,-92.3246274,14z",2026-02-10T22:26:05.696Z,
"https://www.google.com/maps/place/Dr.+Richard+M.+Nestrud,+MD/data=!4m7!3m6!1s0x87d2a382a73c96e3:0x789334a77425706a!8m2!3d34.761729!4d-92.341997!16s%2Fg%2F1hc1933gt!19sChIJ45Y8p4Kj0ocRanAldKc0k3g","Dr. Richard M. Nestrud, MD",,,Pediatrician,"1100 N University Ave, Little Rock, AR 72207, United States","QM65+M6 Little Rock, Arkansas, USA",,+1 501-217-9890,,https://streetviewpixels-pa.googleapis.com/v1/thumbnail?panoid=t9ODUVlu0e9lwNBfnOCEag&cb_client=search.gws-prod.gps&w=408&h=240&yaw=159.25395&pitch=0&thumbfov=100,false,,,,,,,,"https://www.google.com/maps/search/pediatrician+in+Hillcrest+Little+Rock+AR/@34.7547449,-92.3246274,14z",2026-02-10T22:26:08.391Z,
https://www.google.com/maps/place/Magee+James+S+MD/data=!4m7!3m6!1s0x87d2a4a02639aea1:0x55ba741931192dc3!8m2!3d34.7480755!4d-92.3202876!16s%2Fg%2F1264g83kx!19sChIJoa45JqCk0ocRwy0ZMRl0ulU,Magee James S MD,,,Pediatrician,"4301 W Markham St # 520-4, Little Rock, AR 72205, United States","PMXH+6V Little Rock, Arkansas, USA",http://doctors.uamshealth.com/,+1 501-686-7000,,https://streetviewpixels-pa.googleapis.com/v1/thumbnail?panoid=AqKDjoFbX7-Pxap_vTzvAQ&cb_client=search.gws-prod.gps&w=408&h=240&yaw=123.88792&pitch=0&thumbfov=100,false,,,,,,,,"https://www.google.com/maps/search/pediatrician+in+Hillcrest+Little+Rock+AR/@34.7547449,-92.3246274,14z",2026-02-10T22:26:10.953Z,
"https://www.google.com/maps/place/Arkansas+Children%27s+-+W.+David+Walters,+M.D./data=!4m7!3m6!1s0x87d2bb38a2e12e73:0x51e51545441ce8fd!8m2!3d34.7429496!4d-92.2929685!16s%2Fg%2F11qsbgvkv2!19sChIJcy7hoji70ocR_egcREUV5VE","Arkansas Children's - W. David Walters, M.D.",3.0,2,Pediatric neurologist,"Children's Hospital, 1 Children's Way, Little Rock, AR 72202, United States","PPV4+5R Little Rock, Arkansas, USA",https://uamshealth.com/provider/w-david-walters/?utm_source=google&utm_medium=gmb&utm_campaign=clinical&utm_term=provider&utm_content=profile&utm_specs=w-david-walters_arkansas-childrens,+1 501-263-2621,,https://streetviewpixels-pa.googleapis.com/v1/thumbnail?panoid=jd4G376TnL-FML467cXBIA&cb_client=search.gws-prod.gps&w=408&h=240&yaw=95.33583&pitch=0&thumbfov=100,true,,,,,,,,"https://www.google.com/maps/search/pediatrician+in+Hillcrest+Little+Rock+AR/@34.7547449,-92.3246274,14z",2026-02-10T22:26:13.401Z,
"https://www.google.com/maps/place/Arkansas+Children%27s+-+Joe+Thompson,+M.D./data=!4m7!3m6!1s0x87d2bb5a95dfcb41:0x1adf34e926e6cd6d!8m2!3d34.7429496!4d-92.2929685!16s%2Fg%2F1tgxv28l!19sChIJQcvflVq70ocRbc3mJuk03xo","Arkansas Children's - Joe Thompson, M.D.",,,Pediatrician,"Children's Hospital, 1 Children's Way, Little Rock, AR 72202, United States","PPV4+5R Little Rock, Arkansas, USA",https://uamshealth.com/provider/joe-thompson/?utm_source=google&utm_medium=gmb&utm_campaign=clinical&utm_term=provider&utm_content=profile&utm_specs=joe-thompson_arkansas-childrens,+1 501-263-2621,,https://streetviewpixels-pa.googleapis.com/v1/thumbnail?panoid=jd4G376TnL-FML467cXBIA&cb_client=search.gws-prod.gps&w=408&h=240&yaw=95.33583&pitch=0&thumbfov=100,true,,,,,,,,"https://www.google.com/maps/search/pediatrician+in+Hillcrest+Little+Rock+AR/@34.7547449,-92.3246274,14z",2026-02-10T22:26:15.918Z,
https://www.google.com/maps/place/Arkansas+Children%27s+Hospital+Emergency+Department/data=!4m7!3m6!1s0x87d2bb5001df31c1:0x50e4a981f5a70329!8m2!3d34.7421332!4d-92.2931799!16s%2Fg%2F11hcn8x100!19sChIJwTHfAVC70ocRKQOn9YGp5FA,Arkansas Children's Hospital Emergency Department,2.5,73,Emergency room,"1800 W 10th St, Little Rock, AR 72202, United States","PPR4+VP Little Rock, Arkansas, USA",https://www.archildrens.org/programs-and-services/emergency-department,+1 501-364-1185,Open 24 hours,https://lh3.googleusercontent.com/gps-cs-s/AHVAwerQGweAjKrs7duLQyaECS7FjDr_rPSI9Cw20ypOf4gnaWDXgAVEbVNkseEHKmSL9c5sRrZVWMwfuUz8vYtZjLlEkbA97crLPj3W4it_N58KjrJhWREvdPU9Jplm7EAcov_SJdE=w408-h544-k-no,true,Open 24 hours,Open 24 hours,Open 24 hours,Open 24 hours,Open 24 hours,Open 24 hours,Open 24 hours,"https://www.google.com/maps/search/pediatrician+in+Hillcrest+Little+Rock+AR/@34.7547449,-92.3246274,14z",2026-02-10T22:26:20.659Z,
"https://www.google.com/maps/place/Dr.+Eudice+E.+Fontenot,+MD/data=!4m7!3m6!1s0x87d2bb5a95dfcb41:0xc22224a69c3a02da!8m2!3d34.7430052!4d-92.2922418!16s%2Fg%2F1vgqdmkm!19sChIJQcvflVq70ocR2gI6nKYkIsI","Dr. Eudice E. Fontenot, MD",5.0,1,Pediatric cardiologist,"800 Marshall St, Little Rock, AR 72202, United States","PPV5+64 Little Rock, Arkansas, USA",https://www.archildrens.org/find-a-doctor/profile/eudice-fontenot,+1 501-364-1100,,https://streetviewpixels-pa.googleapis.com/v1/thumbnail?panoid=csUHAFg-wb0JOrKex19Aig&cb_client=search.gws-prod.gps&w=408&h=240&yaw=267.66504&pitch=0&thumbfov=100,false,,,,,,,,"https://www.google.com/maps/search/pediatrician+in+Hillcrest+Little+Rock+AR/@34.7547449,-92.3246274,14z",2026-02-10T22:26:23.279Z,
"https://www.google.com/maps/place/UAMS+Health+-+William+J.+Steinbach,+M.D./data=!4m7!3m6!1s0x87d2bb0ffe50deb5:0x940e281fcd15a666!8m2!3d34.7430308!4d-92.2917695!16s%2Fg%2F11y74z52sn!19sChIJtd5Q_g-70ocRZqYVzR8oDpQ","UAMS Health - William J. Steinbach, M.D.",,,Pediatrician,"Arkansas Children's Hospital, 1 Children's Way, Little Rock, AR 72202, United States","PPV5+67 Little Rock, Arkansas, USA",https://uamshealth.com/provider/william-j-steinbach/?utm_source=google&utm_medium=gmb&utm_campaign=clinical&utm_term=provider&utm_content=profile&utm_specs=william-j-steinbach_arkansas-childrens,+1 501-263-2621,,https://lh3.googleusercontent.com/p/AF1QipPyqH__tDL2QwNozHs0IJqhtZbIXTtyeQw5Djjt=w426-h240-k-no,true,,,,,,,,"https://www.google.com/maps/search/pediatrician+in+Hillcrest+Little+Rock+AR/@34.7547449,-92.3246274,14z",2026-02-10T22:26:25.779Z,
"https://www.google.com/maps/place/UAMS+Health+-+Lindsey+L.+Wolf,+M.D./data=!4m7!3m6!1s0x87d2bb1aadc82b05:0x2356336b72bbfe41!8m2!3d34.7430308!4d-92.2917695!16s%2Fg%2F11w2_mqd9p!19sChIJBSvIrRq70ocRQf67cmszViM","UAMS Health - Lindsey L. Wolf, M.D.",,,Pediatric surgeon,"Arkansas Children's Hospital, 1 Children's Way, Little Rock, AR 72202, United States","PPV5+67 Little Rock, Arkansas, USA",https://uamshealth.com/provider/lindsey-l-wolf/?utm_source=google&utm_medium=gmb&utm_campaign=clinical&utm_term=provider&utm_content=profile&utm_specs=lindsey-l-wolf_arkansas-childrens,+1 501-263-2621,,https://streetviewpixels-pa.googleapis.com/v1/thumbnail?panoid=csUHAFg-wb0JOrKex19Aig&cb_client=search.gws-prod.gps&w=408&h=240&yaw=276.9253&pitch=0&thumbfov=100,true,,,,,,,,"https://www.google.com/maps/search/pediatrician+in+Hillcrest+Little+Rock+AR/@34.7547449,-92.3246274,14z",2026-02-10T22:26:28.177Z,
"https://www.google.com/maps/place/Arkansas+Children%27s+-+Stephen+Canon,+M.D./data=!4m7!3m6!1s0x87d2bb55d7f65db9:0x237df5ada3b12376!8m2!3d34.7429496!4d-92.2929685!16s%2Fg%2F11td8c4c1z!19sChIJuV3211W70ocRdiOxo631fSM","Arkansas Children's - Stephen Canon, M.D.",5.0,1,Pediatric urologist,"1 Children's Way, Little Rock, AR 72202, United States","PPV4+5R Little Rock, Arkansas, USA",https://www.archildrens.org/find-a-doctor/Stephen-Canon-D2T80LO635,+1 501-364-1100,,https://streetviewpixels-pa.googleapis.com/v1/thumbnail?panoid=jd4G376TnL-FML467cXBIA&cb_client=search.gws-prod.gps&w=408&h=240&yaw=95.33583&pitch=0&thumbfov=100,false,,,,,,,,"https://www.google.com/maps/search/pediatrician+in+Hillcrest+Little+Rock+AR/@34.7547449,-92.3246274,14z",2026-02-10T22:26:30.890Z,
https://www.google.com/maps/place/Dr.+Cara+Jones/data=!4m7!3m6!1s0x87d2a487dc055555:0x70f5dce0f8e9a929!8m2!3d34.7410261!4d-92.3403842!16s%2Fg%2F11rwxf_n92!19sChIJVVUF3Iek0ocRKanp-ODc9XA,Dr. Cara Jones,5.0,4,Pediatric dentist,"5905 W 12th St, Little Rock, AR 72204, United States","PMR5+CR Little Rock, Arkansas, USA",https://www.arpeddent.com/about-us,+1 501-812-3109,,https://streetviewpixels-pa.googleapis.com/v1/thumbnail?panoid=MD9zdlnVoUIeWGom6J2XFA&cb_client=search.gws-prod.gps&w=408&h=240&yaw=184.16219&pitch=0&thumbfov=100,false,,,,,,,,"https://www.google.com/maps/search/pediatrician+in+Hillcrest+Little+Rock+AR/@34.7547449,-92.3246274,14z",2026-02-10T22:26:33.554Z,
https://www.google.com/maps/place/Pomtree+Mindy+M+MD/data=!4m7!3m6!1s0x87d2bb5a92f20801:0x4f25c21850c8c622!8m2!3d34.7428307!4d-92.2919413!16s%2Fg%2F1tj96z2b!19sChIJAQjyklq70ocRIsbIUBjCJU8,Pomtree Mindy M MD,,,Pediatrician,"1 Children's Way #512-19A, Little Rock, AR 72202, United States","PPV5+46 Little Rock, Arkansas, USA",,+1 501-364-1100,,https://streetviewpixels-pa.googleapis.com/v1/thumbnail?panoid=csUHAFg-wb0JOrKex19Aig&cb_client=search.gws-prod.gps&w=408&h=240&yaw=226.2559&pitch=0&thumbfov=100,false,,,,,,,,"https://www.google.com/maps/search/pediatrician+in+Hillcrest+Little+Rock+AR/@34.7547449,-92.3246274,14z",2026-02-10T22:26:36.057Z,
"https://www.google.com/maps/place/UAMS+Health+-+Maria+T.+Esquivel,+M.D.+-+UAMS+Medical+Center/data=!4m7!3m6!1s0x87d2a4a02639aea1:0x94283ec08a3de8f2!8m2!3d34.7493154!4d-92.320596!16s%2Fg%2F1264ctppl!19sChIJoa45JqCk0ocR8ug9isA-KJQ","UAMS Health - Maria T. Esquivel, M.D. - UAMS Medical Center",,,Pediatrician,"UAMS Medical Center, 4301 W Markham St, Little Rock, AR 72205, United States","PMXH+PQ Little Rock, Arkansas, USA",https://uamshealth.com/provider/maria-t-esquivel/?utm_source=google&utm_medium=gmb&utm_campaign=clinical&utm_term=provider&utm_content=profile&utm_specs=maria-t-esquivel_uams-medical-center,+1 501-686-8000,,https://lh3.googleusercontent.com/p/AF1QipONI-WRs425P6sXWY2l7ycECwjTgubVR35JqtYn=w426-h240-k-no,true,,,,,,,,"https://www.google.com/maps/search/pediatrician+in+Hillcrest+Little+Rock+AR/@34.7547449,-92.3246274,14z",2026-02-10T22:26:38.454Z,
"https://www.google.com/maps/place/Stephanie+Cody,+MD/data=!4m7!3m6!1s0x87d2be9da45d8bcd:0xb39948229d13dc21!8m2!3d34.7571202!4d-92.322114!16s%2Fg%2F1tfw3kxg!19sChIJzYtdpJ2-0ocRIdwTnSJImbM","Stephanie Cody, MD",4.2,36,Family practice physician,"2601 Kavanaugh Blvd #6, Little Rock, AR 72205, United States","QM4H+R5 Little Rock, Arkansas, USA",https://www.baptist-health.com/doctor/stephanie-cody-md/,+1 501-663-4357,Closes soon · 5 pm · Opens 7:45 am Wed,https://lh3.googleusercontent.com/p/AF1QipPYagfFDVUfld3e-0p3dL78W5tYllm2bHaHwYlZ=w426-h240-k-no,true,7:45 am–5 pm,7:45 am–5 pm,7:45 am–5 pm,7:45 am–4 pm,Closed,Closed,7:45 am–5 pm,"https://www.google.com/maps/search/pediatrician+in+Hillcrest+Little+Rock+AR/@34.7547449,-92.3246274,14z",2026-02-10T22:26:43.110Z,
https://www.google.com/maps/place/Baptist+Health+Urgent+Care+-+Little+Rock/data=!4m7!3m6!1s0x87d2a3810fb8d5fb:0x5ed19b83c7e26701!8m2!3d34.7681534!4d-92.3509625!16s%2Fg%2F11fhtztmsk!19sChIJ-9W4D4Gj0ocRAWfix4Ob0V4,Baptist Health Urgent Care - Little Rock,4.7,2180,Urgent care center,"6805 Cantrell Rd, Little Rock, AR 72207, United States","QJ9X+7J Little Rock, Arkansas, USA",https://www.urgentteam.com/locations/baptist-health-urgent-care-little-rock-cantrell-rd-ar/,+1 501-260-7992,Open · Closes 8 pm,https://lh3.googleusercontent.com/p/AF1QipO0R3I_Srk3cVswW28_cGfrZjcJrh6vop2Tk2mg=w426-h240-k-no,true,8 am–8 pm,8 am–8 pm,8 am–8 pm,8 am–8 pm,8 am–4 pm,1–6 pm,8 am–8 pm,"https://www.google.com/maps/search/pediatrician+in+Hillcrest+Little+Rock+AR/@34.7547449,-92.3246274,14z",2026-02-10T22:26:48.058Z,
https://www.google.com/maps/place/Patel+Ashay+S+Do/data=!4m7!3m6!1s0x87d2bb45414dac0d:0xa461817b98018b8d!8m2!3d34.7430735!4d-92.2917711!16s%2Fg%2F1hc3yg_zk!19sChIJDaxNQUW70ocRjYsBmHuBYaQ,Patel Ashay S Do,5.0,4,Pediatric urologist,"1 Children's Way, Little Rock, AR 72202, United States","PPV5+67 Little Rock, Arkansas, USA",https://www.archildrens.org/find-a-doctor/Ashay-Patel-K39W0OJGP0,+1 501-364-1100,,https://streetviewpixels-pa.googleapis.com/v1/thumbnail?panoid=_8SaL__45Tcr2e_j4v6QIw&cb_client=search.gws-prod.gps&w=408&h=240&yaw=239.52277&pitch=0&thumbfov=100,false,,,,,,,,"https://www.google.com/maps/search/pediatrician+in+Hillcrest+Little+Rock+AR/@34.7547449,-92.3246274,14z",2026-02-10T22:26:50.638Z,
"https://www.google.com/maps/place/UAMS+Health+-+Jurhee+E.+Freese,+M.D./data=!4m7!3m6!1s0x87d2bb4cad8bdd75:0xeb58856b4e05be8c!8m2!3d34.7430308!4d-92.2917695!16s%2Fg%2F11w2_mxqr5!19sChIJdd2LrUy70ocRjL4FTmuFWOs","UAMS Health - Jurhee E. Freese, M.D.",,,Pediatric endocrinologist,"Arkansas Children's Hospital, 1 Children's Way, Little Rock, AR 72202, United States","PPV5+67 Little Rock, Arkansas, USA",https://uamshealth.com/provider/jurhee-e-freese/?utm_source=google&utm_medium=gmb&utm_campaign=clinical&utm_term=provider&utm_content=profile&utm_specs=jurhee-e-freese_arkansas-childrens,+1 501-263-2621,,https://streetviewpixels-pa.googleapis.com/v1/thumbnail?panoid=csUHAFg-wb0JOrKex19Aig&cb_client=search.gws-prod.gps&w=408&h=240&yaw=276.9253&pitch=0&thumbfov=100,true,,,,,,,,"https://www.google.com/maps/search/pediatrician+in+Hillcrest+Little+Rock+AR/@34.7547449,-92.3246274,14z",2026-02-10T22:26:53.374Z,
"https://www.google.com/maps/place/Arkansas+Children%27s+-+Tonya+L.+Marotti,+M.D./data=!4m7!3m6!1s0x87d2bb5a95dfcb41:0x62dee43c99675e03!8m2!3d34.7429496!4d-92.2929685!16s%2Fg%2F1v2f116x!19sChIJQcvflVq70ocRA15nmTzk3mI","Arkansas Children's - Tonya L. Marotti, M.D.",,,Neonatal physician,"Children's Hospital, 1 Children's Way, Little Rock, AR 72202, United States","PPV4+5R Little Rock, Arkansas, USA",https://uamshealth.com/provider/tonya-l-marotti/?utm_source=google&utm_medium=gmb&utm_campaign=clinical&utm_term=provider&utm_content=profile&utm_specs=tonya-l-marotti_arkansas-childrens,+1 501-263-2621,,https://streetviewpixels-pa.googleapis.com/v1/thumbnail?panoid=jd4G376TnL-FML467cXBIA&cb_client=search.gws-prod.gps&w=408&h=240&yaw=95.33583&pitch=0&thumbfov=100,true,,,,,,,,"https://www.google.com/maps/search/pediatrician+in+Hillcrest+Little+Rock+AR/@34.7547449,-92.3246274,14z",2026-02-10T22:26:55.986Z,
https://www.google.com/maps/place/Hobbs+Charlotte+A+MD/data=!4m7!3m6!1s0x87d2bb5a95dfcb41:0x52b62eeb773e05ff!8m2!3d34.7430052!4d-92.2922418!16s%2Fg%2F1tjjpxkv!19sChIJQcvflVq70ocR_wU-d-sutlI,Hobbs Charlotte A MD,,,Pediatrician,"800 Marshall St, Little Rock, AR 72202, United States","PPV5+64 Little Rock, Arkansas, USA",,+1 501-364-1100,,https://streetviewpixels-pa.googleapis.com/v1/thumbnail?panoid=csUHAFg-wb0JOrKex19Aig&cb_client=search.gws-prod.gps&w=408&h=240&yaw=267.66504&pitch=0&thumbfov=100,false,,,,,,,,"https://www.google.com/maps/search/pediatrician+in+Hillcrest+Little+Rock+AR/@34.7547449,-92.3246274,14z",2026-02-10T22:26:58.432Z,
"https://www.google.com/maps/place/Arkansas+Children%27s+-+Fernando+B.+Vargas,+M.D./data=!4m7!3m6!1s0x87d2bb6a48c3c3f1:0xb8638ab93741c2d1!8m2!3d34.7430308!4d-92.2917695!16s%2Fg%2F11w2_n4zks!19sChIJ8cPDSGq70ocR0cJBN7mKY7g","Arkansas Children's - Fernando B. Vargas, M.D.",,,Pediatrician,"Arkansas Children's Hospital, 1 Children's Way, Little Rock, AR 72202, United States","PPV5+67 Little Rock, Arkansas, USA",https://uamshealth.com/provider/fernando-vargas/?utm_source=google&utm_medium=gmb&utm_campaign=clinical&utm_term=provider&utm_content=profile&utm_specs=fernando-vargas_arkansas-childrens,+1 501-263-2621,,https://lh3.googleusercontent.com/p/AF1QipPsk2uyu7COqcS1pNuyxeOV65co6bTv3pMyiL-K=w426-h240-k-no,true,,,,,,,,"https://www.google.com/maps/search/pediatrician+in+Hillcrest+Little+Rock+AR/@34.7547449,-92.3246274,14z",2026-02-10T22:27:00.943Z,
"https://www.google.com/maps/place/Nicolet+Smith,+DDS,+Pediatric+Dentist/data=!4m7!3m6!1s0x87d2a1ab4ed5e7a5:0x32f26a2e7bb62ff1!8m2!3d34.7332389!4d-92.3425521!16s%2Fg%2F11r_ls59mb!19sChIJpefVTquh0ocR8S-2ey5q8jI","Nicolet Smith, DDS, Pediatric Dentist",,,Pediatric dentist,"2000 S University Ave # K, Little Rock, AR 72204, United States","PMM4+7X Little Rock, Arkansas, USA",https://leapkidsdental.com/dentist/nicolet-smith-dds/,+1 501-270-8343,Closes soon · 4:30 pm · Opens 8 am Wed,https://streetviewpixels-pa.googleapis.com/v1/thumbnail?panoid=p8TTN3Jp65WZR46Ki_ki2A&cb_client=search.gws-prod.gps&w=408&h=240&yaw=278.52078&pitch=0&thumbfov=100,true,8 am–4:30 pm,8 am–4:30 pm,8 am–4:30 pm,Closed,Closed,Closed,8 am–4:30 pm,"https://www.google.com/maps/search/pediatrician+in+Hillcrest+Little+Rock+AR/@34.7547449,-92.3246274,14z",2026-02-10T22:27:05.425Z,
https://www.google.com/maps/place/Carl+Mccormack/data=!4m7!3m6!1s0x87d2bb5abd374813:0x2de7a9d6a0c01937!8m2!3d34.7428307!4d-92.2919413!16s%2Fg%2F11qgb7h9td!19sChIJE0g3vVq70ocRNxnAoNap5y0,Carl Mccormack,,,Internist,"1 Children's Way # 653, Little Rock, AR 72202, United States","PPV5+46 Little Rock, Arkansas, USA",,+1 501-364-1100,,https://streetviewpixels-pa.googleapis.com/v1/thumbnail?panoid=csUHAFg-wb0JOrKex19Aig&cb_client=search.gws-prod.gps&w=408&h=240&yaw=226.2559&pitch=0&thumbfov=100,false,,,,,,,,"https://www.google.com/maps/search/pediatrician+in+Hillcrest+Little+Rock+AR/@34.7547449,-92.3246274,14z",2026-02-10T22:27:08.020Z,
"https://www.google.com/maps/place/Arkansas+Children%27s+-+Sylvia+S.O.+Angtuaco,+M.D./data=!4m7!3m6!1s0x87d2bb5a95dfcb41:0x593af709f81fa8bb!8m2!3d34.7429496!4d-92.2929685!16s%2Fg%2F1vq75d5j!19sChIJQcvflVq70ocRu6gf-An3Olk","Arkansas Children's - Sylvia S.O. Angtuaco, M.D.",,,Pediatric cardiologist,"Children's Hospital, 1 Children's Way, Little Rock, AR 72202, United States","PPV4+5R Little Rock, Arkansas, USA",https://uamshealth.com/provider/sylvia-s-o-angtuaco/?utm_source=google&utm_medium=gmb&utm_campaign=clinical&utm_term=provider&utm_content=profile&utm_specs=sylvia-s-o-angtuaco_arkansas-childrens,+1 501-263-2621,,https://streetviewpixels-pa.googleapis.com/v1/thumbnail?panoid=jd4G376TnL-FML467cXBIA&cb_client=search.gws-prod.gps&w=408&h=240&yaw=95.33583&pitch=0&thumbfov=100,true,,,,,,,,"https://www.google.com/maps/search/pediatrician+in+Hillcrest+Little+Rock+AR/@34.7547449,-92.3246274,14z",2026-02-10T22:27:10.541Z,
https://www.google.com/sorry/index,,,,,,,,,,,true,,,,,,,,"https://www.google.com/maps/search/pediatrician+in+Hillcrest+Little+Rock+AR/@34.7547449,-92.3246274,14z",2026-02-10T22:27:19.693Z,
https://www.google.com/sorry/index,,,,,,,,,,,true,,,,,,,,"https://www.google.com/maps/search/pediatrician+in+Hillcrest+Little+Rock+AR/@34.7547449,-92.3246274,14z",2026-02-10T22:27:29.191Z,
https://www.google.com/sorry/index,,,,,,,,,,,true,,,,,,,,"https://www.google.com/maps/search/pediatrician+in+Hillcrest+Little+Rock+AR/@34.7547449,-92.3246274,14z",2026-02-10T22:27:38.316Z,
https://www.google.com/sorry/index,,,,,,,,,,,true,,,,,,,,"https://www.google.com/maps/search/pediatrician+in+Hillcrest+Little+Rock+AR/@34.7547449,-92.3246274,14z",2026-02-10T22:27:47.598Z,
https://www.google.com/sorry/index,,,,,,,,,,,true,,,,,,,,"https://www.google.com/maps/search/pediatrician+in+Hillcrest+Little+Rock+AR/@34.7547449,-92.3246274,14z",2026-02-10T22:27:56.991Z,
https://www.google.com/sorry/index,,,,,,,,,,,true,,,,,,,,"https://www.google.com/maps/search/pediatrician+in+Hillcrest+Little+Rock+AR/@34.7547449,-92.3246274,14z",2026-02-10T22:28:06.248Z,
https://www.google.com/sorry/index,,,,,,,,,,,true,,,,,,,,"https://www.google.com/maps/search/pediatrician+in+Hillcrest+Little+Rock+AR/@34.7547449,-92.3246274,14z",2026-02-10T22:28:15.360Z,
https://www.google.com/sorry/index,,,,,,,,,,,true,,,,,,,,"https://www.google.com/maps/search/pediatrician+in+Hillcrest+Little+Rock+AR/@34.7547449,-92.3246274,14z",2026-02-10T22:28:24.671Z,
https://www.google.com/sorry/index,,,,,,,,,,,true,,,,,,,,"https://www.google.com/maps/search/pediatrician+in+Hillcrest+Little+Rock+AR/@34.7547449,-92.3246274,14z",2026-02-10T22:28:33.890Z,
https://www.google.com/sorry/index,,,,,,,,,,,true,,,,,,,,"https://www.google.com/maps/search/pediatrician+in+Hillcrest+Little+Rock+AR/@34.7547449,-92.3246274,14z",2026-02-10T22:28:43.014Z,
https://www.google.com/sorry/index,,,,,,,,,,,true,,,,,,,,"https://www.google.com/maps/search/pediatrician+in+Hillcrest+Little+Rock+AR/@34.7547449,-92.3246274,14z",2026-02-10T22:28:52.493Z,
https://www.google.com/sorry/index,,,,,,,,,,,true,,,,,,,,"https://www.google.com/maps/search/pediatrician+in+Hillcrest+Little+Rock+AR/@34.7547449,-92.3246274,14z",2026-02-10T22:29:01.667Z,
https://www.google.com/sorry/index,,,,,,,,,,,true,,,,,,,,"https://www.google.com/maps/search/pediatrician+in+Hillcrest+Little+Rock+AR/@34.7547449,-92.3246274,14z",2026-02-10T22:29:11.004Z,
https://www.google.com/sorry/index,,,,,,,,,,,true,,,,,,,,"https://www.google.com/maps/search/pediatrician+in+Hillcrest+Little+Rock+AR/@34.7547449,-92.3246274,14z",2026-02-10T22:29:20.247Z,
https://www.google.com/sorry/index,,,,,,,,,,,true,,,,,,,,"https://www.google.com/maps/search/pediatrician+in+Hillcrest+Little+Rock+AR/@34.7547449,-92.3246274,14z",2026-02-10T22:29:29.248Z,
https://www.google.com/sorry/index,,,,,,,,,,,true,,,,,,,,"https://www.google.com/maps/search/pediatrician+in+Hillcrest+Little+Rock+AR/@34.7547449,-92.3246274,14z",2026-02-10T22:29:38.465Z,
https://www.google.com/sorry/index,,,,,,,,,,,true,,,,,,,,"https://www.google.com/maps/search/pediatrician+in+Hillcrest+Little+Rock+AR/@34.7547449,-92.3246274,14z",2026-02-10T22:29:47.906Z,
https://www.google.com/sorry/index,,,,,,,,,,,true,,,,,,,,"https://www.google.com/maps/search/pediatrician+in+Hillcrest+Little+Rock+AR/@34.7547449,-92.3246274,14z",2026-02-10T22:29:57.128Z,
https://www.google.com/sorry/index,,,,,,,,,,,true,,,,,,,,"https://www.google.com/maps/search/pediatrician+in+Hillcrest+Little+Rock+AR/@34.7547449,-92.3246274,14z",2026-02-10T22:30:06.338Z,
https://www.google.com/sorry/index,,,,,,,,,,,true,,,,,,,,"https://www.google.com/maps/search/pediatrician+in+Hillcrest+Little+Rock+AR/@34.7547449,-92.3246274,14z",2026-02-10T22:30:15.769Z,