placeUrl,title,rating,reviewCount,category,address,plusCode,website,phoneNumber,currentStatus,imgUrl,isClaimed,wednesday,thursday,friday,saturday,sunday,monday,tuesday,query,timestamp,info,isBlackOwned,error
https://www.google.com/maps/place/Hospice+De+La+Luz/data=!4m7!3m6!1s0x8722745c56f9cee7:0xf1515bd419e2571c!8m2!3d35.1578121!4d-106.6022003!16s%2Fg%2F1tfqg7_z!19sChIJ5875Vlx0IocRHFfiGdRbUfE,Hospice De La Luz,4.3,28,Hospice,"3812 Academy Pkwy N NE, Albuquerque, NM 87109, United States","595X+44 Albuquerque, New Mexico, USA",http://hospicedelaluz.com/,+1 505-217-2490,Open 24 hours,https://lh3.googleusercontent.com/p/AF1QipO7Vu5hbvNWUT-tGkS4-AdfXfna6z9mGWe-e8At=w553-h240-k-no,true,Open 24 hours,Open 24 hours,Open 24 hours,Open 24 hours,Open 24 hours,Open 24 hours,Open 24 hours,"https://www.google.com/maps/search/Hospice+clinics+in+Los+Ranchos+de+Albuquerque+Albuquerque+NM/@35.1619885,-106.6428038,14z",2025-09-17T23:25:46.836Z,,,
https://www.google.com/maps/place/High+Desert+Hospice/data=!4m7!3m6!1s0x872274fd8fbe1897:0x4bffc0b6074242d4!8m2!3d35.1881146!4d-106.5937927!16s%2Fg%2F11c1ny7dd1!19sChIJlxi-j_10IocR1EJCB7bA_0s,High Desert Hospice,4.7,47,Hospice,"8920 Adams St Suite B, Albuquerque, NM 87113, United States","5CQ4+6F Albuquerque, New Mexico, USA",https://highdeserthospice.care/,+1 505-585-2603,Open 24 hours,https://lh3.googleusercontent.com/p/AF1QipMlealqbb43-apqAwjUskkHivSP3MlfWw3E734=w510-h240-k-no,true,Open 24 hours,Open 24 hours,Open 24 hours,Open 24 hours,Open 24 hours,Open 24 hours,Open 24 hours,"https://www.google.com/maps/search/Hospice+clinics+in+Los+Ranchos+de+Albuquerque+Albuquerque+NM/@35.1619885,-106.6428038,14z",2025-09-17T23:25:52.756Z,,,
"https://www.google.com/maps/place/Corus+Health+-+Home+Health,+Hospice,+Palliative,+and+Medical+Care/data=!4m7!3m6!1s0x87220b29041a2cdd:0x2fe60dc556cadadc!8m2!3d35.1847531!4d-106.6063953!16s%2Fg%2F11bxg0dlyf!19sChIJ3SwaBCkLIocR3NrKVsUN5i8","Corus Health - Home Health, Hospice, Palliative, and Medical Care",4.2,102,Home health care service,"8725 Alameda Park Dr NE, Albuquerque, NM 87113, United States","59MV+WC Albuquerque, New Mexico, USA",https://corushealth.com/,+1 505-828-0232,Open 24 hours,https://lh3.googleusercontent.com/gps-cs-s/AC9h4npuyb64Cdrrhx_ifoI-_adKcLBN8Pe3NrBax4sw7apPoB4Q8E_LqXBkXfJz4dSZb4_uLVNzEHu2MdEv8xpcjxWyOBh8wHcUnw1hEvKJX5LrHf5s0H8ifVxsKUP8qs_AEATIpJjwlQ=w408-h306-k-no,true,Open 24 hours,Open 24 hours,Open 24 hours,Open 24 hours,Open 24 hours,Open 24 hours,Open 24 hours,"https://www.google.com/maps/search/Hospice+clinics+in+Los+Ranchos+de+Albuquerque+Albuquerque+NM/@35.1619885,-106.6428038,14z",2025-09-17T23:25:58.242Z,,,
https://www.google.com/maps/place/Alliance+Home+Health+Care/data=!4m7!3m6!1s0x87227457fdfe56e1:0x9bfecdfa44899a34!8m2!3d35.1540124!4d-106.6060686!16s%2Fg%2F1tdk5mzl!19sChIJ4Vb-_Vd0IocRNJqJRPrN_ps,Alliance Home Health Care,3.9,29,Home health care service,"2129 Osuna Rd NE, Albuquerque, NM 87113, United States","593V+JH Albuquerque, New Mexico, USA",https://www.alliancehhcare.com/,+1 505-884-4080,Open 24 hours,https://lh3.googleusercontent.com/p/AF1QipMswbr89NB3vH5nBQej0_jZ1pN4m1_wTt4U0kAM=w426-h240-k-no,true,Open 24 hours,Open 24 hours,Open 24 hours,Open 24 hours,Open 24 hours,Open 24 hours,Open 24 hours,"https://www.google.com/maps/search/Hospice+clinics+in+Los+Ranchos+de+Albuquerque+Albuquerque+NM/@35.1619885,-106.6428038,14z",2025-09-17T23:26:03.226Z,,,
https://www.google.com/maps/place/Bosque+Trails+Hospice/data=!4m7!3m6!1s0x854cc69d70004279:0x636595472c675931!8m2!3d35.093117!4d-106.5678547!16s%2Fg%2F11srsrwmdl!19sChIJeUIAcJ3GTIURMVlnLEeVZWM,Bosque Trails Hospice,5.0,35,Hospice,"1700 Louisiana Blvd NE #120, Albuquerque, NM 87110, United States","3CVJ+6V Albuquerque, New Mexico, USA",http://bosquetrailshospice.com/,+1 505-808-2870,Closed ⋅ Opens 8 am Thu,https://lh3.googleusercontent.com/p/AF1QipMZKFHfzFatbDRNwTPAkcQX3p-2tUDNV6dYyiTm=w408-h544-k-no,true,8 am–5 pm,8 am–5 pm,8 am–5 pm,Closed,Closed,8 am–5 pm,8 am–5 pm,"https://www.google.com/maps/search/Hospice+clinics+in+Los+Ranchos+de+Albuquerque+Albuquerque+NM/@35.1619885,-106.6428038,14z",2025-09-17T23:26:08.175Z,,,
https://www.google.com/maps/place/Q+Hospice/data=!4m7!3m6!1s0x872275a5fcef3e09:0xed797313fece5589!8m2!3d35.145947!4d-106.5582429!16s%2Fg%2F11trt_zs2z!19sChIJCT7v_KV1IocRiVXO_hNzee0,Q Hospice,5.0,6,Hospice,"7801 Academy Rd NE Ste 214, Albuquerque, NM 87109, United States","4CWR+9P Albuquerque, New Mexico, USA",https://qhospice.com/,+1 505-636-0888,Open 24 hours,https://lh3.googleusercontent.com/p/AF1QipNhALC1NuOSXDmqkgXDymU1KCXMgaurkWi7_zc=w408-h510-k-no,true,Open 24 hours,Open 24 hours,Open 24 hours,Open 24 hours,Open 24 hours,Open 24 hours,Open 24 hours,"https://www.google.com/maps/search/Hospice+clinics+in+Los+Ranchos+de+Albuquerque+Albuquerque+NM/@35.1619885,-106.6428038,14z",2025-09-17T23:26:13.189Z,LGBTQ+ friendly,,
https://www.google.com/maps/place/ABQ+Hospice+%26+Palliative+Care+Co./data=!4m7!3m6!1s0x87189f8026dbf30d:0xec1650b46f3eef00!8m2!3d35.1318594!4d-106.5327242!16s%2Fg%2F11wbtq3h2_!19sChIJDfPbJoCfGIcRAO8-b7RQFuw,ABQ Hospice & Palliative Care Co.,5.0,3,Hospice,"4550 Eubank Blvd NE Suite 108, Albuquerque, NM 87111, United States","4FJ8+PW Albuquerque, New Mexico, USA",https://www.abqhospice.com/,+1 505-616-0915,Open 24 hours,https://streetviewpixels-pa.googleapis.com/v1/thumbnail?panoid=ZpTxpXCaSkoaNJFCcpNoyw&cb_client=search.gws-prod.gps&w=408&h=240&yaw=40.774433&pitch=0&thumbfov=100,true,Open 24 hours,Open 24 hours,Open 24 hours,Open 24 hours,Open 24 hours,Open 24 hours,Open 24 hours,"https://www.google.com/maps/search/Hospice+clinics+in+Los+Ranchos+de+Albuquerque+Albuquerque+NM/@35.1619885,-106.6428038,14z",2025-09-17T23:26:18.149Z,,,
https://www.google.com/maps/place/Roadrunner+Healthcare+Hospice/data=!4m7!3m6!1s0x8722712d7f6d5495:0x2472d1c37e4a6cf3!8m2!3d35.1745298!4d-106.5518616!16s%2Fg%2F11c2pn4315!19sChIJlVRtfy1xIocR82xKfsPRciQ,Roadrunner Healthcare Hospice,4.0,22,Home health care service,"8300 Carmel Ave NE STE 401, Albuquerque, NM 87122, United States","5CFX+R7 Albuquerque, New Mexico, USA",https://roadrunnerhhc.com/,+1 505-321-4819,Open 24 hours,https://lh3.googleusercontent.com/p/AF1QipM8E4plm9kKCgsEg_fKBhfdXa2yD_PVjupxb2ZR=w408-h272-k-no,true,Open 24 hours,Open 24 hours,Open 24 hours,Open 24 hours,Open 24 hours,Open 24 hours,Open 24 hours,"https://www.google.com/maps/search/Hospice+clinics+in+Los+Ranchos+de+Albuquerque+Albuquerque+NM/@35.1619885,-106.6428038,14z",2025-09-17T23:26:23.316Z,LGBTQ+ friendly,,
https://www.google.com/maps/place/Ambercare/data=!4m7!3m6!1s0x87227460a46b8465:0x4290697e1515f45e!8m2!3d35.1538355!4d-106.6058771!16s%2Fg%2F1tdqt_dx!19sChIJZYRrpGB0IocRXvQVFX5pkEI,Ambercare,3.4,200,Home health care service,"2129 Osuna Rd NE, Albuquerque, NM 87113, United States","593V+GJ Albuquerque, New Mexico, USA",https://ambercare.com/?y_source=1_MTI1NTkwNjQtNzE1LWxvY2F0aW9uLndlYnNpdGU%3D,+1 505-792-8230,Closed ⋅ Opens 8 am Thu,https://lh3.googleusercontent.com/p/AF1QipMWGn_uNu5Cq26XGWqXFR37k2OrUHJ3ZbNQH7MG=w408-h598-k-no,true,8 am–5 pm,8 am–5 pm,8 am–5 pm,Closed,Closed,8 am–5 pm,8 am–5 pm,"https://www.google.com/maps/search/Hospice+clinics+in+Los+Ranchos+de+Albuquerque+Albuquerque+NM/@35.1619885,-106.6428038,14z",2025-09-17T23:26:28.171Z,,,
https://www.google.com/maps/place/State+Serve+Medical/data=!4m7!3m6!1s0x8722745ef92f22f9:0x84bb48f254f845ce!8m2!3d35.1531539!4d-106.6024965!16s%2Fg%2F113h0vxwt!19sChIJ-SIv-V50IocRzkX4VPJIu4Q,State Serve Medical,3.0,14,Hospice,"3700 Osuna Rd NE # 615, Albuquerque, NM 87109, United States","593X+72 Albuquerque, New Mexico, USA",http://www.stateserv.com/,+1 877-633-7250,,https://streetviewpixels-pa.googleapis.com/v1/thumbnail?panoid=iHiSrbHqsAF_3K1VYPyybg&cb_client=search.gws-prod.gps&w=408&h=240&yaw=138.57979&pitch=0&thumbfov=100,false,,,,,,,,"https://www.google.com/maps/search/Hospice+clinics+in+Los+Ranchos+de+Albuquerque+Albuquerque+NM/@35.1619885,-106.6428038,14z",2025-09-17T23:26:31.200Z,,,
https://www.google.com/maps/place/Luna+Del+Valle+Hospice/data=!4m7!3m6!1s0x8722750f9622d94b:0x39e665627129b3da!8m2!3d35.131938!4d-106.5969798!16s%2Fg%2F11thhq5f3w!19sChIJS9kilg91IocR2rMpcWJl5jk,Luna Del Valle Hospice,5.0,1,Hospice,"4273 Montgomery Blvd NE suite k 110, Albuquerque, NM 87109, United States","4CJ3+Q6 Albuquerque, New Mexico, USA",https://ldvhospice.com/,+1 505-365-0321,Closes soon ⋅ 5:30 pm ⋅ Opens 8:30 am Thu,https://streetviewpixels-pa.googleapis.com/v1/thumbnail?panoid=01YXdCCexvOl0RHVKKN7Fg&cb_client=search.gws-prod.gps&w=408&h=240&yaw=4.52869&pitch=0&thumbfov=100,true,8:30 am–5:30 pm,8:30 am–5:30 pm,8:30 am–5:30 pm,Closed,Closed,8:30 am–5:30 pm,8:30 am–5:30 pm,"https://www.google.com/maps/search/Hospice+clinics+in+Los+Ranchos+de+Albuquerque+Albuquerque+NM/@35.1619885,-106.6428038,14z",2025-09-17T23:26:36.139Z,,,
https://www.google.com/maps/place/LilyCare+Hospice+of+New+Mexico/data=!4m7!3m6!1s0x8722759ccdc2436d:0x8b7faaf02963c267!8m2!3d35.1365891!4d-106.5901443!16s%2Fg%2F11t_j9g0wl!19sChIJbUPCzZx1IocRZ8JjKfCqf4s,LilyCare Hospice of New Mexico,4.6,10,Hospice,"4811 Hardware Dr NE Ste C-1, Albuquerque, NM 87109, United States","4CP5+JW Albuquerque, New Mexico, USA",http://www.lilycare.org/,+1 505-808-3202,Closed ⋅ Opens 8 am Thu,https://streetviewpixels-pa.googleapis.com/v1/thumbnail?panoid=coL-lVjsKaR6tTWFbKUhLg&cb_client=search.gws-prod.gps&w=408&h=240&yaw=278.75092&pitch=0&thumbfov=100,true,8 am–5 pm,8 am–5 pm,8 am–5 pm,Closed,Closed,8 am–5 pm,8 am–5 pm,"https://www.google.com/maps/search/Hospice+clinics+in+Los+Ranchos+de+Albuquerque+Albuquerque+NM/@35.1619885,-106.6428038,14z",2025-09-17T23:26:40.971Z,,,
"https://www.google.com/maps/place/Nevaeh+Hospice/@35.184229,-106.590359,17z/data=!3m1!4b1!4m6!3m5!1s0x872275c2ee7f6247:0xbd6cf58e36b1a837!8m2!3d35.184229!4d-106.590359!16s%2Fg%2F11r11yxy8c",Nevaeh Hospice,4.4,10,Hospice,"4904 Alameda Blvd NE bldg b ste b, Albuquerque, NM 87113, United States","5CM5+MV Albuquerque, New Mexico, USA",http://nevaehhospice.com/,+1 505-293-5858,"Closed ⋅ Opens 8:30 am Thu

Confirmed by this business 7 days ago",,true,8:30 am–5 pm,8:30 am–5 pm,8:30 am–5 pm,Closed,Closed,8:30 am–5 pm,8:30 am–5 pm,"https://www.google.com/maps/search/Hospice+clinics+in+Los+Ranchos+de+Albuquerque+Albuquerque+NM/@35.1619885,-106.6428038,14z",2025-09-17T23:26:47.764Z,,,
https://www.google.com/maps/place/Rio+Grande+Hospice+LLC/data=!4m7!3m6!1s0xa6135957268e2f73:0x4f64b85921eb8c38!8m2!3d35.1554621!4d-106.5953784!16s%2Fg%2F11wg2kfqsr!19sChIJcy-OJldZE6YROIzrIVm4ZE8,Rio Grande Hospice LLC,5.0,1,Home health care service,"4100 Osuna Rd NE Suite 105, Albuquerque, NM 87109, United States","5C43+5R Albuquerque, New Mexico, USA",https://www.riograndehospice.com/,+1 505-917-1658,"Closed ⋅ Opens 9 am Thu

Updated by this business 5 weeks ago",https://streetviewpixels-pa.googleapis.com/v1/thumbnail?panoid=tocKKt1DJ54_ETMwLhk0ow&cb_client=search.gws-prod.gps&w=408&h=240&yaw=87.518555&pitch=0&thumbfov=100,true,9 am–5 pm,9 am–5 pm,9 am–5 pm,Closed,Closed,9 am–5 pm,9 am–5 pm,"https://www.google.com/maps/search/Hospice+clinics+in+Los+Ranchos+de+Albuquerque+Albuquerque+NM/@35.1619885,-106.6428038,14z",2025-09-17T23:26:52.724Z,,,
https://www.google.com/maps/place/Armada+Hospice/data=!4m7!3m6!1s0x872275965ab14d7f:0xbfe5f22843a26c95!8m2!3d35.1826508!4d-106.5832252!16s%2Fg%2F11h3mv80nl!19sChIJf02xWpZ1IocRlWyiQyjy5b8,Armada Hospice,4.9,8,Hospice,"5501 Wilshire Ave NE Suite F, Albuquerque, NM 87113, United States","5CM8+3P Albuquerque, New Mexico, USA",https://www.armadahospice.com/,+1 505-821-1200,,https://lh3.googleusercontent.com/p/AF1QipOmBEs3-9-6KzwD7ngQOKEnfwGkyJjB9s-PEzBJ=w426-h240-k-no,true,,,,,,,,"https://www.google.com/maps/search/Hospice+clinics+in+Los+Ranchos+de+Albuquerque+Albuquerque+NM/@35.1619885,-106.6428038,14z",2025-09-17T23:26:55.666Z,,,
https://www.google.com/maps/place/Red+Willow+Hospice/data=!4m7!3m6!1s0x87220d0afb22df83:0x4efb340bd5f5b979!8m2!3d35.0896586!4d-106.631603!16s%2Fg%2F11xd1v43f6!19sChIJg98i-woNIocRebn11Qs0-04,Red Willow Hospice,5.0,8,Hospice,"801 Encino Pl NE C-14, Albuquerque, NM 87102, United States","39Q9+V9 Albuquerque, New Mexico, USA",https://www.redwillowhospice.com/,+1 575-737-1811,Closed ⋅ Opens 9 am Thu,https://lh3.googleusercontent.com/p/AF1QipMzKSDCPr3lnNd55nwqHBLFE9k6QLgPe3Vbyh1T=w408-h544-k-no,true,9 am–5 pm,9 am–5 pm,9 am–5 pm,Closed,Closed,9 am–5 pm,9 am–5 pm,"https://www.google.com/maps/search/Hospice+clinics+in+Los+Ranchos+de+Albuquerque+Albuquerque+NM/@35.1619885,-106.6428038,14z",2025-09-17T23:27:00.559Z,LGBTQ+ friendly,,
https://www.google.com/maps/place/Advanced+Home+Health+and+Hospice+of+New+Mexico/data=!4m7!3m6!1s0x872273ef2263a47b:0xea1be00f78fb6cd9!8m2!3d35.1485306!4d-106.6398376!16s%2Fg%2F11rqy21j4p!19sChIJe6RjIu9zIocR2Wz7eA_gG-o,Advanced Home Health and Hospice of New Mexico,1.0,2,Home health care service,"6301 4th St NW #6, Albuquerque, NM 87107, United States","49X6+C3 Albuquerque, New Mexico, USA",https://homehealthandhospice.com/new-mexico/,+1 505-967-4274,Closed ⋅ Opens 9 am Thu,https://lh3.googleusercontent.com/gps-cs-s/AC9h4nr4xxlGHzuoQ5KjxYJPNCuMRsTHgFNTvskiEhvCuOS2R3LbLkjiB9LH3rd6iDvGnfejNBn1arv0fq8W2IudNLQOfaliaLws1rDYtNI0-g4QItpoh0bi5fj1shW5C6PxVYTaKg7ISZSqyRU=w408-h725-k-no,true,9 am–5 pm,9 am–5 pm,9 am–5 pm,Closed,Closed,9 am–5 pm,9 am–5 pm,"https://www.google.com/maps/search/Hospice+clinics+in+Los+Ranchos+de+Albuquerque+Albuquerque+NM/@35.1619885,-106.6428038,14z",2025-09-17T23:27:05.603Z,,,
https://www.google.com/maps/place/Harmony+Home+Health+%26+Hospice/data=!4m7!3m6!1s0x872274ff78b95d1d:0xa2f92b2be921f5c7!8m2!3d35.1523238!4d-106.5850177!16s%2Fg%2F1thq5rnr!19sChIJHV25eP90IocRx_Uh6Ssr-aI,Harmony Home Health & Hospice,4.8,343,Home health care service,"5700 Harper Dr NE UNIT 250, Albuquerque, NM 87109, United States","5C27+WX Albuquerque, New Mexico, USA",https://www.harmonyhomehealth.com/?utm_source=GMBlisting&utm_medium=organic,+1 877-463-3322,Open 24 hours,https://lh3.googleusercontent.com/p/AF1QipPNvPjsKsHRbxCYtMyity89VBzAyBXN0DcDApgT=w426-h240-k-no,true,Open 24 hours,Open 24 hours,Open 24 hours,Open 24 hours,Open 24 hours,Open 24 hours,Open 24 hours,"https://www.google.com/maps/search/Hospice+clinics+in+Los+Ranchos+de+Albuquerque+Albuquerque+NM/@35.1619885,-106.6428038,14z",2025-09-17T23:27:10.620Z,,,
"https://www.google.com/maps/place/Legacy+Hospice/@35.1586272,-106.6772751,17z/data=!3m1!4b1!4m6!3m5!1s0x87185bee58761bfd:0xb6d7adf8ecaf4667!8m2!3d35.1586272!4d-106.6772751!16s%2Fg%2F11h4v906lh",Legacy Hospice,4.8,12,Hospice,"3610 Bosque Plaza Ln NW, Albuquerque, NM 87120, United States","585F+F3 Albuquerque, New Mexico, USA",http://legacyhomehealth.com/,+1 505-338-3702,Open ⋅ Closes 5 am Thu,,true,8 am–5 am,8 am–5 am,8 am–5 am,Closed,Closed,8 am–5 am,8 am–5 am,"https://www.google.com/maps/search/Hospice+clinics+in+Los+Ranchos+de+Albuquerque+Albuquerque+NM/@35.1619885,-106.6428038,14z",2025-09-17T23:27:17.597Z,,,
https://www.google.com/maps/place/Robert+Wertheim+Hospice+House/data=!4m7!3m6!1s0x872275dbba42232b:0x2ff2251359f804a5!8m2!3d35.1565135!4d-106.5834377!16s%2Fg%2F11tfp95c27!19sChIJKyNCutt1IocRpQT4WRMl8i8,Robert Wertheim Hospice House,5.0,1,Hospice,"6000 Forest Hills Dr NE, Albuquerque, NM 87109, United States","5C48+JJ Albuquerque, New Mexico, USA",https://www.phs.org/doctors-services/healthcare-at-home/hospice/albuquerque?utm_source=gmb&utm_medium=organic&utm_campaign=listing&utm_content=_loc_abq_wertheimer_hospice,+1 505-559-1000,,https://streetviewpixels-pa.googleapis.com/v1/thumbnail?panoid=8LIqg3ENSUPRQFJPybBypA&cb_client=search.gws-prod.gps&w=408&h=240&yaw=96.16951&pitch=0&thumbfov=100,true,,,,,,,,"https://www.google.com/maps/search/Hospice+clinics+in+Los+Ranchos+de+Albuquerque+Albuquerque+NM/@35.1619885,-106.6428038,14z",2025-09-17T23:27:20.413Z,LGBTQ+ friendly,,
https://www.google.com/maps/place/Retreat+At+Home/data=!4m7!3m6!1s0x8722745cfeffabc3:0x9552c524dc31f06e!8m2!3d35.1577109!4d-106.6021839!16s%2Fg%2F1260b3lmg!19sChIJw6v__lx0IocRbvAx3CTFUpU,Retreat At Home,4.6,12,Home health care service,"3812 Academy Pkwy N NE, Albuquerque, NM 87109, United States","595X+34 Albuquerque, New Mexico, USA",http://retreathomecare.com/,+1 505-938-4652,Open 24 hours,https://lh3.googleusercontent.com/p/AF1QipPvPeBu4dwbIIOZC9Lw07QkhA-8hepO4Ih4KmRR=w612-h240-k-no,true,Open 24 hours,Open 24 hours,Open 24 hours,Open 24 hours,Open 24 hours,Open 24 hours,Open 24 hours,"https://www.google.com/maps/search/Hospice+clinics+in+Los+Ranchos+de+Albuquerque+Albuquerque+NM/@35.1619885,-106.6428038,14z",2025-09-17T23:27:25.185Z,,,
https://www.google.com/maps/place/Hospice+of+New+Mexico/data=!4m7!3m6!1s0x872274c011085723:0x2a096054ed2e0a58!8m2!3d35.1028101!4d-106.569878!16s%2Fg%2F1td5gl8q!19sChIJI1cIEcB0IocRWAou7VRgCSo,Hospice of New Mexico,3.9,14,Hospice,"2155 Louisiana Blvd NE #2200, Albuquerque, NM 87110, United States","4C3J+42 Albuquerque, New Mexico, USA",http://www.hospiceofnewmexico.com/,+1 505-872-2300,Closed ⋅ Opens 8 am Thu,https://lh3.googleusercontent.com/gps-cs-s/AC9h4npWwmQbhGVG5prgpqtFraKTCxDFjCrNErxu9iss2XkgAn_80ExfCSS99T9kSUbFSEE3Dqf042RhKxO1-wYqgUO0T-0zNNUvH8HUc70wghOYdBPwQedGJzT7uKrmjdILJoOVPef6dA=w408-h286-k-no,true,8 am–5 pm,8 am–5 pm,8 am–5 pm,Open 24 hours,Open 24 hours,8 am–5 pm,8 am–5 pm,"https://www.google.com/maps/search/Hospice+clinics+in+Los+Ranchos+de+Albuquerque+Albuquerque+NM/@35.1619885,-106.6428038,14z",2025-09-17T23:27:30.150Z,,,
https://www.google.com/maps/place/Compassus/data=!4m7!3m6!1s0x87220ad6a5637aef:0x123a08adf5a22bb9!8m2!3d35.1696348!4d-106.5882116!16s%2Fg%2F1tfg83r3!19sChIJ73pjpdYKIocRuSui9a0IOhI,Compassus,3.0,27,Hospice,"7770 Jefferson St NE # 305, Albuquerque, NM 87109, United States","5C96+VP Albuquerque, New Mexico, USA",https://www.compassus.com/locations/new-mexico/albuquerque/?utm_source=google?utm_medium=gbp,+1 505-391-5643,Closed ⋅ Opens 8 am Thu,https://lh3.googleusercontent.com/p/AF1QipPrBen2Bsqt9TKiYad2nkueYZp7ysuweSQ1DR29=w408-h294-k-no,true,8 am–5 pm,8 am–5 pm,8 am–5 pm,Closed,Closed,8 am–5 pm,8 am–5 pm,"https://www.google.com/maps/search/Hospice+clinics+in+Los+Ranchos+de+Albuquerque+Albuquerque+NM/@35.1619885,-106.6428038,14z",2025-09-17T23:27:35.348Z,,,
https://www.google.com/maps/place/Presbyterian+Hospice+in+Albuquerque/data=!4m7!3m6!1s0x87220b7ece311cfd:0x2bd5d49473f709c9!8m2!3d35.0928246!4d-106.555575!16s%2Fg%2F11w8xn111d!19sChIJ_Rwxzn4LIocRyQn3c5TU1Ss,Presbyterian Hospice in Albuquerque,5.0,1,Hospice,"8100 Constitution Pl NE, Albuquerque, NM 87110, United States","3CVV+4Q Albuquerque, New Mexico, USA",https://www.phs.org/doctors-services/healthcare-at-home/hospice/constitution?utm_source=gmb&utm_medium=organic&utm_campaign=gmblisting&utm_content=_loc_abq_pkh_hospice__314,+1 505-559-1000,Open 24 hours,https://streetviewpixels-pa.googleapis.com/v1/thumbnail?panoid=JUfSptiE7tCTDEfnaqngbQ&cb_client=search.gws-prod.gps&w=408&h=240&yaw=19.391548&pitch=0&thumbfov=100,true,Open 24 hours,Open 24 hours,Open 24 hours,Open 24 hours,Open 24 hours,Open 24 hours,Open 24 hours,"https://www.google.com/maps/search/Hospice+clinics+in+Los+Ranchos+de+Albuquerque+Albuquerque+NM/@35.1619885,-106.6428038,14z",2025-09-17T23:27:40.138Z,LGBTQ+ friendly,,
"https://www.google.com/maps/place/Heritage+Healthcare+Services,+Inc.+%28Albuquerque%29/data=!4m7!3m6!1s0x872274424a572027:0x8fe3f5ebdf40eacd!8m2!3d35.1565864!4d-106.5927529!16s%2Fg%2F1v26mkr3!19sChIJJyBXSkJ0IocRzepA3-v1448","Heritage Healthcare Services, Inc. (Albuquerque)",2.9,51,Home health care service,"6700 Jefferson St NE Suite D-2, Albuquerque, NM 87109, United States","5C44+JV Albuquerque, New Mexico, USA",https://www.good-sam.com/locations/home-care-albuquerque?yxt_info=gss-location-GSS-5813&y_source=1_MTQyNTAyNDAtNzE1LWxvY2F0aW9uLndlYnNpdGU%3D,+1 505-232-3311,Closed ⋅ Opens 8 am Thu,https://lh3.googleusercontent.com/p/AF1QipOSepHb6JdYRg6sElWJxGDv5yL072kG5ENtIL4v=w408-h270-k-no,true,8 am–5 pm,8 am–5 pm,8 am–5 pm,Closed,Closed,8 am–5 pm,8 am–5 pm,"https://www.google.com/maps/search/Hospice+clinics+in+Los+Ranchos+de+Albuquerque+Albuquerque+NM/@35.1619885,-106.6428038,14z",2025-09-17T23:27:45.173Z,,,
https://www.google.com/maps/place/Home+Instead/data=!4m7!3m6!1s0x87220cb955555555:0xd39b15b8af175ce7!8m2!3d35.151333!4d-106.6176621!16s%2Fg%2F1tdkh32n!19sChIJVVVVVbkMIocR51wXr7gVm9M,Home Instead,4.2,20,Home health care service,"585 Osuna Rd NE Suite F, Albuquerque, NM 87113, United States","592J+GW Albuquerque, New Mexico, USA",https://www.homeinstead.com/home-care/usa/nm/albuquerque/144/?utm_source=google&utm_medium=organic&utm_campaign=google_organic_businesslisting_y,+1 505-884-0353,"Open 24 hours

Confirmed by this business 6 weeks ago",https://lh3.googleusercontent.com/p/AF1QipNX3EBHKRC2XSAoCb1kTvn8Jj5Ob4yIx_rOm4AQ=w408-h271-k-no,true,Open 24 hours,Open 24 hours,Open 24 hours,Open 24 hours,Open 24 hours,Open 24 hours,Open 24 hours,"https://www.google.com/maps/search/Hospice+clinics+in+Los+Ranchos+de+Albuquerque+Albuquerque+NM/@35.1619885,-106.6428038,14z",2025-09-17T23:27:50.466Z,LGBTQ+ friendly,,
https://www.google.com/maps/place/Presbyterian+Palliative+Care+in+Albuquerque+on+Constitution/data=!4m7!3m6!1s0x87220bad16133df9:0x231987d4212e2a6a!8m2!3d35.0927853!4d-106.5555665!16s%2Fg%2F11tggh5hcg!19sChIJ-T0TFq0LIocRaiouIdSHGSM,Presbyterian Palliative Care in Albuquerque on Constitution,,,Pain control clinic,"8100 Constitution Pl NE Suite 400, Albuquerque, NM 87110, United States","3CVV+4Q Albuquerque, New Mexico, USA",https://www.phs.org/doctors-services/healthcare-at-home/palliative-care/constitution?utm_source=gmb&utm_medium=organic&utm_campaign=gmblisting&utm_content=_loc_abq_constitution_palliative__208,+1 505-559-1000,Open 24 hours,https://streetviewpixels-pa.googleapis.com/v1/thumbnail?panoid=JUfSptiE7tCTDEfnaqngbQ&cb_client=search.gws-prod.gps&w=408&h=240&yaw=26.769402&pitch=0&thumbfov=100,true,Open 24 hours,Open 24 hours,Open 24 hours,Open 24 hours,Open 24 hours,Open 24 hours,Open 24 hours,"https://www.google.com/maps/search/Hospice+clinics+in+Los+Ranchos+de+Albuquerque+Albuquerque+NM/@35.1619885,-106.6428038,14z",2025-09-17T23:27:55.759Z,LGBTQ+ friendly,,
https://www.google.com/maps/place/Luna+Vista+Home+Health+and+Hospice/data=!4m7!3m6!1s0x872273295f106821:0xe770f4c6a901b470!8m2!3d35.1091412!4d-106.7290956!16s%2Fg%2F11fx7x5f8l!19sChIJIWgQXylzIocRcLQBqcb0cOc,Luna Vista Home Health and Hospice,4.2,31,Home health care service,"2116 Vista Oeste NW Ste 1A-B, Albuquerque, NM 87120, United States","475C+M9 Albuquerque, New Mexico, USA",https://lunavistahhc.com/,+1 505-440-8316,Closed ⋅ Opens 8 am Thu,https://lh3.googleusercontent.com/p/AF1QipNzDSlyZauAo35P3KlZT1FbHPrvXhFGviOmWogC=w408-h544-k-no,true,8 am–5 pm,8 am–5 pm,8 am–5 pm,Closed,Closed,8 am–5 pm,8 am–5 pm,"https://www.google.com/maps/search/Hospice+clinics+in+Los+Ranchos+de+Albuquerque+Albuquerque+NM/@35.1619885,-106.6428038,14z",2025-09-17T23:28:00.936Z,Identifies as women-owned,,
https://www.google.com/maps/place/Spanish+Trails+Rehabilitation+Suites/data=!4m7!3m6!1s0x872275ce16d3fee5:0xd5d427edf0b3822b!8m2!3d35.1372063!4d-106.607054!16s%2Fg%2F11jcsw380j!19sChIJ5f7TFs51IocRK4Kz8O0n1NU,Spanish Trails Rehabilitation Suites,4.0,256,Nursing home,"1610 N Renaissance Blvd NE, Albuquerque, NM 87107, United States","49PV+V5 Albuquerque, New Mexico, USA",http://www.spanishtrailsrehabilitation.com/?utm_source=GMB&utm_medium=Yext&y_source=1_NDc5MzU0ODQtNzE1LWxvY2F0aW9uLndlYnNpdGU%3D,+1 505-600-4800,Closes soon ⋅ 5:30 pm ⋅ Opens 8:30 am Thu,https://lh3.googleusercontent.com/p/AF1QipOk6i7Vv1vwzGrtZJNYPRs1dL35iXfPf8OQ2n7f=w408-h293-k-no,true,8:30 am–5:30 pm,8:30 am–5:30 pm,8:30 am–5:30 pm,8:30 am–5:30 pm,8:30 am–5:30 pm,8:30 am–5:30 pm,8:30 am–5:30 pm,"https://www.google.com/maps/search/Hospice+clinics+in+Los+Ranchos+de+Albuquerque+Albuquerque+NM/@35.1619885,-106.6428038,14z",2025-09-17T23:28:06.064Z,,,
https://www.google.com/maps/place/GRACE+HANDS+HOME+CARE+LLC/data=!4m7!3m6!1s0x872271f95b42f59b:0x6c83fa49e57f8a31!8m2!3d35.1982265!4d-106.6622582!16s%2Fg%2F11wr26rv4g!19sChIJm_VCW_lxIocRMYp_5Un6g2w,GRACE HANDS HOME CARE LLC,5.0,5,Home health care service,"10001 Coors Bypass NW, Albuquerque, NM 87114, United States","58XQ+73 Albuquerque, New Mexico, USA",http://gracehandshomecare.com/,+1 505-550-7478,Closed ⋅ Opens 9 am Thu,https://lh3.googleusercontent.com/gps-cs-s/AC9h4nqBYhjgcAfK4eQmFpgCArK7ya5FVyibnkti0lcuMDWW75a4HhW8w9a09FdS0gNAbQf1rZIDD4Qzqxjz74huFzolamD9ky0SaYx9OEaOQrd-cUfyvMTQJRAAutKrZKNq2Z0VIT6B=w426-h240-k-no,true,9 am–5 pm,9 am–5 pm,9 am–5 pm,9 am–4 pm,Closed,9 am–5 pm,9 am–5 pm,"https://www.google.com/maps/search/Hospice+clinics+in+Los+Ranchos+de+Albuquerque+Albuquerque+NM/@35.1619885,-106.6428038,14z",2025-09-17T23:28:11.087Z,,,
https://www.google.com/maps/place/Fiesta+Park+Wellness+and+Rehabilitation/data=!4m7!3m6!1s0x872274211bf406d7:0x3ce4fa0045b0d7e0!8m2!3d35.1877808!4d-106.6004441!16s%2Fg%2F1262jmg65!19sChIJ1wb0GyF0IocR4NewRQD65Dw,Fiesta Park Wellness and Rehabilitation,3.9,391,Nursing home,"8820 Horizon Blvd, Albuquerque, NM 87113, United States","59QX+4R Albuquerque, New Mexico, USA",http://fiestaparkrehab.com/,+1 505-998-1551,Open 24 hours,https://lh3.googleusercontent.com/gps-cs-s/AC9h4npCgKtFSlIt_SPcGOJFwXmY2OkrrHhVRgK-u67JtPc0gwhkA0Rh7mBaAsoMQc1FMSxCYgRct4Q5uKVgKol4AAHUuS_-y5wVYabFOSUjwbNjbOsFGzqqdfdBjo-Rp4vCeUVBMoIz=w408-h272-k-no,true,Open 24 hours,Open 24 hours,Open 24 hours,Open 24 hours,Open 24 hours,Open 24 hours,Open 24 hours,"https://www.google.com/maps/search/Hospice+clinics+in+Los+Ranchos+de+Albuquerque+Albuquerque+NM/@35.1619885,-106.6428038,14z",2025-09-17T23:28:16.235Z,,,
https://www.google.com/maps/place/The+Rehabilitation+Center+of+Albuquerque/data=!4m7!3m6!1s0x8722745492075197:0x5bec968f8c65a8f!8m2!3d35.1558075!4d-106.58454!16s%2Fg%2F1vlzbtz9!19sChIJl1EHklR0IocRj1rG-GjJvgU,The Rehabilitation Center of Albuquerque,4.2,195,Nursing home,"5900 Forest Hills Dr NE, Albuquerque, NM 87109, United States","5C48+85 Albuquerque, New Mexico, USA",http://www.genesishcc.com/rehabcenteralbuquerque,+1 505-822-6000,Open 24 hours,https://lh3.googleusercontent.com/p/AF1QipOqzB-VsO_rCn8r3z-dIIcdVS_-MjbsrKTeTIMK=w408-h246-k-no,true,Open 24 hours,Open 24 hours,Open 24 hours,Open 24 hours,Open 24 hours,Open 24 hours,Open 24 hours,"https://www.google.com/maps/search/Hospice+clinics+in+Los+Ranchos+de+Albuquerque+Albuquerque+NM/@35.1619885,-106.6428038,14z",2025-09-17T23:28:21.317Z,,,
https://www.google.com/maps/place/Albuquerque+Heights+Healthcare+and+Rehabilitation+Center/data=!4m7!3m6!1s0x872274e6fad69d2b:0x16d68730da825267!8m2!3d35.1330582!4d-106.5902356!16s%2Fg%2F1tfsng2_!19sChIJK53W-uZ0IocRZ1KC2jCH1hY,Albuquerque Heights Healthcare and Rehabilitation Center,3.7,260,Nursing home,"103 Hospital Loop NE, Albuquerque, NM 87109, United States","4CM5+6W Albuquerque, New Mexico, USA",http://www.genesishcc.com/albuquerqueheights,+1 505-348-8300,"Closed ⋅ Opens 8 am Thu

Updated by others 4 weeks ago",https://lh3.googleusercontent.com/p/AF1QipOWU6raDq7GMUZehTMJASrJFrUk6oZfwb3MHtGD=w505-h240-k-no,true,8 am–5 pm,8 am–5 pm,8 am–5 pm,8 am–5 pm,8 am–5 pm,8 am–5 pm,8 am–5 pm,"https://www.google.com/maps/search/Hospice+clinics+in+Los+Ranchos+de+Albuquerque+Albuquerque+NM/@35.1619885,-106.6428038,14z",2025-09-17T23:28:26.524Z,,,
https://www.google.com/maps/place/Skies+Healthcare+and+Rehabilitation+Center/data=!4m7!3m6!1s0x872271bb202ef357:0x3620fc00edbdfff1!8m2!3d35.2098414!4d-106.6895103!16s%2Fg%2F1thxr2th!19sChIJV_MuILtxIocR8f-97QD8IDY,Skies Healthcare and Rehabilitation Center,3.7,134,Nursing home,"9150 McMahon Blvd NW, Albuquerque, NM 87114, United States","6856+W5 Albuquerque, New Mexico, USA",http://www.genesishcc.com/skies,+1 505-898-7986,Open 24 hours,https://lh3.googleusercontent.com/p/AF1QipNZRBk9uCQqgwwSimHDb4hqh63i1IWt6GlrBf5r=w447-h240-k-no,true,Open 24 hours,Open 24 hours,Open 24 hours,Open 24 hours,Open 24 hours,Open 24 hours,Open 24 hours,"https://www.google.com/maps/search/Hospice+clinics+in+Los+Ranchos+de+Albuquerque+Albuquerque+NM/@35.1619885,-106.6428038,14z",2025-09-17T23:28:31.442Z,,,
https://www.google.com/maps/place/New+Mexico+Association+For+Home+and+Hospice+Care/data=!4m7!3m6!1s0x872274c7d9bc8281:0xa79643448ffc517c!8m2!3d35.0880954!4d-106.6528481!16s%2Fg%2F1w2yzxnj!19sChIJgYK82cd0IocRfFH8j0RDlqc,New Mexico Association For Home and Hospice Care,5.0,1,Non-profit organization,"500 Marquette Ave NW #280, Albuquerque, NM 87102, United States","38QW+6V Albuquerque, New Mexico, USA",http://www.nmahc.org/,+1 505-565-5777,Closed ⋅ Opens 9 am Thu,https://streetviewpixels-pa.googleapis.com/v1/thumbnail?panoid=8TQNjvGe6jBE7vhG1JedXA&cb_client=search.gws-prod.gps&w=408&h=240&yaw=190.56096&pitch=0&thumbfov=100,false,9 am–5 pm,9 am–5 pm,9 am–5 pm,Closed,Closed,9 am–5 pm,9 am–5 pm,"https://www.google.com/maps/search/Hospice+clinics+in+Los+Ranchos+de+Albuquerque+Albuquerque+NM/@35.1619885,-106.6428038,14z",2025-09-17T23:28:36.300Z,,,
https://www.google.com/maps/place/Haven+Care/data=!4m7!3m6!1s0x87189fa749c89619:0x6ea1522dd4b31407!8m2!3d35.1232403!4d-106.6060038!16s%2Fg%2F1tdz0dyb!19sChIJGZbISaefGIcRBxSz1C1SoW4,Haven Care,4.5,19,Assisted living facility,"3500 Comanche Rd NE Bldg F, Ste 200, Albuquerque, NM 87107, United States","49FV+7H Albuquerque, New Mexico, USA",https://havencarenm.com/?utm_source=cumulus&utm_medium=onlinepresence&utm_campaign=gbp,+1 505-275-2275,"Closed ⋅ Opens 8 am Thu

Confirmed by this business 6 weeks ago",https://lh3.googleusercontent.com/p/AF1QipNSmqNHwG4hdgrOYvDmvCuJH5mnUYfeje9Yu1Ek=w408-h272-k-no,true,8 am–5 pm,8 am–5 pm,8 am–5 pm,Closed,Closed,8 am–5 pm,8 am–5 pm,"https://www.google.com/maps/search/Hospice+clinics+in+Los+Ranchos+de+Albuquerque+Albuquerque+NM/@35.1619885,-106.6428038,14z",2025-09-17T23:28:41.467Z,,,
https://www.google.com/maps/place/Compassus+Home+Health/data=!4m7!3m6!1s0x872274ea5feabc7f:0x90ecf1254e8d75c8!8m2!3d35.1696348!4d-106.5882116!16s%2Fg%2F11c6dm2rys!19sChIJf7zqX-p0IocRyHWNTiXx7JA,Compassus Home Health,3.1,29,Home health care service,"7770 Jefferson St NE # 110, Albuquerque, NM 87109, United States","5C96+VP Albuquerque, New Mexico, USA",https://compassus.com/home-health-albuquerque/?utm_source=google?utm_medium=gbp,+1 505-391-5815,Closed ⋅ Opens 8 am Thu,https://lh3.googleusercontent.com/p/AF1QipMQAJTYkX6BuLyAWVl6VF98Mqql7IuT9dCzGAx5=w408-h272-k-no,true,8 am–5 pm,8 am–5 pm,8 am–5 pm,8 am–5 pm,8 am–5 pm,8 am–5 pm,8 am–5 pm,"https://www.google.com/maps/search/Hospice+clinics+in+Los+Ranchos+de+Albuquerque+Albuquerque+NM/@35.1619885,-106.6428038,14z",2025-09-17T23:28:46.716Z,,,
https://www.google.com/maps/place/Enhabit+Home+Health/data=!4m7!3m6!1s0x872274e9962ebaab:0xe2da98e755850d51!8m2!3d35.1856736!4d-106.5925774!16s%2Fg%2F11c7n_r06f!19sChIJq7oulul0IocRUQ2FVeeY2uI,Enhabit Home Health,3.3,11,Home health care service,"8801 Jefferson St NE Suite 102, Building A, Albuquerque, NM 87113, United States","5CP4+7X Albuquerque, New Mexico, USA",https://www.ehab.com/?utm_source=gmb&utm_medium=chatmeter,+1 505-563-4005,"Open 24 hours

Confirmed by this business 5 weeks ago",https://streetviewpixels-pa.googleapis.com/v1/thumbnail?panoid=4IGFY-RHWkwhZJ8-73xbiA&cb_client=search.gws-prod.gps&w=408&h=240&yaw=139.72473&pitch=0&thumbfov=100,true,Open 24 hours,Open 24 hours,Open 24 hours,Open 24 hours,Open 24 hours,Open 24 hours,Open 24 hours,"https://www.google.com/maps/search/Hospice+clinics+in+Los+Ranchos+de+Albuquerque+Albuquerque+NM/@35.1619885,-106.6428038,14z",2025-09-17T23:28:52.196Z,Identifies as women-owned,,
https://www.google.com/maps/place/Q+Health+%26+Wellness/data=!4m7!3m6!1s0x872275ead7f8dcd7:0x1ebc7eb2035334f2!8m2!3d35.1510355!4d-106.623946!16s%2Fg%2F11jz1cl5n4!19sChIJ19z41-p1IocR8jRTA7J-vB4,Q Health & Wellness,4.3,12,Medical clinic,"320 Osuna Rd NE #C1, Albuquerque, NM 87107, United States","592G+CC Albuquerque, New Mexico, USA",http://www.qhealthnwellness.com/,+1 505-456-2392,Closed ⋅ Opens 8:30 am Thu,https://lh3.googleusercontent.com/p/AF1QipPh_gkXwI0TD1u0nQJ43cGGRIHqQdFZ_EA5g62J=w408-h408-k-no,true,8:30 am–4:30 pm,8:30 am–4 pm,8:30 am–4 pm,Closed,Closed,8:30 am–4 pm,8:30 am–4 pm,"https://www.google.com/maps/search/Hospice+clinics+in+Los+Ranchos+de+Albuquerque+Albuquerque+NM/@35.1619885,-106.6428038,14z",2025-09-17T23:28:57.777Z,Identifies as women-owned,,
https://www.google.com/maps/place/Ladera+Center/data=!4m7!3m6!1s0x872272bde24b560f:0xe97e8aa4371ccb22!8m2!3d35.1130675!4d-106.7060682!16s%2Fg%2F1tk9r6ws!19sChIJD1ZL4r1yIocRIsscN6SKfuk,Ladera Center,4.0,148,Nursing home,"5901 Ouray Rd NW, Albuquerque, NM 87120, United States","477V+6H Albuquerque, New Mexico, USA",http://www.genesishcc.com/Ladera,+1 505-836-0023,Open 24 hours,https://lh3.googleusercontent.com/p/AF1QipPgbeRE_Ax1OKnLQ6HK7_L1hNr-ASDCB7ApC0es=w604-h240-k-no,true,Open 24 hours,Open 24 hours,Open 24 hours,Open 24 hours,Open 24 hours,Open 24 hours,Open 24 hours,"https://www.google.com/maps/search/Hospice+clinics+in+Los+Ranchos+de+Albuquerque+Albuquerque+NM/@35.1619885,-106.6428038,14z",2025-09-17T23:29:03.340Z,,,
https://www.google.com/maps/place/All+About+You+Home+Health+Care/data=!4m7!3m6!1s0x8722754f6d5b6785:0x28f78a6c03a2f992!8m2!3d35.194618!4d-106.6343543!16s%2Fg%2F11f30w5p65!19sChIJhWdbbU91IocRkvmiA2yK9yg,All About You Home Health Care,3.0,4,Home health care service,"1111 Alameda Blvd NW, Albuquerque, NM 87114, United States","59V8+R7 Albuquerque, New Mexico, USA",,+1 505-261-9500,Closed ⋅ Opens 10 am Thu,https://streetviewpixels-pa.googleapis.com/v1/thumbnail?panoid=heOaIV7f2vJGWy6lFgRRHQ&cb_client=search.gws-prod.gps&w=408&h=240&yaw=18.46848&pitch=0&thumbfov=100,true,10 am–4 pm,10 am–4 pm,10 am–4 pm,Closed,Closed,10 am–4 pm,10 am–4 pm,"https://www.google.com/maps/search/Hospice+clinics+in+Los+Ranchos+de+Albuquerque+Albuquerque+NM/@35.1619885,-106.6428038,14z",2025-09-17T23:29:08.797Z,,,
https://www.google.com/maps/place/Las+Palomas+Center/data=!4m7!3m6!1s0x872275969ae571cf:0xde78fe21b130db3b!8m2!3d35.1720789!4d-106.5547823!16s%2Fg%2F113hftw5z!19sChIJz3HlmpZ1IocRO9swsSH-eN4,Las Palomas Center,3.4,134,Nursing home,"8100 Palomas Ave NE, Albuquerque, NM 87109, United States","5CCW+R3 Albuquerque, New Mexico, USA",http://www.genesishcc.com/LasPalomas,+1 505-821-4200,Open 24 hours,https://lh3.googleusercontent.com/p/AF1QipOR2ZO-qT5lWrK4LApqAVYHvZPSJRAU_Y5tXOrZ=w408-h271-k-no,true,Open 24 hours,Open 24 hours,Open 24 hours,Open 24 hours,Open 24 hours,Open 24 hours,Open 24 hours,"https://www.google.com/maps/search/Hospice+clinics+in+Los+Ranchos+de+Albuquerque+Albuquerque+NM/@35.1619885,-106.6428038,14z",2025-09-17T23:29:13.597Z,,,
https://www.google.com/maps/place/Encompass+Health+Rehabilitation+Hospital+of+Albuquerque/data=!4m7!3m6!1s0x8722745069ee4395:0xb962d4d931decc4e!8m2!3d35.1600679!4d-106.5923607!16s%2Fg%2F1td1qbh6!19sChIJlUPuaVB0IocRTszeMdnUYrk,Encompass Health Rehabilitation Hospital of Albuquerque,4.2,157,Rehabilitation center,"7000 Jefferson St NE, Albuquerque, NM 87109, United States","5C65+23 Albuquerque, New Mexico, USA",https://www.encompasshealth.com/locations/albuquerque-rehab?utm_source=google&utm_medium=organic&utm_campaign=gbp,+1 505-344-9478,"Open 24 hours

Confirmed by this business 8 weeks ago",https://lh3.googleusercontent.com/p/AF1QipMmTqHIma3MGtq0QXTcIQPyGhAZXhrZoyhRfvMU=w425-h240-k-no,true,Open 24 hours,Open 24 hours,Open 24 hours,Open 24 hours,Open 24 hours,Open 24 hours,Open 24 hours,"https://www.google.com/maps/search/Hospice+clinics+in+Los+Ranchos+de+Albuquerque+Albuquerque+NM/@35.1619885,-106.6428038,14z",2025-09-17T23:29:18.882Z,,,
"https://www.google.com/maps/place/Presbyterian:+Dr+Gurpreet+Aujla,+MD/data=!4m7!3m6!1s0x87220bf0937220f5:0x269a916786264099!8m2!3d35.0927853!4d-106.5555665!16s%2Fg%2F11s7zgnr7v!19sChIJ9SByk_ALIocRmUAmhmeRmiY","Presbyterian: Dr Gurpreet Aujla, MD",,,Hospice,"8100 Constitution Pl NE, Albuquerque, NM 87110, United States","3CVV+4Q Albuquerque, New Mexico, USA",https://www.phs.org/doctors-services/healthcare-at-home/?utm_source=gmb&utm_medium=organic&utm_campaign=listing&utm_content=prov_hah_aujla_1609309681,+1 505-559-1122,Closed ⋅ Opens 8 am Thu,https://lh3.googleusercontent.com/p/AF1QipN2yIH4dbZ06zKriOUtH8QjxE3YwSsZ_pcMpUzN=w408-h571-k-no,true,8 am–5 pm,8 am–5 pm,8 am–5 pm,Closed,Closed,8 am–5 pm,8 am–5 pm,"https://www.google.com/maps/search/Hospice+clinics+in+Los+Ranchos+de+Albuquerque+Albuquerque+NM/@35.1619885,-106.6428038,14z",2025-09-17T23:29:23.867Z,LGBTQ+ friendly,,
https://www.google.com/maps/place/Gentiva+Hospice/data=!4m7!3m6!1s0x8722756e8a6c24f5:0x14201f4f35ee1949!8m2!3d35.1653061!4d-106.5920852!16s%2Fg%2F1xgrnd4t!19sChIJ9SRsim51IocRSRnuNU8fIBQ,Gentiva Hospice,4.6,20,Hospice,"7500 Jefferson St NE UNIT 210, Albuquerque, NM 87109, United States","5C85+45 Albuquerque, New Mexico, USA",http://www.gentivahs.com/,+1 505-821-5404,Open 24 hours,https://lh3.googleusercontent.com/p/AF1QipMws1RR1YcuKHLP8oO9tZUk3rWx-2lTDn91sSVX=w426-h240-k-no,true,Open 24 hours,Open 24 hours,Open 24 hours,Open 24 hours,Open 24 hours,Open 24 hours,Open 24 hours,"https://www.google.com/maps/search/Hospice+clinics+in+North+Valley+Albuquerque+NM/@35.1890502,-106.6172581,14z",2025-09-17T23:29:41.188Z,,,
https://www.google.com/maps/place/Senior+Wellness+Homecare/data=!4m7!3m6!1s0x8722710cea3e7861:0x7c6d3a2615ec2e4d!8m2!3d35.228671!4d-106.66094!16s%2Fg%2F11v_4l7btd!19sChIJYXg-6gxxIocRTS7sFSY6bXw,Senior Wellness Homecare,4.9,20,Home health care service,"1740 Grande Blvd SE Unit E3, Rio Rancho, NM 87124, United States","68HQ+FJ Rio Rancho, New Mexico, USA",http://seniorwellnesshomecare.com/,+1 505-359-3586,Open 24 hours,https://lh3.googleusercontent.com/p/AF1QipMvFKp2glUCGRgQec5H-H-bDE7PHodFhILCWwyf=w408-h272-k-no,true,Open 24 hours,Open 24 hours,Open 24 hours,Open 24 hours,Open 24 hours,Open 24 hours,Open 24 hours,"https://www.google.com/maps/search/Hospice+clinics+in+North+Valley+Albuquerque+NM/@35.1890502,-106.6172581,14z",2025-09-17T23:30:00.345Z,LGBTQ+ friendly,,
https://www.google.com/maps/place/Hospice+of+the+Sandias+LLC/data=!4m7!3m6!1s0x872274e62d8c48f5:0x9a598fb801590d47!8m2!3d35.1330218!4d-106.5899388!16s%2Fg%2F1tfb2g5h!19sChIJ9UiMLeZ0IocRRw1ZAbiPWZo,Hospice of the Sandias LLC,3.7,3,Hospice,"105 Hospital Loop NE, Albuquerque, NM 87109, United States","4CM6+62 Albuquerque, New Mexico, USA",,+1 505-881-5342,Closed ⋅ Opens 8 am Thu,https://streetviewpixels-pa.googleapis.com/v1/thumbnail?panoid=VlonVcdlxzm_XvqoGfC8uA&cb_client=search.gws-prod.gps&w=408&h=240&yaw=286.77716&pitch=0&thumbfov=100,false,8 am–5 pm,8 am–5 pm,8 am–5 pm,Closed,Closed,8 am–5 pm,8 am–5 pm,"https://www.google.com/maps/search/Hospice+clinics+in+North+Valley+Albuquerque+NM/@35.1890502,-106.6172581,14z",2025-09-17T23:30:10.465Z,,,
https://www.google.com/maps/place/Inhora/data=!4m7!3m6!1s0x87220de8412ca43b:0x808ee58e6e08e49e!8m2!3d35.087275!4d-106.6551574!16s%2Fg%2F11lts62qnp!19sChIJO6QsQegNIocRnuQIbo7ljoA,Inhora,5.0,6,Hospice,"708 Tijeras Ave NW, Albuquerque, NM 87102, United States","38PV+WW Albuquerque, New Mexico, USA",https://www.inhora.org/,+1 505-225-2877,Open 24 hours,https://lh3.googleusercontent.com/p/AF1QipOnDgUQOw-Ar7Qm23wczz3LNjiRe4hKK_jrbnSq=w408-h544-k-no,true,Open 24 hours,Open 24 hours,Open 24 hours,Open 24 hours,Open 24 hours,Open 24 hours,Open 24 hours,"https://www.google.com/maps/search/Hospice+clinics+in+North+Valley+Albuquerque+NM/@35.1890502,-106.6172581,14z",2025-09-17T23:30:15.405Z,,,
https://www.google.com/maps/place/Access+Medical+Care/data=!4m7!3m6!1s0x87227147ee4d64f9:0xbbdec53b8be4e3a8!8m2!3d35.2082663!4d-106.6416536!16s%2Fg%2F11sw6rcf54!19sChIJ-WRN7kdxIocRqOPkizvF3rs,Access Medical Care,,,Home health care service,"2469 Corrales Rd Building A, Suite E, Corrales, NM 87048, United States","6955+88 Corrales, New Mexico, USA",https://accessmedicalnm.care/,+1 505-450-8709,Closed ⋅ Opens 9 am Thu,https://streetviewpixels-pa.googleapis.com/v1/thumbnail?panoid=9LLquCV3y9Ca6q2Zt7TeWg&cb_client=search.gws-prod.gps&w=408&h=240&yaw=290.38516&pitch=0&thumbfov=100,true,9 am–5 pm,9 am–5 pm,9 am–5 pm,Closed,Closed,9 am–5 pm,9 am–5 pm,"https://www.google.com/maps/search/Hospice+clinics+in+North+Valley+Albuquerque+NM/@35.1890502,-106.6172581,14z",2025-09-17T23:30:20.314Z,,,
https://www.google.com/maps/place/Presbyterian+Home+Healthcare+in+Albuquerque/data=!4m7!3m6!1s0x87220abfd34bfef1:0xe44d57c73857562c!8m2!3d35.0927853!4d-106.5555665!16s%2Fg%2F1hc82cyfr!19sChIJ8f5L078KIocRLFZXOMdXTeQ,Presbyterian Home Healthcare in Albuquerque,2.7,15,Home health care service,"8100 Constitution Pl NE, Albuquerque, NM 87110, United States","3CVV+4Q Albuquerque, New Mexico, USA",https://www.phs.org/doctors-services/healthcare-at-home/home-healthcare/constitution?utm_source=gmb&utm_medium=organic&utm_campaign=listing&utm_content=_loc_abq_constitution_home__208,+1 505-588-5708,Open 24 hours,https://lh3.googleusercontent.com/p/AF1QipPcI-yRijpw-Eus6G3799HOuX5kwCtyzmbmN9xl=w408-h272-k-no,true,Open 24 hours,Open 24 hours,Open 24 hours,Open 24 hours,Open 24 hours,Open 24 hours,Open 24 hours,"https://www.google.com/maps/search/Hospice+clinics+in+North+Valley+Albuquerque+NM/@35.1890502,-106.6172581,14z",2025-09-17T23:30:25.435Z,LGBTQ+ friendly,,
https://www.google.com/maps/place/Ricelands+Homehealth+Care+%26+Hospice+LLC/data=!4m7!3m6!1s0x87227042d5937c15:0xecea2699af5499d3!8m2!3d35.2421955!4d-106.6881222!16s%2Fg%2F11kc8mjk7h!19sChIJFXyT1UJwIocR05lUr5km6uw,Ricelands Homehealth Care & Hospice LLC,5.0,2,Home health care service,"2345 Southern Blvd SE, Rio Rancho, NM 87124, United States","68R6+VQ Rio Rancho, New Mexico, USA",https://ricelandshomecareandhospice.com/contact-us/,+1 505-918-6344,Closed ⋅ Opens 8 am Thu,https://streetviewpixels-pa.googleapis.com/v1/thumbnail?panoid=UFcokbu8NTjk4v3EGR0fLg&cb_client=search.gws-prod.gps&w=408&h=240&yaw=348.48267&pitch=0&thumbfov=100,true,8 am–5 pm,8 am–5 pm,8 am–5 pm,Closed,Closed,8 am–5 pm,8 am–5 pm,"https://www.google.com/maps/search/Hospice+clinics+in+Rio+Rancho+Albuquerque+NM/@35.2327544,-106.6630437,14z",2025-09-17T23:30:42.992Z,,,
https://www.google.com/maps/place/Rio+Rancho+Center/data=!4m7!3m6!1s0x872270c26a334c9f:0x4ec8a467e88b7559!8m2!3d35.2426717!4d-106.6530956!16s%2Fg%2F1thxr2td!19sChIJn0wzasJwIocRWXWL6GekyE4,Rio Rancho Center,3.7,137,Nursing home,"4210 Sabana Grande Ave SE, Rio Rancho, NM 87124, United States","68VW+3Q Rio Rancho, New Mexico, USA",http://www.genesishcc.com/RioRancho,+1 505-892-6603,Open 24 hours,https://lh3.googleusercontent.com/p/AF1QipOmyPbMH8trNorXq6-eFcdqXVey1XMC6PtLmzze=w631-h240-k-no,true,Open 24 hours,Open 24 hours,Open 24 hours,Open 24 hours,Open 24 hours,Open 24 hours,Open 24 hours,"https://www.google.com/maps/search/Hospice+clinics+in+Rio+Rancho+Albuquerque+NM/@35.2327544,-106.6630437,14z",2025-09-17T23:30:47.998Z,,,
https://www.google.com/maps/place/Avamere+at+Rio+Rancho/data=!4m7!3m6!1s0x872270dacb3339e9:0xe14936b9bb5e5716!8m2!3d35.240585!4d-106.6426699!16s%2Fg%2F12hp8zs1b!19sChIJ6Tkzy9pwIocRFldeu7k2SeE,Avamere at Rio Rancho,4.1,34,Retirement community,"1000 Riverview Dr SE, Rio Rancho, NM 87124, United States","69R4+6W Rio Rancho, New Mexico, USA",https://avamereatriorancho.com/,+1 505-892-8400,Open 24 hours,https://lh3.googleusercontent.com/gps-cs-s/AC9h4nrwr9p4P6hrTTR_oVlslWlyAJSOmerQWP2o0YdxVdRhicKLTzDILtKohBI8gm6R2II3CFkGZ4y5EJ_BDmggXoPfe3XMmxUWxmBM1yBS9r1iqlctoS2EuL52o94dcbHK6Ni5GWZX=w408-h544-k-no,true,Open 24 hours,Open 24 hours,Open 24 hours,Open 24 hours,Open 24 hours,Open 24 hours,Open 24 hours,"https://www.google.com/maps/search/Hospice+clinics+in+Rio+Rancho+Albuquerque+NM/@35.2327544,-106.6630437,14z",2025-09-17T23:30:53.645Z,,,
https://www.google.com/maps/place/Life+Spire+Assisted+Living+Rio+Rancho/data=!4m7!3m6!1s0x8722704358de0b27:0xba28fff1654350a!8m2!3d35.2394373!4d-106.6891682!16s%2Fg%2F11b6ryvbvc!19sChIJJwveWENwIocRCjVUFv-Pogs,Life Spire Assisted Living Rio Rancho,3.4,16,Assisted living facility,"1001 24th St SE, Rio Rancho, NM 87124, United States","68Q6+Q8 Rio Rancho, New Mexico, USA",http://www.lifespireassistedliving.com/,+1 505-831-6250,Open ⋅ Closes 7 pm,https://streetviewpixels-pa.googleapis.com/v1/thumbnail?panoid=7oEgGArkbrw06vmHtffW3Q&cb_client=search.gws-prod.gps&w=408&h=240&yaw=273.96896&pitch=0&thumbfov=100,false,7 am–7 pm,7 am–7 pm,7 am–7 pm,7 am–7 pm,7 am–7 pm,7 am–7 pm,7 am–7 pm,"https://www.google.com/maps/search/Hospice+clinics+in+Rio+Rancho+Albuquerque+NM/@35.2327544,-106.6630437,14z",2025-09-17T23:30:58.866Z,,,
https://www.google.com/maps/place/The+Suites+Rio+Vista/data=!4m7!3m6!1s0x8722716aa0aae7e9:0x49031a514b5de3aa!8m2!3d35.2185659!4d-106.6976444!16s%2Fg%2F11g22_bw3x!19sChIJ6eeqoGpxIocRquNdS1EaA0k,The Suites Rio Vista,3.6,127,Nursing home,"2410 19th St SE #1A, Rio Rancho, NM 87124, United States","6892+CW Rio Rancho, New Mexico, USA",https://www.suitesriovista.com/,+1 505-452-4200,Open 24 hours,https://lh3.googleusercontent.com/p/AF1QipO-PEps_o9SNdjcyPA44d8rviGKkEKNmRGN5hMT=w408-h272-k-no,true,Open 24 hours,Open 24 hours,Open 24 hours,Open 24 hours,Open 24 hours,Open 24 hours,Open 24 hours,"https://www.google.com/maps/search/Hospice+clinics+in+Rio+Rancho+Albuquerque+NM/@35.2327544,-106.6630437,14z",2025-09-17T23:31:10.975Z,,,
https://www.google.com/maps/place/I+Am+Wellness+Clinic/data=!4m7!3m6!1s0x8722711b51907225:0xc4a2ed6e60d26fe0!8m2!3d35.2422067!4d-106.6895811!16s%2Fg%2F11s_q1mj2m!19sChIJJXKQURtxIocR4G_SYG7tosQ,I Am Wellness Clinic,5.0,459,Medical clinic,"2345 Southern Blvd SE B 11, Rio Rancho, NM 87124, United States","68R6+V5 Rio Rancho, New Mexico, USA",https://iamwellnessco.com/,+1 505-524-0710,"Closes soon ⋅ 6 pm ⋅ Opens 9 am Thu

Updated by this business 2 weeks ago",https://lh3.googleusercontent.com/p/AF1QipOfcRGb5gk_D270uhT5yCUM3cYUnK90qlE4a0zX=w408-h544-k-no,true,9 am–6 pm,9 am–6 pm,9 am–5 pm,Closed,Closed,9 am–6 pm,9 am–6 pm,"https://www.google.com/maps/search/Hospice+clinics+in+Rio+Rancho+Albuquerque+NM/@35.2327544,-106.6630437,14z",2025-09-17T23:31:16.533Z,LGBTQ+ friendly,,
https://www.google.com/maps/place/Presbyterian+Rust+Medical+Center/data=!4m7!3m6!1s0x872271b45007ebc1:0x5ffcca5cac31dab8!8m2!3d35.2195565!4d-106.692842!16s%2Fg%2F1tgz115g!19sChIJwesHULRxIocRuNoxrFzK_F8,Presbyterian Rust Medical Center,2.5,633,Medical Center,"2400 Unser Blvd SE, Rio Rancho, NM 87124, United States","6894+RV Rio Rancho, New Mexico, USA",https://www.phs.org/rust-medical-center?utm_source=gmb&utm_medium=organic&utm_campaign=gmblisting&utm_content=_loc_rr_rmc_hospital__l036,+1 505-253-7878,,https://lh3.googleusercontent.com/p/AF1QipO_1IaWhk9lidIvdcO858Ugh5zThenSVmVd1Zgc=w426-h240-k-no,true,Open 24 hours,Open 24 hours,Open 24 hours,Open 24 hours,Open 24 hours,Open 24 hours,Open 24 hours,"https://www.google.com/maps/search/Hospice+clinics+in+Rio+Rancho+Albuquerque+NM/@35.2327544,-106.6630437,14z",2025-09-17T23:31:21.688Z,LGBTQ+ friendly,,
https://www.google.com/maps/place/Presbyterian+Infusion+Services+in+Rio+Rancho+on+High+Resort+Blvd/data=!4m7!3m6!1s0x872271990be090d5:0x52550ff75cbd1aa5!8m2!3d35.2479554!4d-106.6542799!16s%2Fg%2F11jgq3znl0!19sChIJ1ZDgC5lxIocRpRq9XPcPVVI,Presbyterian Infusion Services in Rio Rancho on High Resort Blvd,3.0,2,Medical clinic,"4100 High Resort Blvd SE, Rio Rancho, NM 87124, United States","68XW+57 Rio Rancho, New Mexico, USA",https://www.phs.org/doctors-services/infusion/rio-rancho?utm_source=gmb&utm_medium=organic&utm_campaign=listing&utm_content=_loc_rr_highresort4100_infusion__193,+1 505-563-1309,Closed ⋅ Opens 7:30 am Thu,https://lh3.googleusercontent.com/p/AF1QipNMyV9_riYSdJ--sMgR35xy0up1YPJJpU-SbAay=w408-h272-k-no,true,7:30 am–4:30 pm,7:30 am–4:30 pm,7:30 am–4:30 pm,Closed,Closed,7:30 am–4:30 pm,7:30 am–4:30 pm,"https://www.google.com/maps/search/Hospice+clinics+in+Rio+Rancho+Albuquerque+NM/@35.2327544,-106.6630437,14z",2025-09-17T23:31:33.572Z,LGBTQ+ friendly,,
https://www.google.com/maps/place/Presbyterian+Family+Medicine+in+Rio+Rancho+on+High+Resort+Blvd/data=!4m7!3m6!1s0x87227094c1b18b81:0x57f59aa21d7093c8!8m2!3d35.2508087!4d-106.6560303!16s%2Fg%2F1tf7y5bb!19sChIJgYuxwZRwIocRyJNwHaKa9Vc,Presbyterian Family Medicine in Rio Rancho on High Resort Blvd,3.0,41,Family practice physician,"4005 High Resort Blvd SE SW, Rio Rancho, NM 87124, United States","782V+8H Rio Rancho, New Mexico, USA",https://www.phs.org/doctors-services/primary-care/family-medicine/rio-rancho?utm_source=gmb&utm_medium=organic&utm_campaign=listing&utm_content=_loc_rr_highresort4005_pcpfammed__067,+1 505-462-6000,,https://lh3.googleusercontent.com/p/AF1QipOQYon1GWBOrMNB72I1yx47meWbAepFwfRxyBBc=w408-h272-k-no,true,,,,,,,,"https://www.google.com/maps/search/Hospice+clinics+in+Rio+Rancho+Albuquerque+NM/@35.2327544,-106.6630437,14z",2025-09-17T23:31:38.758Z,LGBTQ+ friendly,,
https://www.google.com/maps/place/Angels+Above+Home+Care+LLC/data=!4m7!3m6!1s0x87227103647653bf:0xf7992dcb9ba55c40!8m2!3d35.2409676!4d-106.6775124!16s%2Fg%2F11fjtyjjlg!19sChIJv1N2ZANxIocRQFylm8stmfc,Angels Above Home Care LLC,3.9,7,Home health care service,"1001 Golf Course Rd SE Suite 106, Rio Rancho, NM 87124, United States","68RC+9X Rio Rancho, New Mexico, USA",https://angelsabovehomecare.com/,+1 505-892-4861,Closed ⋅ Opens 8 am Thu,https://lh3.googleusercontent.com/p/AF1QipNAdB8UmxxP7TssNMc1sNisKHk2q-yE4YYwmPI1=w408-h272-k-no,true,8 am–5 pm,8 am–5 pm,8 am–5 pm,Closed,Closed,8 am–5 pm,8 am–5 pm,"https://www.google.com/maps/search/Hospice+clinics+in+Rio+Rancho+Albuquerque+NM/@35.2327544,-106.6630437,14z",2025-09-17T23:31:44.465Z,Identifies as veteran-owned,true,
https://www.google.com/maps/place/The+Neighborhood+in+Rio+Rancho+Life+Plan+Community/data=!4m7!3m6!1s0x87227a75b7ee701b:0xce62b25f51c31fba!8m2!3d35.2722053!4d-106.6567754!16s%2Fg%2F11bwkdmj6z!19sChIJG3Dut3V6IocRuh_DUV-yYs4,The Neighborhood in Rio Rancho Life Plan Community,4.1,87,Retirement community,"900 Loma Colorado Blvd NE, Rio Rancho, NM 87124, United States","78CV+V7 Rio Rancho, New Mexico, USA",https://www.neighborhoodriorancho.org/,+1 505-994-2296,"Open 24 hours

Confirmed by this business 2 weeks ago",https://lh3.googleusercontent.com/p/AF1QipORAH__2xKRsWPbQdwb_M6HvhkulxJ7JRL8t5s=w408-h265-k-no,true,Open 24 hours,Open 24 hours,Open 24 hours,Open 24 hours,Open 24 hours,Open 24 hours,Open 24 hours,"https://www.google.com/maps/search/Hospice+clinics+in+Rio+Rancho+Albuquerque+NM/@35.2327544,-106.6630437,14z",2025-09-17T23:31:50.762Z,,,
https://www.google.com/maps/place/BeeHive+Homes+of+Enchanted+Hills/data=!4m7!3m6!1s0x87227855b9396249:0xcdd7f64e93811172!8m2!3d35.3404324!4d-106.6055063!16s%2Fg%2F1tkmn03c!19sChIJSWI5uVV4IocRchGBk072180,BeeHive Homes of Enchanted Hills,4.5,14,Assisted living facility,"6336 Enchanted Hills Blvd NE, Rio Rancho, NM 87144, United States","89RV+5Q Rio Rancho, New Mexico, USA",https://beehivehomes.com/locations/enchanted-hills/,+1 505-221-6400,Closed ⋅ Opens 9 am Thu,https://lh3.googleusercontent.com/p/AF1QipPoSZYFibdS84joTckJ97YOI-XfY2294y1Ij3gP=w437-h240-k-no,true,9 am–5 pm,9 am–5 pm,9 am–5 pm,9 am–5 pm,9 am–5 pm,9 am–5 pm,9 am–5 pm,"https://www.google.com/maps/search/Hospice+clinics+in+Rio+Rancho+Albuquerque+NM/@35.2327544,-106.6630437,14z",2025-09-17T23:31:56.883Z,,,
https://www.google.com/maps/place/Presbyterian+Kaseman+Hospital/data=!4m7!3m6!1s0x87220abe6f08379b:0x2e06a1961e55be9e!8m2!3d35.0928034!4d-106.5534192!16s%2Fg%2F1tksj7qz!19sChIJmzcIb74KIocRnr5VHpahBi4,Presbyterian Kaseman Hospital,2.5,334,Hospital,"8300 Constitution Ave NE, Albuquerque, NM 87110, United States","3CVW+4J Albuquerque, New Mexico, USA",https://www.phs.org/kaseman-hospital?utm_source=gmb&utm_medium=organic&utm_campaign=listing&utm_content=_loc_abq_pkh_hospital__l001,+1 505-291-2000,,https://lh3.googleusercontent.com/p/AF1QipPXy8on2nyXj-25NsmDiQup62uy_Pis-M7qpq-Y=w426-h240-k-no,true,Open 24 hours,Open 24 hours,Open 24 hours,Open 24 hours,Open 24 hours,Open 24 hours,Open 24 hours,"https://www.google.com/maps/search/Hospice+clinics+in+Rio+Rancho+Albuquerque+NM/@35.2327544,-106.6630437,14z",2025-09-17T23:32:03.968Z,LGBTQ+ friendly,,
https://www.google.com/maps/place/Sandia+Ridge+Center/data=!4m7!3m6!1s0x87220aae20930ce1:0x894bdfda38716303!8m2!3d35.108088!4d-106.5466916!16s%2Fg%2F11c1vhwtly!19sChIJ4QyTIK4KIocRA2NxONrfS4k,Sandia Ridge Center,3.7,80,Nursing home,"2216 Lester Dr NE, Albuquerque, NM 87112, United States","4F53+68 Albuquerque, New Mexico, USA",http://www.genesishcc.com/sandiaridge,+1 505-296-4808,Open 24 hours,https://lh3.googleusercontent.com/p/AF1QipMhPzeyzMxMtMZzFPjrPEtzwTNqQXdBU-34y401=w547-h240-k-no,true,Open 24 hours,Open 24 hours,Open 24 hours,Open 24 hours,Open 24 hours,Open 24 hours,Open 24 hours,"https://www.google.com/maps/search/Hospice+clinics+in+Rio+Rancho+Albuquerque+NM/@35.2327544,-106.6630437,14z",2025-09-17T23:32:09.777Z,,,
https://www.google.com/maps/place/Roadrunner+Healthcare+Home+Health/data=!4m7!3m6!1s0x87227186e579b303:0x5cc6c6da2589efe1!8m2!3d35.2080657!4d-106.6418409!16s%2Fg%2F11xsvvgn5q!19sChIJA7N55YZxIocR4e-JJdrGxlw,Roadrunner Healthcare Home Health,,,Home health care service,"2469 Corrales Rd Building A, Suite F, Corrales, NM 87048, United States","6955+67 Corrales, New Mexico, USA",https://roadrunnerhomehealth.care/,+1 505-737-8213,"Closed ⋅ Opens 8 am Thu

Updated by this business 3 weeks ago",https://streetviewpixels-pa.googleapis.com/v1/thumbnail?panoid=2E7V2pY58GuiK-0hS6gckg&cb_client=search.gws-prod.gps&w=408&h=240&yaw=122.396515&pitch=0&thumbfov=100,true,8 am–5 pm,8 am–5 pm,8 am–5 pm,Closed,Closed,8 am–5 pm,8 am–5 pm,"https://www.google.com/maps/search/Hospice+clinics+in+Rio+Rancho+Albuquerque+NM/@35.2327544,-106.6630437,14z",2025-09-17T23:32:15.738Z,,,
https://www.google.com/maps/place/Bear+Canyon+Rehabilitation+Center/data=!4m7!3m6!1s0x87189fe9fa4e15c1:0x320b9910d31aa698!8m2!3d35.1398024!4d-106.5176806!16s%2Fg%2F11c58p0rps!19sChIJwRVO-umfGIcRmKYa0xCZCzI,Bear Canyon Rehabilitation Center,3.6,177,Nursing home,"5123 Juan Tabo Blvd NE, Albuquerque, NM 87111, United States","4FQJ+WW Albuquerque, New Mexico, USA",http://www.genesishcc.com/bearcanyon,+1 505-292-3333,Open 24 hours,https://lh3.googleusercontent.com/p/AF1QipOtriMGcM0PFHtObXAdFGTwY1vTVuy-7p2iVuzg=w466-h240-k-no,true,Open 24 hours,Open 24 hours,Open 24 hours,Open 24 hours,Open 24 hours,Open 24 hours,Open 24 hours,"https://www.google.com/maps/search/Hospice+clinics+in+Rio+Rancho+Albuquerque+NM/@35.2327544,-106.6630437,14z",2025-09-17T23:32:21.278Z,,,
https://www.google.com/maps/place/Canyon+Transitional+Rehabilitation+Center/data=!4m7!3m6!1s0x87189fe40f029ee5:0xa926ef512d185c5a!8m2!3d35.1327655!4d-106.5284445!16s%2Fg%2F1tfcj6cf!19sChIJ5Z4CD-SfGIcRWlwYLVHvJqk,Canyon Transitional Rehabilitation Center,3.7,194,Nursing home,"10101 Lagrima De Oro Rd NE, Albuquerque, NM 87111, United States","4FMC+4J Albuquerque, New Mexico, USA",http://www.genesishcc.com/canyon,+1 505-298-1231,Open 24 hours,https://lh3.googleusercontent.com/p/AF1QipMb57z-XxnU8xe3licUodEVFIGXe8cetgQDVlmU=w488-h240-k-no,true,Open 24 hours,Open 24 hours,Open 24 hours,Open 24 hours,Open 24 hours,Open 24 hours,Open 24 hours,"https://www.google.com/maps/search/Hospice+clinics+in+Rio+Rancho+Albuquerque+NM/@35.2327544,-106.6630437,14z",2025-09-17T23:32:26.510Z,,,
https://www.google.com/maps/place/Authentic+Personal+Care+Services+LLC/data=!4m7!3m6!1s0x87220b4a7e105989:0x7db43f9bfd56d37e!8m2!3d35.1025499!4d-106.5737761!16s%2Fg%2F11p02bzmwq!19sChIJiVkQfkoLIocRftNW_Zs_tH0,Authentic Personal Care Services LLC,4.3,3,Home health care service,"6303 Indian School Rd NE #104, Albuquerque, NM 87110, United States","4C3G+2F Albuquerque, New Mexico, USA",,+1 505-881-4000,Closed ⋅ Opens 8 am Thu,https://lh3.googleusercontent.com/p/AF1QipPW3MHzze1f7CYqbqDkOtjkc1j79O4RiDDY-y9y=w427-h240-k-no,true,"8 am–12 pm, 1–5 pm","8 am–12 pm, 1–5 pm","8 am–12 pm, 1–5 pm",Closed,Closed,"8 am–12 pm, 1–5 pm","8 am–12 pm, 1–5 pm","https://www.google.com/maps/search/Hospice+clinics+in+Rio+Rancho+Albuquerque+NM/@35.2327544,-106.6630437,14z",2025-09-17T23:32:31.995Z,Identifies as women-owned,,
https://www.google.com/maps/place/Visiting+Angels/data=!4m7!3m6!1s0x872274ea947754e3:0x3da9a79f49384811!8m2!3d35.0981226!4d-106.5822759!16s%2Fg%2F1wnbygsd!19sChIJ41R3lOp0IocREUg4SZ-nqT0,Visiting Angels,4.8,83,Home health care service,"1931 Alvarado Dr NE, Albuquerque, NM 87110, United States","3CX9+63 Albuquerque, New Mexico, USA",https://www.visitingangels.com/albuquerque/home?utm_source=gmb&utm_medium=organic&utm_campaign=local,+1 505-821-7500,Open 24 hours,https://lh3.googleusercontent.com/p/AF1QipP_nrNnVrhsK1oP4SezsdN2Rg7c2RO1nvJ-ApZp=w408-h240-k-no,true,Open 24 hours,Open 24 hours,Open 24 hours,Open 24 hours,Open 24 hours,Open 24 hours,Open 24 hours,"https://www.google.com/maps/search/Hospice+clinics+in+Rio+Rancho+Albuquerque+NM/@35.2327544,-106.6630437,14z",2025-09-17T23:32:37.637Z,,,
https://www.google.com/maps/place/Enchanted+Sky+Hospice/data=!4m7!3m6!1s0x871851143f96d2ab:0x5ee11f40304bc848!8m2!3d35.6590729!4d-105.9489728!16s%2Fg%2F11llppyxgm!19sChIJq9KWPxRRGIcRSMhLMEAf4V4,Enchanted Sky Hospice,5.0,9,Hospice,"1692B Hospital Dr Suite 201A, Santa Fe, NM 87505, United States","M352+JC Santa Fe, New Mexico, USA",http://www.enchantedskyhospice.com/,,Open 24 hours,https://streetviewpixels-pa.googleapis.com/v1/thumbnail?panoid=oshQfilvkHsmM06kYF9yuQ&cb_client=search.gws-prod.gps&w=408&h=240&yaw=351.68253&pitch=0&thumbfov=100,true,Open 24 hours,Open 24 hours,Open 24 hours,Open 24 hours,Open 24 hours,Open 24 hours,Open 24 hours,"https://www.google.com/maps/search/Hospice+clinics+in+Rio+Rancho+Albuquerque+NM/@35.2327544,-106.6630437,14z",2025-09-17T23:32:42.728Z,,,
https://www.google.com/maps/place/Atencion+Family+Services/data=!4m7!3m6!1s0x8722727268f1998b:0xe9ed9d90cf48c337!8m2!3d35.1523412!4d-106.71293!16s%2Fg%2F11g6p7djdq!19sChIJi5nxaHJyIocRN8NIz5Cd7ek,Atencion Family Services,3.8,11,Home health care service,"6300 Montaño Rd NW suite h, Albuquerque, NM 87120, United States","572P+WR Albuquerque, New Mexico, USA",,+1 505-217-1770,Closed ⋅ Opens 8 am Thu,https://streetviewpixels-pa.googleapis.com/v1/thumbnail?panoid=O6woaPWLyiCr56efNcotzg&cb_client=search.gws-prod.gps&w=408&h=240&yaw=275.03812&pitch=0&thumbfov=100,false,8 am–5 pm,8 am–5 pm,8 am–5 pm,Closed,Closed,8 am–5 pm,8 am–5 pm,"https://www.google.com/maps/search/Hospice+clinics+in+Rio+Rancho+Albuquerque+NM/@35.2327544,-106.6630437,14z",2025-09-17T23:32:48.024Z,,,
https://www.google.com/maps/place/Manzano+del+Sol/data=!4m7!3m6!1s0x87220b1f319fe04f:0xa252a66558143100!8m2!3d35.0860018!4d-106.58742!16s%2Fg%2F1vkxmqnx!19sChIJT-CfMR8LIocRADEUWGWmUqI,Manzano del Sol,4.1,73,Retirement community,"5201 Roma Ave NE, Albuquerque, NM 87108, United States","3CP7+C2 Albuquerque, New Mexico, USA",https://manzanodelsol.com/,+1 505-262-2311,Open 24 hours,https://lh3.googleusercontent.com/p/AF1QipMOCG0i7wC09eCN3fM5M25gC0PAs7Cch-1VsFWM=w408-h306-k-no,true,Open 24 hours,Open 24 hours,Open 24 hours,Open 24 hours,Open 24 hours,Open 24 hours,Open 24 hours,"https://www.google.com/maps/search/Hospice+clinics+in+Rio+Rancho+Albuquerque+NM/@35.2327544,-106.6630437,14z",2025-09-17T23:32:52.955Z,,,
https://www.google.com/maps/place/Ambercare/data=!4m7!3m6!1s0x8721f6d75ea46e69:0xeb43da25355cebbd!8m2!3d34.6647967!4d-106.7748693!16s%2Fg%2F1tfl0nw0!19sChIJaW6kXtf2IYcRvetcNSXaQ-s,Ambercare,4.0,49,Hospice,"420 N Main St, Belen, NM 87002, United States","M67G+W3 Belen, New Mexico, USA",https://ambercare.com/?y_source=1_MTI1NTkwNjYtNzE1LWxvY2F0aW9uLndlYnNpdGU%3D,+1 505-861-0060,Closed ⋅ Opens 8 am Thu,https://lh3.googleusercontent.com/gps-cs-s/AC9h4nrUNxI61erEmO9K390CCGZZqoe9T19zzNr0Mg2JaGdyvd_xxBOw6lktUnOBU4gt3RDcaiM1yXR4bHUJMgtxVBIWlQnOMeeFn95xq_KMVkJWkeEv1VHjVwPx9vBa2owr2Hkt98LS=w426-h240-k-no,true,8 am–5 pm,8 am–5 pm,8 am–5 pm,Closed,Closed,8 am–5 pm,8 am–5 pm,"https://www.google.com/maps/search/Hospice+clinics+in+Rio+Rancho+Albuquerque+NM/@35.2327544,-106.6630437,14z",2025-09-17T23:32:57.994Z,,,
https://www.google.com/maps/place/Roadrunner+Healthcare/data=!4m7!3m6!1s0x520da5f27b4e7cb:0x239138eaacaae8dd!8m2!3d35.2307949!4d-106.6119212!16s%2Fg%2F11xw3g21_w!19sChIJy-e0J1_aIAUR3eiqrOo4kSM,Roadrunner Healthcare,,,Home health care service,"4940 Corrales Rd #150, Corrales, NM 87048, United States","69JQ+86 Corrales, New Mexico, USA",https://roadrunnerhealthcare.com/,+1 505-321-4819,,https://lh3.googleusercontent.com/p/AF1QipN6lqjX3rCFBzbter9elwBjX1KMxrIGRmVd-WLh=w408-h252-k-no,true,,,,,,,,"https://www.google.com/maps/search/Hospice+clinics+in+Corrales+Albuquerque+NM/@35.2378197,-106.6066926,14z",2025-09-17T23:33:19.615Z,,,
https://www.google.com/maps/place/Mariposa+Program/data=!4m7!3m6!1s0x87220b54dbf0c46d:0xfeac1a7939916d8c!8m2!3d35.0534937!4d-106.6213406!16s%2Fg%2F1tdq6gqd!19sChIJbcTw21QLIocRjG2ROXkarP4,Mariposa Program,5.0,1,Hospice,"2600 Yale Blvd SE #2220, Albuquerque, NM 87106, United States","393H+9F Albuquerque, New Mexico, USA",,+1 505-272-6700,,https://streetviewpixels-pa.googleapis.com/v1/thumbnail?panoid=HFcfr7zOmVc0H1Eiygi9ig&cb_client=search.gws-prod.gps&w=408&h=240&yaw=62.56989&pitch=0&thumbfov=100,false,,,,,,,,"https://www.google.com/maps/search/Hospice+clinics+in+Corrales+Albuquerque+NM/@35.2378197,-106.6066926,14z",2025-09-17T23:33:29.225Z,,,
https://www.google.com/maps/place/hope+for+Gardner+home+care+and+hospice/data=!4m7!3m6!1s0x872274664f8fce1f:0x3d94d25b75a287d4!8m2!3d35.1563685!4d-106.6084412!16s%2Fg%2F1s049dbpj!19sChIJH86PT2Z0IocR1IeidVvSlD0,hope for Gardner home care and hospice,1.0,1,Home health care service,"6800 Vista Del Norte Dr NE, Albuquerque, NM 87113, United States","594R+GJ Albuquerque, New Mexico, USA",,+1 505-414-8570,Closed ⋅ Opens 9 am Thu,https://lh3.googleusercontent.com/p/AF1QipPZjLAJjwOqE0SLDKT70f4zEFxPhLzWgGYyTAdX=w408-h364-k-no,true,9 am–5 pm,9 am–5 pm,Open 24 hours,9 am–5 pm,9 am–5 pm,Open 24 hours,9 am–5 pm,"https://www.google.com/maps/search/Hospice+clinics+in+Corrales+Albuquerque+NM/@35.2378197,-106.6066926,14z",2025-09-17T23:33:34.005Z,,,
https://www.google.com/maps/place/Abode+Hospice+of+New+Mexico-+Albuquerque/data=!4m7!3m6!1s0x87189fbb5c6fdd9f:0x8e4e3a51c82e5114!8m2!3d35.1452769!4d-106.5294611!16s%2Fg%2F11ssdd64c8!19sChIJn91vXLufGIcRFFEuyFE6To4,Abode Hospice of New Mexico- Albuquerque,5.0,4,,"5600 Eubank Blvd NE #120, Albuquerque, NM 87111, United States","4FWC+46 Albuquerque, New Mexico, USA",,+1 505-322-6028,Permanently closed,https://lh3.googleusercontent.com/p/AF1QipOrYy4wnch4z4T_to6E-TvI7YEHHVMmOesVUWIw=w426-h240-k-no,true,,,,,,,,"https://www.google.com/maps/search/Hospice+clinics+in+Corrales+Albuquerque+NM/@35.2378197,-106.6066926,14z",2025-09-17T23:33:39.166Z,,,
https://www.google.com/maps/place/Heartland+Hospice/data=!4m7!3m6!1s0x87220b3406ff1165:0x674eee3d5880ace7!8m2!3d35.1027128!4d-106.600295!16s%2Fg%2F1vfwd9pt!19sChIJZRH_BjQLIocR56yAWD3uTmc,Heartland Hospice,4.1,11,,"4001 Indian School Rd NE # 300, Albuquerque, NM 87110, United States","493X+3V Albuquerque, New Mexico, USA",http://heartlandhospice.com/,+1 505-323-1464,Permanently closed,https://lh3.googleusercontent.com/p/AF1QipMuM2jKAEgEjukIXtNgwCc8BN4vmkCZUTXgXsT2=w426-h240-k-no,true,,,,,,,,"https://www.google.com/maps/search/Hospice+clinics+in+Corrales+Albuquerque+NM/@35.2378197,-106.6066926,14z",2025-09-17T23:33:43.948Z,,,
https://www.google.com/maps/place/First+Choice+Community+Healthcare+-+Edgewood+Medical+Center/data=!4m7!3m6!1s0x8718bf3d21ac5e09:0x46b53ebb90d1baaf!8m2!3d35.0925827!4d-106.1932144!16s%2Fg%2F1w97vvnd!19sChIJCV6sIT2_GIcRr7rRkLs-tUY,First Choice Community Healthcare - Edgewood Medical Center,4.2,203,Community health center,"7 Municipal Way, Edgewood, NM 87015, United States","3RV4+2P Edgewood, New Mexico, USA",https://www.fcch.com/location/edgewood-health-center/,+1 505-281-3406,Closed ⋅ Opens 7:30 am Thu,https://lh3.googleusercontent.com/gps-cs-s/AC9h4nrCsGi8_9agKwNcdlBWTUoYmBOMksAUkPIycYlQjvtBALIJH9cg0JhNITTsaEgmB5Li4M3RHn-I20sE0SAfixARbxJ-MDPgxxA1-SxQ8O5LKNdb_Zl8_6Xa8uT9AKg1L-GevY4wrQ=w426-h240-k-no,true,7:30 am–5 pm,7:30 am–5 pm,7:30 am–5 pm,Closed,Closed,7:30 am–5 pm,7:30 am–5 pm,"https://www.google.com/maps/search/Hospice+clinics+in+Edgewood+Albuquerque+NM/@35.0614358,-106.1914141,14z",2025-09-17T23:34:00.376Z,,,
"https://www.google.com/maps/place/First+Choice+Community+Healthcare+-+Edgewood+Dental+Center/@35.0925655,-106.1929659,17z/data=!3m1!4b1!4m6!3m5!1s0x8718bf3d21b23e33:0xa969d3351b581f2e!8m2!3d35.0925655!4d-106.1929659!16s%2Fg%2F11f4qgdymx",First Choice Community Healthcare - Edgewood Dental Center,4.6,43,Community health center,"7 Municipal Way, Edgewood, NM 87015, United States","3RV4+2R Edgewood, New Mexico, USA",https://www.fcch.com/location/edgewood-health-center/,+1 505-224-8718,Closed ⋅ Opens 7:30 am Thu,,true,7:30 am–5:30 pm,7:30 am–5:30 pm,7:30 am–5 pm,Closed,Closed,7:30 am–5:30 pm,7:30 am–5:30 pm,"https://www.google.com/maps/search/Hospice+clinics+in+Edgewood+Albuquerque+NM/@35.0614358,-106.1914141,14z",2025-09-17T23:34:14.322Z,,,
"https://www.google.com/maps/place/Silver+Linings+Hospice+Care/@35.1175684,-106.3713198,17z/data=!3m1!4b1!4m6!3m5!1s0x8718a2eab611ed93:0x2ff3f9b0d8fde6a6!8m2!3d35.1175684!4d-106.3713198!16s%2Fg%2F11f3txlhx_",Silver Linings Hospice Care,4.4,13,Hospice,"12126 NM-14, Cedar Crest, NM 87008, United States","4J9H+2F Cedar Crest, New Mexico, USA",,+1 505-286-4219,Open 24 hours,,false,Open 24 hours,Open 24 hours,Open 24 hours,Open 24 hours,Open 24 hours,Open 24 hours,Open 24 hours,"https://www.google.com/maps/search/Hospice+clinics+in+Edgewood+Albuquerque+NM/@35.0614358,-106.1914141,14z",2025-09-17T23:34:21.385Z,,,
https://www.google.com/maps/place/Ambercare/data=!4m7!3m6!1s0x8718508e64c6a089:0x60c34c02b6539f9d!8m2!3d35.6577618!4d-105.9537604!16s%2Fg%2F1tf5l2_2!19sChIJiaDGZI5QGIcRnZ9TtgJMw2A,Ambercare,4.2,48,Hospice,"550-D St Michaels Dr, Santa Fe, NM 87505, United States","M25W+4F Santa Fe, New Mexico, USA",https://ambercare.com/?y_source=1_MTAwMjMyMDU0MS03MTUtbG9jYXRpb24ud2Vic2l0ZQ%3D%3D,+1 505-982-4098,Open 24 hours,https://lh3.googleusercontent.com/p/AF1QipM5XdZhbgwZdyP0QnnWDCX0omKIVLgVq5-Bq3oi=w408-h408-k-no,true,Open 24 hours,Open 24 hours,Open 24 hours,Open 24 hours,Open 24 hours,Open 24 hours,Open 24 hours,"https://www.google.com/maps/search/Hospice+clinics+in+Edgewood+Albuquerque+NM/@35.0614358,-106.1914141,14z",2025-09-17T23:34:33.360Z,,,
https://www.google.com/maps/place/Uptown+Rehabilitation+Center/data=!4m7!3m6!1s0x87220abf8e38e9ed:0xfb655beb89046ef0!8m2!3d35.0938107!4d-106.5577552!16s%2Fg%2F11c1vjcpgn!19sChIJ7ek4jr8KIocR8G4EietbZfs,Uptown Rehabilitation Center,3.9,82,Nursing home,"7900 Constitution Ave NE, Albuquerque, NM 87110, United States","3CVR+GV Albuquerque, New Mexico, USA",http://www.genesishcc.com/uptown,+1 505-296-5565,Open 24 hours,https://lh3.googleusercontent.com/p/AF1QipMDq6r8nULGBSpBMs2nOKlx4p7ymz0Rdvh9LMOx=w410-h240-k-no,true,Open 24 hours,Open 24 hours,Open 24 hours,Open 24 hours,Open 24 hours,Open 24 hours,Open 24 hours,"https://www.google.com/maps/search/Hospice+clinics+in+Edgewood+Albuquerque+NM/@35.0614358,-106.1914141,14z",2025-09-17T23:34:38.216Z,,,
https://www.google.com/maps/place/Presbyterian+Hospice+in+Santa+Fe+and+Espanola/data=!4m7!3m6!1s0x87185a874f9ad5dd:0x6a25cadeab44486f!8m2!3d35.663827!4d-105.9767597!16s%2Fg%2F1tr7jvl3!19sChIJ3dWaT4daGIcRb0hEq97KJWo,Presbyterian Hospice in Santa Fe and Espanola,3.7,3,Hospice,"1400 Chama Ave, Santa Fe, NM 87505, United States","M27F+G7 Santa Fe, New Mexico, USA",https://www.phs.org/doctors-services/healthcare-at-home/hospice,+1 505-596-4259,Open 24 hours,https://lh3.googleusercontent.com/p/AF1QipPf74ZrW5PskV8VcuGU0NYMgBPdyiyBOiPDCZSy=w408-h272-k-no,true,Open 24 hours,Open 24 hours,Open 24 hours,Open 24 hours,Open 24 hours,Open 24 hours,Open 24 hours,"https://www.google.com/maps/search/Hospice+clinics+in+Edgewood+Albuquerque+NM/@35.0614358,-106.1914141,14z",2025-09-17T23:34:43.126Z,LGBTQ+ friendly,,
https://www.google.com/maps/place/Presbyterian+Hospital/data=!4m7!3m6!1s0x87220ca2038afe03:0xe5e96cce00b8e11b!8m2!3d35.081573!4d-106.635382!16s%2Fg%2F1w0j4n95!19sChIJA_6KA6IMIocRG-G4AM5s6eU,Presbyterian Hospital,2.7,820,General hospital,"1100 Central Ave SE, Albuquerque, NM 87106, United States","39J7+JR Albuquerque, New Mexico, USA",https://www.phs.org/presbyterian-hospital?utm_source=gmb&utm_medium=organic&utm_campaign=listing&utm_content=_loc_abq_ph_hospital__l002,+1 505-841-1234,,https://lh3.googleusercontent.com/p/AF1QipOaSOxsVmFhe4ByRpKcREUVTInpiPM3gCqig25f=w426-h240-k-no,true,Open 24 hours,Open 24 hours,Open 24 hours,Open 24 hours,Open 24 hours,Open 24 hours,Open 24 hours,"https://www.google.com/maps/search/Hospice+clinics+in+Nob+Hill+Albuquerque+NM/@35.0830711,-106.6026064,14z",2025-09-17T23:35:06.867Z,LGBTQ+ friendly,,
https://www.google.com/maps/place/Kindred+Hospital+Albuquerque/data=!4m7!3m6!1s0x87220ca452ce4cc5:0x1a68d173dce8ac83!8m2!3d35.0886778!4d-106.6376696!16s%2Fg%2F1hc8427v6!19sChIJxUzOUqQMIocRg6zo3HPRaBo,Kindred Hospital Albuquerque,4.0,237,Hospital,"700 High St NE, Albuquerque, NM 87102, United States","39Q6+FW Albuquerque, New Mexico, USA",https://www.kindredhospitals.com/locations/new-mexico/albuquerque,+1 505-242-4444,Open 24 hours,https://lh3.googleusercontent.com/p/AF1QipOytYGHhoGqwxe6JEgqflGHhUK23Yz1gvfSJnTz=w408-h271-k-no,true,Open 24 hours,Open 24 hours,Open 24 hours,Open 24 hours,Open 24 hours,Open 24 hours,Open 24 hours,"https://www.google.com/maps/search/Hospice+clinics+in+Nob+Hill+Albuquerque+NM/@35.0830711,-106.6026064,14z",2025-09-17T23:35:12.082Z,,,
https://www.google.com/maps/place/Haven+Behavioral+Hospital+of+Albuquerque/data=!4m7!3m6!1s0x87220a52c8311f33:0x16206aece32668b2!8m2!3d35.0578206!4d-106.5831307!16s%2Fg%2F11b61q36mj!19sChIJMx8xyFIKIocRsmgm4-xqIBY,Haven Behavioral Hospital of Albuquerque,2.8,115,Psychiatric hospital,"5400 Gibson Blvd SE, Albuquerque, NM 87108, United States","3C58+4P Albuquerque, New Mexico, USA",https://www.havenalbuquerque.com/?utm_campaign=gmb+business+listings&utm_medium=organic&utm_source=google&utm_content=standard+listing,+1 505-254-4500,Open 24 hours,https://lh3.googleusercontent.com/gps-cs-s/AC9h4noyQmewUzI8QePFC3CbF6m-xqpLCRnSEtk7MGHRuFCwYAhKli2n4qe27aCB-p1oUEUJVlIyhs06sVj1fNZ34F2PmNTUcokF9f2Yb17Q18ThuWNy3pnaD22u4M62w4fog1g6Ic8=w408-h306-k-no,true,Open 24 hours,Open 24 hours,Open 24 hours,Open 24 hours,Open 24 hours,Open 24 hours,Open 24 hours,"https://www.google.com/maps/search/Hospice+clinics+in+Nob+Hill+Albuquerque+NM/@35.0830711,-106.6026064,14z",2025-09-17T23:35:17.131Z,,,
https://www.google.com/maps/place/UNM+Hospitals+ASAP/data=!4m7!3m6!1s0x87220b85b259fddb:0xa570a58bc260244c!8m2!3d35.0535214!4d-106.6211766!16s%2Fg%2F11c3ss31tv!19sChIJ2_1ZsoULIocRTCRgwoulcKU,UNM Hospitals ASAP,4.4,52,Addiction treatment center,"2600 Yale Blvd SE, Albuquerque, NM 87106, United States","393H+CG Albuquerque, New Mexico, USA",http://hospitals.unm.edu/bh/asap/overview.shtml,+1 505-994-7999,Closed ⋅ Opens 6 am Thu,https://lh3.googleusercontent.com/gps-cs-s/AC9h4nqYBCThYO9FPiWFUJNzvF2J3in-m_k_Dn6HHxE5hfyr0j4LP_yDJX-_OPb2BAyIZ-Fg4VuBnvjScCpIyB3f62fc0oZCGI2_ZZqcgoe9TirjcedJ9Yga56u83IT_nXA6P2i2Et4L=w408-h725-k-no,false,6 am–5 pm,6 am–5 pm,6 am–5 pm,8–10 am,Closed,6 am–5 pm,6 am–5 pm,"https://www.google.com/maps/search/Hospice+clinics+in+Nob+Hill+Albuquerque+NM/@35.0830711,-106.6026064,14z",2025-09-17T23:35:29.109Z,,,
https://www.google.com/maps/place/Genesis+Healthcare+Uptown/data=!4m7!3m6!1s0x87220abf91cdd82f:0x5d7bbc12c3b4e400!8m2!3d35.0939668!4d-106.5575595!16s%2Fg%2F1tj_5px1!19sChIJL9jNkb8KIocRAOS0wxK8e10,Genesis Healthcare Uptown,2.2,91,Nursing home,"7900 Constitution Ave NE, Albuquerque, NM 87110, United States","3CVR+HX Albuquerque, New Mexico, USA",http://www.genesishcc.com/uptown,+1 505-296-5565,,https://lh3.googleusercontent.com/gps-cs-s/AC9h4npsd6lfvwbRG-j70NUphaRVxa7lQK2UFAIQxhowfY34czShF-alX1q4eTJSqUEd0FKZh1lKkN8nYxbcOC5EJWz1HtCpW3qUt-mvk81Fe_5sOWQXyIQmDxFT7H1tSCBpYj1-ZXTi=w426-h240-k-no,true,,,,,,,,"https://www.google.com/maps/search/Hospice+clinics+in+Nob+Hill+Albuquerque+NM/@35.0830711,-106.6026064,14z",2025-09-17T23:35:32.151Z,,,
https://www.google.com/maps/place/Princeton+Place/data=!4m7!3m6!1s0x87220aef225bc785:0x7ae0f7ef471c1f44!8m2!3d35.0840223!4d-106.5681908!16s%2Fg%2F1tf48m44!19sChIJhcdbIu8KIocRRB8cR-_34Ho,Princeton Place,2.1,104,Nursing home,"500 Louisiana Blvd NE, Albuquerque, NM 87108, United States","3CMJ+JP Albuquerque, New Mexico, USA",,+1 505-255-1717,Open 24 hours,https://lh3.googleusercontent.com/p/AF1QipPE0jwOFn2S0SpdhtqygZXmzW3Ss1Xf4Lz8yUpm=w408-h271-k-no,true,Open 24 hours,Open 24 hours,Open 24 hours,Open 24 hours,Open 24 hours,Open 24 hours,Open 24 hours,"https://www.google.com/maps/search/Hospice+clinics+in+Nob+Hill+Albuquerque+NM/@35.0830711,-106.6026064,14z",2025-09-17T23:35:37.139Z,,,
https://www.google.com/maps/place/UNM+Hospital/data=!4m7!3m6!1s0x87220cced1ec8075:0x21cf8aa3ba2d8d9a!8m2!3d35.0882062!4d-106.6189678!16s%2Fm%2F02rxhm5!19sChIJdYDs0c4MIocRmo0tuqOKzyE,UNM Hospital,2.6,872,University hospital,"2211 Lomas Blvd NE, Albuquerque, NM 87106, United States","39QJ+7C Albuquerque, New Mexico, USA",http://hsc.unm.edu/health,+1 505-272-2111,,https://lh3.googleusercontent.com/p/AF1QipN6mG8jxyQEWUxC47dBDoW5xtPJys5aP5gyHDJ0=w426-h240-k-no,true,Open 24 hours,Open 24 hours,Open 24 hours,Open 24 hours,Open 24 hours,Open 24 hours,Open 24 hours,"https://www.google.com/maps/search/Hospice+clinics+in+Nob+Hill+Albuquerque+NM/@35.0830711,-106.6026064,14z",2025-09-17T23:35:42.298Z,,,
https://www.google.com/maps/place/UNM+Carrie+Tingley+Hospital/data=!4m7!3m6!1s0x87220b5787cde477:0xc9cfb70ac4f6a4ca!8m2!3d35.093544!4d-106.6269763!16s%2Fg%2F1tkc2km8!19sChIJd-TNh1cLIocRyqT2xAq3z8k,UNM Carrie Tingley Hospital,3.5,82,Hospital,"1127 University Blvd NE, Albuquerque, NM 87102, United States","39VF+C6 Albuquerque, New Mexico, USA",https://hsc.unm.edu/health/locations/carrie-tingley-hospital.html,+1 505-272-5200,Closes soon ⋅ 6 pm ⋅ Opens 8 am Thu,https://lh3.googleusercontent.com/gps-cs-s/AC9h4nqb5-dBF4aNGamgsgKvnqYTkzVviowWcQ0MLf8vaXrj5plpDIs0cmX2jU347AMOkYtgjeOcq2uIkCE7NrETnYYcwfyw6RpsDNpNa4g_ZqweY0RmuKaofvVtK2S3GBhLDsePD0zaCQ=w426-h240-k-no,false,8 am–6 pm,8 am–6 pm,8 am–6 pm,Closed,Closed,8 am–6 pm,8 am–6 pm,"https://www.google.com/maps/search/Hospice+clinics+in+Nob+Hill+Albuquerque+NM/@35.0830711,-106.6026064,14z",2025-09-17T23:35:47.097Z,,,
https://www.google.com/maps/place/UNM+Comprehensive+Cancer+Center/data=!4m7!3m6!1s0x87220b5628575ab7:0xf217bb88d9cebfb8!8m2!3d35.0955761!4d-106.6272534!16s%2Fg%2F1tddsnc9!19sChIJt1pXKFYLIocRuL_O2Yi7F_I,UNM Comprehensive Cancer Center,3.6,76,Cancer treatment center,"1201 Camino de Salud NE, Albuquerque, NM 87102, United States","39WF+63 Albuquerque, New Mexico, USA",https://unmhealth.org/cancer/,+1 505-272-4946,Closed ⋅ Opens 8 am Thu,https://lh3.googleusercontent.com/p/AF1QipO4YNilKXC-1rwhhKnkxkx0OdOB7PfgdPzr3NWJ=w426-h240-k-no,true,8 am–5 pm,8 am–5 pm,8 am–5 pm,Closed,Closed,8 am–5 pm,8 am–5 pm,"https://www.google.com/maps/search/Hospice+clinics+in+Nob+Hill+Albuquerque+NM/@35.0830711,-106.6026064,14z",2025-09-17T23:35:51.989Z,,,
https://www.google.com/maps/place/South+Valley+Care+Center/data=!4m7!3m6!1s0x87220d0238f39cd1:0xfa61858d57069d55!8m2!3d35.0606987!4d-106.6793585!16s%2Fg%2F1v1tnjvc!19sChIJ0ZzzOAINIocRVZ0GV42FYfo,South Valley Care Center,3.3,19,Nursing home,"1629 Bowe Ln SW, Albuquerque, NM 87105, United States","386C+77 Albuquerque, New Mexico, USA",http://southvalleycare.com/,+1 505-877-2200,Open ⋅ Closes 7 pm,https://streetviewpixels-pa.googleapis.com/v1/thumbnail?panoid=d6cOQxUUw_BesKMAnnnMIw&cb_client=search.gws-prod.gps&w=408&h=240&yaw=28.64049&pitch=0&thumbfov=100,true,9 am–7 pm,9 am–7 pm,9 am–7 pm,9 am–7 pm,9 am–7 pm,9 am–7 pm,9 am–7 pm,"https://www.google.com/maps/search/Hospice+clinics+in+Nob+Hill+Albuquerque+NM/@35.0830711,-106.6026064,14z",2025-09-17T23:35:57.134Z,,,
https://www.google.com/maps/place/Albuquerque+Health+Care+for+the+Homeless/data=!4m7!3m6!1s0x87220cb15107345b:0x17170015b231bcf6!8m2!3d35.0949637!4d-106.6462161!16s%2Fg%2F1td189ds!19sChIJWzQHUbEMIocR9rwxshUAFxc,Albuquerque Health Care for the Homeless,3.8,66,Homeless service,"1217 1st Street Northwest, 1220 1st St NW, Albuquerque, NM 87102, United States","39V3+XG Albuquerque, New Mexico, USA",https://www.abqhch.org/,+1 505-766-5197,Closed ⋅ Opens 8 am Thu,https://lh3.googleusercontent.com/gps-cs-s/AC9h4nplbwOUfJXvZTnk1DUTeZn48Qlr5ixn-CEUcUZ3mUNPfzAahY36_m3P69NvZx3oILw9LHVFkOGVDNUqqTyjDlCTeqvfuM0grvPjqzVR-44QJoENic1TFpIG8_mJeVFyU9_5PmYa=w408-h544-k-no,true,8 am–12 pm,8 am–4 pm,8 am–4 pm,Closed,Closed,8 am–4 pm,8 am–4 pm,"https://www.google.com/maps/search/Hospice+clinics+in+Old+Town+Albuquerque+NM/@35.0963121,-106.6694583,14z",2025-09-17T23:36:28.026Z,,,
"https://www.google.com/maps/place/Ambercare/@34.6627652,-106.7761546,14z/data=!4m6!3m5!1s0x8721f6d75ea46e69:0xeb43da25355cebbd!8m2!3d34.6647967!4d-106.7748693!16s%2Fg%2F1tfl0nw0",Ambercare,4.0,49,Hospice,"420 N Main St, Belen, NM 87002, United States","M67G+W3 Belen, New Mexico, USA",https://ambercare.com/?y_source=1_MTI1NTkwNjYtNzE1LWxvY2F0aW9uLndlYnNpdGU%3D,+1 505-861-0060,Closed ⋅ Opens 8 am Thu,https://lh3.googleusercontent.com/gps-cs-s/AC9h4nrUNxI61erEmO9K390CCGZZqoe9T19zzNr0Mg2JaGdyvd_xxBOw6lktUnOBU4gt3RDcaiM1yXR4bHUJMgtxVBIWlQnOMeeFn95xq_KMVkJWkeEv1VHjVwPx9vBa2owr2Hkt98LS=w426-h240-k-no,true,8 am–5 pm,8 am–5 pm,8 am–5 pm,Closed,Closed,8 am–5 pm,8 am–5 pm,"https://www.google.com/maps/search/Hospice+clinics+in+Belen+Albuquerque+NM/@34.6627652,-106.7761546,14z",2025-09-17T23:36:36.375Z,,,Already found
,,,,,,,,,,,,,,,,,,,"https://www.google.com/maps/search/Hospice+clinics+in+Bernalillo+Albuquerque+NM/@35.30004,-106.5511369,14z",2025-09-17T23:37:04.424Z,,,No new results found
https://www.google.com/maps/place/First+Choice+Community+Healthcare+-+Los+Lunas+Medical+Center/data=!4m7!3m6!1s0x87221cdbd0dee127:0xdb88c8c510d7394c!8m2!3d34.8127593!4d-106.741648!16s%2Fg%2F12hkjf0kb!19sChIJJ-He0NscIocRTDnXEMXIiNs,First Choice Community Healthcare - Los Lunas Medical Center,4.5,508,Medical clinic,"145 Don Pasqual Rd NW, Los Lunas, NM 87031, United States","R775+48 Los Lunas, New Mexico, USA",https://www.fcch.com/location/los-lunas-health-center/,+1 505-865-4618,Closes soon ⋅ 6 pm ⋅ Opens 8 am Thu,https://lh3.googleusercontent.com/gps-cs-s/AC9h4nr9y209tsnYByVQidEV-kPJL6XRXnFC7Ry0oUfOdk6ZXQllWX4iY04kGlo-QP70-q4Sn4hxOH_0U4soZ9rlrKNFc60Gb9g-RaZvKYiEyXzN9DYrFmOdZMH1fzzk84b3cGzOgkyeeA=w408-h306-k-no,true,8 am–6 pm,8 am–6 pm,8 am–6 pm,Closed,Closed,8 am–6 pm,8 am–6 pm,"https://www.google.com/maps/search/Hospice+clinics+in+Los+Lunas+Albuquerque+NM/@34.8075184,-106.7357525,14z",2025-09-17T23:37:20.286Z,,,
https://www.google.com/maps/place/Presbyterian+Anticoagulation+Services+in+Los+Lunas+on+Emilio+Lopez+Rd/data=!4m7!3m6!1s0x87221d47014945dd:0x562411c034ea05cf!8m2!3d34.8189202!4d-106.7574061!16s%2Fg%2F11q3swp_vp!19sChIJ3UVJAUcdIocRzwXqNMARJFY,Presbyterian Anticoagulation Services in Los Lunas on Emilio Lopez Rd,5.0,1,Specialized clinic,"300 Emilio Lopez Rd, Los Lunas, NM 87031, United States","R69V+H2 Los Lunas, New Mexico, USA",https://www.phs.org/doctors-services/primary-care/family-medicine/los-lunas?utm_source=gmb&utm_medium=organic&utm_campaign=listing&utm_content=_loc_loslunas_emilio_anticoag__065,+1 505-866-2700,Closed ⋅ Opens 8 am Wed,https://lh3.googleusercontent.com/p/AF1QipOplAc0edDENa8CLWV6yuKY1v6LHCf8YqUFdsm2=w408-h272-k-no,true,8 am–4 pm,Closed,Closed,Closed,Closed,Closed,Closed,"https://www.google.com/maps/search/Hospice+clinics+in+Los+Lunas+Albuquerque+NM/@34.8075184,-106.7357525,14z",2025-09-17T23:37:25.283Z,LGBTQ+ friendly,,
https://www.google.com/maps/place/1st+Care+of+New+Mexico+LLC/data=!4m7!3m6!1s0x87221d3c6b011ce7:0xcdcc07cca5363160!8m2!3d34.8074508!4d-106.7347056!16s%2Fg%2F11fk517fqp!19sChIJ5xwBazwdIocRYDE2pcwHzM0,1st Care of New Mexico LLC,4.6,31,Home health care service,"104 Main St NE Ste A, Los Lunas, NM 87031, United States","R748+X4 Los Lunas, New Mexico, USA",http://1stcareofnewmexicollc.com/,+1 505-865-6887,Closed ⋅ Opens 7 am Thu,https://lh3.googleusercontent.com/p/AF1QipN0ytOjQNOcie_MA_trcXi8CjQx5kfT7Lif7du8=w408-h283-k-no,true,7 am–5 pm,7 am–5 pm,Closed,Closed,Closed,7 am–5 pm,7 am–5 pm,"https://www.google.com/maps/search/Hospice+clinics+in+Los+Lunas+Albuquerque+NM/@34.8075184,-106.7357525,14z",2025-09-17T23:37:30.140Z,,,
https://www.google.com/maps/place/St+Anthony%27s+Home+Health+Care/data=!4m7!3m6!1s0x87220331b37b130f:0xcd05cd697a815d6!8m2!3d34.8028226!4d-106.7100505!16s%2Fg%2F1264brtgl!19sChIJDxN7szEDIocR1hWol9Zc0Aw,St Anthony's Home Health Care,5.0,3,Home health care service,"1930 Main St NE Suite 8, Los Lunas, NM 87031, United States","R73Q+4X Los Lunas, New Mexico, USA",https://www.stanthonyscare.com/,+1 505-865-6128,,https://streetviewpixels-pa.googleapis.com/v1/thumbnail?panoid=tq2vYF3f2Trg6R_J5lLRGg&cb_client=search.gws-prod.gps&w=408&h=240&yaw=10.78998&pitch=0&thumbfov=100,false,,,,,,,,"https://www.google.com/maps/search/Hospice+clinics+in+Los+Lunas+Albuquerque+NM/@34.8075184,-106.7357525,14z",2025-09-17T23:37:32.873Z,,,
https://www.google.com/maps/place/First+Choice+Community+Healthcare+-+Los+Lunas+Dental+Center/data=!4m7!3m6!1s0x87221cbec96cfa65:0x1809fb5f6b43c20f!8m2!3d34.812788!4d-106.7414488!16s%2Fg%2F11gfkkt8rq!19sChIJZfpsyb4cIocRD8JDa1_7CRg,First Choice Community Healthcare - Los Lunas Dental Center,4.5,80,Community health center,"145 Don Pasqual Rd NW, Los Lunas, NM 87031, United States","R775+4C Los Lunas, New Mexico, USA",https://www.fcch.com/location/los-lunas-health-center/,+1 505-224-8740,Closed ⋅ Opens 7 am Thu,https://streetviewpixels-pa.googleapis.com/v1/thumbnail?panoid=39WzpVXnfcAsXevFsC6H9Q&cb_client=search.gws-prod.gps&w=408&h=240&yaw=314.83984&pitch=0&thumbfov=100,true,7 am–5 pm,7 am–5 pm,7 am–5 pm,Closed,Closed,7 am–5 pm,7 am–5 pm,"https://www.google.com/maps/search/Hospice+clinics+in+Los+Lunas+Albuquerque+NM/@34.8075184,-106.7357525,14z",2025-09-17T23:37:37.788Z,,,
https://www.google.com/maps/place/Comfort+Keepers+In+Home+Care/data=!4m7!3m6!1s0x87221c963ff9f915:0xa53da70c8558e9fc!8m2!3d34.8064187!4d-106.7219813!16s%2Fg%2F1262fkhfj!19sChIJFfn5P5YcIocR_OlYhQynPaU,Comfort Keepers In Home Care,4.3,11,Home health care service,"1202 Main St NE C-102, Los Lunas, NM 87031, United States","R74H+H6 Los Lunas, New Mexico, USA",https://www.comfortkeepers.com/offices/new-mexico/los-lunas/?utm_source=local&utm_medium=organic,+1 505-225-3256,Open 24 hours,https://lh3.googleusercontent.com/p/AF1QipPl00_0UbdsegZLImKp5fEdeLFJcebdA4WgTd3I=w408-h272-k-no,true,Open 24 hours,Open 24 hours,Open 24 hours,Open 24 hours,Open 24 hours,Open 24 hours,Open 24 hours,"https://www.google.com/maps/search/Hospice+clinics+in+Los+Lunas+Albuquerque+NM/@34.8075184,-106.7357525,14z",2025-09-17T23:37:49.650Z,Identifies as women-owned,,
https://www.google.com/maps/place/Adaptive+Personal+Care+Services/data=!4m7!3m6!1s0x87221cce4cfda3a5:0xc4329023079e8d!8m2!3d34.801745!4d-106.7316945!16s%2Fg%2F1tdw3yjr!19sChIJpaP9TM4cIocRjZ4HI5AyxAA,Adaptive Personal Care Services,3.0,20,Home health care service,"472 Courthouse Rd, Los Lunas, NM 87031, United States","R729+M8 Los Lunas, New Mexico, USA",http://www.adaptivecarenm.com/,+1 505-865-6602,Closed ⋅ Opens 8 am Thu,https://streetviewpixels-pa.googleapis.com/v1/thumbnail?panoid=Ngz3QLYfRWSR-rw1_0Su2A&cb_client=search.gws-prod.gps&w=408&h=240&yaw=353.8312&pitch=0&thumbfov=100,true,8 am–4 pm,8 am–4 pm,8 am–4 pm,Closed,Closed,8 am–4 pm,8 am–4 pm,"https://www.google.com/maps/search/Hospice+clinics+in+Los+Lunas+Albuquerque+NM/@34.8075184,-106.7357525,14z",2025-09-17T23:37:54.496Z,,,
https://www.google.com/maps/place/Sun+Ranch+Pet+Hospital:+RIKIA+PARK+DVM/data=!4m7!3m6!1s0x87221c8952dc90ef:0xf06cf233a2a9dc33!8m2!3d34.811589!4d-106.764841!16s%2Fg%2F1tgpnh6k!19sChIJ75DcUokcIocRM9ypojPybPA,Sun Ranch Pet Hospital: RIKIA PARK DVM,4.6,152,Veterinarian,"2220 Sun Ranch Village Rd, Los Lunas, NM 87031, United States","R66P+J3 Los Lunas, New Mexico, USA",http://www.sunranchpethospital.com/,+1 505-866-0100,Closed ⋅ Opens 8 am Thu,https://lh3.googleusercontent.com/p/AF1QipNvDCcRN56MXR3-5cIHe4p_x8a-9_edWOK_5_BG=w426-h240-k-no,true,8 am–12 pm,"8 am–12 pm, 1:30–5:30 pm","8 am–12 pm, 1:30–5:30 pm",8 am–12 pm,Closed,"8 am–12 pm, 1:30–5:30 pm","8 am–12 pm, 1:30–5:30 pm","https://www.google.com/maps/search/Hospice+clinics+in+Los+Lunas+Albuquerque+NM/@34.8075184,-106.7357525,14z",2025-09-17T23:37:59.430Z,,,
"https://www.google.com/maps/place/Los+Alamos+Visiting+Nurse+Service,+Inc./data=!4m7!3m6!1s0x87181252c4743bf5:0x2687fcd6aad60f36!8m2!3d35.8819441!4d-106.3001033!16s%2Fg%2F1td0gzcv!19sChIJ9Tt0xFISGIcRNg_Wqtb8hyY","Los Alamos Visiting Nurse Service, Inc.",3.5,8,Home health care service,"109 Central Park Square, Los Alamos, NM 87544, United States","VMJX+QX Los Alamos, New Mexico, USA",http://www.lavns.com/,+1 505-662-2525,Closed ⋅ Opens 8 am Thu,https://lh3.googleusercontent.com/p/AF1QipPOTeXsJ7reiLvl4-FyLJjOCWgXCypxEzSuXpjG=w493-h240-k-no,true,8 am–5 pm,8 am–5 pm,8 am–5 pm,Closed,Closed,8 am–5 pm,8 am–5 pm,"https://www.google.com/maps/search/Hospice+clinics+in+Los+Alamos+Albuquerque+NM/@35.8800364,-106.3031138,14z",2025-09-17T23:38:16.786Z,,,
https://www.google.com/maps/place/Los+Alamos+Medical+Center/data=!4m7!3m6!1s0x8718125cb4e36e49:0x1b66ce11072b905b!8m2!3d35.8815922!4d-106.3195083!16s%2Fg%2F1hc1fdfr9!19sChIJSW7jtFwSGIcRW5ArBxHOZhs,Los Alamos Medical Center,3.3,180,General hospital,"3917 W Rd, Los Alamos, NM 87544, United States","VMJJ+J5 Los Alamos, New Mexico, USA",https://www.losalamosmedicalcenter.com/?utm_campaign=gmb&utm_medium=organic&utm_source=local,+1 505-662-4201,Open 24 hours,https://lh3.googleusercontent.com/gps-cs-s/AC9h4npvMAqSihVee-HhWWnSABPJtPLAoTAjAKcjHaUxFl4G6wkz-nhc5e_1Awp6spQfXv7rpxFHljQn7weahkD69gqHAkXAFAi5_SqzbJNvoXFSq-jA-b1IV2j7sR_4CJ5MN5Bx100=w408-h272-k-no,true,Open 24 hours,Open 24 hours,Open 24 hours,Open 24 hours,Open 24 hours,Open 24 hours,Open 24 hours,"https://www.google.com/maps/search/Hospice+clinics+in+Los+Alamos+Albuquerque+NM/@35.8800364,-106.3031138,14z",2025-09-17T23:38:21.740Z,,,
https://www.google.com/maps/place/Los+Rios+Home+Health+Care/data=!4m7!3m6!1s0x87181252c4743bf5:0xf6830973d46dae3!8m2!3d35.8822814!4d-106.2997652!16s%2Fg%2F1v4ptg5y!19sChIJ9Tt0xFISGIcR49pGPZcwaA8,Los Rios Home Health Care,,,Home health care service,"116 Central Park Square, Los Alamos, NM 87544, United States","VPJ2+W3 Los Alamos, New Mexico, USA",,+1 505-747-2525,,https://streetviewpixels-pa.googleapis.com/v1/thumbnail?panoid=pd_nJ5zJsTPRgYbvaWIR_Q&cb_client=search.gws-prod.gps&w=408&h=240&yaw=207.46066&pitch=0&thumbfov=100,false,,,,,,,,"https://www.google.com/maps/search/Hospice+clinics+in+Los+Alamos+Albuquerque+NM/@35.8800364,-106.3031138,14z",2025-09-17T23:38:24.715Z,,,
"https://www.google.com/maps/place/Community+Palliative+Care+of+Northern+New+Mexico/@35.683048,-105.9275686,17z/data=!3m1!4b1!4m6!3m5!1s0x8718504dcafe5425:0x6d0fea837e25e3ff!8m2!3d35.683048!4d-105.9275686!16s%2Fg%2F11h06m_5rz",Community Palliative Care of Northern New Mexico,,,Hospice,"618-C, E Alameda St, Santa Fe, NM 87501, United States","M3MC+6X Santa Fe, New Mexico, USA",http://cpcnnm.org/contact/,+1 505-983-0111,,,false,,,,,,,,"https://www.google.com/maps/search/Hospice+clinics+in+Los+Alamos+Albuquerque+NM/@35.8800364,-106.3031138,14z",2025-09-17T23:38:36.121Z,,,
https://www.google.com/maps/place/Scott%27s+House+%7C+Community+Hospice+%26+Respite+House/data=!4m7!3m6!1s0x871851f6f8aee293:0xd282c65dc5ac9f9e!8m2!3d35.6390674!4d-105.9465333!16s%2Fg%2F11jb4h7h1l!19sChIJk-Ku-PZRGIcRnp-sxV3GgtI,Scott's House | Community Hospice & Respite House,4.3,4,Hospice,"287 Rodeo Rd, Santa Fe, NM 87505, United States","J3Q3+J9 Santa Fe, New Mexico, USA",https://scottshouse.org/,+1 505-989-7831,,https://lh3.googleusercontent.com/p/AF1QipOm_c8dhZyWpVjnzu5c0LKVfhcWyRQyWcNvhCNk=w433-h240-k-no,true,,,,,,,,"https://www.google.com/maps/search/Hospice+clinics+in+Los+Alamos+Albuquerque+NM/@35.8800364,-106.3031138,14z",2025-09-17T23:38:39.073Z,,,
https://www.google.com/maps/place/BeeHive+Homes+of+White+Rock/data=!4m7!3m6!1s0x87186bc0ee960a51:0x79f5bf31a4fca046!8m2!3d35.8262092!4d-106.2100303!16s%2Fg%2F11f67qlwvb!19sChIJUQqW7sBrGIcRRqD8pDG_9Xk,BeeHive Homes of White Rock,3.5,6,Assisted living facility,"110 Longview Dr, Los Alamos, NM 87544, United States","RQGQ+FX Los Alamos, New Mexico, USA",https://beehivehomes.com/locations/white-rock-2/,+1 505-591-7021,Closed ⋅ Opens 9 am Thu,https://lh3.googleusercontent.com/p/AF1QipNLzAywWgM9WIHqGVFd_qzjgoFDHFdA0_6PeTLr=w426-h240-k-no,true,9 am–5 pm,9 am–5 pm,9 am–5 pm,9 am–5 pm,9 am–5 pm,9 am–5 pm,9 am–5 pm,"https://www.google.com/maps/search/Hospice+clinics+in+Los+Alamos+Albuquerque+NM/@35.8800364,-106.3031138,14z",2025-09-17T23:38:44.001Z,,,
https://www.google.com/maps/place/Del+Corazon+Hospice/data=!4m7!3m6!1s0x87185086a33f8bdd:0x86c401a6cc94db59!8m2!3d35.6599746!4d-105.9629742!16s%2Fg%2F1tf5l2_0!19sChIJ3Ys_o4ZQGIcRWduUzKYBxIY,Del Corazon Hospice,4.2,5,Hospice,"811 St Michaels Dr # 207, Santa Fe, NM 87505, United States","M25P+XR Santa Fe, New Mexico, USA",http://www.delcorazonhospice.com/,+1 505-988-2049,Closed ⋅ Opens 8 am Thu,https://streetviewpixels-pa.googleapis.com/v1/thumbnail?panoid=n52yeVf0LsPcJZI9kWjl_w&cb_client=search.gws-prod.gps&w=408&h=240&yaw=161.8911&pitch=0&thumbfov=100,true,8 am–5 pm,8 am–5 pm,8 am–5 pm,Closed,Closed,8 am–5 pm,8 am–5 pm,"https://www.google.com/maps/search/Hospice+clinics+in+Los+Alamos+Albuquerque+NM/@35.8800364,-106.3031138,14z",2025-09-17T23:38:49.102Z,,,
https://www.google.com/maps/place/Presbyterian+Home+Healthcare+in+Santa+Fe+and+Espanola/data=!4m7!3m6!1s0x87185ba567b11e35:0x8fdfe785c35f2dd4!8m2!3d35.6637641!4d-105.9768389!16s%2Fg%2F11lgs5hlfm!19sChIJNR6xZ6VbGIcR1C1fw4Xn348,Presbyterian Home Healthcare in Santa Fe and Espanola,3.7,3,Home health care service,"1400 Chama Ave, Santa Fe, NM 87505, United States","M27F+G7 Santa Fe, New Mexico, USA",https://www.phs.org/doctors-services/healthcare-at-home/home-healthcare/santa-fe?utm_source=gmb&utm_medium=organic&utm_campaign=listing&utm_content=_loc_nnm_home,+1 505-309-4786,Open 24 hours,https://lh3.googleusercontent.com/p/AF1QipMdmzxDaKDcSqBc-Pk5CeM4-Ov2fDDH3NIeoZIy=w408-h272-k-no,true,Open 24 hours,Open 24 hours,Open 24 hours,Open 24 hours,Open 24 hours,Open 24 hours,Open 24 hours,"https://www.google.com/maps/search/Hospice+clinics+in+Los+Alamos+Albuquerque+NM/@35.8800364,-106.3031138,14z",2025-09-17T23:38:54.095Z,LGBTQ+ friendly,,
https://www.google.com/maps/place/Presbyterian+Hospice+in+Socorro/data=!4m7!3m6!1s0x8721cb539aac4ceb:0x931eb51f8bf706e7!8m2!3d34.060601!4d-106.891488!16s%2Fg%2F11wc8ysdqt!19sChIJ60ysmlPLIYcR5wb3ix-1HpM,Presbyterian Hospice in Socorro,,,Hospice,"306 N California St, Socorro, NM 87801, United States","3465+6C Socorro, New Mexico, USA",https://www.phs.org/doctors-services/healthcare-at-home/hospice/socorro?utm_source=gmb&utm_medium=organic&utm_campaign=gmblisting&utm_content=_loc_socorro_sgh_hospice,+1 575-835-8343,Open 24 hours,https://lh3.googleusercontent.com/p/AF1QipPE8JFeA4XdPRZWuQo7Zp_ujPrqkPmz6-sqW8Un=w408-h272-k-no,true,Open 24 hours,Open 24 hours,Open 24 hours,Open 24 hours,Open 24 hours,Open 24 hours,Open 24 hours,"https://www.google.com/maps/search/Hospice+clinics+in+Los+Alamos+Albuquerque+NM/@35.8800364,-106.3031138,14z",2025-09-17T23:38:58.913Z,LGBTQ+ friendly,,
,,,,,,,,,,,,,,,,,,,"https://www.google.com/maps/search/Hospice+clinics+in+Placitas+Albuquerque+NM/@35.3069845,-106.4247468,14z",2025-09-17T23:39:31.893Z,,,No new results found
https://www.google.com/maps/place/Las+Estancias/data=!4m7!3m6!1s0x8722742118dc7f9d:0xf54cc91039678c94!8m2!3d35.0172853!4d-106.712898!16s%2Fg%2F11b5pm36nt!19sChIJnX_cGCF0IocRlIxnORDJTPU,Las Estancias,3.6,109,Nursing home,"3620 Las Estancias Dr, Albuquerque, NM 87121, United States","278P+WR Albuquerque, New Mexico, USA",https://lasestancias.yourpurehealth.com/,+1 505-253-9600,Open ⋅ Closes 8 pm,https://lh3.googleusercontent.com/p/AF1QipNojxb9kGKt0WGhl_8Vkyr4gkXORTX6RIO2jHBy=w408-h268-k-no,true,7:30 am–8 pm,7:30 am–8 pm,7:30 am–8 pm,7:30 am–8 pm,10 am–8 pm,7:30 am–8 pm,7:30 am–8 pm,"https://www.google.com/maps/search/Hospice+clinics+in+Eastside+Albuquerque+NM/@35.0843859,-106.650422,14z",2025-09-17T23:40:03.822Z,,,
https://www.google.com/maps/place/The+SCO+Club/data=!4m7!3m6!1s0x8718a123734b7f33:0x5a625908e7b4515d!8m2!3d35.0902551!4d-106.5321744!16s%2Fg%2F11s5qp5sfr!19sChIJM39LcyOhGIcRXVG05whZYlo,The SCO Club,,,Holistic medicine practitioner,"1024 Eubank Blvd NE D, Albuquerque, NM 87112, United States","3FR9+44 Albuquerque, New Mexico, USA",,+1 505-744-7411,,https://streetviewpixels-pa.googleapis.com/v1/thumbnail?panoid=4aISSTCcB7G2Sbbj5-l-AA&cb_client=search.gws-prod.gps&w=408&h=240&yaw=105.910965&pitch=0&thumbfov=100,false,,,,,,,,"https://www.google.com/maps/search/Hospice+clinics+in+Uptown+Albuquerque+NM/@35.0947701,-106.5732858,14z",2025-09-17T23:40:35.695Z,,,
https://www.google.com/maps/place/Village+Veterinary+Hospital/data=!4m7!3m6!1s0x872204ef78d64a85:0x15a54b5e0de06efc!8m2!3d34.8695373!4d-106.6907043!16s%2Fg%2F1tcvjk9b!19sChIJhUrWeO8EIocR_G7gDV5LpRU,Village Veterinary Hospital,4.8,514,Veterinarian,"250 Bosque Farms Blvd, Bosque Farms, NM 87068, United States","V895+RP Bosque Farms, New Mexico, USA",http://villagevethospital.com/,+1 505-869-2627,Closed ⋅ Opens 8:30 am Thu,https://lh3.googleusercontent.com/gps-cs-s/AC9h4npaLXMlyf9kKN14KrUCiqqBhgg8P8Tz8kuD-_44Naox_OxQtSgi8NUPed91Jmrt06dFuMUlamdJASXsupVMYEQzSRMp3X3Ve9hK6XgG4ulqP4FCsh-KnJnKy6HrLipD8FQuqCvG=w408-h544-k-no,true,"8:30 am–12 pm, 1:30–5:30 pm",8:30 am–12 pm,"8:30 am–12 pm, 1:30–5:30 pm",8:30 am–12 pm,Closed,"8:30 am–12 pm, 1:30–5:30 pm","8:30 am–12 pm, 1:30–5:30 pm","https://www.google.com/maps/search/Hospice+clinics+in+Bosque+Farms+Albuquerque+NM/@34.8542638,-106.7060628,14z",2025-09-17T23:41:05.030Z,,,
https://www.google.com/maps/place/Alliance+home+healthcare+and+Hospice/data=!4m7!3m6!1s0x87239b1c7bffc7d9:0x2a8b2deb3975307a!8m2!3d35.1477511!4d-107.8507547!16s%2Fg%2F11g2_5yd27!19sChIJ2cf_exybI4cRejB1Oestiyo,Alliance home healthcare and Hospice,,,Hospice,"U.S. Rte 66, Grants, NM 87020, United States","44XX+4M Grants, New Mexico, USA",https://www.alliancehhcare.com/,+1 505-884-4080,Open 24 hours,https://streetviewpixels-pa.googleapis.com/v1/thumbnail?panoid=Y05YXrl1vcXjYCxR4WA-gw&cb_client=search.gws-prod.gps&w=408&h=240&yaw=219.47176&pitch=0&thumbfov=100,false,Open 24 hours,Open 24 hours,Open 24 hours,Open 24 hours,Open 24 hours,Open 24 hours,Open 24 hours,"https://www.google.com/maps/search/Hospice+clinics+in+Grants+Albuquerque+NM/@35.0843859,-106.650422,14z",2025-09-17T23:41:27.449Z,,,
https://www.google.com/maps/place/Lovelace+Medical+Center/data=!4m7!3m6!1s0x87220ca452ce4cc5:0x7becff395d2865c6!8m2!3d35.0867126!4d-106.6385235!16s%2Fg%2F1tk8p169!19sChIJxUzOUqQMIocRxmUoXTn_7Hs,Lovelace Medical Center,3.6,1522,Hospital,"601 Dr Martin Luther King Jr Ave NE, Albuquerque, NM 87102, United States","39P6+MH Albuquerque, New Mexico, USA",https://lovelace.com/find-a-provider/location/entity3622/,+1 505-727-8000,Open 24 hours,https://lh3.googleusercontent.com/p/AF1QipN-UtVyriNMpygv_b0ce29b3kb8qn8-9Ih7rEF1=w790-h240-k-no,true,Open 24 hours,Open 24 hours,Open 24 hours,Open 24 hours,Open 24 hours,Open 24 hours,Open 24 hours,"https://www.google.com/maps/search/Hospice+clinics+in+Grants+Albuquerque+NM/@35.0843859,-106.650422,14z",2025-09-17T23:41:39.393Z,,,