placeUrl,title,rating,reviewCount,category,address,plusCode,website,phoneNumber,currentStatus,imgUrl,isClaimed,sunday,monday,tuesday,wednesday,thursday,friday,saturday,query,timestamp,info,error
https://www.google.com/maps/place/Las+Palmas+Del+Sol+Infusion+Center/data=!4m7!3m6!1s0x86e759de9db0306f:0x634764aa650c2ba6!8m2!3d31.7697868!4d-106.49774!16s%2Fg%2F11s6j066l5!19sChIJbzCwnd5Z54YRpisMZapkR2M,Las Palmas Del Sol Infusion Center,5.0,3,Cancer treatment center,"1700 N Oregon St Suite G40, El Paso, TX 79902, United States","QG92+WW El Paso, Texas, USA",https://www.laspalmasdelsolhealthcare.com/?utm_campaign=corp_listings_mgmt&utm_source=google&utm_medium=business_listing,+1 915-264-6290,Closed ⋅ Opens 8 am Mon,https://lh3.googleusercontent.com/p/AF1QipOJWdcxFePCG03WT57dm6DLK7EhyCOd7PpRycuC=w426-h240-k-no,true,Closed,8 am–5 pm,8 am–5 pm,8 am–5 pm,8 am–5 pm,8 am–5 pm,Closed,"https://www.google.com/maps/search/Infusion+centers+in+El+Paso+El+Paso+TX/@31.7618778,-106.4850217,14z",2025-09-28T23:02:55.394Z,,
https://www.google.com/maps/place/Sun+City+Infusion+Center/data=!4m7!3m6!1s0x86e759ae375b6f07:0x7673267e243aaab0!8m2!3d31.7779835!4d-106.4793896!16s%2Fg%2F1tffzyxm!19sChIJB29bN65Z54YRsKo6JH4mc3Y,Sun City Infusion Center,,,Medical clinic,"1626 Medical Center St, El Paso, TX 79902, United States","QGHC+56 El Paso, Texas, USA",,+1 915-351-6102,,https://streetviewpixels-pa.googleapis.com/v1/thumbnail?panoid=hqytYav_MAe6IfyGXMiudQ&cb_client=search.gws-prod.gps&w=408&h=240&yaw=63.40686&pitch=0&thumbfov=100,false,,,,,,,,"https://www.google.com/maps/search/Infusion+centers+in+El+Paso+El+Paso+TX/@31.7618778,-106.4850217,14z",2025-09-28T23:02:58.206Z,,
https://www.google.com/maps/place/Ketamine+Infusion+Clinic+of+El+Paso/data=!4m7!3m6!1s0x86e75852a4beaaab:0xae45068e04468ca0!8m2!3d31.7767992!4d-106.489173!16s%2Fg%2F11f63wy2zm!19sChIJq6q-pFJY54YRoIxGBI4GRa4,Ketamine Infusion Clinic of El Paso,,,Medical clinic,"1201 E Schuster Ave, El Paso, TX 79902, United States","QGG6+P8 El Paso, Texas, USA",,+1 915-238-6293,,https://streetviewpixels-pa.googleapis.com/v1/thumbnail?panoid=Hlcpjj3JxbnNiRBMXWM88w&cb_client=search.gws-prod.gps&w=408&h=240&yaw=297.5914&pitch=0&thumbfov=100,false,,,,,,,,"https://www.google.com/maps/search/Infusion+centers+in+El+Paso+El+Paso+TX/@31.7618778,-106.4850217,14z",2025-09-28T23:03:00.468Z,,
https://www.google.com/maps/place/Paragon+El+Paso+West+Infusion+Center/data=!4m7!3m6!1s0x86ddf9cf99eaebcf:0xc44b50efb6a013c5!8m2!3d31.8826874!4d-106.5492537!16s%2Fg%2F11s_zw9k96!19sChIJz-vqmc_53YYRxROgtu9QS8Q,Paragon El Paso West Infusion Center,4.3,6,Specialized clinic,"6000 Northern Pass Dr Bldg. D, # C, El Paso, TX 79911, United States","VFM2+37 El Paso, Texas, USA",https://paragonhealthcare.com/,+1 915-289-8990,Closed ⋅ Opens 8 am Mon,https://lh3.googleusercontent.com/p/AF1QipM-HNbul1JDO5glpQYzvt-ZwZYdXjqSqnvsNHoS=w408-h544-k-no,true,Closed,8 am–4 pm,8 am–4 pm,8 am–4 pm,8 am–4 pm,8 am–4 pm,Closed,"https://www.google.com/maps/search/Infusion+centers+in+El+Paso+El+Paso+TX/@31.7618778,-106.4850217,14z",2025-09-28T23:03:04.831Z,,
https://www.google.com/maps/place/Siblante+%7C+Wellness+Center+El+Paso/data=!4m7!3m6!1s0x86e7575fd24c83a9:0xf10f2f90c7cbb99d!8m2!3d31.790063!4d-106.506508!16s%2Fg%2F11rxq38h32!19sChIJqYNM0l9X54YRnbnLx5AvD_E,Siblante | Wellness Center El Paso,5.0,117,Wellness center,"4026 N Mesa St STE C, El Paso, TX 79902, United States","QFRV+29 El Paso, Texas, USA",https://siblante.com/,+1 915-275-4130,,https://lh3.googleusercontent.com/p/AF1QipOmfKtidTLqIQPNA-dGvDQ8NczspichUGMlsiLc=w408-h313-k-no,true,Closed,10:30 am–6 pm,Closed,Closed,10:30 am–6 pm,Closed,10:30 am–3 pm,"https://www.google.com/maps/search/Infusion+centers+in+El+Paso+El+Paso+TX/@31.7618778,-106.4850217,14z",2025-09-28T23:03:09.683Z,LGBTQ+ friendly,
https://www.google.com/maps/place/Texas+Oncology-El+Paso+Cancer+Treatment+Center+Grandview/data=!4m7!3m6!1s0x86e759aff79286d5:0x171ee8a813c88afc!8m2!3d31.7791533!4d-106.4761962!16s%2Fg%2F1xn_nv4m!19sChIJ1YaS969Z54YR_IrIE6joHhc,Texas Oncology-El Paso Cancer Treatment Center Grandview,2.9,43,Cancer treatment center,"1901 Grandview Ave, El Paso, TX 79902, United States","QGHF+MG El Paso, Texas, USA",https://www.texasoncology.com/cancer-centers/el-paso/el-paso-grandview/medical-oncology,+1 915-544-6750,Closed ⋅ Opens 8 am Mon,https://streetviewpixels-pa.googleapis.com/v1/thumbnail?panoid=ZRQjxIQ5ob5deotWhK1kvw&cb_client=search.gws-prod.gps&w=408&h=240&yaw=65.144005&pitch=0&thumbfov=100,true,Closed,8 am–5 pm,8 am–5 pm,8 am–5 pm,8 am–5 pm,8 am–5 pm,Closed,"https://www.google.com/maps/search/Infusion+centers+in+El+Paso+El+Paso+TX/@31.7618778,-106.4850217,14z",2025-09-28T23:03:14.167Z,,
https://www.google.com/maps/place/Sunrise+Infusion/data=!4m7!3m6!1s0x86e743eb642dd5f9:0x1184715081fef08a!8m2!3d31.7332513!4d-106.3023029!16s%2Fg%2F11v5vl3l2s!19sChIJ-dUtZOtD54YRivD-gVBxhBE,Sunrise Infusion,4.5,30,Medical clinic,"1397 George Dieter Dr Ste E, El Paso, TX 79936, United States","PMMX+83 El Paso, Texas, USA",https://sunriseinfusionrx.com/,+1 915-200-3825,"Closed ⋅ Opens 9 am Mon

Updated by others 5 weeks ago",https://lh3.googleusercontent.com/p/AF1QipMNYBuFjNOlPTzmhpFiX3_cdjJfEzy6ETnMP3MF=w408-h882-k-no,true,Closed,9 am–5 pm,9 am–5 pm,9 am–5 pm,9 am–5 pm,9 am–5 pm,9 am–12 pm,"https://www.google.com/maps/search/Infusion+centers+in+El+Paso+El+Paso+TX/@31.7618778,-106.4850217,14z",2025-09-28T23:03:18.599Z,,
https://www.google.com/maps/place/Paragon+El+Paso+East+Infusion+Center/data=!4m7!3m6!1s0x86e747e4b8f56273:0x3baf9d98eb7db8be!8m2!3d31.7958093!4d-106.246928!16s%2Fg%2F11t3h3z3ny!19sChIJc2L1uORH54YRvrh965idrzs,Paragon El Paso East Infusion Center,3.7,6,Specialized clinic,"12800 Edgemere Blvd Suite B, El Paso, TX 79938, United States","QQW3+86 El Paso, Texas, USA",https://paragonhealthcare.com/,+1 915-289-8988,Closed ⋅ Opens 8 am Mon,https://lh3.googleusercontent.com/p/AF1QipPTeMMsNUl3Az0F9u_jm-FzmIKl4DYq35lpiINg=w560-h240-k-no,true,Closed,8 am–4 pm,8 am–4 pm,8 am–4 pm,8 am–4 pm,8 am–4 pm,Closed,"https://www.google.com/maps/search/Infusion+centers+in+El+Paso+El+Paso+TX/@31.7618778,-106.4850217,14z",2025-09-28T23:03:23.004Z,,
https://www.google.com/maps/place/Olivia+Wellness+Centers/data=!4m7!3m6!1s0x86e75900183f7dff:0xa2040e17a7f3673a!8m2!3d31.7838849!4d-106.457206!16s%2Fg%2F11y27k8xdc!19sChIJ_30_GABZ54YROmfzpxcOBKI,Olivia Wellness Centers,4.7,15,Medical clinic,"3127 Montana Ave, El Paso, TX 79903, United States","QGMV+H4 El Paso, Texas, USA",http://www.livolivia.com/,+1 915-822-9995,"Closed ⋅ Opens 9 am Tue

Updated by this business 11 weeks ago",https://lh3.googleusercontent.com/gps-cs-s/AC9h4nqo5R1aRoWViDD_7bNAcgPUxzS7sv1DzRsc61L5iLma5F7SlAM37TjaaCOyExslGS-dcpeifsXQISSybpn7b4F7ayZYW3cIsCrOh260gCPGUd1bM98aposX6uYQc2-qp1hiQ1A=w513-h240-k-no,true,Closed,Closed,9 am–4 pm,9 am–4 pm,9 am–4 pm,10 am–4 pm,11 am–2 pm,"https://www.google.com/maps/search/Infusion+centers+in+El+Paso+El+Paso+TX/@31.7618778,-106.4850217,14z",2025-09-28T23:03:27.427Z,LGBTQ+ friendly,
https://www.google.com/maps/place/Precision+Infusion/data=!4m7!3m6!1s0x86e744b33f29e5b9:0xb372bc019c106af8!8m2!3d31.7564024!4d-106.3452484!16s%2Fg%2F11bt_8qgxf!19sChIJueUpP7NE54YR-GoQnAG8crM,Precision Infusion,,,Medical clinic,"10470 Vista Del Sol Dr #100, El Paso, TX 79925, United States","QM43+HW El Paso, Texas, USA",http://www.precisionhc.com/,+1 915-591-2080,Closed ⋅ Opens 8 am Mon,https://streetviewpixels-pa.googleapis.com/v1/thumbnail?panoid=K_TApYRfbOUxJUHfaOgsXA&cb_client=search.gws-prod.gps&w=408&h=240&yaw=183.36755&pitch=0&thumbfov=100,true,Closed,8 am–5 pm,8 am–5 pm,8 am–5 pm,8 am–5 pm,8 am–5:05 pm,Closed,"https://www.google.com/maps/search/Infusion+centers+in+El+Paso+El+Paso+TX/@31.7618778,-106.4850217,14z",2025-09-28T23:03:31.895Z,,
https://www.google.com/maps/place/Restore+Hyper+Wellness/data=!4m7!3m6!1s0x86ddf9b695da2539:0x6a60dfafdd2642fc!8m2!3d31.8340408!4d-106.5457524!16s%2Fg%2F11tcr18b8n!19sChIJOSXalbb53YYR_EIm3a_fYGo,Restore Hyper Wellness,5.0,583,Medical spa,"6801 N Mesa St Ste. B-6-7, El Paso, TX 79912, United States","RFM3+JM El Paso, Texas, USA",http://www.restore.com/locations/tx-el-paso-tx079?utm_source=gmb&utm_medium=Yext&y_source=1_NDU2MzY5OTItNzE1LWxvY2F0aW9uLndlYnNpdGU%3D,+1 915-478-8162,"Closed ⋅ Opens 10 am Mon

Confirmed by this business 7 weeks ago",https://lh3.googleusercontent.com/gps-cs-s/AC9h4nrTCygfhYBPwrBVBVC80110BpBgkcmw9ZpQpRJcgT9Tg40sgrhSLWqJebArt3pADIZPLhDFFHS-nMa3RT1dBszTZcxB8ySP6FHrK7DMpDWyKTYQLAbzjaIwYW6aJIOaolPma8CE=w408-h306-k-no,true,11 am–5 pm,10 am–6 pm,10 am–6 pm,10 am–6 pm,10 am–6 pm,10 am–5 pm,9 am–5 pm,"https://www.google.com/maps/search/Infusion+centers+in+El+Paso+El+Paso+TX/@31.7618778,-106.4850217,14z",2025-09-28T23:03:36.290Z,,
https://www.google.com/maps/place/Texas+Arthritis+Center/data=!4m7!3m6!1s0x86e7595e5ec02565:0x3bc8ac8fd2164344!8m2!3d31.7761188!4d-106.5032077!16s%2Fg%2F11ftz22kvw!19sChIJZSXAXl5Z54YRREMW0o-syDs,Texas Arthritis Center,4.6,412,Medical clinic,"2600 N Oregon St, El Paso, TX 79902, United States","QFGW+CP El Paso, Texas, USA",https://usmaplocation.org/business/texas-arthritis-center-c3lht4,+1 915-317-1660,Closed ⋅ Opens 8 am Mon,https://lh3.googleusercontent.com/p/AF1QipPCNrYSzh_JA2a1kLh9qkddIuq3ifheowFuMrq_=w408-h293-k-no,true,Closed,"8 am–12 pm, 1–5 pm","8 am–12 pm, 1–5 pm","8 am–12 pm, 1–5 pm","8 am–12 pm, 1–5 pm","8 am–12 pm, 1 pm–12 am",12 am–12 pm,"https://www.google.com/maps/search/Infusion+centers+in+El+Paso+El+Paso+TX/@31.7618778,-106.4850217,14z",2025-09-28T23:03:40.780Z,,
https://www.google.com/maps/place/Bio+Drip+Wellness+%26+Longevity/data=!4m7!3m6!1s0x86ddf9ecbb95324f:0x784d7d5032df5d8!8m2!3d31.8149285!4d-106.5518851!16s%2Fg%2F11vlp9b72k!19sChIJTzKVu-z53YYR2PUtA9XXhAc,Bio Drip Wellness & Longevity,4.7,16,Wellness center,"935 Sunland Park Dr #102, El Paso, TX 79922, United States","RC7X+X6 El Paso, Texas, USA",,+1 915-444-8536,Closed ⋅ Opens 8:30 am Mon,https://lh3.googleusercontent.com/p/AF1QipP1AYZIgfo1Zf4ZS70OTz0i6CXUEHTmw1jjrdmF=w408-h325-k-no,true,Closed,8:30 am–5:30 pm,8:30 am–5:30 pm,8:30 am–5:30 pm,8:30 am–5:30 pm,8:30 am–5:30 pm,10 am–3 pm,"https://www.google.com/maps/search/Infusion+centers+in+El+Paso+El+Paso+TX/@31.7618778,-106.4850217,14z",2025-09-28T23:03:45.433Z,,
https://www.google.com/maps/place/IVTherapy2go+:+24%2F7+Mobile+IV+Bar/data=!4m7!3m6!1s0x86e759069de0402d:0x8279b191ae914719!8m2!3d31.7762349!4d-106.4683334!16s%2Fg%2F11kqfnq_tk!19sChIJLUDgnQZZ54YRGUeRrpGxeYI,IVTherapy2go : 24/7 Mobile IV Bar,,,Urgent care center,"2211 E Missouri Ave, El Paso, TX 79903, United States","QGGJ+FM El Paso, Texas, USA",https://www.ivtherapy2go.com/,+1 817-508-8169,Open ⋅ Closes 7 pm,https://lh3.googleusercontent.com/p/AF1QipOqc5wz0fgtYWM8_T0Z-ET_AH9stVPoMJw0eSwQ=w408-h408-k-no,true,8 am–7 pm,8 am–7 pm,8 am–7 pm,8 am–7 pm,8 am–7 pm,8 am–7 pm,8 am–7 pm,"https://www.google.com/maps/search/Infusion+centers+in+El+Paso+El+Paso+TX/@31.7618778,-106.4850217,14z",2025-09-28T23:03:50.387Z,,
https://www.google.com/maps/place/Vitamind+Therapy/data=!4m7!3m6!1s0x86e7598ae19174b9:0xae467cfa375c903!8m2!3d31.7744535!4d-106.5012148!16s%2Fg%2F11sx72mlbl!19sChIJuXSR4YpZ54YRA8l1o89n5Ao,Vitamind Therapy,,,Medical Center,"2311 N Mesa St Suite A, El Paso, TX 79902, United States","QFFX+QG El Paso, Texas, USA",http://www.vitamind-therapy.com/location/2311-n-mesa-el-paso,+1 915-808-0006,Closed ⋅ Opens 8:30 am Mon,https://streetviewpixels-pa.googleapis.com/v1/thumbnail?panoid=dwqSED55BpmItRJ0FBarcg&cb_client=search.gws-prod.gps&w=408&h=240&yaw=224.62505&pitch=0&thumbfov=100,true,Closed,8:30 am–5 pm,8:30 am–5 pm,8:30 am–5 pm,8:30 am–5 pm,8:30 am–5 pm,Closed,"https://www.google.com/maps/search/Infusion+centers+in+El+Paso+El+Paso+TX/@31.7618778,-106.4850217,14z",2025-09-28T23:03:55.314Z,,
https://www.google.com/maps/place/EP+Cellulite+Center/data=!4m7!3m6!1s0x86e758ffb922aefb:0x823f662d90ef2172!8m2!3d31.7648951!4d-106.4893474!16s%2Fg%2F1td6157y!19sChIJ-64iuf9Y54YRciHvkC1mP4I,EP Cellulite Center,4.1,39,Skin care clinic,"810 N Kansas St, El Paso, TX 79902, United States","QG76+X7 El Paso, Texas, USA",https://instagram.com/epcellulitecenter915,+1 915-545-4444,Closed ⋅ Opens 10 am Mon,https://lh3.googleusercontent.com/gps-cs-s/AC9h4noEdAYRdXB_wyfTXXR9TmMwgiCOJKLLYeWd7hxJRtxoZTK0T-hkgs3gp3JW4VC1YgFRyASr9IYLZOxEJ_I5c9zYmh41KObPB4in6B-qGwmpOOjD8yZk-Us0hTFwfzEwXnzniwpm=w408-h408-k-no,true,Closed,10 am–5:30 pm,10 am–5:30 pm,10 am–5:30 pm,10 am–5:30 pm,10 am–5:30 pm,10 am–2:30 pm,"https://www.google.com/maps/search/Infusion+centers+in+El+Paso+El+Paso+TX/@31.7618778,-106.4850217,14z",2025-09-28T23:04:00.024Z,,
https://www.google.com/maps/place/The+Hospitals+of+Providence+Vein+Center/data=!4m7!3m6!1s0x86e758225fd67985:0x8f7b15b9fc8e697a!8m2!3d31.8000939!4d-106.5097892!16s%2Fg%2F11c1tb037t!19sChIJhXnWXyJY54YRemmO_LkVe48,The Hospitals of Providence Vein Center,,,Medical clinic,"4532 N Mesa St, El Paso, TX 79912, United States","RF2R+23 El Paso, Texas, USA",https://www.thehospitalsofprovidence.com/locations/detail/the-hospitals-of-providence-vein-center/?utm_campaign=gmb_listings_mgmt&utm_source=gmb-thop-vein-center&utm_medium=google-local,+1 915-577-8346,Closed ⋅ Opens 8 am Mon,https://streetviewpixels-pa.googleapis.com/v1/thumbnail?panoid=qi9r4wuQuzIBmfy68AtmKw&cb_client=search.gws-prod.gps&w=408&h=240&yaw=324.95294&pitch=0&thumbfov=100,true,Closed,8 am–5 pm,8 am–5 pm,8 am–5 pm,8 am–5 pm,8 am–5 pm,Closed,"https://www.google.com/maps/search/Infusion+centers+in+El+Paso+El+Paso+TX/@31.7618778,-106.4850217,14z",2025-09-28T23:04:04.312Z,,
https://www.google.com/maps/place/Drip+Drive+Horizon/data=!4m7!3m6!1s0x86e74320bd492799:0x6fae6d545d6c1900!8m2!3d31.6911688!4d-106.2629872!16s%2Fg%2F11ksxczyp0!19sChIJmSdJvSBD54YRABlsXVRtrm8,Drip Drive Horizon,4.9,19,Wellness center,"12261 Eastlake Blvd Suite A101, El Paso, TX 79928, United States","MPRP+FR El Paso, Texas, USA",https://www.dripdriveiv.com/,+1 915-637-4842,,https://lh3.googleusercontent.com/p/AF1QipPowk04bNeRhKFDaN9g_cQD1J7LD1sEYrXMcRtB=w408-h544-k-no,true,,,,,,,,"https://www.google.com/maps/search/Infusion+centers+in+Horizon+City+El+Paso+TX/@31.6926121,-106.2074793,14z",2025-09-28T23:04:18.271Z,,
https://www.google.com/maps/place/Vitamind+Therapy/data=!4m7!3m6!1s0x86e741e81e130207:0x4b048b44b03fe486!8m2!3d31.6823642!4d-106.1845146!16s%2Fg%2F11tjk6kpfg!19sChIJBwITHuhB54YRhuQ_sESLBEs,Vitamind Therapy,,,Medical Center,"14476 Horizon Blvd Suite B, Horizon City, TX 79928, United States","MRJ8+W5 Horizon City, Texas, USA",,+1 915-808-0006,,https://streetviewpixels-pa.googleapis.com/v1/thumbnail?panoid=XgCE88eENGva3zVt08hrlQ&cb_client=search.gws-prod.gps&w=408&h=240&yaw=84.12254&pitch=0&thumbfov=100,true,,,,,,,,"https://www.google.com/maps/search/Infusion+centers+in+Horizon+City+El+Paso+TX/@31.6926121,-106.2074793,14z",2025-09-28T23:04:20.535Z,,
https://www.google.com/maps/place/Healthy+Horizons+Clinic/data=!4m7!3m6!1s0x86e7402305bc36a9:0xb62982f48db0dac3!8m2!3d31.682331!4d-106.1852569!16s%2Fg%2F11bccflvh1!19sChIJqTa8BSNA54YRw9qwjfSCKbY,Healthy Horizons Clinic,2.9,101,Medical clinic,"14470 Horizon Blvd Suite A and J, Horizon City, TX 79928, United States","MRJ7+WV Horizon City, Texas, USA",https://www.healthyhorizonsclinics.com/,+1 915-852-3225,Open ⋅ Closes 12 am,https://lh3.googleusercontent.com/p/AF1QipMmaM1CbQB_vyKdseOLQFnCRFtNapE__92cY6Um=w408-h306-k-no,true,Open 24 hours,9 am–5 pm,9 am–5 pm,9 am–5 pm,9 am–5 pm,9 am–5 pm,Open 24 hours,"https://www.google.com/maps/search/Infusion+centers+in+Horizon+City+El+Paso+TX/@31.6926121,-106.2074793,14z",2025-09-28T23:04:25.089Z,,
https://www.google.com/maps/place/The+Hospitals+of+Providence+Horizon+City+Campus/data=!4m7!3m6!1s0x86e741cd9a6995d9:0x8ed93b5299cdc1cd!8m2!3d31.6821958!4d-106.2080198!16s%2Fg%2F11c6dxll8z!19sChIJ2ZVpms1B54YRzcHNmVI72Y4,The Hospitals of Providence Horizon City Campus,3.3,405,Hospital,"13600 Horizon Blvd Suite 240, Horizon City, TX 79928, United States","MQJR+VQ Horizon City, Texas, USA",https://www.thopemergency.com/,+1 915-407-7878,Open 24 hours,https://lh3.googleusercontent.com/p/AF1QipMOP8RNm-zmXEHy0QMECwWadVlOFpkhYnURRzCP=w408-h272-k-no,true,Open 24 hours,Open 24 hours,Open 24 hours,Open 24 hours,Open 24 hours,Open 24 hours,Open 24 hours,"https://www.google.com/maps/search/Infusion+centers+in+Horizon+City+El+Paso+TX/@31.6926121,-106.2074793,14z",2025-09-28T23:04:29.558Z,,
https://www.google.com/maps/place/E+and+J+Family+Health+Center/data=!4m7!3m6!1s0x86e7418000953493:0x1aa772b4316d5a87!8m2!3d31.6837473!4d-106.2033486!16s%2Fg%2F11lqhzffpy!19sChIJkzSVAIBB54YRh1ptMbRypxo,E and J Family Health Center,4.7,29,Medical clinic,"13791 Horizon Blvd Suite A-4, Horizon City, TX 79928, United States","MQMW+FM Horizon City, Texas, USA",https://eandjfamilyhealthcenter.com/,+1 915-267-0028,Closed ⋅ Opens 8 am Mon,https://lh3.googleusercontent.com/p/AF1QipNqA8l-zOk9mD95NnVBUMqUaeolO2DYRLJd6bLs=w408-h309-k-no,true,Closed,8 am–5 pm,8 am–5 pm,8 am–5 pm,8 am–5 pm,8 am–5 pm,Closed,"https://www.google.com/maps/search/Infusion+centers+in+Horizon+City+El+Paso+TX/@31.6926121,-106.2074793,14z",2025-09-28T23:04:34.142Z,Identifies as veteran-owned,
https://www.google.com/maps/place/St.+Andrew%27s+Family+Medicine+Clinic/data=!4m7!3m6!1s0x86e741b50195159f:0xb0bbe390fb7f4f28!8m2!3d31.6981275!4d-106.1956392!16s%2Fg%2F11m_x4m6jw!19sChIJnxWVAbVB54YRKE9_-5Dju7A,St. Andrew's Family Medicine Clinic,4.3,83,Medical clinic,"494 N Kenazo Ave Suite I, Horizon City, TX 79928, United States","MRX3+7P Horizon City, Texas, USA",https://standrewsfmc.com/,+1 915-845-7300,Closed ⋅ Opens 8 am Mon,https://lh3.googleusercontent.com/p/AF1QipNkX2XMnMLjNy1Wcww_VNgYRghc-GgCmFEram3U=w408-h544-k-no,true,Closed,8 am–5 pm,8 am–5 pm,8 am–5 pm,8 am–5 pm,8 am–5 pm,Closed,"https://www.google.com/maps/search/Infusion+centers+in+Horizon+City+El+Paso+TX/@31.6926121,-106.2074793,14z",2025-09-28T23:04:38.693Z,,
https://www.google.com/maps/place/El+Paso+Physical+Therapy+Services/data=!4m7!3m6!1s0x86e769e5f6e79b0f:0x1aa9986d2dbec0d3!8m2!3d31.6837078!4d-106.2032182!16s%2Fg%2F1tp1z807!19sChIJD5vn9uVp54YR08C-LW2YqRo,El Paso Physical Therapy Services,4.9,28,Physical therapy clinic,"13791 Horizon Blvd, El Paso, TX 79928, United States","MQMW+FP El Paso, Texas, USA",https://eppts.com/location/horizon-valley/?UTM_source=GMB_listing&UTM_medium=organic%EF%BB%BF%EF%BB%BF%EF%BB%BF,+1 915-872-9333,Closed ⋅ Opens 8:30 am Mon,https://lh3.googleusercontent.com/p/AF1QipMt3k6NMkiHLQciHvpD63joPBBIHz53i3y86yRS=w408-h306-k-no,true,Closed,8:30 am–6 pm,8 am–5:20 pm,8:30 am–6 pm,8 am–5:20 pm,8 am–12 pm,Closed,"https://www.google.com/maps/search/Infusion+centers+in+Horizon+City+El+Paso+TX/@31.6926121,-106.2074793,14z",2025-09-28T23:04:43.094Z,Identifies as women-owned,
https://www.google.com/maps/place/FYZICAL+Therapy+%26+Balance+Centers+-+Eastlake/data=!4m7!3m6!1s0x86e741574e181635:0xd452df7b75ed42a9!8m2!3d31.6985111!4d-106.2232753!16s%2Fg%2F11tfyr_ztp!19sChIJNRYYTldB54YRqULtdXvfUtQ,FYZICAL Therapy & Balance Centers - Eastlake,5.0,251,Physical therapy clinic,"13472 Eastlake Blvd Suite A, Horizon City, TX 79928, United States","MQXG+CM Horizon City, Texas, USA",https://www.fyzical.com/eastlake-tx,+1 915-285-0943,Closed ⋅ Opens 7 am Mon,https://lh3.googleusercontent.com/p/AF1QipNOeYxwsbX0DxGMDzmI--8FMjLHAOc5HkdaXWYz=w408-h544-k-no,true,Closed,7 am–6 pm,7 am–6 pm,7 am–6 pm,7 am–6 pm,7 am–6 pm,Closed,"https://www.google.com/maps/search/Infusion+centers+in+Horizon+City+El+Paso+TX/@31.6926121,-106.2074793,14z",2025-09-28T23:04:47.727Z,LGBTQ+ friendly,
https://www.google.com/maps/place/Border+Therapy+Services+-+Horizon+City/data=!4m7!3m6!1s0x86e741b13cd357e9:0xad960db7c537d73a!8m2!3d31.6986385!4d-106.2130553!16s%2Fg%2F11clwnn0pr!19sChIJ6VfTPLFB54YROtc3xbcNlq0,Border Therapy Services - Horizon City,4.9,172,Physical therapy clinic,"13650 Eastlake Blvd Ste 505, Horizon City, TX 79928, United States","MQXP+FQ Horizon City, Texas, USA",https://bordertherapy.com/brand/border/locations/horizon-city/?utm_source=google&utm_medium=organic&utm_campaign=google_business_page&utm_id=gbp,+1 915-493-6798,Closed ⋅ Opens 7 am Mon,https://lh3.googleusercontent.com/p/AF1QipO8MrItryaSSQSCc_4OkdJbmsvVsyN-p7_FaTYF=w493-h240-k-no,true,Closed,7 am–6 pm,7 am–6 pm,7 am–6 pm,7 am–6 pm,7 am–12 pm,Closed,"https://www.google.com/maps/search/Infusion+centers+in+Horizon+City+El+Paso+TX/@31.6926121,-106.2074793,14z",2025-09-28T23:04:52.482Z,,
https://www.google.com/maps/place/Lotus+Health+Infusion/data=!4m7!3m6!1s0x86e745acab412895:0xd94a4dd1c65e2869!8m2!3d31.7512791!4d-106.2800946!16s%2Fg%2F11wxpzhwqf!19sChIJlShBq6xF54YRaShextFNStk,Lotus Health Infusion,5.0,2,Medical clinic,"1699 N Zaragoza Rd Suite C, El Paso, TX 79936, United States","QP29+GX El Paso, Texas, USA",https://www.lotushh.com/,+1 915-800-1099,Closed ⋅ Opens 8 am Mon,https://lh3.googleusercontent.com/p/AF1QipMEmCGLsWEM8kMsDh7rfazGIjqNxDO_b7IXdKEq=w408-h306-k-no,true,Closed,8 am–5 pm,8 am–5 pm,8 am–5 pm,8 am–5 pm,8 am–5 pm,Closed,"https://www.google.com/maps/search/Infusion+centers+in+Horizon+City+El+Paso+TX/@31.6926121,-106.2074793,14z",2025-09-28T23:04:57.093Z,,
https://www.google.com/maps/place/Desert+Star+Behavioral+Health/data=!4m7!3m6!1s0x86e741004ce26b45:0x15cf794ca3dcdbbc!8m2!3d31.7008555!4d-106.2416486!16s%2Fg%2F11m5jrz00q!19sChIJRWviTABB54YRvNvco0x5zxU,Desert Star Behavioral Health,5.0,1,Mental health service,"550 Peyton Hills Drive, Horizon City, TX 79928, United States","PQ25+88 Horizon City, Texas, USA",https://desertstarbh.com/,+1 915-490-3116,Closed ⋅ Opens 8 am Mon,https://streetviewpixels-pa.googleapis.com/v1/thumbnail?panoid=DQIdvClRRmDoVlF87g3uww&cb_client=search.gws-prod.gps&w=408&h=240&yaw=46.6427&pitch=0&thumbfov=100,false,Closed,8 am–5 pm,8 am–5 pm,8 am–5 pm,8 am–5 pm,8 am–5 pm,Closed,"https://www.google.com/maps/search/Infusion+centers+in+Horizon+City+El+Paso+TX/@31.6926121,-106.2074793,14z",2025-09-28T23:05:02.013Z,,
https://www.google.com/maps/place/El+Paso+Multi+Use+Facility/data=!4m7!3m6!1s0x86e741e0a83a1c25:0xec5c094c11620123!8m2!3d31.6728!4d-106.228748!16s%2Fg%2F11bxfjrrkj!19sChIJJRw6qOBB54YRIwFiEUwJXOw,El Paso Multi Use Facility,,,Prison,"1650 Horizon Blvd, Horizon City, TX 79928, United States","MQFC+4G Horizon City, Texas, USA",https://www.tdcj.state.tx.us/divisions/pf/pf_unit_list.html,+1 915-852-1505,Open 24 hours,https://lh3.googleusercontent.com/gps-cs-s/AC9h4nqBXCMPtPbHCTZJx12A7UwvFh_f4xZ_cBPEkOj5Uup9GaNobefn6M8jKzR-WH_O-He-Pc0oNEVsI8gLpV4dWGKfF23AahkyJ9eojIodH5kyiG4hswy5qFT-cSqNlJv39EbWlHxV=w408-h725-k-no,false,Open 24 hours,Open 24 hours,Open 24 hours,Open 24 hours,Open 24 hours,Open 24 hours,Open 24 hours,"https://www.google.com/maps/search/Infusion+centers+in+Horizon+City+El+Paso+TX/@31.6926121,-106.2074793,14z",2025-09-28T23:05:06.540Z,,
https://www.google.com/maps/place/Horizon+Blvd+Clinic/data=!4m7!3m6!1s0x86e74032afee4509:0xf7a3f9ac4db64932!8m2!3d31.6824156!4d-106.1960632!16s%2Fg%2F1t_hzfhd!19sChIJCUXurzJA54YRMkm2Taz5o_c,Horizon Blvd Clinic,4.8,50,Chiropractor,"14026 Horizon Blvd, Horizon City, TX 79928, United States","MRJ3+XH Horizon City, Texas, USA",,+1 915-852-6000,Closed ⋅ Opens 9 am Mon,https://lh3.googleusercontent.com/gps-cs-s/AC9h4nq2K4lW1gRlg7SDSBPmk_QBPteKIRHvl6Zu9ezSo6Q9NzwDPWTx83-sKUbDPSXQHpSVMecBq5nCADvdr7Qk9coWhSyk6oXM56g4lnpoY-ce431iR4ieO6UeMMJph1W2V9p0uD4=w408-h306-k-no,true,Closed,9 am–6 pm,9 am–6 pm,9 am–6 pm,9 am–1 pm,9 am–6 pm,Closed,"https://www.google.com/maps/search/Infusion+centers+in+Horizon+City+El+Paso+TX/@31.6926121,-106.2074793,14z",2025-09-28T23:05:11.345Z,,
https://www.google.com/maps/place/Mustafa+Moazam+MD/data=!4m7!3m6!1s0x86e7402305bc36a9:0x5c6e77adf013b60a!8m2!3d31.682259!4d-106.185191!16s%2Fg%2F11bvcv59mt!19sChIJqTa8BSNA54YRCrYT8K13blw,Mustafa Moazam MD,3.8,93,Doctor,"14470 Horizon Blvd, Horizon City, TX 79928, United States","MRJ7+WW Horizon City, Texas, USA",http://healthyhorizonsclinics.com/,+1 915-852-3225,Closed ⋅ Opens 9 am Mon,https://streetviewpixels-pa.googleapis.com/v1/thumbnail?panoid=ALLKSolijp8E4pPVPzvh8Q&cb_client=search.gws-prod.gps&w=408&h=240&yaw=113.41393&pitch=0&thumbfov=100,true,Closed,9 am–5 pm,9 am–8 pm,9 am–5 pm,9 am–5 pm,9 am–5 pm,8:30 am–4 pm,"https://www.google.com/maps/search/Infusion+centers+in+Horizon+City+El+Paso+TX/@31.6926121,-106.2074793,14z",2025-09-28T23:05:16.026Z,,
https://www.google.com/maps/place/Vitamind+Therapy/data=!4m7!3m6!1s0x86e743c16d9dbbbd:0x83c970dc48123318!8m2!3d31.7332513!4d-106.3023029!16s%2Fg%2F11nfvtxbb4!19sChIJvbudbcFD54YRGDMSSNxwyYM,Vitamind Therapy,,,Medical Center,"1397 George Dieter Dr Suite C, El Paso, TX 79936, United States","PMMX+83 El Paso, Texas, USA",http://www.vitamind-therapy.com/location/2311-n-mesa-el-paso,+1 915-808-0006,Open 24 hours,https://streetviewpixels-pa.googleapis.com/v1/thumbnail?panoid=-xJF_ZSxGkdVQr2q5F6Gxw&cb_client=search.gws-prod.gps&w=408&h=240&yaw=334.62192&pitch=0&thumbfov=100,true,Open 24 hours,Open 24 hours,Open 24 hours,Open 24 hours,Open 24 hours,Open 24 hours,Open 24 hours,"https://www.google.com/maps/search/Infusion+centers+in+Horizon+City+El+Paso+TX/@31.6926121,-106.2074793,14z",2025-09-28T23:05:20.559Z,LGBTQ+ friendly,
"https://www.google.com/maps/place/Transmountain+Primary+Care/@31.7006259,-106.2416859,17z/data=!3m1!4b1!4m6!3m5!1s0x86e741855176a94b:0xbd621dd7ae389c27!8m2!3d31.7006259!4d-106.2416859!16s%2Fg%2F11gc2mmt1k",Transmountain Primary Care,3.0,84,Family practice physician,"500 Peyton Hills Dr Suite A, El Paso, TX 79928, United States","PQ25+78 El Paso, Texas, USA",https://tmprimarycare.com/?utm_source=gmb&utm_medium=organic&utm_campaign=elpaso,+1 915-248-2345,Closed ⋅ Opens 8 am Mon,,true,Closed,8 am–8 pm,8 am–8 pm,8 am–8 pm,8 am–8 pm,8 am–8 pm,8 am–2 pm,"https://www.google.com/maps/search/Infusion+centers+in+Horizon+City+El+Paso+TX/@31.6926121,-106.2074793,14z",2025-09-28T23:05:27.407Z,,
https://www.google.com/maps/place/Suncity+Rejuvenation/data=!4m7!3m6!1s0x86e751b86533386d:0x6f2649e2ae552bbd!8m2!3d31.8701908!4d-106.4317524!16s%2Fg%2F11ks4jycxq!19sChIJbTgzZbhR54YRvStVruJJJm8,Suncity Rejuvenation,5.0,29,Health spa,"4727 Hondo Pass Dr Ste B, El Paso, TX 79924, United States","VHC9+37 El Paso, Texas, USA",http://www.suncityivleague.com/,+1 915-257-5007,Closed ⋅ Opens 9 am Mon,https://lh3.googleusercontent.com/gps-cs-s/AC9h4nqWl7EXFVN3-CNd7cV5XJy0PTXYdB5vJsiyi6sq2kT82-vYICcm7YEpuyijaew0qnxO0AI2UL0V3bY-l8iDUK5CaPf8Ca-RpVZMO40042Rvh3QyQ_98WIQ-S6PgoXGIek7NCOWk=w408-h544-k-no,true,Closed,9 am–6 pm,9 am–6 pm,9 am–6 pm,9 am–6 pm,9 am–6 pm,9 am–6 pm,"https://www.google.com/maps/search/Infusion+centers+in+Horizon+City+El+Paso+TX/@31.6926121,-106.2074793,14z",2025-09-28T23:05:31.883Z,,
https://www.google.com/maps/place/Cancer+Treatment+Institute/data=!4m7!3m6!1s0x86e74377bb2b1e81:0xce756a1f9a9a3d6a!8m2!3d31.7337705!4d-106.3009086!16s%2Fg%2F1tdp5h70!19sChIJgR4ru3dD54YRaj2amh9qdc4,Cancer Treatment Institute,,,Medical Center,"1400 George Dieter Dr # 170, El Paso, TX 79936, United States","PMMX+GJ El Paso, Texas, USA",,+1 915-921-7855,Closed ⋅ Opens 8 am Mon,https://streetviewpixels-pa.googleapis.com/v1/thumbnail?panoid=-Rbn3QkbWCJf4tPcgeT7EQ&cb_client=search.gws-prod.gps&w=408&h=240&yaw=182.92972&pitch=0&thumbfov=100,false,Closed,8 am–5 pm,8 am–5 pm,8 am–5 pm,8 am–5 pm,8 am–5 pm,Closed,"https://www.google.com/maps/search/Infusion+centers+in+Horizon+City+El+Paso+TX/@31.6926121,-106.2074793,14z",2025-09-28T23:05:36.218Z,,
https://www.google.com/maps/place/Las+Ventanas+de+Socorro/data=!4m7!3m6!1s0x86e7427f72b93a2d:0xd4a7049824506b0b!8m2!3d31.6601119!4d-106.2967655!16s%2Fg%2F11bx51zlpg!19sChIJLTq5cn9C54YRC2tQJJgEp9Q,Las Ventanas de Socorro,3.5,92,Nursing home,"10064 Alameda Ave, Socorro, TX 79927, United States","MP63+27 Socorro, Texas, USA",http://www.lasventanascarecenter.com/?utm_source=GMB&utm_medium=Yext&y_source=1_NDc5MzU0NTctNzE1LWxvY2F0aW9uLndlYnNpdGU%3D,+1 915-995-7230,Closes soon ⋅ 5:30 pm ⋅ Opens 8:30 am Mon,https://lh3.googleusercontent.com/p/AF1QipMXqzGJIXtJ6uSwB9xcsjgcT1xpYsnJ-DD_Brit=w408-h264-k-no,true,8:30 am–5:30 pm,8:30 am–5:30 pm,8:30 am–5:30 pm,8:30 am–5:30 pm,8:30 am–5:30 pm,8:30 am–5:30 pm,8:30 am–5:30 pm,"https://www.google.com/maps/search/Infusion+centers+in+Socorro+El+Paso+TX/@31.654557,-106.3033145,14z",2025-09-28T23:05:49.321Z,,
https://www.google.com/maps/place/Socorro+Medical+Clinic/data=!4m7!3m6!1s0x86e769e608612f97:0xdbd340ffbf426ce9!8m2!3d31.6520839!4d-106.2694538!16s%2Fg%2F11dxkmhkxc!19sChIJly9hCOZp54YR6WxCv_9A09s,Socorro Medical Clinic,4.2,66,Medical clinic,"10720 N Loop Dr, Socorro, TX 79927, United States","MP2J+R6 Socorro, Texas, USA",,+1 915-858-0500,Closed ⋅ Opens 8 am Mon,https://lh3.googleusercontent.com/p/AF1QipMDLdg99PWWgOi-s5BM49WbRKUeu39QTStHlxAH=w408-h408-k-no,true,Closed,8 am–5 pm,8 am–5 pm,8 am–5 pm,8 am–5 pm,8 am–3 pm,Closed,"https://www.google.com/maps/search/Infusion+centers+in+Socorro+El+Paso+TX/@31.654557,-106.3033145,14z",2025-09-28T23:05:54.042Z,,
https://www.google.com/maps/place/Ysleta+Del+Sur+Pueblo+Community+Health+Clinic/data=!4m7!3m6!1s0x86e742e9dd6dff5b:0x2cb7065ccd5d20cb!8m2!3d31.6840053!4d-106.3221137!16s%2Fg%2F11bby4_br4!19sChIJW_9t3elC54YRyyBdzVwGtyw,Ysleta Del Sur Pueblo Community Health Clinic,4.5,2,Community health center,"9314 Juanchido Ln, El Paso, TX 79907, United States","MMMH+J5 El Paso, Texas, USA",http://www.ysletadelsurpueblo.org/,+1 915-858-1076,Closed ⋅ Opens 8 am Mon,https://streetviewpixels-pa.googleapis.com/v1/thumbnail?panoid=MjN0zyxe6gXIh2i0UjS22w&cb_client=search.gws-prod.gps&w=408&h=240&yaw=217.89452&pitch=0&thumbfov=100,false,Closed,8 am–5 pm,8 am–5 pm,8 am–5 pm,8 am–5 pm,8 am–5 pm,Closed,"https://www.google.com/maps/search/Infusion+centers+in+Socorro+El+Paso+TX/@31.654557,-106.3033145,14z",2025-09-28T23:05:58.488Z,,
https://www.google.com/maps/place/Spectrum+Therapy+Consultants/data=!4m7!3m6!1s0x86e769ba441b9a23:0xeae049493603621b!8m2!3d31.620532!4d-106.2931047!16s%2Fg%2F11fj2nrsf0!19sChIJI5obRLpp54YRG2IDNklJ4Oo,Spectrum Therapy Consultants,5.0,146,Physical therapy clinic,"11200 Santos Sanchez St, Ysleta Del Sur Pueblo, TX 79927, United States","JPC4+6Q Ysleta Del Sur Pueblo, El Paso, TX, USA",https://spectrumtherapyconsultants.com/location/socorro/,+1 915-223-5978,Closed ⋅ Opens 8 am Mon,https://lh3.googleusercontent.com/gps-cs-s/AC9h4noiCw-4COMhM22-b0bNYjyKknTbbB5a-SNgrCTi6r2H-7mjSBgtpu_Ze3mfZ17Qyfl5Z0FXN1ZRwPly14zqAZO7DhZNWZyiP7f963WdcjkVUn5osCfR68bUnvnd3rR9fKfae3dCng=w408-h306-k-no,true,Closed,8 am–6 pm,8 am–6 pm,8 am–6 pm,8 am–6 pm,8 am–12 pm,Closed,"https://www.google.com/maps/search/Infusion+centers+in+Socorro+El+Paso+TX/@31.654557,-106.3033145,14z",2025-09-28T23:06:02.955Z,,
https://www.google.com/maps/place/UMC+Healthcare+Partners+-+Border+Pediatrics/data=!4m7!3m6!1s0x86e769ec1d9a80bb:0xc8342f9e945d70f1!8m2!3d31.6527467!4d-106.2702093!16s%2Fg%2F11j8j068h3!19sChIJu4CaHexp54YR8XBdlJ4vNMg,UMC Healthcare Partners - Border Pediatrics,3.3,33,Medical Center,"10600 N Loop Dr STE B2, Socorro, TX 79927, United States","MP3H+3W Socorro, Texas, USA",https://www.umcelpaso.org/medical-services/department/border-pediatrics,+1 915-440-4400,Closed ⋅ Opens 8:30 am Mon,https://lh3.googleusercontent.com/gps-cs-s/AC9h4nobgMGVjpSOf1Cp8gf4DEbKt-BbiOsoHwdpYDdfRFJPlZX4d5PqPG8a0_mZI9k4ZrwOAPll1Z9FzbQqfGP6GY8lAcu4o7XXU9CuTvmIIzzxYePHXklV5emErMj8un37d-h4Qu_muw=w408-h725-k-no,true,Closed,8:30 am–5:30 pm,8:30 am–5:30 pm,8:30 am–5:30 pm,8:30 am–5:30 pm,8:30 am–4:30 pm,Closed,"https://www.google.com/maps/search/Infusion+centers+in+Socorro+El+Paso+TX/@31.654557,-106.3033145,14z",2025-09-28T23:06:07.476Z,,
https://www.google.com/maps/place/Desert+City+Wellness/data=!4m7!3m6!1s0x86e745a8b207f183:0x3557b32001f99111!8m2!3d31.7548767!4d-106.3195925!16s%2Fg%2F11vz3mchtn!19sChIJg_EHsqhF54YREZH5ASCzVzU,Desert City Wellness,4.7,15,IV therapy service,"1533 Lee Trevino Dr # A2, El Paso, TX 79936, United States","QM3J+X5 El Paso, Texas, USA",https://desertcitywellness.square.site/,+1 915-332-9123,,https://lh3.googleusercontent.com/p/AF1QipOGFldD0tPM_DBPoyucRL1pquM0ZZglUGNOnHGA=w408-h408-k-no,true,Open 24 hours,Open 24 hours,Open 24 hours,Open 24 hours,Open 24 hours,Open 24 hours,Open 24 hours,"https://www.google.com/maps/search/Infusion+centers+in+Socorro+El+Paso+TX/@31.654557,-106.3033145,14z",2025-09-28T23:06:12.057Z,,
"https://www.google.com/maps/place/The+Capelli+Group,+LLC/data=!4m7!3m6!1s0x86e7682bbc278527:0x8968eb1875e36be4!8m2!3d31.6692531!4d-106.3102904!16s%2Fg%2F11c58nqdxb!19sChIJJ4UnvCto54YR5GvjdRjraIk","The Capelli Group, LLC",4.8,242,Mental health clinic,"9739 Socorro Rd, El Paso, TX 79927, United States","MM9Q+PV El Paso, Texas, USA",http://www.thecapelligroup.com/,+1 915-799-0614,Closed ⋅ Opens 10 am Mon,https://streetviewpixels-pa.googleapis.com/v1/thumbnail?panoid=VqNP5Av3eEbmR7m6mQCclQ&cb_client=search.gws-prod.gps&w=408&h=240&yaw=72.13345&pitch=0&thumbfov=100,true,Closed,10 am–5 pm,10 am–7 pm,10 am–7 pm,10 am–5 pm,Closed,9:30 am–1 pm,"https://www.google.com/maps/search/Infusion+centers+in+Socorro+El+Paso+TX/@31.654557,-106.3033145,14z",2025-09-28T23:06:16.505Z,Identifies as women-owned,
https://www.google.com/maps/place/Prime+IV+Hydration+%26+Wellness+-+El+Paso/data=!4m7!3m6!1s0x86ddf967630539f5:0xcd2e022fe83f131!8m2!3d31.8875081!4d-106.5710975!16s%2Fg%2F11vr98l36z!19sChIJ9TkFY2f53YYRMfGD_iLg0gw,Prime IV Hydration & Wellness - El Paso,4.8,154,IV therapy service,"7470 Cimarron Plz building 15 suite 100, El Paso, TX 79911, United States","VCQH+2H El Paso, Texas, USA",https://primeivhydration.com/locations/texas/el-paso-79911/,+1 915-621-5851,Closed ⋅ Opens 10 am Mon,https://lh3.googleusercontent.com/gps-cs-s/AC9h4nrtF_lWzASTwEHY_4GtlWTVio2H1Bprt0RNc-p9e8X2y9KavdLzQQGbSQT_FiyNe_mr1hZIi4dfwcuMyGSD-RzN3VznyOm5rbc0hUEw-YJZnJ_4JiBO3Tj3GlGNLxmZ3v4Ywh0a=w408-h544-k-no,true,11 am–4 pm,10 am–6 pm,Closed,10 am–6 pm,10 am–6 pm,10 am–6 pm,10 am–5 pm,"https://www.google.com/maps/search/Infusion+centers+in+Socorro+El+Paso+TX/@31.654557,-106.3033145,14z",2025-09-28T23:06:21.138Z,,
https://www.google.com/maps/place/IV+DR./data=!4m7!3m6!1s0x86e74574747b8e3f:0x78078b1aefdb03b7!8m2!3d31.764344!4d-106.324372!16s%2Fg%2F11vplccpz4!19sChIJP457dHRF54YRtwPb7xqLB3g,IV DR.,4.9,32,Wellness center,"2222 Trawood Dr, El Paso, TX 79935, United States","QM7G+P7 El Paso, Texas, USA",https://ivdr915.com/,+1 915-330-1965,Closed ⋅ Opens 8 am Mon,https://lh3.googleusercontent.com/p/AF1QipOjypem-mTjWbB1pBwP6C_i_Inj0g1jZ9zPQxsX=w408-h272-k-no,true,Closed,8 am–5 pm,8 am–5 pm,8 am–5 pm,8 am–5 pm,8 am–5 pm,Closed,"https://www.google.com/maps/search/Infusion+centers+in+Socorro+El+Paso+TX/@31.654557,-106.3033145,14z",2025-09-28T23:06:25.543Z,,
https://www.google.com/maps/place/Texas+Oncology-El+Paso+Cancer+Treatment+Center+Gateway/data=!4m7!3m6!1s0x86e75b4e98f836b5:0x190732a5de6d4e10!8m2!3d31.7557025!4d-106.3525418!16s%2Fg%2F113f8k934!19sChIJtTb4mE5b54YREE5t3qUyBxk,Texas Oncology-El Paso Cancer Treatment Center Gateway,2.7,72,Cancer treatment center,"7848 Gtwy Blvd E, El Paso, TX 79915, United States","QJ4W+7X El Paso, Texas, USA",https://www.texasoncology.com/cancer-centers/el-paso/el-paso-cancer-gateway/medical-oncology,+1 915-599-1313,Closed ⋅ Opens 8 am Mon,https://lh3.googleusercontent.com/gps-cs-s/AC9h4noEB4MTdr-MgYF-B8PCvwpcs8GadhI5_Zd12mZR6yb4r_jEBCNoLsGvl11MigC20bzG6ihqPVQ-fq2NQOolSSCiC8_iBRB53vSvxIz30nDQg3dNNssrZU8oVEuVQkAlo8T70EuvSw=w408-h306-k-no,true,Closed,8 am–5 pm,8 am–5 pm,8 am–5 pm,8 am–5 pm,8 am–5 pm,Closed,"https://www.google.com/maps/search/Infusion+centers+in+Socorro+El+Paso+TX/@31.654557,-106.3033145,14z",2025-09-28T23:06:29.952Z,,
https://www.google.com/maps/place/RGU+Radiation+Center/data=!4m7!3m6!1s0x86e74377b651b23b:0xd97180507621b53f!8m2!3d31.7338222!4d-106.3009886!16s%2Fg%2F11g7p2_d63!19sChIJO7JRtndD54YRP7UhdlCAcdk,RGU Radiation Center,3.9,7,Cancer treatment center,"1400 George Dieter Dr # 170, El Paso, TX 79936, United States","PMMX+GJ El Paso, Texas, USA",http://rgu.us.com/radiation,+1 915-581-6702,Closed ⋅ Opens 8 am Mon,https://lh3.googleusercontent.com/gps-cs-s/AC9h4npOmzs7y5DMoxLWYYIWurkl6UC52CVWlJShO96iUY3Hxng_Q5Gnysf6o-xEWOlDMujCSIygmzFw21ysC-Wka4hmXi5hWj44DmiH_mKLwG_UXpJJiXPxIbLKgjrZoXoCIUr7qsw=w480-h240-k-no,true,Closed,8 am–5 pm,8 am–5 pm,8 am–5 pm,8 am–5 pm,8 am–5 pm,Closed,"https://www.google.com/maps/search/Infusion+centers+in+Socorro+El+Paso+TX/@31.654557,-106.3033145,14z",2025-09-28T23:06:34.585Z,,
https://www.google.com/maps/place/IV+Nutrition/data=!4m7!3m6!1s0x86e757fbc57b8af1:0xbd3c92f51aa83a40!8m2!3d31.8441861!4d-106.5324788!16s%2Fg%2F11vqrxn9qr!19sChIJ8Yp7xftX54YRQDqoGvWSPL0,IV Nutrition,4.9,75,IV therapy service,"6350 Escondido Dr suite d-22, El Paso, TX 79912, United States","RFV9+M2 El Paso, Texas, USA",https://ivnutrition.com/locations/iv-therapy-in-el-paso-tx,+1 915-307-5805,Closed ⋅ Opens 10 am Tue,https://lh3.googleusercontent.com/p/AF1QipPE5BBDXe8H8Ua03C4kMXOqxYoQXJwTuGp8EHM5=w408-h544-k-no,true,Closed,Closed,10 am–6 pm,11 am–7 pm,10 am–6 pm,11 am–7 pm,10 am–5 pm,"https://www.google.com/maps/search/Infusion+centers+in+Socorro+El+Paso+TX/@31.654557,-106.3033145,14z",2025-09-28T23:06:39.069Z,LGBTQ+ friendly,
https://www.google.com/maps/place/Presbyterian+Infusion+Services+at+Socorro+General+Hospital/data=!4m7!3m6!1s0x8721cba810e22a11:0x102ec49c5c5a85f!8m2!3d34.0373063!4d-106.9114607!16s%2Fg%2F11fvdkzxyh!19sChIJESriEKjLIYcRX6jFxUnsAgE,Presbyterian Infusion Services at Socorro General Hospital,,,Medical clinic,"1202 US-60 West, Socorro, NM 87801, United States","23PQ+WC Socorro, New Mexico, USA",https://www.phs.org/doctors-services/infusion/socorro?utm_source=gmb&utm_medium=organic&utm_campaign=listing&utm_content=_loc_socorro_sgh_infusion__196,+1 575-838-2383,Closed ⋅ Opens 8 am Mon,https://lh3.googleusercontent.com/p/AF1QipOtEokE3RhACZudOshaiNoOL5lXScPbn-tHMW6Z=w434-h240-k-no,true,Closed,8 am–4 pm,8 am–4 pm,8 am–4 pm,8 am–4 pm,8 am–4 pm,Closed,"https://www.google.com/maps/search/Infusion+centers+in+Socorro+El+Paso+TX/@31.654557,-106.3033145,14z",2025-09-28T23:06:43.358Z,LGBTQ+ friendly,
"https://www.google.com/maps/place/Radioterapia+Ciudad+Ju%C3%A1rez-El+Paso,+Dr.+Jos%C3%A9+Alberto+Calder%C3%B3n+C%C3%B3rdova+Radiooncologo/data=!4m7!3m6!1s0x86e75df6a814423b:0xd12c818f46ae4fe4!8m2!3d31.713181!4d-106.3927705!16s%2Fg%2F11ygxybn0j!19sChIJO0IUqPZd54YR5E-uRo-BLNE","Radioterapia Ciudad Juárez-El Paso, Dr. José Alberto Calderón Córdova Radiooncologo",5.0,1,Cancer treatment center,"Av. Campos Eliseos 9371-690, Campos Elíseos, 32472 Juárez, Chih., Mexico","PJ74+7V Ciudad Juárez, Chihuahua, Mexico",https://hospitalangeles.com/medico/jose-alberto-calderon-cordova,+52 656 737 4554,"Closed ⋅ Opens 2:30 pm Mon

Updated by this business 9 weeks ago",https://lh3.googleusercontent.com/p/AF1QipMwxf9esJIjrLC1WS4zkLUFlTSIIdy3D7-ODBLk=w408-h526-k-no,true,Closed,2:30–7 pm,2:30–7 pm,Closed,2:30–7 pm,2:30–7 pm,Closed,"https://www.google.com/maps/search/Infusion+centers+in+Socorro+El+Paso+TX/@31.654557,-106.3033145,14z",2025-09-28T23:06:47.805Z,,
https://www.google.com/maps/place/Border+Therapy+Services+-+Eastlake+Marketplace/data=!4m7!3m6!1s0x86e74115389c322d:0xf69f3732d488b1f3!8m2!3d31.6898172!4d-106.2666112!16s%2Fg%2F11nm_trydc!19sChIJLTKcOBVB54YR87GI1DI3n_Y,Border Therapy Services - Eastlake Marketplace,5.0,62,Physical therapy clinic,"13371 Gateway Blvd W Building 40 Suite 503, El Paso, TX 79928, United States","MPQM+W9 El Paso, Texas, USA",https://bordertherapy.com/brand/border/locations/eastlake-market-place/?utm_source=google&utm_medium=organic&utm_campaign=google_business_page&utm_id=gbp,+1 915-317-1301,Closed ⋅ Opens 6 am Mon,https://lh3.googleusercontent.com/p/AF1QipPArlqWSL8G_BfHfUgqhJ6Gex23kixKRu0Aeou5=w408-h306-k-no,true,Closed,6 am–7 pm,6 am–7 pm,6 am–7 pm,6 am–7 pm,6 am–12 pm,Closed,"https://www.google.com/maps/search/Infusion+centers+in+Socorro+El+Paso+TX/@31.654557,-106.3033145,14z",2025-09-28T23:06:52.161Z,,
https://www.google.com/maps/place/El+Paso+Functional+Medicine+%26+Integrative+Wellness+Clinic+%EF%B8%8F/data=!4m7!3m6!1s0x86e743fd00443b79:0xbd1d3d9d4e379c8b!8m2!3d31.7453303!4d-106.2879348!16s%2Fg%2F11h1w9nkfn!19sChIJeTtEAP1D54YRi5w3Tp09Hb0,El Paso Functional Medicine & Integrative Wellness Clinic ️,4.8,17,Wellness center,"11860 Vista Del Sol Dr Suite 126, El Paso, TX 79936, United States","PPW6+4R El Paso, Texas, USA",https://functionalmedicine.expert/,+1 915-412-6790,Closed ⋅ Opens 8:30 am Mon,https://lh3.googleusercontent.com/p/AF1QipO17dxDuWQpegDcnBrL2Ma4b4hlP5Z3_8rD3e9J=w408-h544-k-no,true,8:30 am–4 pm,8:30 am–7 pm,8:30 am–7 pm,8:30 am–7 pm,8:30 am–7 pm,8:30 am–7 pm,8:30 am–4 pm,"https://www.google.com/maps/search/Infusion+centers+in+Socorro+El+Paso+TX/@31.654557,-106.3033145,14z",2025-09-28T23:06:56.752Z,LGBTQ+ friendly,
https://www.google.com/maps/place/Una+Vida+Restorative+Medicine/data=!4m7!3m6!1s0x86e759a963604c13:0x48da5bb88d31f13c!8m2!3d31.8873562!4d-106.5712516!16s%2Fg%2F11bx51tx06!19sChIJE0xgY6lZ54YRPPExjbhb2kg,Una Vida Restorative Medicine,5.0,9,Medical office,"7470 Cimarron Plz Building 13, Suite 100, El Paso, TX 79911, United States","VCPH+WF El Paso, Texas, USA",http://unavidaelpaso.com/,+1 915-745-5888,Closed ⋅ Opens 9 am Mon,https://lh3.googleusercontent.com/p/AF1QipOwkSefVr9wv5BemEdOLySF-wBHkzTGZGFjXXw5=w408-h306-k-no,true,Closed,9 am–5 pm,9 am–5 pm,9 am–5 pm,9 am–5 pm,9 am–5 pm,Closed,"https://www.google.com/maps/search/Infusion+centers+in+Canutillo+El+Paso+TX/@31.9114925,-106.6002687,14z",2025-09-28T23:07:09.682Z,,
https://www.google.com/maps/place/Project+Vida+-+Canutillo+Northwest+Health+Center/data=!4m7!3m6!1s0x86ddfeef4c655555:0x9b7a857f77d0ef14!8m2!3d31.9133286!4d-106.5948248!16s%2Fg%2F11dxdz6bfb!19sChIJVVVlTO_-3YYRFO_Qd3-Feps,Project Vida - Canutillo Northwest Health Center,5.0,1,Medical clinic,"7000 5th St, Canutillo, TX 79835, United States","WC74+83 Canutillo, Texas, USA",http://pvida.net/,+1 915-243-4022,Closed ⋅ Opens 8 am Thu,https://streetviewpixels-pa.googleapis.com/v1/thumbnail?panoid=Gu8k-Tr95bIn0SqBnt5nyA&cb_client=search.gws-prod.gps&w=408&h=240&yaw=87.1364&pitch=0&thumbfov=100,true,Closed,Closed,Closed,Closed,8 am–5 pm,Closed,Closed,"https://www.google.com/maps/search/Infusion+centers+in+Canutillo+El+Paso+TX/@31.9114925,-106.6002687,14z",2025-09-28T23:07:14.212Z,,
https://www.google.com/maps/place/Rio+Grande+Cancer+Specialists/data=!4m7!3m6!1s0x86ddf85d277b35ab:0x2a8db0d10e56bf97!8m2!3d31.8355623!4d-106.561772!16s%2Fg%2F1wtbvb3z!19sChIJqzV7J1343YYRl79WDtGwjSo,Rio Grande Cancer Specialists,4.0,4,Cancer treatment center,"7420 Remcon Cir A, El Paso, TX 79912, United States","RCPQ+67 El Paso, Texas, USA",https://rgcshope.com/,+1 915-581-6702,,https://streetviewpixels-pa.googleapis.com/v1/thumbnail?panoid=0lvnWV9BUDKW30G078mmsw&cb_client=search.gws-prod.gps&w=408&h=240&yaw=335.3778&pitch=0&thumbfov=100,true,,,,,,,,"https://www.google.com/maps/search/Infusion+centers+in+Canutillo+El+Paso+TX/@31.9114925,-106.6002687,14z",2025-09-28T23:07:16.734Z,,
https://www.google.com/maps/place/Rio+Vista+Behavioral+Health/data=!4m7!3m6!1s0x86ddf97a0e5e003d:0xf370121922855a92!8m2!3d31.8798335!4d-106.5746087!16s%2Fg%2F11hy9pj3b3!19sChIJPQBeDnr53YYRklqFIhkScPM,Rio Vista Behavioral Health,2.6,306,Mental health service,"1390 Northwestern Dr, El Paso, TX 79912, United States","VCHG+W5 El Paso, Texas, USA",https://www.riovistabehavioral.com/?utm_source=Google&utm_medium=organic&utm_campaign=listing&utm_term=brand,+1 915-503-1959,,https://lh3.googleusercontent.com/p/AF1QipN2Ddu1E9HffuQ3g1MF3f959ofmungQxbTyBFqa=w408-h272-k-no,true,Open 24 hours,Open 24 hours,Open 24 hours,Open 24 hours,Open 24 hours,Open 24 hours,Open 24 hours,"https://www.google.com/maps/search/Infusion+centers+in+Canutillo+El+Paso+TX/@31.9114925,-106.6002687,14z",2025-09-28T23:07:21.133Z,,
https://www.google.com/maps/place/Cocoon+Wellness+and+Sports+Recovery/data=!4m7!3m6!1s0x86ddf984121f7693:0x62371eb177e46d63!8m2!3d31.8320751!4d-106.5732288!16s%2Fg%2F11y48j0n6k!19sChIJk3YfEoT53YYRY23kd7EeN2I,Cocoon Wellness and Sports Recovery,5.0,100,Wellness center,"4640 Doniphan Dr Bldg C, El Paso, TX 79922, United States","RCJG+RP El Paso, Texas, USA",https://www.epcocoon.com/,+1 915-307-3745,Closed ⋅ Opens 11 am Mon,https://lh3.googleusercontent.com/p/AF1QipNEvzOet9CEJEn4mjp0eNrBzsX2X9iJCd40Nz8z=w426-h240-k-no,true,11 am–3 pm,11 am–7 pm,11 am–7 pm,11 am–7 pm,11 am–7 pm,11 am–7 pm,11 am–3 pm,"https://www.google.com/maps/search/Infusion+centers+in+Canutillo+El+Paso+TX/@31.9114925,-106.6002687,14z",2025-09-28T23:07:25.660Z,,
https://www.google.com/maps/place/The+Hospitals+of+Providence+Transmountain+Campus/data=!4m7!3m6!1s0x86ddff3c0d75d401:0xb1fb9f544cc88db6!8m2!3d31.9044828!4d-106.5650394!16s%2Fg%2F11c5qmtwp8!19sChIJAdR1DTz_3YYRto3ITFSf-7E,The Hospitals of Providence Transmountain Campus,2.7,475,Hospital,"2000 Woodrow Bean Transmountain Dr, El Paso, TX 79911, United States","WC3M+QX El Paso, Texas, USA",https://www.thehospitalsofprovidence.com/locations/detail/transmountain-campus/?utm_campaign=gmb_listings_mgmt&utm_source=gmb-thop-transmountain-campus&utm_medium=google-local,+1 915-877-8136,Open 24 hours,https://lh3.googleusercontent.com/p/AF1QipNbZY03IYoj9D-L_awLQR1cXuGfcFPjrfYEkXVx=w434-h240-k-no,true,Open 24 hours,Open 24 hours,Open 24 hours,Open 24 hours,Open 24 hours,Open 24 hours,Open 24 hours,"https://www.google.com/maps/search/Infusion+centers+in+Canutillo+El+Paso+TX/@31.9114925,-106.6002687,14z",2025-09-28T23:07:30.084Z,,
https://www.google.com/maps/place/Epicc+Vascular+El+Paso/data=!4m7!3m6!1s0x86ddff8d8d791099:0x5568c23b41b5f3a6!8m2!3d31.9078607!4d-106.5897925!16s%2Fg%2F11ww94psxd!19sChIJmRB5jY3_3YYRpvO1QTvCaFU,Epicc Vascular El Paso,,,Nursing agency,"900 Talbot Ave, Canutillo, TX 79835, United States","WC56+43 Canutillo, Texas, USA",https://epiccelpaso.com/,+1 915-201-4330,Open ⋅ Closes 7 pm,https://streetviewpixels-pa.googleapis.com/v1/thumbnail?panoid=GYMbikRyy-f-WbARfKcV-w&cb_client=search.gws-prod.gps&w=408&h=240&yaw=228.88364&pitch=0&thumbfov=100,true,7 am–7 pm,7 am–7 pm,7 am–7 pm,7 am–7 pm,7 am–7 pm,7 am–7 pm,7 am–7 pm,"https://www.google.com/maps/search/Infusion+centers+in+Canutillo+El+Paso+TX/@31.9114925,-106.6002687,14z",2025-09-28T23:07:34.353Z,,
https://www.google.com/maps/place/The+Hive+Medspa/data=!4m7!3m6!1s0x86ddf93a222e1985:0x4234dde7c3b8d558!8m2!3d31.882483!4d-106.5495223!16s%2Fg%2F11l7l2_vhc!19sChIJhRkuIjr53YYRWNW4w-fdNEI,The Hive Medspa,5.0,71,Medical spa,"6000 Northern Pass Dr Bldg. A, El Paso, TX 79911, United States","VFJ2+X5 El Paso, Texas, USA",http://thehivemedspa.com/,+1 915-455-6655,Closed ⋅ Opens 1 pm Mon,https://lh3.googleusercontent.com/p/AF1QipOBSjh8crBY8ASK1_pCaSxpcxOIx15FneCvR4_Z=w408-h544-k-no,true,Closed,1–7 pm,10 am–5 pm,10 am–5 pm,10 am–5 pm,10 am–5 pm,10 am–5 pm,"https://www.google.com/maps/search/Infusion+centers+in+Canutillo+El+Paso+TX/@31.9114925,-106.6002687,14z",2025-09-28T23:07:38.887Z,,
https://www.google.com/maps/place/DaVita+Canutillo+Dialysis/data=!4m7!3m6!1s0x86ddff38dd742c9b:0xc4c83e0b8c8d2ef4!8m2!3d31.9252529!4d-106.5838699!16s%2Fg%2F11j0yx2dqz!19sChIJmyx03Tj_3YYR9C6NjAs-yMQ,DaVita Canutillo Dialysis,5.0,1,Dialysis center,"7251 S Desert Blvd, Canutillo, TX 79835, United States","WCG8+4F Canutillo, Texas, USA",https://www.davita.com/locations/tx/canutillo/7251-s-desert-blvd--11394,+1 833-433-1231,Closed ⋅ Opens 4 am Mon,https://streetviewpixels-pa.googleapis.com/v1/thumbnail?panoid=Bvvl5T_8cRibQA58C_vQ_w&cb_client=search.gws-prod.gps&w=408&h=240&yaw=268.9607&pitch=0&thumbfov=100,true,Closed,4 am–8 pm,Closed,4 am–8 pm,Closed,4 am–8 pm,Closed,"https://www.google.com/maps/search/Infusion+centers+in+Canutillo+El+Paso+TX/@31.9114925,-106.6002687,14z",2025-09-28T23:07:43.467Z,,
https://www.google.com/maps/place/Amerita+Specialty+Infusion+Services+-+El+Paso/data=!4m7!3m6!1s0x86ddf936247c3757:0x3512606cd0129496!8m2!3d31.8393963!4d-106.564039!16s%2Fg%2F11r3mcwxw8!19sChIJVzd8JDb53YYRlpQS0GxgEjU,Amerita Specialty Infusion Services - El Paso,,,Pharmacy,"7338 Remcon Cir Suite 300, El Paso, TX 79912, United States","RCQP+Q9 El Paso, Texas, USA",https://www.ameritaiv.com/,+1 915-613-5580,"Closed ⋅ Opens 8 am Mon

Confirmed by this business 7 weeks ago",https://lh3.googleusercontent.com/gps-cs-s/AC9h4nq1YZQhu2BJ2p1HC87NPFnEkU9HHPpP6ptdEacYxyW-8ocxk0l8RYscRYWoRhfG0_mldEs2U3E9da5Y_vMTu7WeuxdSXJ9uEpEZlw6K18V7bf356GosvZiy9WUvF8-vkSeZTUbC=w426-h240-k-no,true,Closed,8 am–5 pm,8 am–5 pm,8 am–5 pm,8 am–5 pm,8 am–5 pm,Closed,"https://www.google.com/maps/search/Infusion+centers+in+Canutillo+El+Paso+TX/@31.9114925,-106.6002687,14z",2025-09-28T23:07:47.967Z,,
"https://www.google.com/maps/place/Canutillo+Veterinary+Hospital,+PLLC/data=!4m7!3m6!1s0x86ddff0051e18dcf:0x9841c77252a054a3!8m2!3d31.9156262!4d-106.6061397!16s%2Fg%2F11y3m5hpml!19sChIJz43hUQD_3YYRo1SgUnLHQZg","Canutillo Veterinary Hospital, PLLC",4.9,87,Veterinarian,"7109 Bosque Rd, Canutillo, TX 79835, United States","W98V+7G Canutillo, Texas, USA",http://canutilloveterinaryhospital.com/,+1 915-243-2970,"Closed ⋅ Opens 9 am Mon

Updated by this business 6 weeks ago",https://lh3.googleusercontent.com/gps-cs-s/AC9h4nofc-DD9xsA-6NQ862GM6wdFa17_z2GAJSRCDvcNIff3oGTm7rpLtSlzCoQr-nkd_RBWsXFVJj9HUL_vdm-t2wnkNgNQyGx1d9GtjiSApI54Vmv7c92b5m4b9GTgi22nz3K8RxutQ=w408-h544-k-no,true,Closed,9 am–5 pm,12–5 pm,9 am–5 pm,Closed,2–6 pm,Closed,"https://www.google.com/maps/search/Infusion+centers+in+Canutillo+El+Paso+TX/@31.9114925,-106.6002687,14z",2025-09-28T23:07:52.399Z,,
https://www.google.com/maps/place/Before+%26+After+Laser+Tattoo+Removal/data=!4m7!3m6!1s0x86e75b8d50c3e441:0x1f965f68416185e8!8m2!3d31.9105231!4d-106.5847875!16s%2Fg%2F11f7ctd8wh!19sChIJQeTDUI1b54YR6IVhQWhflh8,Before & After Laser Tattoo Removal,5.0,122,Tattoo removal service,"7049 S Desert Blvd Suite 110A, Canutillo, TX 79835, United States","WC68+63 Canutillo, Texas, USA",https://lasertattgone.com/,+1 915-204-8360,Closed ⋅ Opens 10 am Mon,https://lh3.googleusercontent.com/p/AF1QipNwTFL1PDTqnsfXcYSTr3wCH6fP-BQ4sLg7VwXN=w426-h240-k-no,true,Closed,10 am–5 pm,10 am–5 pm,10 am–5 pm,10 am–5 pm,10 am–6 pm,10 am–4 pm,"https://www.google.com/maps/search/Infusion+centers+in+Canutillo+El+Paso+TX/@31.9114925,-106.6002687,14z",2025-09-28T23:07:56.830Z,LGBTQ+ friendly,
https://www.google.com/maps/place/UMC+-+Fabens+Clinic/data=!4m7!3m6!1s0x86e76d4efcc536f9:0x3fae277583367bf8!8m2!3d31.5127424!4d-106.1667349!16s%2Fg%2F1tgpbqq7!19sChIJ-TbF_E5t54YR-Hs2g3Unrj8,UMC - Fabens Clinic,2.6,48,Medical clinic,"101 Potasio, Fabens, TX 79838, United States","GR7M+38 Fabens, Texas, USA",https://www.umcelpaso.org/medical-services/department/outpatient-clinics,+1 915-790-5700,Closed ⋅ Opens 7:30 am Mon,https://lh3.googleusercontent.com/p/AF1QipOdcXxfIm2e3ujIVrdCr-744HFxe9llCfJc-WfT=w408-h244-k-no,true,Closed,7:30 am–6 pm,7:30 am–6 pm,7:30 am–6 pm,7:30 am–6 pm,7:30 am–6 pm,Closed,"https://www.google.com/maps/search/Infusion+centers+in+Fabens+El+Paso+TX/@31.50234,-106.1585867,14z",2025-09-28T23:08:09.009Z,,
https://www.google.com/maps/place/Clint+Pediatrics/data=!4m7!3m6!1s0x86e76bf3b9b0caff:0xac7702ce5ad08d8e!8m2!3d31.5859282!4d-106.2329086!16s%2Fg%2F11c3_mj6mx!19sChIJ_8qwufNr54YRjo3QWs4Cd6w,Clint Pediatrics,3.9,62,Pediatrician,"100 S San Elizario Rd STE H, Clint, TX 79836, United States","HQP8+9R Clint, Texas, USA",,+1 915-209-3722,Closed ⋅ Opens 9 am Mon,https://lh3.googleusercontent.com/p/AF1QipMz6TXbzb-9Kcq921HcnJ8rhiibycZLpnbKontJ=w426-h240-k-no,true,Closed,9 am–5 pm,9 am–5 pm,9 am–5 pm,9 am–5 pm,9 am–5 pm,9 am–3 pm,"https://www.google.com/maps/search/Infusion+centers+in+Clint+El+Paso+TX/@31.592337,-106.2241449,14z",2025-09-28T23:08:21.910Z,,
https://www.google.com/maps/place/Lower+Valley+Water+District/data=!4m7!3m6!1s0x86e76b76c8af2e51:0xb1a75ca685529974!8m2!3d31.597746!4d-106.1999631!16s%2Fg%2F1tk6_z20!19sChIJUS6vyHZr54YRdJlShaZcp7E,Lower Valley Water District,1.5,147,Water utility company,"1557 FM1110, Clint, TX 79836, United States","HRX2+32 Clint, Texas, USA",https://www.lvwd.org/,+1 915-791-4480,Closed ⋅ Opens 8 am Mon,https://lh3.googleusercontent.com/p/AF1QipOqVP7A0W3JEYns-P7UlU0niv22hbYqtDoqS5V6=w408-h306-k-no,true,Closed,8 am–5 pm,8 am–5 pm,8 am–5 pm,8 am–5 pm,8 am–5 pm,Closed,"https://www.google.com/maps/search/Infusion+centers+in+Clint+El+Paso+TX/@31.592337,-106.2241449,14z",2025-09-28T23:08:26.386Z,,
https://www.google.com/maps/place/Texas+Oncology-El+Paso+Cancer+Treatment+Center+Joe+Battle/data=!4m7!3m6!1s0x86e74431f66079e7:0x8991b5b75ce6c8da!8m2!3d31.7894445!4d-106.2649693!16s%2Fg%2F1tfwkt6f!19sChIJ53lg9jFE54YR2sjmXLe1kYk,Texas Oncology-El Paso Cancer Treatment Center Joe Battle,2.8,27,Cancer treatment center,"3270 Joe Battle Blvd Suite 312, El Paso, TX 79938, United States","QPQP+Q2 El Paso, Texas, USA",https://www.texasoncology.com/cancer-centers/el-paso/el-paso-joe-battle/medical-oncology,+1 915-849-2700,Closed ⋅ Opens 8 am Mon,https://streetviewpixels-pa.googleapis.com/v1/thumbnail?panoid=t9blXHiOpyhgPSIUJpPq-A&cb_client=search.gws-prod.gps&w=408&h=240&yaw=84.10241&pitch=0&thumbfov=100,true,Closed,8 am–5 pm,8 am–5 pm,8 am–5 pm,8 am–5 pm,8 am–5 pm,Closed,"https://www.google.com/maps/search/Infusion+centers+in+Clint+El+Paso+TX/@31.592337,-106.2241449,14z",2025-09-28T23:08:30.941Z,,
https://www.google.com/maps/place/United+States+Postal+Service/data=!4m7!3m6!1s0x86e76bf21362513f:0x5260319af75b2c32!8m2!3d31.5884999!4d-106.2332171!16s%2Fg%2F1ptznft82!19sChIJP1FiE_Jr54YRMixb95oxYFI,United States Postal Service,1.9,95,Post office,"13001 Alameda Ave, Clint, TX 79836, United States","HQQ8+9P Clint, Texas, USA",https://tools.usps.com/find-location.htm?location=1358392&utm_source=google-my-business-url&utm_medium=search&utm_campaign=yext,+1 800-275-8777,"Closed ⋅ Opens 8 am Mon

Confirmed by this business 3 weeks ago",https://lh3.googleusercontent.com/gps-cs-s/AC9h4nr6BC-r7TLt7naWG-7uCaTRM-k-hNHI0wXle4JoOPUvjuGB1VPYEaa-msICZlmmxwOqCic2t8RdC8wuzF4m7hp5sJfyDgxybtzhAaH12TYoKJlXwis2MV4qA9Ht50HrqYXQK1yC=w408-h273-k-no,true,Closed,8 am–4:30 pm,8 am–4:30 pm,8 am–4:30 pm,8 am–4:30 pm,8 am–4:30 pm,8–11 am,"https://www.google.com/maps/search/Infusion+centers+in+Clint+El+Paso+TX/@31.592337,-106.2241449,14z",2025-09-28T23:08:35.314Z,,
https://www.google.com/maps/place/Centro+De+Salud+Familiar+La+Fe/data=!4m7!3m6!1s0x86e76945d3d866d9:0xb3846e638e01a324!8m2!3d31.5966092!4d-106.2733349!16s%2Fg%2F1vbnpvz_!19sChIJ2WbY00Vp54YRJKMBjmNuhLM,Centro De Salud Familiar La Fe,2.2,25,Medical clinic,"12101 Socorro Rd, San Elizario, TX 79849, United States","HPWG+JM San Elizario, Texas, USA",https://lafe-ep.org/san-elizario-clinic/,+1 915-851-5519,Closed ⋅ Opens 8 am Mon,https://lh3.googleusercontent.com/gps-cs-s/AC9h4nqVRKXrGBW11S1KW4jw5Sp_vNjnUsjFZtBaxKjMSB8MqLdNYKPDTJHekZ14ki-QTMaSae8iWmPXo_VgmvAvmQcNojCozlesoZTRqFgC8-exAx3QcGiscltnbUnosCDTJuFwgpZo=w408-h725-k-no,false,Closed,8 am–5 pm,8 am–5 pm,8 am–5 pm,8 am–5 pm,8 am–5 pm,Closed,"https://www.google.com/maps/search/Infusion+centers+in+San+Elizario+El+Paso+TX/@31.5851146,-106.2727573,14z",2025-09-28T23:08:47.790Z,,
,,,,,,,,,,,,,,,,,,,"https://www.google.com/maps/search/Infusion+centers+in+Anthony+El+Paso+TX/@31.9992676,-106.6055478,14z",2025-09-28T23:08:55.551Z,,No new results found
"https://www.google.com/maps/place/El+Paso+Vinton+Diagnostic,+P.A./data=!4m7!3m6!1s0x86ddfe3e7f27d2ad:0x779fa9db3354610c!8m2!3d31.9560766!4d-106.6029648!16s%2Fg%2F1tg4x8sm!19sChIJrdInfz7-3YYRDGFUM9upn3c","El Paso Vinton Diagnostic, P.A.",4.4,19,Radiologist,"7930 Doniphan Dr, Vinton, TX 79821, United States","X94W+CR Vinton, Texas, USA",,+1 915-886-4488,Closed ⋅ Opens 8 am Mon,https://lh3.googleusercontent.com/gps-cs-s/AC9h4nqLI4yzd5el_8AplbeHjJyNjUnlFERyfozBxXONYDOSCd-COcvatp9AQymjr2kOg3bZ7um97_KGudB4GkVl7d57sXgzy9-eTzrBWdIJDVt9XfMepCKSfPbQvht2TYR6RHlmoJQ4gA=w426-h240-k-no,true,Closed,8 am–4 pm,8 am–4 pm,8 am–4 pm,8 am–4 pm,8 am–4 pm,Closed,"https://www.google.com/maps/search/Infusion+centers+in+Vinton+El+Paso+TX/@31.9512135,-106.6024915,14z",2025-09-28T23:09:08.463Z,,
https://www.google.com/maps/place/Vitamind+Therapy/data=!4m7!3m6!1s0x86ddf953a3c89e3b:0xeea828fa92ea81!8m2!3d31.856229!4d-106.541395!16s%2Fg%2F11r9frk6lp!19sChIJO57Io1P53YYRgeqS-iio7gA,Vitamind Therapy,,,Medical Center,"7100 Westwind Dr Suite 300 C, El Paso, TX 79912, United States","VF45+FC El Paso, Texas, USA",http://www.vitamind-therapy.com/location/2311-n-mesa-el-paso,+1 915-808-0006,,https://streetviewpixels-pa.googleapis.com/v1/thumbnail?panoid=s-VfUdKNPlaKMMiZdFQWBA&cb_client=search.gws-prod.gps&w=408&h=240&yaw=91.44544&pitch=0&thumbfov=100,true,,,,,,,,"https://www.google.com/maps/search/Infusion+centers+in+Vinton+El+Paso+TX/@31.9512135,-106.6024915,14z",2025-09-28T23:09:10.994Z,,
https://www.google.com/maps/place/CBMC+Cancer+Center/data=!4m7!3m6!1s0x86ddf980ffc624e1:0x6fcd770f1c889f1e!8m2!3d31.8410677!4d-106.5676606!16s%2Fg%2F11s8xj2_8t!19sChIJ4STG_4D53YYRHp-IHA93zW8,CBMC Cancer Center,4.4,7,Cancer treatment center,"211 Bartlett Dr STE 102, El Paso, TX 79912, United States","RCRJ+CW El Paso, Texas, USA",http://www.nmcbmc.com/,+1 915-745-8633,Closed ⋅ Opens 8:30 am Mon,https://streetviewpixels-pa.googleapis.com/v1/thumbnail?panoid=NfcrYtaXI1kBohtZ6GaTRw&cb_client=search.gws-prod.gps&w=408&h=240&yaw=179.73424&pitch=0&thumbfov=100,true,Closed,8:30 am–5 pm,8:30 am–5 pm,8:30 am–5 pm,8:30 am–5 pm,8:30 am–5 pm,Closed,"https://www.google.com/maps/search/Infusion+centers+in+Vinton+El+Paso+TX/@31.9512135,-106.6024915,14z",2025-09-28T23:09:15.307Z,,
https://www.google.com/maps/place/Oasis+Special+Events+Center/data=!4m7!3m6!1s0x86ddfe3c92cb0217:0x44d8776fefdf5707!8m2!3d31.9600524!4d-106.60118!16s%2Fg%2F11c1pcgn2d!19sChIJFwLLkjz-3YYRB1ff72932EQ,Oasis Special Events Center,3.9,81,Event venue,"141 Vinton Rd, Anthony, TX 79821, United States","X96X+2G Anthony, Texas, USA",https://oasisspecialeventscenter.com/,+1 915-886-3808,Closed ⋅ Opens 5 pm Mon,https://lh3.googleusercontent.com/gps-cs-s/AC9h4no95vo2ACthWq6M7G4-9NdU789lsFV3wNFlXH1BEbo6VVG3JMNJ0JaXguqHho736yixc5NhDlL6vohqqNHXmBJ3gBoV_cYXkEkEBqzeqOUsz4MiySd8I3rUAksvuxY2XPtYBsNHdg=w426-h240-k-no,true,Closed,5–8 pm,5–8 pm,5–8 pm,5–8 pm,5–8 pm,2–11:30 pm,"https://www.google.com/maps/search/Infusion+centers+in+Vinton+El+Paso+TX/@31.9512135,-106.6024915,14z",2025-09-28T23:09:19.690Z,,
"https://www.google.com/maps/place/Dr.+Heramb+K.+Singh,+MD/data=!4m7!3m6!1s0x86ddfe3e7f27d2ad:0xee95713e131b23d4!8m2!3d31.956095!4d-106.602926!16s%2Fg%2F1tdnxbpz!19sChIJrdInfz7-3YYR1CMbEz5xle4","Dr. Heramb K. Singh, MD",3.0,4,Radiologist,"7930 Doniphan Dr, Vinton, TX 79821, United States","X94W+CR Vinton, Texas, USA",,+1 915-790-1155,,https://streetviewpixels-pa.googleapis.com/v1/thumbnail?panoid=tzxNIhGahelZ_zJYJFEHUA&cb_client=search.gws-prod.gps&w=408&h=240&yaw=111.50849&pitch=0&thumbfov=100,false,,,,,,,,"https://www.google.com/maps/search/Infusion+centers+in+Vinton+El+Paso+TX/@31.9512135,-106.6024915,14z",2025-09-28T23:09:22.079Z,,
https://www.google.com/maps/place/RGU+Cancer+Center+-+Gynecology+Oncology/data=!4m7!3m6!1s0x86ddf85cce14ca15:0x43eaae8b3dbd598e!8m2!3d31.834869!4d-106.562188!16s%2Fg%2F11c0rnz7h0!19sChIJFcoUzlz43YYRjlm9PYuu6kM,RGU Cancer Center - Gynecology Oncology,4.9,58,Cancer treatment center,"7420 Remcon Cir C, El Paso, TX 79912, United States","RCMQ+W4 El Paso, Texas, USA",http://rgu.us.com/,+1 915-532-8823,Closed ⋅ Opens 8 am Mon,https://lh3.googleusercontent.com/p/AF1QipOYEt68j9ENV3spCtZNhX1ufsOqU0KKLJB3_Smg=w408-h272-k-no,true,Closed,8 am–5 pm,8 am–5 pm,8 am–5 pm,8 am–5 pm,8 am–5 pm,Closed,"https://www.google.com/maps/search/Infusion+centers+in+Vinton+El+Paso+TX/@31.9512135,-106.6024915,14z",2025-09-28T23:09:26.427Z,,
"https://www.google.com/maps/place/University+Medical+Center+of+El+Paso+-+West+Rehabilitation/@31.8936902,-106.5810546,17z/data=!3m1!4b1!4m6!3m5!1s0x86ddff8d8c08e267:0x9a9928ba82bd26a6!8m2!3d31.8936902!4d-106.5810546!16s%2Fg%2F11jjszd6qq",University Medical Center of El Paso - West Rehabilitation,5.0,6,Medical Center,"6600 N Desert Blvd, El Paso, TX 79912, United States","VCV9+FH El Paso, Texas, USA",https://www.umcelpaso.org/medical-services/department/rehabilitation,+1 915-790-5700,Closed ⋅ Opens 8 am Mon,,true,Closed,8 am–6 pm,8 am–6 pm,8 am–6 pm,8 am–6 pm,8 am–6 pm,Closed,"https://www.google.com/maps/search/Infusion+centers+in+Vinton+El+Paso+TX/@31.9512135,-106.6024915,14z",2025-09-28T23:09:32.753Z,,
https://www.google.com/maps/place/Cancer+Treatment+Institute/data=!4m7!3m6!1s0x86ddf8573bc3a45b:0x1f2d7209bfbd558e!8m2!3d31.8390922!4d-106.5719839!16s%2Fg%2F1vg_d98l!19sChIJW6TDO1f43YYRjlW9vwlyLR8,Cancer Treatment Institute,,,Cancer treatment center,"7825 N Mesa St, El Paso, TX 79932, United States","RCQH+J6 El Paso, Texas, USA",,,Closed ⋅ Opens 8 am Mon,https://lh3.googleusercontent.com/gps-cs-s/AC9h4noJqWavVH_Id5tlSFFkQWbRPPwzK63NIc5uL28PcRGL2LJai4HbWf8MRdIWhntl0vyTGwbOPdHVOUgyb0U-zLD2uGIE1XI9VFkwQrFj2FjjdLdyVXU1-rf0qksbc_ueStOAxumUdg=w426-h240-k-no,false,Closed,8 am–5 pm,8 am–5 pm,8 am–5 pm,8 am–5 pm,8 am–5 pm,Closed,"https://www.google.com/maps/search/Infusion+centers+in+Vinton+El+Paso+TX/@31.9512135,-106.6024915,14z",2025-09-28T23:09:37.328Z,,
"https://www.google.com/maps/place/Sunrise+Infusion/@31.4453978,-106.0883071,14z/data=!4m6!3m5!1s0x86e743eb642dd5f9:0x1184715081fef08a!8m2!3d31.7332513!4d-106.3023029!16s%2Fg%2F11v5vl3l2s",Sunrise Infusion,4.5,30,Medical clinic,"1397 George Dieter Dr Ste E, El Paso, TX 79936, United States","PMMX+83 El Paso, Texas, USA",https://sunriseinfusionrx.com/,+1 915-200-3825,"Closed ⋅ Opens 9 am Mon

Updated by others 5 weeks ago",https://lh3.googleusercontent.com/p/AF1QipMNYBuFjNOlPTzmhpFiX3_cdjJfEzy6ETnMP3MF=w408-h882-k-no,true,Closed,9 am–5 pm,9 am–5 pm,9 am–5 pm,9 am–5 pm,9 am–5 pm,9 am–12 pm,"https://www.google.com/maps/search/Infusion+centers+in+Tornillo+El+Paso+TX/@31.4453978,-106.0883071,14z",2025-09-28T23:09:45.283Z,,Already found