placeUrl,title,rating,reviewCount,category,address,plusCode,website,phoneNumber,currentStatus,imgUrl,isClaimed,friday,saturday,sunday,monday,tuesday,wednesday,thursday,query,timestamp,info,error,attributes,isBlackOwned
https://www.google.com/maps/place/Precision+Garage+Door+Service+of+Bakersfield/data=!4m7!3m6!1s0x80ea4272e0133b1f:0x8b96c0ce0986d0c3!8m2!3d35.4345884!4d-119.0678064!16s%2Fg%2F11c1wtnrkb!19sChIJHzsT4HJC6oARw9CGCc7Alos,Precision Garage Door Service of Bakersfield,4.9,1412,Garage door supplier,"2130 Saturn Ct, Bakersfield, CA 93308, United States","CWMJ+RV Bakersfield, California, USA",https://precisiondoorbakersfield.com/?utm_source=gmb&utm_medium=location_bakersfield&utm_campaign=website,+1 661-249-9560,Open ⋅ Closes 11 pm,https://lh3.googleusercontent.com/p/AF1QipN94pfBkpcJ7ZIJIk3BmYUjhBG8ygTSXGSmajjb=w408-h271-k-no,true,5 am–11 pm,5 am–11 pm,5 am–11 pm,5 am–11 pm,5 am–11 pm,5 am–11 pm,5 am–11 pm,"https://www.google.com/maps/search/garage+door+services+in+Bakersfield+Bakersfield+CA/@35.3735112,-119.0204707,14z",2025-11-07T22:44:30.244Z,,,,
https://www.google.com/maps/place/Joe%E2%80%99s+Garage+doors/data=!4m7!3m6!1s0x80ea6a7cb2c0b249:0xd2b69d47ac1141cc!8m2!3d35.331803!4d-119.034424!16s%2Fg%2F11hbp5hs8h!19sChIJSbLAsnxq6oARzEERrEedttI,Joe’s Garage doors,5.0,107,Garage door supplier,"2507 Blackstone Ct, Bakersfield, CA 93304, United States","8XJ8+P6 Bakersfield, California, USA",http://joegaragedoors.com/,+1 661-549-1922,Open ⋅ Closes 12 am,https://lh3.googleusercontent.com/gps-cs-s/AG0ilSxoY0kdBABsffgkFHnPpNwL3Qx_aQJ5rPwOkv-TevtyLMdH6RylERipgsr303wFItR7Yx7yPk2c3BWnpj7QeuWkxgkZW3byQz5DeV9F65rLBZlhrYy4DFmxlXLISxu9J8ZUdOab=w408-h306-k-no,true,Open 24 hours,7 am–12 pm,Closed,7 am–5 pm,Open 24 hours,Open 24 hours,Open 24 hours,"https://www.google.com/maps/search/garage+door+services+in+Bakersfield+Bakersfield+CA/@35.3735112,-119.0204707,14z",2025-11-07T22:44:35.912Z,,,,
https://www.google.com/maps/place/Anytime+Garage+Door+Service/data=!4m7!3m6!1s0x80ea6ac5d5790645:0x1ed961fa44b8d8f!8m2!3d35.3944296!4d-119.0965941!16s%2Fg%2F1tggb8nd!19sChIJRQZ51cVq6oARj41LpB-W7QE,Anytime Garage Door Service,4.2,33,Garage door supplier,,,http://anytimedoorrepair.com/,+1 661-699-0565,Open ⋅ Closes 9 pm,https://lh3.googleusercontent.com/p/AF1QipNqLEeP614SDtwKNIG_jQeaqhgf1r8Iu43LSvL6=w426-h240-k-no,true,7 am–9 pm,7 am–9 pm,7 am–9 pm,7 am–9 pm,7 am–9 pm,7 am–9 pm,7 am–9 pm,"https://www.google.com/maps/search/garage+door+services+in+Bakersfield+Bakersfield+CA/@35.3735112,-119.0204707,14z",2025-11-07T22:44:41.342Z,,,,
"https://www.google.com/maps/place/King+Door+Co.,+Inc./data=!4m7!3m6!1s0x80ea40531b95e461:0xffad7b9b91013b9c!8m2!3d35.3140065!4d-119.0841097!16s%2Fg%2F11clyfsk0j!19sChIJYeSVG1NA6oARnDsBkZt7rf8","King Door Co., Inc.",4.9,382,Garage door supplier,"7450 District Blvd, Bakersfield, CA 93313, United States","8W78+J9 Bakersfield, California, USA",https://kingdoor.com/?utm_source=google&utm_medium=organic&utm_campaign=gbp,+1 661-399-2312,Open 24 hours,https://lh3.googleusercontent.com/p/AF1QipOrVYggOTY7GzdyQIZHZp-fOgwz2jylcwa6vffk=w408-h306-k-no,true,Open 24 hours,Open 24 hours,Open 24 hours,Open 24 hours,Open 24 hours,Open 24 hours,Open 24 hours,"https://www.google.com/maps/search/garage+door+services+in+Bakersfield+Bakersfield+CA/@35.3735112,-119.0204707,14z",2025-11-07T22:44:46.202Z,,,,
https://www.google.com/maps/place/Local+Garage+Door+Service+Inc/data=!4m7!3m6!1s0xaa341a9ec6a385f3:0xb70f5865382498cb!8m2!3d35.440986!4d-118.803595!16s%2Fg%2F11wp_zbyj1!19sChIJ84Wjxp4aNKoRy5gkOGVYD7c,Local Garage Door Service Inc,4.7,72,Garage door supplier,,,https://www.localgaragedoorsexpert.com/,+1 661-398-6989,Open 24 hours,https://lh3.googleusercontent.com/p/AF1QipMPn_ebOiAroKMjN7uuzWOYZrqxM5YKWElEj6tA=w408-h544-k-no,true,Open 24 hours,Open 24 hours,Open 24 hours,Open 24 hours,Open 24 hours,Open 24 hours,Open 24 hours,"https://www.google.com/maps/search/garage+door+services+in+Bakersfield+Bakersfield+CA/@35.3735112,-119.0204707,14z",2025-11-07T22:44:51.159Z,,,,
https://www.google.com/maps/place/A%26A+GarageDoor/data=!4m7!3m6!1s0x80ea6d3279e4d4db:0x9794fa8e8a528907!8m2!3d35.3889381!4d-118.8804787!16s%2Fg%2F11j_r5nrrx!19sChIJ29TkeTJt6oARB4lSio76lJc,A&A GarageDoor,5.0,123,Garage door supplier,"11105 Philip Pl, Bakersfield, CA 93306, United States","94Q9+HR Bakersfield, California, USA",,+1 661-380-6299,Open ⋅ Closes 5 pm,https://lh3.googleusercontent.com/p/AF1QipMaxOmIjQzwXYq2W-y98sUbA2XL-0cviRo9o3YK=w426-h240-k-no,true,7 am–5 pm,7 am–5 pm,Closed,7 am–5 pm,7 am–5 pm,7 am–5 pm,7 am–5 pm,"https://www.google.com/maps/search/garage+door+services+in+Bakersfield+Bakersfield+CA/@35.3735112,-119.0204707,14z",2025-11-07T22:44:56.392Z,,,,
https://www.google.com/maps/place/J.O.S+Overhead+Door/data=!4m7!3m6!1s0x80ea6bedcbdbbbc7:0xd1b490ca0b52c9f7!8m2!3d35.3772619!4d-118.9948439!16s%2Fg%2F11kzx_cm_3!19sChIJx7vby-1r6oAR98lSC8qQtNE,J.O.S Overhead Door,5.0,6,Garage door supplier,"531 Sumner St Unit B, Bakersfield, CA 93305, United States","92G4+W3 Bakersfield, California, USA",,+1 661-549-0034,Open ⋅ Closes 4:30 pm,https://lh3.googleusercontent.com/p/AF1QipPtLVXpDjSX4cDa5mQz_6wnHOWHK630QPFw4hbe=w429-h240-k-no,true,8 am–4:30 pm,8 am–4:30 pm,Closed,8 am–4:30 pm,8 am–4:30 pm,8 am–4:30 pm,8 am–4:30 pm,"https://www.google.com/maps/search/garage+door+services+in+Bakersfield+Bakersfield+CA/@35.3735112,-119.0204707,14z",2025-11-07T22:45:01.838Z,,,,
https://www.google.com/maps/place/Doormaster+Sales/data=!4m7!3m6!1s0x80ea6a5c19b38425:0x7045713277f0e9fa!8m2!3d35.3372899!4d-119.0179547!16s%2Fg%2F1tcy4mf6!19sChIJJYSzGVxq6oAR-unwdzJxRXA,Doormaster Sales,5.0,21,Garage door supplier,"1901 S Chester Ave, Bakersfield, CA 93304, United States","8XPJ+WR Bakersfield, California, USA",http://www.doormasterkern.com/,+1 661-831-6299,Open 24 hours,https://lh3.googleusercontent.com/p/AF1QipO4laYDMzL53dAvIvYLTD6OTFRxh-N8Wp6x3JzY=w408-h261-k-no,true,Open 24 hours,Open 24 hours,Open 24 hours,Open 24 hours,Open 24 hours,Open 24 hours,Open 24 hours,"https://www.google.com/maps/search/garage+door+services+in+Bakersfield+Bakersfield+CA/@35.3735112,-119.0204707,14z",2025-11-07T22:45:07.215Z,Identifies as women-owned,,,
https://www.google.com/maps/place/Bakersfield+Garage+Door/data=!4m7!3m6!1s0x848179b0492b323b:0x4a164a6dfe4a24a0!8m2!3d35.2935235!4d-118.905443!16s%2Fg%2F11vqn8bmm3!19sChIJOzIrSbB5gYQRoCRK_m1KFko,Bakersfield Garage Door,5.0,132,Garage door supplier,,,https://www.bakersfieldgaragedoor.com/,+1 661-243-3400,Open ⋅ Closes 5 pm,https://lh3.googleusercontent.com/p/AF1QipPLLcLCyuK4LLiM_aGCXyV-kMomI-CeSljyH65M=w408-h408-k-no,true,8 am–5 pm,8 am–5 pm,Closed,8 am–5 pm,8 am–5 pm,8 am–5 pm,8 am–5 pm,"https://www.google.com/maps/search/garage+door+services+in+Bakersfield+Bakersfield+CA/@35.3735112,-119.0204707,14z",2025-11-07T22:45:12.470Z,,,,
https://www.google.com/maps/place/Guzman+Garage+Door+Repair/data=!4m7!3m6!1s0x80ea3f63785356f7:0x57219e36faa41338!8m2!3d35.767312!4d-118.7769775!16s%2Fg%2F11mnhbf6xd!19sChIJ91ZTeGM_6oAROBOk-jaeIVc,Guzman Garage Door Repair,5.0,77,Door supplier,,,,+1 661-586-4721,Open ⋅ Closes 11 pm,https://lh3.googleusercontent.com/p/AF1QipOSP96TdHPc0Q_i4_3MEVSZPL3OZmxfuiqyYtpE=w408-h306-k-no,true,6:30 am–11 pm,8 am–10 pm,6:30 am–11 pm,6:30 am–11 pm,6:30 am–11 pm,6:30 am–11 pm,6:30 am–11 pm,"https://www.google.com/maps/search/garage+door+services+in+Bakersfield+Bakersfield+CA/@35.3735112,-119.0204707,14z",2025-11-07T22:45:17.788Z,,,,
https://www.google.com/maps/place/Discount+Door+Repair/data=!4m7!3m6!1s0x80ea43fe1bcb4689:0xb0a7f7ac5eb77ac6!8m2!3d35.2935235!4d-118.905443!16s%2Fg%2F11nn2tkzg7!19sChIJiUbLG_5D6oARxnq3Xqz3p7A,Discount Door Repair,5.0,15,Door supplier,,,,+1 661-706-4282,Open ⋅ Closes 5 pm,https://lh3.googleusercontent.com/p/AF1QipN6-XM2j0DxQlm8cS9UBp55g5HpxG9YAeLesC9D=w408-h306-k-no,true,7 am–5 pm,7 am–5 pm,7 am–5 pm,7 am–5 pm,7 am–5 pm,7 am–5 pm,7 am–5 pm,"https://www.google.com/maps/search/garage+door+services+in+Bakersfield+Bakersfield+CA/@35.3735112,-119.0204707,14z",2025-11-07T22:45:23.294Z,,,,
https://www.google.com/maps/place/Premier+Overhead+Door+%26+Gates/data=!4m7!3m6!1s0x2ae08a364258455:0x6cbcd568d26b1f53!8m2!3d35.4780816!4d-119.413731!16s%2Fg%2F11l32_0w5h!19sChIJVYQlZKMIrgIRUx9r0mjVvGw,Premier Overhead Door & Gates,5.0,2,Garage door supplier,,,http://commercialrollupdoorsbakersfield.com/,+1 661-203-3746,Open ⋅ Closes 5 pm,https://lh3.googleusercontent.com/p/AF1QipN6jRDlOXyT09v2WEZyl-u_rv22WOMMwKkk8c79=w426-h240-k-no,true,8 am–5 pm,Closed,Closed,8 am–5 pm,8 am–5 pm,8 am–5 pm,8 am–5 pm,"https://www.google.com/maps/search/garage+door+services+in+Bakersfield+Bakersfield+CA/@35.3735112,-119.0204707,14z",2025-11-07T22:45:28.576Z,,,,
"https://www.google.com/maps/place/Haro+Garage+Doors,+Inc/data=!4m7!3m6!1s0x80ea681a50a2714f:0x170ea352eff92bb5!8m2!3d35.2935235!4d-118.905443!16s%2Fg%2F11hbbs09jf!19sChIJT3GiUBpo6oARtSv571KjDhc","Haro Garage Doors, Inc",4.8,26,Garage door supplier,,,,+1 661-381-1392,Open ⋅ Closes 5 pm,https://lh3.googleusercontent.com/p/AF1QipMJLItuyAnfDm42IZEOufleM7x04LpLEWHsKKnc=w408-h306-k-no,true,8 am–5 pm,Closed,Closed,8 am–5 pm,8 am–5 pm,8 am–5 pm,8 am–5 pm,"https://www.google.com/maps/search/garage+door+services+in+Bakersfield+Bakersfield+CA/@35.3735112,-119.0204707,14z",2025-11-07T22:45:33.395Z,,,,
https://www.google.com/maps/place/Kern+Door+Company/data=!4m7!3m6!1s0x80ea404d56054a3f:0x1e82a2f25db188b8!8m2!3d35.4470659!4d-119.0848607!16s%2Fg%2F1tf7g_07!19sChIJP0oFVk1A6oARuIixXfKigh4,Kern Door Company,4.1,16,Garage door supplier,"34779 Lencioni Ave, Bakersfield, CA 93308, United States","CWW8+R3 Bakersfield, California, USA",https://kerndoor.com/?utm_source=google&utm_medium=organic&utm_campaign=listings,+1 661-393-3304,Open ⋅ Closes 5 pm,https://lh3.googleusercontent.com/p/AF1QipNK53WVEvD1pXIFOY1FOpUTazJXoWd_4uBsKZE8=w408-h271-k-no,true,8 am–5 pm,Closed,Closed,8 am–5 pm,8 am–5 pm,8 am–5 pm,8 am–5 pm,"https://www.google.com/maps/search/garage+door+services+in+Bakersfield+Bakersfield+CA/@35.3735112,-119.0204707,14z",2025-11-07T22:45:38.601Z,,,,
https://www.google.com/maps/place/Supreme+Garage+Doors+%26+Gates/data=!4m7!3m6!1s0x80ea41316f81a679:0xda47edc3b46600a9!8m2!3d35.320977!4d-119.0189876!16s%2Fg%2F11lh6dg808!19sChIJeaaBbzFB6oARqQBmtMPtR9o,Supreme Garage Doors & Gates,4.1,9,Garage door supplier,,,https://www.garagedoorsexpert247.com/,+1 661-636-6664,Open 24 hours,https://lh3.googleusercontent.com/p/AF1QipMp7QS4pXUtiMuESDzKAM9Ve7AxvO5s5Fb1dWWJ=w408-h326-k-no,true,Open 24 hours,Open 24 hours,Open 24 hours,Open 24 hours,Open 24 hours,Open 24 hours,Open 24 hours,"https://www.google.com/maps/search/garage+door+services+in+Bakersfield+Bakersfield+CA/@35.3735112,-119.0204707,14z",2025-11-07T22:45:43.842Z,,,,
https://www.google.com/maps/place/Vortex+Doors/data=!4m7!3m6!1s0x80ea42c9f8f00001:0x1f3bf3e0d3de1352!8m2!3d35.4336385!4d-119.0697659!16s%2Fg%2F11fnypkq1_!19sChIJAQDw-MlC6oARUhPe0-DzOx8,Vortex Doors,5.0,17,Garage door supplier,"2246 Orpheus Ct, Bakersfield, CA 93308, United States","CWMJ+F3 Bakersfield, California, USA",http://www.vortexdoors.com/service-centers/california/bakersfield-ca,+1 661-665-4600,Open 24 hours,https://streetviewpixels-pa.googleapis.com/v1/thumbnail?panoid=3HIsiMTuhPTngiYBw1LuUg&cb_client=search.gws-prod.gps&w=408&h=240&yaw=351.86624&pitch=0&thumbfov=100,true,Open 24 hours,Open 24 hours,Open 24 hours,Open 24 hours,Open 24 hours,Open 24 hours,Open 24 hours,"https://www.google.com/maps/search/garage+door+services+in+Bakersfield+Bakersfield+CA/@35.3735112,-119.0204707,14z",2025-11-07T22:45:48.992Z,,,,
"https://www.google.com/maps/place/ACB+Garage+Door+Repair/@35.320977,-119.0189876,11z/data=!3m1!4b1!4m6!3m5!1s0x406c90bd9cee0f7:0x267a6488aff9f128!8m2!3d35.320977!4d-119.0189876!16s%2Fg%2F11whntt669",ACB Garage Door Repair,4.9,28,Garage door supplier,,,,+1 661-407-2540,Open ⋅ Closes 10 pm,,true,7 am–10 pm,7 am–10 pm,7 am–10 pm,7 am–10 pm,7 am–10 pm,7 am–10 pm,7 am–10 pm,"https://www.google.com/maps/search/garage+door+services+in+Bakersfield+Bakersfield+CA/@35.3735112,-119.0204707,14z",2025-11-07T22:45:55.712Z,,,,
https://www.google.com/maps/place/Overhead+Door+Company+of+Bakersfield-Commercial/data=!4m7!3m6!1s0x80ea429f2aaa9795:0x6227fd34b29d63c!8m2!3d35.4209082!4d-119.0519527!16s%2Fg%2F1hc3d20wv!19sChIJlZeqKp9C6oARPNYpS9N_IgY,Overhead Door Company of Bakersfield-Commercial,,,Garage door supplier,"1525 Melody Ln suite a, Bakersfield, CA 93308, United States","CWCX+96 Bakersfield, California, USA",http://www.overheaddoor.com/,+1 661-399-9371,Open ⋅ Closes 4:30 pm,https://streetviewpixels-pa.googleapis.com/v1/thumbnail?panoid=4fzqmusL_9BG4rJaHTTW1g&cb_client=search.gws-prod.gps&w=408&h=240&yaw=272.3672&pitch=0&thumbfov=100,true,8:30 am–4:30 pm,Closed,Closed,8:30 am–4:30 pm,8:30 am–4:30 pm,8:30 am–4:30 pm,8:30 am–4:30 pm,"https://www.google.com/maps/search/garage+door+services+in+Bakersfield+Bakersfield+CA/@35.3735112,-119.0204707,14z",2025-11-07T22:46:00.711Z,,,,
https://www.google.com/maps/place/Infinity+Garage+Doors+CA/data=!4m7!3m6!1s0x80ea6be35cffb6c7:0xa5327f171e85aff3!8m2!3d34.1001826!4d-118.2058185!16s%2Fg%2F11fs345d57!19sChIJx7b_XONr6oAR86-FHhd_MqU,Infinity Garage Doors CA,5.0,7,Garage door supplier,,,,+1 661-978-8354,Open ⋅ Closes 6 pm,https://lh3.googleusercontent.com/p/AF1QipNJ5iVv_1sO4LeM4jcoC4CMY-X9gMCPZETQi7Vp=w408-h305-k-no,true,7 am–6 pm,7 am–2 pm,7 am–6 pm,7 am–6 pm,7 am–6 pm,7 am–6 pm,7 am–6 pm,"https://www.google.com/maps/search/garage+door+services+in+Bakersfield+Bakersfield+CA/@35.3735112,-119.0204707,14z",2025-11-07T22:46:05.509Z,,,,
https://www.google.com/maps/place/The+Good+Guy+Garage+Doors/data=!4m7!3m6!1s0xac5023a816b2306f:0xc80fc4f617f4c77!8m2!3d35.320977!4d-119.0189876!16s%2Fg%2F11vr57zffx!19sChIJbzCyFqgjUKwRd0x_YU_8gAw,The Good Guy Garage Doors,5.0,11,Garage door supplier,,,https://thegoodguygaragedoors.com/,+1 661-440-1061,Open 24 hours,https://lh3.googleusercontent.com/p/AF1QipN0dqDWGzocE-RsQgPzqdd_0O0seXvgSCUjPWkK=w408-h544-k-no,true,Open 24 hours,Open 24 hours,Open 24 hours,Open 24 hours,Open 24 hours,Open 24 hours,Open 24 hours,"https://www.google.com/maps/search/garage+door+services+in+Bakersfield+Bakersfield+CA/@35.3735112,-119.0204707,14z",2025-11-07T22:46:10.254Z,,,,
https://www.google.com/maps/place/Visalia+Garage+Door+Repair+%26+Installations/data=!4m7!3m6!1s0x809525b2f8f52673:0x60864605ba167f7!8m2!3d36.3083648!4d-119.3223508!16s%2Fg%2F1ygb86csj!19sChIJcyb1-LIllYAR92ehW2BkCAY,Visalia Garage Door Repair & Installations,4.9,683,Garage door supplier,"2841 W Ashland Ave, Visalia, CA 93277, United States","8M5H+83 Visalia, California, USA",https://www.visaliagaragedoor.com/,+1 559-403-9015,,https://lh3.googleusercontent.com/p/AF1QipO5Qxq81-KHsJlEQ0G-hzFIozNO20SZTBNxrpZd=w408-h408-k-no,true,Open 24 hours,Open 24 hours,Open 24 hours,Open 24 hours,Open 24 hours,Open 24 hours,Open 24 hours,"https://www.google.com/maps/search/garage+door+services+in+Delano+Bakersfield+CA/@35.773398,-119.2709888,14z",2025-11-07T22:46:33.925Z,LGBTQ+ friendly,,,
https://www.google.com/maps/place/R%26S+Erection+Tri-County+Inc./data=!4m7!3m6!1s0x80ea67123dcdb3f3:0xcab5967553ef6b46!8m2!3d35.4585409!4d-119.0411512!16s%2Fg%2F11j8_j_g96!19sChIJ87PNPRJn6oARRmvvU3WWtco,R&S Erection Tri-County Inc.,5.0,72,Garage door supplier,"1018 Black Gold Rd, Bakersfield, CA 93308, United States","FX55+CG Bakersfield, California, USA",https://www.rstricounty.com/,+1 661-578-6155,Open ⋅ Closes 4:30 pm,https://lh3.googleusercontent.com/gps-cs-s/AG0ilSw9gSJ_udLP4o1dAYzXaOJh6fXP-ruaOyK58Mao3rb2GfnAIcTd_hgdgBCksEc6ERbyCYxaOBizwRsADMXOLGj-qbqC0eJxPmFbHVhN9apQhhcMMi9-F0dv35_1DF9LjP2Kaw37jw=w408-h306-k-no,true,8 am–4:30 pm,Closed,Closed,8 am–4:30 pm,8 am–4:30 pm,8 am–4:30 pm,8 am–4:30 pm,"https://www.google.com/maps/search/garage+door+services+in+Delano+Bakersfield+CA/@35.773398,-119.2709888,14z",2025-11-07T22:46:39.333Z,,,,
https://www.google.com/maps/place/Precision+Garage+Door+of+Visalia/data=!4m7!3m6!1s0x80952ff48b3b79db:0x2ba088735ce10eac!8m2!3d36.306509!4d-119.31692!16s%2Fg%2F11jsf77sjt!19sChIJ23k7i_QvlYARrA7hXHOIoCs,Precision Garage Door of Visalia,4.8,142,Garage door supplier,"2340 W Whitendale Ave # B, Visalia, CA 93277, United States","8M4M+J6 Visalia, California, USA",https://precisiondoorvisalia.com/,+1 559-384-1036,Open ⋅ Closes 11 pm,https://lh3.googleusercontent.com/p/AF1QipOqnD73csoXQJNq24h60yt9Q2Ud05w1ytJHtZT9=w408-h272-k-no,true,6 am–11 pm,6 am–11 pm,6 am–11 pm,6 am–11 pm,6 am–11 pm,6 am–11 pm,6 am–11 pm,"https://www.google.com/maps/search/garage+door+services+in+Delano+Bakersfield+CA/@35.773398,-119.2709888,14z",2025-11-07T22:46:44.864Z,,,,
https://www.google.com/maps/place/Olympian+Overhead+Doors/data=!4m7!3m6!1s0x80ea6f689c9f803f:0x1e72426ee6d2c67!8m2!3d35.444387!4d-118.908507!16s%2Fg%2F11h0b85j93!19sChIJP4CfnGhv6oARZyxt7iYk5wE,Olympian Overhead Doors,5.0,2,Door supplier,,,http://olympianod.com/,+1 661-549-4608,Open 24 hours,https://lh3.googleusercontent.com/p/AF1QipP0H4ROVHrVavzPiidWVrRD8Tif7blqiz8EofOd=w408-h544-k-no,true,Open 24 hours,Open 24 hours,Open 24 hours,Open 24 hours,Open 24 hours,Open 24 hours,Open 24 hours,"https://www.google.com/maps/search/garage+door+services+in+Delano+Bakersfield+CA/@35.773398,-119.2709888,14z",2025-11-07T22:46:50.236Z,,,,
https://www.google.com/maps/place/Protech+Garage+Door/data=!4m7!3m6!1s0x851460e9149dc579:0x30777feec930311!8m2!3d35.986777!4d-119.000431!16s%2Fg%2F11vr4nl2tv!19sChIJecWdFOlgFIUREQOT7P53BwM,Protech Garage Door,5.0,55,Garage door supplier,"10823 Rd 256, Terra Bella, CA 93270, United States","XXPX+PR Terra Bella, California, USA",https://www.garagedoorsportervilleca.com/,+1 559-202-7254,Open 24 hours,https://lh3.googleusercontent.com/p/AF1QipNL6jQkdSRMGzqTdvRwAgvzSVd8XuL8Dx8WR6Tr=w426-h240-k-no,true,Open 24 hours,Open 24 hours,Open 24 hours,Open 24 hours,Open 24 hours,Open 24 hours,Open 24 hours,"https://www.google.com/maps/search/garage+door+services+in+Delano+Bakersfield+CA/@35.773398,-119.2709888,14z",2025-11-07T22:46:55.562Z,LGBTQ+ friendly,,,
"https://www.google.com/maps/place/Johnson+Garage+Spring+Repair+%26+Opener+Installation/@35.6764486,-119.2144423,17z/data=!3m1!4b1!4m6!3m5!1s0x80eaf1f3d6ed5a9f:0xbe0049c07ac9dd53!8m2!3d35.6764486!4d-119.2144423!16s%2Fg%2F11y3154b6l",Johnson Garage Spring Repair & Opener Installation,,,General contractor,"31794 Sherwood Ave, McFarland, CA 93250, United States","MQGP+H6 McFarland, California, USA",https://johnsondrillingcorp.shop/,+1 661-514-3440,Open 24 hours,,true,Open 24 hours,Open 24 hours,Open 24 hours,Open 24 hours,Open 24 hours,Open 24 hours,Open 24 hours,"https://www.google.com/maps/search/garage+door+services+in+Delano+Bakersfield+CA/@35.773398,-119.2709888,14z",2025-11-07T22:47:02.567Z,,,,
https://www.google.com/maps/place/California+Handymen+Service/data=!4m7!3m6!1s0x80eae5a21f2b7a1b:0xf80e15a1cc9f3d58!8m2!3d35.7723345!4d-119.2475!16s%2Fg%2F11gmgnpjr2!19sChIJG3orH6Ll6oARWD2fzKEVDvg,California Handymen Service,,,Handyman/Handywoman/Handyperson,"1224 S High St., Delano, CA 93215, United States","QQC2+WX Delano, California, USA",,+1 530-287-7772,Open ⋅ Closes 5 pm,https://streetviewpixels-pa.googleapis.com/v1/thumbnail?panoid=FnU48piyE4Zh_UI6j8cNqg&cb_client=search.gws-prod.gps&w=408&h=240&yaw=92.14587&pitch=0&thumbfov=100,false,8 am–5 pm,8 am–5 pm,Closed,8 am–5 pm,8 am–5 pm,8 am–5 pm,8 am–5 pm,"https://www.google.com/maps/search/garage+door+services+in+Delano+Bakersfield+CA/@35.773398,-119.2709888,14z",2025-11-07T22:47:07.461Z,,,,
https://www.google.com/maps/place/Browns+Garage+Door/data=!4m7!3m6!1s0x809525ef3b452ee5:0xd24940fbb46c115!8m2!3d36.3465259!4d-119.3113153!16s%2Fg%2F1pp2vglq_!19sChIJ5S5FO-8llYARFcFGuw-UJA0,Browns Garage Door,5.0,145,Garage door supplier,"1819 W Vine Ave, Visalia, CA 93291, United States","8MWQ+JF Visalia, California, USA",https://brownsgaragedoor.com/,+1 559-732-3046,Open 24 hours,https://lh3.googleusercontent.com/p/AF1QipNBw4i24hF8GERgQHm_D9ZKFGxmv7jTuAfhLT5I=w408-h305-k-no,true,Open 24 hours,Open 24 hours,Open 24 hours,Open 24 hours,Open 24 hours,Open 24 hours,Open 24 hours,"https://www.google.com/maps/search/garage+door+services+in+Delano+Bakersfield+CA/@35.773398,-119.2709888,14z",2025-11-07T22:47:13.576Z,LGBTQ+ friendly,,,
https://www.google.com/maps/place/Affordable+Garage+Door+Repairs/data=!4m7!3m6!1s0x8094c3b255bab135:0xa5a2a16c64aa36f8!8m2!3d36.3491495!4d-119.6510692!16s%2Fg%2F11s_rtxx83!19sChIJNbG6VbLDlIAR-DaqZGyhoqU,Affordable Garage Door Repairs,4.8,29,Garage door supplier,"2021 Short Dr, Hanford, CA 93230, United States","88XX+MH Hanford, California, USA",https://www.affordablegaragedoorrepairs.com/,+1 559-827-7561,Open 24 hours,https://lh3.googleusercontent.com/p/AF1QipN9mbtDTqzAqhZ2LLhigUopAV5FsBlcRfhoAzRV=w408-h306-k-no,true,Open 24 hours,Open 24 hours,Closed,Open 24 hours,Open 24 hours,Open 24 hours,Open 24 hours,"https://www.google.com/maps/search/garage+door+services+in+Delano+Bakersfield+CA/@35.773398,-119.2709888,14z",2025-11-07T22:47:18.529Z,LGBTQ+ friendly,,,
https://www.google.com/maps/place/CGR+Garage+Door+Services+of+Ojai/data=!4m7!3m6!1s0x80e9a55f7bf653b3:0xbca90453b4aa2163!8m2!3d34.4516159!4d-119.2380471!16s%2Fg%2F11yccsfs0w!19sChIJs1P2e1-l6YARYyGqtFMEqbw,CGR Garage Door Services of Ojai,4.9,94,Garage door supplier,"406 N Fulton St, Ojai, CA 93023, United States","FQ26+JQ Ojai, California, USA",https://californiagaragerepair.com/ojai/?utm_source=omg-gbp&utm_medium=webclick,+1 805-243-2258,Open ⋅ Closes 9 pm,https://lh3.googleusercontent.com/gps-cs-s/AG0ilSwy-oJYNyC-5s64JNnb4hYduLE_ZwTDiWkS5nMJCZdh5CNCvmO5uRA5byWtMkP_6PI28CVd_ShNGm7lhkrJ8MgsOEA65b4-Yws5ArQ1HjlDC9olMrcxY7aF-orrZjH1QaGKVbFnrib28n2A=w408-h544-k-no,true,7 am–9 pm,7 am–9 pm,7 am–9 pm,7 am–9 pm,7 am–9 pm,7 am–9 pm,7 am–9 pm,"https://www.google.com/maps/search/garage+door+services+in+Shafter+Bakersfield+CA/@35.2232212,-118.9676636,14z",2025-11-07T22:47:40.402Z,,,,
https://www.google.com/maps/place/Central+Valley+Overhead+Door+Inc/data=!4m7!3m6!1s0x80ea5d25aa3338e1:0x741e305e65958288!8m2!3d35.4477185!4d-119.085051!16s%2Fg%2F1264gqfs6!19sChIJ4TgzqiVd6oARiIKVZV4wHnQ,Central Valley Overhead Door Inc,,,Garage door supplier,"34776 Lencioni Ave, Bakersfield, CA 93308, United States","CWX7+3X Bakersfield, California, USA",https://www.cvod.com/,+1 661-847-8315,,https://streetviewpixels-pa.googleapis.com/v1/thumbnail?panoid=jGtxfSkawUyU_Px__891tg&cb_client=search.gws-prod.gps&w=408&h=240&yaw=4.431224&pitch=0&thumbfov=100,true,,,,,,,,"https://www.google.com/maps/search/garage+door+services+in+Shafter+Bakersfield+CA/@35.2232212,-118.9676636,14z",2025-11-07T22:47:43.415Z,,,,
https://www.google.com/maps/place/Freedom+Garage+Door+Repair/data=!4m7!3m6!1s0x80e9a59df98f1c85:0x55fa025422e80507!8m2!3d34.1390855!4d-119.683438!16s%2Fg%2F11m6c4yhnc!19sChIJhRyP-Z2l6YARBwXoIlQC-lU,Freedom Garage Door Repair,4.8,11,Garage door supplier,,,http://www.freedomgaragedoorsgates.com/Ojai-CA.html,+1 805-600-4722,Open ⋅ Closes 7:30 pm,https://lh3.googleusercontent.com/p/AF1QipP-4lUa-9aRuO_1ieNQiXOTBSzfgUKg93Q_qX2h=w408-h272-k-no,true,7 am–7:30 pm,7 am–5 pm,7 am–5 pm,7 am–7:30 pm,7 am–7:30 pm,7 am–7:30 pm,7 am–7:30 pm,"https://www.google.com/maps/search/garage+door+services+in+Shafter+Bakersfield+CA/@35.2232212,-118.9676636,14z",2025-11-07T22:47:48.739Z,,,,
"https://www.google.com/maps/place/Galen+Stone/@35.320977,-119.0189876,11z/data=!3m1!4b1!4m6!3m5!1s0x4f89c1e446112c65:0x6ae8689b8dc83423!8m2!3d35.320977!4d-119.0189876!16s%2Fg%2F11rjmk6lkx",Galen Stone,4.0,1,General contractor,,,https://garagedoorrepairbakersfield.com/,+1 661-323-8022,Open ⋅ Closes 9 pm,,true,8 am–9 pm,8 am–9 pm,8 am–9 pm,8 am–9 pm,8 am–9 pm,8 am–9 pm,8 am–9 pm,"https://www.google.com/maps/search/garage+door+services+in+Shafter+Bakersfield+CA/@35.2232212,-118.9676636,14z",2025-11-07T22:47:55.834Z,,,,
https://www.google.com/maps/place/LiftExpert+Garage+Door+Repair/data=!4m7!3m6!1s0x80e9b52b263473d9:0xd51c9d8f4920e069!8m2!3d34.3471473!4d-119.0681093!16s%2Fg%2F11tt0v_lhk!19sChIJ2XM0Jiu16YARaeAgSY-dHNU,LiftExpert Garage Door Repair,4.8,33,Garage door supplier,"208 Harvard Blvd, Santa Paula, CA 93060, United States","8WWJ+VQ Santa Paula, California, USA",http://www.liftexpertgaragedoorrepair.com/Santa-Paula-CA.html,+1 805-749-4177,Open ⋅ Closes 7 pm,https://lh3.googleusercontent.com/p/AF1QipNqfcrG4aVkXpaFEbJFViS5EhBHSNN-GbA2TGzR=w408-h306-k-no,true,8 am–7 pm,8 am–7 pm,8 am–6 pm,8 am–7 pm,8 am–7 pm,8 am–7 pm,8 am–7 pm,"https://www.google.com/maps/search/garage+door+services+in+Shafter+Bakersfield+CA/@35.2232212,-118.9676636,14z",2025-11-07T22:48:00.669Z,LGBTQ+ friendly,,,
https://www.google.com/maps/place/Portical/data=!4m7!3m6!1s0x80ea3f23fc45d88f:0xa49c742ea15bdbd4!8m2!3d34.5758135!4d-118.6530156!16s%2Fg%2F11flbrk3qj!19sChIJj9hF_CM_6oAR1NtboS50nKQ,Portical,,,Fence contractor,,,https://portical.la/,+1 424-255-5291,Open ⋅ Closes 4 pm,https://lh3.googleusercontent.com/p/AF1QipPLU0FzaUvMwb0b65fFp3c3hhehVDW-Xz59LAWh=w408-h306-k-no,true,7 am–4 pm,Closed,Closed,7 am–4 pm,7 am–4 pm,7 am–4 pm,7 am–4 pm,"https://www.google.com/maps/search/garage+door+services+in+Shafter+Bakersfield+CA/@35.2232212,-118.9676636,14z",2025-11-07T22:48:05.444Z,,,,
https://www.google.com/maps/place/Armando%27s+Welding+%26+Garage+Door/data=!4m7!3m6!1s0x69d509f764f3b26b:0x56e327bb8483753c!8m2!3d35.4326306!4d-119.0965941!16s%2Fg%2F11x6c0l8r9!19sChIJa7LzZPcJ1WkRPHWDhLsn41Y,Armando's Welding & Garage Door,,,Welder,,,https://www.armandosweldingandgaragedoor.com/,+1 661-485-3544,Open ⋅ Closes 10 pm,https://lh3.googleusercontent.com/p/AF1QipMvo_TkCRjZs5ZZUDT-OHDRfsEZPBTMvT_-dYeZ=w408-h273-k-no,true,7 am–10 pm,7 am–10 pm,Closed,7 am–10 pm,7 am–10 pm,7 am–10 pm,7 am–10 pm,"https://www.google.com/maps/search/garage+door+services+in+Shafter+Bakersfield+CA/@35.2232212,-118.9676636,14z",2025-11-07T22:48:10.070Z,,,,
https://www.google.com/maps/place/Window+World+of+Bakersfield/data=!4m7!3m6!1s0x80ea4312e8755633:0x5a8e7d59a9b6622d!8m2!3d35.3883253!4d-119.0576752!16s%2Fg%2F11rxsb8q1z!19sChIJM1Z16BJD6oARLWK2qVl9jlo,Window World of Bakersfield,4.9,134,Window installation service,"3154 Landco Dr #E, Bakersfield, CA 93308, United States","9WQR+8W Bakersfield, California, USA",https://www.windowworldbakersfield.com/,+1 661-489-5869,Open ⋅ Closes 5 pm,https://lh3.googleusercontent.com/p/AF1QipOt1FEAid0k0LNIhReszMqRs45mWbmoSohIRhrq=w426-h240-k-no,true,8 am–5 pm,Closed,Closed,8 am–5 pm,8 am–5 pm,8 am–5 pm,8 am–5 pm,"https://www.google.com/maps/search/garage+door+services+in+Wasco+Bakersfield+CA/@35.3735112,-119.0204707,14z",2025-11-07T22:48:38.929Z,Identifies as women-owned,,,
https://www.google.com/maps/place/Doormaster+Sales/data=!4m7!3m6!1s0x80ea6996aaaaaaab:0x3d8f07ee1c2de291!8m2!3d35.3873269!4d-119.0170043!16s%2Fg%2F1262dhm1g!19sChIJq6qqqpZp6oARkeItHO4Hjz0,Doormaster Sales,,,Door supplier,"Bakersfield, CA 93301, United States","9XPM+W5 Bakersfield, California, USA",,+1 661-401-7590,,https://streetviewpixels-pa.googleapis.com/v1/thumbnail?panoid=x7iLwxRDT8ETg2iNQz68mw&cb_client=search.gws-prod.gps&w=408&h=240&yaw=78.84053&pitch=0&thumbfov=100,false,,,,,,,,"https://www.google.com/maps/search/garage+door+services+in+Wasco+Bakersfield+CA/@35.3735112,-119.0204707,14z",2025-11-07T22:48:43.201Z,,,,
"https://www.google.com/maps/place/Old+Ironsides+Construction,+Inc./data=!4m7!3m6!1s0x28392d174f794c13:0xf081bd634b03bbd1!8m2!3d35.3866896!4d-119.0058969!16s%2Fg%2F11smfr9mgm!19sChIJE0x5TxctOSgR0bsDS2O9gfA","Old Ironsides Construction, Inc.",4.9,77,General contractor,"400 30th St, Bakersfield, CA 93301, United States","9XPV+MJ Bakersfield, California, USA",https://www.old-ironsides.com/,+1 661-237-7200,Open ⋅ Closes 5 pm,https://lh3.googleusercontent.com/p/AF1QipPexb1RB-3TIac_Q7PXmt_EC7UR7PIqI-IYyMRE=w408-h271-k-no,true,7 am–5 pm,7 am–5 pm,Closed,7 am–5 pm,7 am–5 pm,7 am–5 pm,7 am–5 pm,"https://www.google.com/maps/search/garage+door+services+in+Wasco+Bakersfield+CA/@35.3735112,-119.0204707,14z",2025-11-07T22:48:48.803Z,LGBTQ+ friendly,,,
https://www.google.com/maps/place/PERAZA+GARAGE/data=!4m7!3m6!1s0x80eaff0013021123:0x5546f18d2448456!8m2!3d35.6004008!4d-119.3440105!16s%2Fg%2F11mcjnbt2b!19sChIJIxECEwD_6oARVoRE0hhvVAU,PERAZA GARAGE,,,Repair service,"1609 1st St, Wasco, CA 93280, United States","JM24+59 Wasco, California, USA",,+1 209-855-5710,,https://streetviewpixels-pa.googleapis.com/v1/thumbnail?panoid=iTFa9bNgr7RzPc8KJ88QkQ&cb_client=search.gws-prod.gps&w=408&h=240&yaw=180.37146&pitch=0&thumbfov=100,false,,,,,,,,"https://www.google.com/maps/search/garage+door+services+in+Wasco+Bakersfield+CA/@35.3735112,-119.0204707,14z",2025-11-07T22:48:51.258Z,,,,
,,,,,,,,,,,,,,,,,,,"https://www.google.com/maps/search/garage+door+services+in+Arvin+Bakersfield+CA/@35.4232501,-119.0278799,14z",2025-11-07T22:49:14.059Z,,No new results found,,
https://www.google.com/maps/place/Tehachapi+Garage+Doors+%26+Gates/data=!4m7!3m6!1s0x80c1f735e0e17e1d:0xd0f18e38937ff88b!8m2!3d35.128353!4d-118.494779!16s%2Fg%2F11m494k7vf!19sChIJHX7h4DX3wYARi_h_kziO8dA,Tehachapi Garage Doors & Gates,3.0,6,Garage door supplier,,,,+1 661-750-7666,Open 24 hours,https://lh3.googleusercontent.com/p/AF1QipOYfjzQfX72w9gy5SkYRAzxyV4qyb8gMGaFblZG=w425-h240-k-no,true,Open 24 hours,Open 24 hours,Open 24 hours,Open 24 hours,Open 24 hours,Open 24 hours,Open 24 hours,"https://www.google.com/maps/search/garage+door+services+in+Tehachapi+Bakersfield+CA/@35.3735112,-119.0204707,14z",2025-11-07T22:49:28.822Z,,,,
https://www.google.com/maps/place/Your+Neighborhood+Handyman/data=!4m7!3m6!1s0x80ea43ed541e2b4b:0x8f4311d1d0d4d274!8m2!3d35.3865104!4d-119.020835!16s%2Fg%2F11fqpbh5kk!19sChIJSyseVO1D6oARdNLU0NERQ48,Your Neighborhood Handyman,5.0,98,Handyman/Handywoman/Handyperson,"2920 H St Ste 102, Bakersfield, CA 93301, United States","9XPH+JM Bakersfield, California, USA",https://ynhservices.com/,+1 661-412-3802,,https://lh3.googleusercontent.com/p/AF1QipNAsMJlZdsXnaCdMvaL8ZXwAB-mTQH-kKYEbnws=w408-h306-k-no,true,,,,,,,,"https://www.google.com/maps/search/garage+door+services+in+Tehachapi+Bakersfield+CA/@35.3735112,-119.0204707,14z",2025-11-07T22:49:47.631Z,LGBTQ+ friendly,,,
https://www.google.com/maps/place/Green+Garage+Doors+and+Lock+Repair/data=!4m7!3m6!1s0x80c1f90d24c4b7cf:0xad2a8fc11e1b577d!8m2!3d35.128353!4d-118.494779!16s%2Fg%2F11qwy5p7gk!19sChIJz7fEJA35wYARfVcbHsGPKq0,Green Garage Doors and Lock Repair,,,Garage door supplier,,,,+1 661-558-1030,Open ⋅ Closes 10 pm,https://lh3.googleusercontent.com/p/AF1QipMy_boZckUDGM7UvQlRQq6bkMj5gkSkcOrtruNF=w425-h240-k-no,true,8 am–10 pm,8 am–10 pm,8 am–10 pm,8 am–10 pm,8 am–10 pm,8 am–10 pm,8 am–10 pm,"https://www.google.com/maps/search/garage+door+services+in+Tehachapi+Bakersfield+CA/@35.3735112,-119.0204707,14z",2025-11-07T22:49:52.681Z,,,,
https://www.google.com/maps/place/Southside+Garage/data=!4m7!3m6!1s0x80ea6eb7ad0ce44d:0x43918ef48c455e3e!8m2!3d35.2573195!4d-118.9148656!16s%2Fg%2F1261vb7j2!19sChIJTeQMrbdu6oARPl5FjPSOkUM,Southside Garage,4.5,34,Auto repair shop,"10700 Main St, Lamont, CA 93241, United States","734P+W3 Lamont, California, USA",,+1 661-845-3412,Open ⋅ Closes 5 pm,https://lh3.googleusercontent.com/gps-cs-s/AG0ilSwqoXR1sZE-zvlHDyZ1QFW5w6cOHw4092NkqQwBZguxp6UFUYL8w64hK7Jrk8t9oqLf3C5ztxedyt2uOFAPOs-pHjXfVlKCPU8vHNzJHkSkyd8iaBtzdlehnaiRvtfFhAnIhcdi_g=w408-h725-k-no,true,8 am–5 pm,8 am–3 pm,Closed,8 am–5 pm,8 am–5 pm,8 am–5 pm,8 am–5 pm,"https://www.google.com/maps/search/garage+door+services+in+Lamont+Bakersfield+CA/@35.2596833,-118.9142666,14z",2025-11-07T22:50:07.407Z,,,,
https://www.google.com/maps/place/Lamont+General+Store/data=!4m7!3m6!1s0x80ea13b65e81434f:0x413a4b3d57d201f8!8m2!3d35.260592!4d-118.913761!16s%2Fg%2F11c6cr9b6x!19sChIJT0OBXrYT6oAR-AHSVz1LOkE,Lamont General Store,4.4,179,Hardware store,"10405 Main St, Lamont, CA 93241, United States","736P+6F Lamont, California, USA",,+1 661-845-0793,Open ⋅ Closes 6 pm,https://lh3.googleusercontent.com/gps-cs-s/AG0ilSyjhN7g-VxQqvjbqQu3YVp6r3ONSI-NxySupAHsIALc8qKkLcdH7neoHuI_L5rJU-aLqPP-GxWQf-F62wD57SxYHS96CO5ft7sGXO1G9ggoTHy1kSyYkNW3jgmCkiflVnuqFyfYfbrbgWcw=w426-h240-k-no,true,8 am–6 pm,8 am–6 pm,8 am–6 pm,8 am–6 pm,8 am–6 pm,8 am–6 pm,8 am–6 pm,"https://www.google.com/maps/search/garage+door+services+in+Lamont+Bakersfield+CA/@35.2596833,-118.9142666,14z",2025-11-07T22:50:19.473Z,,,,
https://www.google.com/maps/place/Ace+Hardware/data=!4m7!3m6!1s0x80ea13b65e81434f:0x4ceddeb9007a3474!8m2!3d35.2606544!4d-118.9138744!16s%2Fg%2F1263zprjs!19sChIJT0OBXrYT6oARdDR6ALne7Uw,Ace Hardware,4.3,99,Hardware store,"10405 Main St, Lamont, CA 93241, United States","736P+7F Lamont, California, USA",http://www.acehardware.com/,+1 661-845-0793,Open ⋅ Closes 6 pm,https://lh3.googleusercontent.com/gps-cs-s/AG0ilSxI2Sbc7VU9veCdBBabXM_WeDWENYk2HWJB0ZqEaWS886z5XePOsNqBgzyjnDMpSm-6WfjusMpUpufeX0xZSnDNuGn5b1NnXTgCdCgZ2km-vkPS6IrnF47hdEr1oghuhF3cfwGrQKOKKKE=w426-h240-k-no,false,8 am–6 pm,8 am–6 pm,8 am–6 pm,8 am–6 pm,8 am–6 pm,8 am–6 pm,8 am–6 pm,"https://www.google.com/maps/search/garage+door+services+in+Lamont+Bakersfield+CA/@35.2596833,-118.9142666,14z",2025-11-07T22:50:24.664Z,,,"Hardware store stocking household tools, garden supplies, home decor & more. · In-store pick-up · Delivery",
,,,,,,,,,,,,,,,,,,,"https://www.google.com/maps/search/garage+door+services+in+McFarland+Bakersfield+CA/@35.3735112,-119.0204707,14z",2025-11-07T22:51:02.418Z,,No new results found,,
,,,,,,,,,,,,,,,,,,,"https://www.google.com/maps/search/garage+door+services+in+Buttonwillow+Bakersfield+CA/@35.3735112,-119.0204707,14z",2025-11-07T22:51:26.252Z,,No new results found,,
https://www.google.com/maps/place/LGI+Homes+-+Harvest+Grove/data=!4m7!3m6!1s0x80ea4063347bfb8d:0x1ceb9059b809a087!8m2!3d35.2820329!4d-119.088186!16s%2Fg%2F11kpx_c0m9!19sChIJjft7NGNA6oARh6AJuFmQ6xw,LGI Homes - Harvest Grove,4.4,14,Home builder,"7729 Avocado Ln, Bakersfield, CA 93313, United States","7WJ6+RP Bakersfield, California, USA",https://www.lgihomes.com/california/bakersfield/harvest-grove,+1 855-485-0577,Open ⋅ Closes 6 pm,https://lh3.googleusercontent.com/p/AF1QipNAR9I15bFFpG_1XnYZsyijtUGr94X_kRxykKpO=w408-h272-k-no,true,10 am–6 pm,10 am–6 pm,10:30 am–6 pm,10 am–6 pm,10 am–6 pm,10 am–6 pm,10 am–6 pm,"https://www.google.com/maps/search/garage+door+services+in+Taft+Bakersfield+CA/@35.2671335,-119.0783672,14z",2025-11-07T22:51:46.593Z,,,,
https://www.google.com/maps/place/Alert+Disaster+Restoration/data=!4m7!3m6!1s0x80ea41ad36940181:0xd6703d2fdb0aed5d!8m2!3d35.3883761!4d-119.0830483!16s%2Fg%2F1tkkv5dg!19sChIJgQGUNq1B6oARXe0K2y89cNY,Alert Disaster Restoration,4.9,419,Water damage restoration service,"3300 Patton Way, Bakersfield, CA 93308, United States","9WQ8+9Q Bakersfield, California, USA",http://www.alertdisaster.com/,+1 661-396-7908,Open 24 hours,https://lh3.googleusercontent.com/p/AF1QipMR9Kb3_Ax9SJ33Nn0qSX4r8vtrfuIOws_KXw8q=w408-h306-k-no,true,Open 24 hours,Open 24 hours,Open 24 hours,Open 24 hours,Open 24 hours,Open 24 hours,Open 24 hours,"https://www.google.com/maps/search/garage+door+services+in+Taft+Bakersfield+CA/@35.2671335,-119.0783672,14z",2025-11-07T22:51:51.718Z,,,,
https://www.google.com/maps/place/Armstrong+Locksmithing/data=!4m7!3m6!1s0x80ebcb02e25d6743:0xd104f072554d0ebd!8m2!3d35.1338785!4d-119.4548134!16s%2Fg%2F11bwqmxkpn!19sChIJQ2dd4gLL64ARvQ5NVXLwBNE,Armstrong Locksmithing,4.8,43,Locksmith,"318 Eastern Ave, Taft, CA 93268, United States","4GMW+H3 Taft, California, USA",,+1 661-348-7884,Open ⋅ Closes 5:30 pm,https://lh3.googleusercontent.com/gps-cs-s/AG0ilSxpxiDUZkxdF8qHcbhOJwldzxTCvLP0akcLyUUXqYWo6Cw4m3S6PljXgWz9QAUOKVE8rVr1Oyiy0-T-vrqVcNNx0xlmrKgPAgC5eLZsOwpuF6ZOiRmvPd7BUKwlsnHtkavziizF=w408-h306-k-no,true,9 am–5:30 pm,9 am–1 pm,Closed,9 am–5:30 pm,9 am–5:30 pm,9 am–5:30 pm,9 am–5:30 pm,"https://www.google.com/maps/search/garage+door+services+in+Taft+Bakersfield+CA/@35.2671335,-119.0783672,14z",2025-11-07T22:51:56.720Z,,,,
https://www.google.com/maps/place/Desert+Garage+Door/data=!4m7!3m6!1s0x80c112df416a41c7:0xfebb66f25a45cc71!8m2!3d35.646012!4d-117.691592!16s%2Fg%2F11cjh_rlrf!19sChIJx0FqQd8SwYARccxFWvJmu_4,Desert Garage Door,4.2,28,Door supplier,"1328 N Inyo St, Ridgecrest, CA 93555, United States","J8W5+C9 Ridgecrest, California, USA",http://desertgaragedoor.com/,+1 760-446-3446,Open ⋅ Closes 4 pm,https://lh3.googleusercontent.com/gps-cs-s/AG0ilSzCkqXaSHjrZfOnWQPtlyaWlEIXegqhV8DKecVkWH3P0CB9m_GUhGQWIo3xu8DB_NhJAiDGyBTp5-gUi4pomcw-QO0nIel8h8tBaEd_1A7BXpFksfqkO5883neGj-Pg_hiQqZ6zmjKujEf2=w408-h408-k-no,false,10 am–4 pm,Closed,Closed,10 am–4 pm,10 am–4 pm,10 am–4 pm,10 am–4 pm,"https://www.google.com/maps/search/garage+door+services+in+Ridgecrest+Bakersfield+CA/@35.2756745,-119.0631163,14z",2025-11-07T22:52:18.430Z,,,,
,,,,,,,,,,,,,,,,,,,"https://www.google.com/maps/search/garage+door+services+in+Maricopa+Bakersfield+CA/@35.3735112,-119.0204707,14z",2025-11-07T22:52:42.327Z,,No new results found,,
"https://www.google.com/maps/place/MFCP+-+Motion+%26+Flow+Control+Products,+Inc.+Bakersfield,+CA+-+ParkerStore/data=!4m7!3m6!1s0x80ea6b1879c9fd77:0x9ba82745e8a39571!8m2!3d35.354857!4d-118.959518!16s%2Fg%2F11nmgjf232!19sChIJd_3JeRhr6oARcZWj6EUnqJs","MFCP - Motion & Flow Control Products, Inc. Bakersfield, CA - ParkerStore",,,Hydraulic equipment supplier,"4000 E Brundage Ln, Bakersfield, CA 93307, United States","923R+W5 Bakersfield, California, USA",https://www.mfcp.com/locations/ca-bakersfield,+1 661-324-2260,Open ⋅ Closes 5 pm,https://streetviewpixels-pa.googleapis.com/v1/thumbnail?panoid=svLaz-mmzQboi6cT2XmSZA&cb_client=search.gws-prod.gps&w=408&h=240&yaw=5.383996&pitch=0&thumbfov=100,true,8 am–5 pm,Closed,Closed,8 am–5 pm,8 am–5 pm,8 am–5 pm,8 am–5 pm,"https://www.google.com/maps/search/garage+door+services+in+Frazier+Park+Bakersfield+CA/@35.3735112,-119.0204707,14z",2025-11-07T22:52:57.839Z,,,,
https://www.google.com/maps/place/G.H.+Slack+and+Son/data=!4m7!3m6!1s0x80ea426da33595ad:0x6b5ed422d320c2e0!8m2!3d35.3846273!4d-119.0595731!16s%2Fg%2F1tj582cc!19sChIJrZU1o21C6oAR4MIg0yLUXms,G.H. Slack and Son,3.6,47,Building materials store,"2741 Landco Dr, Bakersfield, CA 93308, United States","9WMR+V5 Bakersfield, California, USA",http://www.ghslack.com/,+1 661-325-5878,Open ⋅ Closes 4 pm,https://lh3.googleusercontent.com/gps-cs-s/AG0ilSwInsSzN0YUNR-qu8CmhS7Mx8V_alFO3wTb_9sV8qzlzxH1W8yrkgUmvmcY1DKF_5vbXSBSZRBAWnTp0BrBa1lMDjxZN3adfruazJdj7oiKQIBxImChSLlrznvD3kKTehdH5b1f=w408-h306-k-no,true,7 am–4 pm,Closed,Closed,7 am–5 pm,7 am–5 pm,7 am–5 pm,7 am–5 pm,"https://www.google.com/maps/search/garage+door+services+in+Frazier+Park+Bakersfield+CA/@35.3735112,-119.0204707,14z",2025-11-07T22:53:09.781Z,,,· Delivery,
,,,,,,,,,,,,,,,,,,,"https://www.google.com/maps/search/garage+door+services+in+Lake+Isabella+Bakersfield+CA/@35.3735112,-119.0204707,14z",2025-11-07T22:53:25.406Z,,No new results found,,
,,,,,,,,,,,,,,,,,,,"https://www.google.com/maps/search/garage+door+services+in+California+City+Bakersfield+CA/@35.3735112,-119.0204707,14z",2025-11-07T22:53:48.836Z,,No new results found,,
https://www.google.com/maps/place/Southwest+Garage+Inc/data=!4m7!3m6!1s0x80ea6a5eb4763b5b:0xd3535a8994c7bec2!8m2!3d35.3360952!4d-119.0172889!16s%2Fg%2F1tkq_k_n!19sChIJWzt2tF5q6oARwr7HlIlaU9M,Southwest Garage Inc,4.8,29,Auto repair shop,"2019 S Chester Ave, Bakersfield, CA 93304, United States","8XPM+C3 Bakersfield, California, USA",,+1 661-832-3147,Closes soon ⋅ 3:30 pm ⋅ Opens 7:30 am Mon,https://streetviewpixels-pa.googleapis.com/v1/thumbnail?panoid=Rt05lJjdukpEuXukJMHdJw&cb_client=search.gws-prod.gps&w=408&h=240&yaw=244.86794&pitch=0&thumbfov=100,true,7:30 am–3:30 pm,Closed,Closed,7:30 am–3:30 pm,7:30 am–3:30 pm,7:30 am–3:30 pm,7:30 am–3:30 pm,"https://www.google.com/maps/search/garage+door+services+in+Mojave+Bakersfield+CA/@35.3735112,-119.0204707,14z",2025-11-07T22:54:20.053Z,,,,
https://www.google.com/maps/place/Steve+Holloway+Painting+%26+Concrete+Coatings/data=!4m7!3m6!1s0x80ea698e085a7359:0xa77c47b946bac062!8m2!3d35.3816297!4d-119.0167222!16s%2Fg%2F1262cx21m!19sChIJWXNaCI5p6oARYsC6RrlHfKc,Steve Holloway Painting & Concrete Coatings,4.9,249,Painting,"2419 L St, Bakersfield, CA 93301, United States","9XJM+M8 Bakersfield, California, USA",https://www.stevehollowaypainters.com/,+1 661-325-8520,Open ⋅ Closes 5 pm,https://lh3.googleusercontent.com/p/AF1QipOC_1QAtzudoniQoF73RXVr-psjdj2poHO3AmuN=w600-h240-k-no,true,7 am–5 pm,Closed,Closed,7 am–5 pm,7 am–5 pm,7 am–5 pm,7 am–5 pm,"https://www.google.com/maps/search/garage+door+services+in+Mojave+Bakersfield+CA/@35.3735112,-119.0204707,14z",2025-11-07T22:54:25.278Z,,,,
https://www.google.com/maps/place/Bakersfield+Locksmith+LLC/data=!4m7!3m6!1s0x80ea43b90a3ca627:0x76c5808db7d71e64!8m2!3d35.3948895!4d-119.0339301!16s%2Fg%2F12mm855c_!19sChIJJ6Y8CrlD6oARZB7Xt42AxXY,Bakersfield Locksmith LLC,4.5,132,Locksmith,"3740 Sillect Ave 3F Bldg 3F, Bakersfield, CA 93308, United States","9XV8+XC Bakersfield, California, USA",https://bakersfield-locksmith.com/contact/,+1 661-322-3371,Open ⋅ Closes 5 pm,https://lh3.googleusercontent.com/p/AF1QipOfbhHGyh9A-si6ipAEha1rGgVjIETPQ-LQ6W2a=w408-h306-k-no,true,8 am–5 pm,Closed,Closed,8 am–5 pm,8 am–5 pm,8 am–5 pm,8 am–5 pm,"https://www.google.com/maps/search/garage+door+services+in+Mojave+Bakersfield+CA/@35.3735112,-119.0204707,14z",2025-11-07T22:54:30.360Z,Identifies as women-owned,,,
https://www.google.com/maps/place/safe+at+home+locks+%26+door+repair/data=!4m7!3m6!1s0x80ea697d30270c37:0xa493b268c86ffb47!8m2!3d35.3505285!4d-118.9904024!16s%2Fg%2F11dxm3lrnw!19sChIJNwwnMH1p6oARR_tvyGiyk6Q,safe at home locks & door repair,4.9,43,Locksmith,,,,+1 661-889-6276,Open ⋅ Closes 9 pm,https://lh3.googleusercontent.com/gps-cs-s/AG0ilSyaXCYwEY0zPYwksvlP9_8f2aolAPPJXdeSJns4o6549WjQjVFziI9s4_cEwAINYtmDxuEvGQeE0vt-OIhjmcG9xvf6SfTs4i5LVrwdEGVxfD1leIFxV27IhxfH-J9oUwek8urt=w408-h408-k-no,true,6 am–9 pm,6 am–9 pm,6 am–9 pm,6 am–9 pm,6 am–9 pm,6 am–9 pm,6 am–9 pm,"https://www.google.com/maps/search/garage+door+services+in+Mojave+Bakersfield+CA/@35.3735112,-119.0204707,14z",2025-11-07T22:54:35.172Z,,,,
https://www.google.com/maps/place/Sorci+Construction+Services/data=!4m7!3m6!1s0x80ea6981334c0d8b:0x546e78a0ad7eed9d!8m2!3d35.7667355!4d-118.9657924!16s%2Fg%2F1tcwg8z3!19sChIJiw1MM4Fp6oARne1-raB4blQ,Sorci Construction Services,5.0,2,Remodeler,,,https://www.sorciconstruction.com/?utm_source=google&utm_medium=organic&utm_campaign=gmb-website,+1 661-371-4490,Open ⋅ Closes 4 pm,https://lh3.googleusercontent.com/p/AF1QipO-34NT0eNavkWTqdqENRtQkDwOJ7fXwKO5dI-t=w426-h240-k-no,true,7:30 am–4 pm,Closed,Closed,7:30 am–4 pm,7:30 am–4 pm,7:30 am–4 pm,7:30 am–4 pm,"https://www.google.com/maps/search/garage+door+services+in+Mojave+Bakersfield+CA/@35.3735112,-119.0204707,14z",2025-11-07T22:54:40.164Z,,,,
https://www.google.com/maps/place/Grainger+Industrial+Supply/data=!4m7!3m6!1s0x80ea420751e15f79:0x4b411c0e6aa857fc!8m2!3d35.3705316!4d-119.0478828!16s%2Fg%2F1tfx55_h!19sChIJeV_hUQdC6oAR_Feoag4cQUs,Grainger Industrial Supply,4.5,30,Tool store,"3900 Easton Dr, Bakersfield, CA 93309, United States","9XC2+6R Bakersfield, California, USA",https://www.grainger.com/branch/Bakersfield-Branch-054,+1 800-472-4643,Open ⋅ Closes 4:30 pm,https://lh3.googleusercontent.com/gps-cs-s/AG0ilSz9ZoPfm1EuAOZSF3Tf-kKDz01-gJD7xsrinQ0u7ozRCxRAyJDD8HpjRRrfwdJZHeruPs-_jF_UoMdzszrbJp2ztKYPXz-2cUf4-sZMe4CueuoEPyaPMjKHZrJdb2E0CP1FQLWwLQ=w408-h306-k-no,true,7 am–4:30 pm,Closed,Closed,7 am–4:30 pm,7 am–4:30 pm,7 am–4:30 pm,7 am–4:30 pm,"https://www.google.com/maps/search/garage+door+services+in+Mojave+Bakersfield+CA/@35.3735112,-119.0204707,14z",2025-11-07T22:54:45.093Z,,,"Chain offering a broad range of industrial equipment, maintenance supplies, tools & parts. · In-store shopping · Kerbside pickup · Delivery",
https://www.google.com/maps/place/Lamond%27s+Custom+Cabinetry+%26+Woodworking/data=!4m7!3m6!1s0x80ea69ad479fea0f:0x59061ff568678a5e!8m2!3d35.3807283!4d-118.9989582!16s%2Fg%2F11gm9s4hvq!19sChIJD-qfR61p6oARXopnaPUfBlk,Lamond's Custom Cabinetry & Woodworking,5.0,4,Cabinet maker,"218 Kentucky St, Bakersfield, CA 93305, United States","92J2+7C Bakersfield, California, USA",,+1 661-889-5178,Open ⋅ Closes 6 pm,https://lh3.googleusercontent.com/p/AF1QipN_OO804BlcJ1NL96irF76vCPGmjuPkwcyrs7Ic=w408-h306-k-no,true,7 am–6 pm,7 am–6 pm,Closed,7 am–6 pm,7 am–6 pm,7 am–6 pm,7 am–6 pm,"https://www.google.com/maps/search/garage+door+services+in+Mojave+Bakersfield+CA/@35.3735112,-119.0204707,14z",2025-11-07T22:54:50.134Z,,,,
https://www.google.com/maps/place/AC+GARAGE+DOORS+%28An+American+Classic+Door+Co%29/data=!4m7!3m6!1s0x80c259c54531a8b5:0x2727d5af56a5e6e8!8m2!3d34.6918444!4d-118.1323707!16s%2Fg%2F11c606xzqf!19sChIJtagxRcVZwoAR6OalVq_VJyc,AC GARAGE DOORS (An American Classic Door Co),4.1,88,Garage door supplier,"44532 Trevor Ave, Lancaster, CA 93534, United States","MVR9+P3 Lancaster, California, USA",http://www.acoverhead.com/,+1 661-944-9333,Closes soon ⋅ 3:30 pm ⋅ Opens 9 am Mon,https://lh3.googleusercontent.com/gps-cs-s/AG0ilSycrNSTfrw9aNrxpDarrfEOuxAhTu8cYOq6hcnrLnXzqHtJTzX9VhXaKcFOgi5c1wPugF3sQLvsXoytO0k54-xIjLfJ5yZ6mjkvq3yQWqIdROvo2pZV5sQcb0FeKMth9UtkWXS2Qw=w408-h544-k-no,true,9 am–3:30 pm,Closed,Closed,9 am–3:30 pm,9 am–3:30 pm,9 am–3:30 pm,9 am–3:30 pm,"https://www.google.com/maps/search/garage+door+services+in+Mojave+Bakersfield+CA/@35.3735112,-119.0204707,14z",2025-11-07T22:54:55.146Z,LGBTQ+ friendly,,,
https://www.google.com/maps/place/Richard+Russell+Construction/data=!4m7!3m6!1s0x80ea6918b13fe907:0x8d895947a2bd75b!8m2!3d35.3845313!4d-118.995601!16s%2Fg%2F11f6g1dh2m!19sChIJB-k_sRhp6oARW9crepSV2Ag,Richard Russell Construction,5.0,6,General contractor,"328 Oregon St, Bakersfield, CA 93305, United States","92M3+RQ Bakersfield, California, USA",,+1 661-864-5832,Open ⋅ Closes 9 pm,https://lh3.googleusercontent.com/p/AF1QipOb5Xd0W702k8dtEYgXYSL1e8vl9ScCO-uTy-YX=w408-h306-k-no,true,6 am–9 pm,6 am–9 pm,6 am–9 pm,6 am–9 pm,6 am–9 pm,6 am–9 pm,6 am–9 pm,"https://www.google.com/maps/search/garage+door+services+in+Mojave+Bakersfield+CA/@35.3735112,-119.0204707,14z",2025-11-07T22:55:00.023Z,,,,
https://www.google.com/maps/place/Zip+Appliance+%26+Plumbing+Repair/data=!4m7!3m6!1s0x80ea415a3eeb8d73:0xf5d035b58be8f421!8m2!3d35.3670287!4d-119.0607661!16s%2Fg%2F11r6ld54lp!19sChIJc43rPlpB6oARIfToi7U10PU,Zip Appliance & Plumbing Repair,4.8,1205,Appliance repair service,"1405 Commercial Way ste 100 Suite 100, Bakersfield, CA 93309, United States","9W8Q+RM Bakersfield, California, USA",https://www.ziprepairservice.com/,+1 661-387-2282,Open ⋅ Closes 4:30 pm,https://lh3.googleusercontent.com/p/AF1QipN7HVLow8VgjqfA1EYauaMb-sqy7M-pns3kL4ot=w408-h408-k-no,true,6:30 am–4:30 pm,9 am–4:30 pm,9 am–7 pm,6:30 am–7 pm,6:30 am–7 pm,6:30 am–7 pm,6:30 am–7 pm,"https://www.google.com/maps/search/garage+door+services+in+Mojave+Bakersfield+CA/@35.3735112,-119.0204707,14z",2025-11-07T22:55:05.264Z,,,,
https://www.google.com/maps/place/Kern+Shutters+and+Screens/data=!4m7!3m6!1s0x6cd533512bc32f41:0x648573fe29fb796c!8m2!3d35.3349263!4d-119.0995151!16s%2Fg%2F11vcxtp1r9!19sChIJQS_DK1Ez1WwRbHn7Kf5zhWQ,Kern Shutters and Screens,5.0,53,Window treatment store,"2201 Haggin Oaks Blvd, Bakersfield, CA 93311, United States","8WM2+X5 Bakersfield, California, USA",https://kernshuttersandscreens.com/,+1 661-809-3155,Open ⋅ Closes 6 pm,https://lh3.googleusercontent.com/p/AF1QipPJA0kPB1h5LuGa0Ejb_BPGafC4UppkRcdhSy7a=w408-h306-k-no,true,8 am–6 pm,9 am–2 pm,Closed,8 am–6 pm,8 am–6 pm,8 am–6 pm,8 am–6 pm,"https://www.google.com/maps/search/garage+door+services+in+Mojave+Bakersfield+CA/@35.3735112,-119.0204707,14z",2025-11-07T22:55:10.162Z,,,· Delivery,
"https://www.google.com/maps/place/Mu%C3%B1oz+Hauling+Trash+Removal,+LLC/data=!4m7!3m6!1s0xa640e73b9d8ec16b:0xabd597e0c133cf4!8m2!3d35.3809163!4d-118.9853156!16s%2Fg%2F11p5jfzhx5!19sChIJa8GOnTvnQKYR9DwTDH5ZvQo","Muñoz Hauling Trash Removal, LLC",5.0,150,Junk removal service,"1024 Niles St, Bakersfield, CA 93305, United States","92J7+9V Bakersfield, California, USA",http://munozhaulingtrashremoval.com/,+1 888-596-2887,Open 24 hours,https://lh3.googleusercontent.com/p/AF1QipOlJxNMICVGnaKBzA_wDV2Tu3cSvCMV6l7l6mi1=w426-h240-k-no,true,Open 24 hours,Open 24 hours,Open 24 hours,Open 24 hours,Open 24 hours,Open 24 hours,Open 24 hours,"https://www.google.com/maps/search/garage+door+services+in+Mojave+Bakersfield+CA/@35.3735112,-119.0204707,14z",2025-11-07T22:55:15.148Z,,,,
https://www.google.com/maps/place/Cal+Heights+Construction+and+Handyman+Services/data=!4m7!3m6!1s0x23f68126ca4a292b:0xc24c556e135cbe7c!8m2!3d35.320977!4d-119.0189876!16s%2Fg%2F11k3r8z5hc!19sChIJKylKyiaB9iMRfL5cE25VTMI,Cal Heights Construction and Handyman Services,5.0,28,Handyman/Handywoman/Handyperson,,,http://calheightsconstruction.com/,+1 661-558-5166,Open ⋅ Closes 7 pm,https://lh3.googleusercontent.com/p/AF1QipMFBuKM38B_gTiJFoe52FGwI99vG1gJV78oKnmL=w408-h306-k-no,true,7 am–7 pm,8 am–5 pm,Closed,Open 24 hours,7 am–7 pm,7 am–7 pm,7 am–7 pm,"https://www.google.com/maps/search/garage+door+services+in+Mojave+Bakersfield+CA/@35.3735112,-119.0204707,14z",2025-11-07T22:55:20.097Z,,,,
https://www.google.com/maps/place/Great+Garage+Door+Repair/data=!4m7!3m6!1s0x24b6867a4bda4def:0xad8d68b0668bf88!8m2!3d34.7000454!4d-118.1319225!16s%2Fg%2F11rfblc31b!19sChIJ703aS3qGtiQRiL9oBovW2Ao,Great Garage Door Repair,5.0,17,Garage door supplier,,,https://greatgaragedoorrepair.com/,+1 661-768-1600,Open 24 hours,https://lh3.googleusercontent.com/p/AF1QipNlqsfjGiP0mzbk0eJPPdKI1BkkPwSd6ckdxVNU=w408-h306-k-no,true,Open 24 hours,Open 24 hours,Open 24 hours,Open 24 hours,Open 24 hours,Open 24 hours,Open 24 hours,"https://www.google.com/maps/search/garage+door+services+in+Mojave+Bakersfield+CA/@35.3735112,-119.0204707,14z",2025-11-07T22:55:25.387Z,,,,
https://www.google.com/maps/place/Home+Services+at+The+Home+Depot/data=!4m7!3m6!1s0x80ea41d8d607de07:0x99468bfd51c514fb!8m2!3d35.3381826!4d-119.0488441!16s%2Fg%2F11ckvlb16y!19sChIJB94H1thB6oAR-xTFUf2LRpk,Home Services at The Home Depot,4.3,12,Contractor,"4001 Ming Ave, Bakersfield, CA 93309, United States","8XQ2+7F Bakersfield, California, USA",https://www.homedepot.com/l/Bakersfield-Central/CA/Bakersfield/93309/1050/services?emt=HSGMBGoogleMaps,+1 844-476-2140,Open ⋅ Closes 10 pm,https://lh3.googleusercontent.com/p/AF1QipMi4xvN6dDHkc5kI1Kb-vhgU4ac9cwWKzLGgLQt=w408-h272-k-no,true,6 am–10 pm,6 am–10 pm,7 am–8 pm,6 am–10 pm,6 am–10 pm,6 am–10 pm,6 am–10 pm,"https://www.google.com/maps/search/garage+door+services+in+Mojave+Bakersfield+CA/@35.3735112,-119.0204707,14z",2025-11-07T22:55:30.602Z,,,,
https://www.google.com/maps/place/Bakersfield+Screen+Center/data=!4m7!3m6!1s0x80ea437148484ce3:0xde20fea0e142b73!8m2!3d35.3809978!4d-119.0749806!16s%2Fg%2F11tnhlpfn9!19sChIJ40xISHFD6oARcysUDuoP4g0,Bakersfield Screen Center,,,Contractor,"2345 Fruitvale Ave, Bakersfield, CA 93308, United States","9WJG+92 Bakersfield, California, USA",https://www.bakersfieldscreencenter.com/,+1 661-489-5001,Open ⋅ Closes 4 pm,https://lh3.googleusercontent.com/p/AF1QipN4el77ce0IWgSvsQ6kWFRxZz7rgbkfRKNOvzkm=w408-h544-k-no,true,7 am–4 pm,Closed,Closed,7 am–4 pm,7 am–4 pm,7 am–4 pm,7 am–4 pm,"https://www.google.com/maps/search/garage+door+services+in+Mojave+Bakersfield+CA/@35.3735112,-119.0204707,14z",2025-11-07T22:55:35.435Z,,,,
https://www.google.com/maps/place/J%E2%80%99S+Mobile+Auto+Repair/data=!4m7!3m6!1s0x80ea5117961907d9:0xff1d3c0250ea8a91!8m2!3d35.3821102!4d-119.0173736!16s%2Fg%2F11t2986gkp!19sChIJ2QcZlhdR6oARkYrqUAI8Hf8,J’S Mobile Auto Repair,4.9,68,Mechanic,"1330 25th St, Bakersfield, CA 93301, United States","9XJM+R3 Bakersfield, California, USA",http://www.jsmobileautobakersfield.com/,+1 661-772-6121,Open ⋅ Closes 5 pm,https://lh3.googleusercontent.com/gps-cs-s/AG0ilSxozh7duWgWDKbViUkerzVJF35GXQ40mb1P4bCs32lM9RtpGzmFw-LG_26VsLTeNN8gTlU6FTEBRSWyD1p425-6iFgVX4GxKywNw2WnYBx3BmIMguLt9ARk-Oxgfh7oZb73Zepj=w408-h291-k-no,true,8 am–5 pm,Closed,Closed,8 am–5 pm,8 am–5 pm,8 am–5 pm,8 am–5 pm,"https://www.google.com/maps/search/garage+door+services+in+Mojave+Bakersfield+CA/@35.3735112,-119.0204707,14z",2025-11-07T22:55:40.341Z,,,,
https://www.google.com/maps/place/Jeremy+Willer+Construction+Inc/data=!4m7!3m6!1s0x80ea4245ad701885:0xf37dc940e98297d0!8m2!3d35.3795777!4d-119.0561126!16s%2Fg%2F1q2w602ff!19sChIJhRhwrUVC6oAR0JeC6UDJffM,Jeremy Willer Construction Inc,2.1,12,Home builder,"4838 Burr St Unit B, Bakersfield, CA 93308, United States","9WHV+RH Bakersfield, California, USA",http://www.jeremywiller.com/index.php/whoarewe/contact,+1 661-487-5584,Open ⋅ Closes 5 pm,https://lh3.googleusercontent.com/gps-cs-s/AG0ilSzGMPU_MLop0NCLKvCny2_BAW8Pf0zjOuP9Vh53OmcToexabrkrZgKfOTWJp-EXNOTvG6gTvXAumOkEg1obAvyJC-JoVNHzdp5OFa0qFQEd72CU9O1legmgmViFwXFb7taX-JdRAQ=w408-h270-k-no,false,8 am–5 pm,8 am–5 pm,Closed,8 am–5 pm,8 am–5 pm,8 am–5 pm,8 am–5 pm,"https://www.google.com/maps/search/garage+door+services+in+Mojave+Bakersfield+CA/@35.3735112,-119.0204707,14z",2025-11-07T22:55:45.469Z,,,,
https://www.google.com/maps/place/Wood+Masters+Construction+Inc./data=!4m7!3m6!1s0x80ea4033c379ca1f:0xe9ca9012fa487ca5!8m2!3d35.3146317!4d-119.0669933!16s%2Fg%2F1td1dqsp!19sChIJH8p5wzNA6oARpXxI-hKQyuk,Wood Masters Construction Inc.,4.5,8,Cabinet maker,"5850 District Blvd STE 1, Bakersfield, CA 93313, United States","8W7M+V6 Bakersfield, California, USA",https://www.woodmastersinc.net/,+1 661-398-8322,Open ⋅ Closes 4 pm,https://lh3.googleusercontent.com/gps-cs-s/AG0ilSyHFpMMcn6yOxQ8eHCguB7JrioEFUutH23DvA_t2gaUb2Kjogg2OVEYhvqqTZZm1NBm5Gw0nSre_bsiaIDyG-L8hrHCOLMgAB4l-TiKC-QPzW8CJloiaAkdbr6h8_HCkf4zFR5nvPSyKqg8=w408-h544-k-no,true,7:30 am–4 pm,Closed,Closed,7:30 am–4 pm,7:30 am–4 pm,7:30 am–4 pm,7:30 am–4 pm,"https://www.google.com/maps/search/garage+door+services+in+Mojave+Bakersfield+CA/@35.3735112,-119.0204707,14z",2025-11-07T22:55:50.352Z,,,,
https://www.google.com/maps/place/Pierce+Garage+Door+Repair/data=!4m7!3m6!1s0x80e9cb846499c5ff:0xee1326d0fae96330!8m2!3d34.3551749!4d-119.0432826!16s%2Fg%2F11vyj0_gh1!19sChIJ_8WZZITL6YARMGPp-tAmE-4,Pierce Garage Door Repair,5.0,27,Garage door supplier,"1760 Lemonwood Dr #220, Santa Paula, CA 93060, United States","9X44+3M Santa Paula, California, USA",http://www.piercegaragedoors.com/Santa-Paula-CA.html,+1 805-749-8377,Open ⋅ Closes 7 pm,https://lh3.googleusercontent.com/p/AF1QipO_55ouJn0I-ViWWmm_S1MuRNePO7XB8tLZnO2-=w408-h272-k-no,true,7 am–7 pm,7 am–7 pm,7 am–7 pm,7 am–7 pm,7 am–7 pm,7 am–7 pm,7 am–7 pm,"https://www.google.com/maps/search/garage+door+services+in+Mojave+Bakersfield+CA/@35.3735112,-119.0204707,14z",2025-11-07T22:55:55.739Z,LGBTQ+ friendly,,,true
https://www.google.com/maps/place/Tuff+Shed+Bakersfield/data=!4m7!3m6!1s0x80ea4283935b2421:0x904162568ce54cc!8m2!3d35.431612!4d-119.0720163!16s%2Fg%2F1tj3ld6m!19sChIJISRbk4NC6oARzFTOaCUWBAk,Tuff Shed Bakersfield,4.5,154,Shed builder,"2917 Unicorn Rd, Bakersfield, CA 93308, United States","CWJH+J5 Bakersfield, California, USA",http://www.tuffshed.com/bakersfield/,+1 661-393-8834,Open ⋅ Closes 7 pm,https://lh3.googleusercontent.com/gps-cs-s/AG0ilSzVTPwE3YF9jZc8huPNJ7SbECSycHSeGWIKjRo4soam8zgAVOFhbGdKwmXih_UMMZ7QXKj4KXVQB-czdfoGr6SNUm2K9R-47wLeB16AkS1vhwBWNX8lddbk16ynYxjO421iFLQdMA=w408-h544-k-no,true,10 am–7 pm,9 am–6 pm,9 am–6 pm,10 am–7 pm,10 am–7 pm,10 am–5 pm,10 am–5 pm,"https://www.google.com/maps/search/garage+door+services+in+Mojave+Bakersfield+CA/@35.3735112,-119.0204707,14z",2025-11-07T22:56:00.927Z,LGBTQ+ friendly,,,
"https://www.google.com/maps/place/ACI+-+Abate+Construction,+Inc/data=!4m7!3m6!1s0x80ea42902e0ee335:0xaea8ca79b7961a9f!8m2!3d35.3907564!4d-119.0463109!16s%2Fg%2F12m8z01j9!19sChIJNeMOLpBC6oARnxqWt3nKqK4","ACI - Abate Construction, Inc",4.4,7,General contractor,"3504 Standard St Ste 6 Suite #6, Bakersfield, CA 93308, United States","9XR3+8F Bakersfield, California, USA",https://www.acibakersfield.com/,+1 661-379-7373,Open ⋅ Closes 6:30 pm,https://lh3.googleusercontent.com/p/AF1QipPVcCGEzybwzJeDa5AA03mWfaQrlLHX--ke5xA6=w408-h320-k-no,true,9 am–6:30 pm,Closed,Closed,9 am–6:30 pm,9 am–6:30 pm,9 am–6:30 pm,9 am–6:30 pm,"https://www.google.com/maps/search/garage+door+services+in+Mojave+Bakersfield+CA/@35.3735112,-119.0204707,14z",2025-11-07T22:56:05.788Z,,,,
https://www.google.com/maps/place/Big+Brand+Tire+%26+Service/data=!4m7!3m6!1s0x80ea698c116e2e05:0x84811993df196c71!8m2!3d35.3777956!4d-119.0179756!16s%2Fg%2F1v3_2_dz!19sChIJBS5uEYxp6oARcWwZ35MZgYQ,Big Brand Tire & Service,4.8,797,Tire shop,"1401 21st St, Bakersfield, CA 93301, United States","9XHJ+4R Bakersfield, California, USA",https://www.bigbrandtire.com/locations/21st-st-bakersfield-ca?store_number=1006&utm_source=organic&utm_medium=gbp&utm_campaign=1006,+1 661-327-9921,Open ⋅ Closes 6 pm,https://lh3.googleusercontent.com/gps-cs-s/AG0ilSynaIMmtOQeD3PrlRixpcOH3uW_OlMO8u7cHRBDU-uOKtxemjC-n_POybj1n2241YwzV1NAql1iZgPYHcwWVs5SMYe7tRHlMpxIJ1Geo89uoi7hTb6Azb4DNxyeGfBEddbbTY7Fpg=w426-h240-k-no,true,8 am–6 pm,8 am–5 pm,Closed,8 am–6 pm,8 am–6 pm,8 am–6 pm,8 am–6 pm,"https://www.google.com/maps/search/garage+door+services+in+Mojave+Bakersfield+CA/@35.3735112,-119.0204707,14z",2025-11-07T22:56:11.069Z,LGBTQ+ friendly,,· In-store shopping · Kerbside pickup,
https://www.google.com/maps/place/Floyd%27s+General+Store/data=!4m7!3m6!1s0x80ea69be6abaab7f:0x7aa9a0f4eecb4802!8m2!3d35.3932972!4d-119.0178901!16s%2Fg%2F1tjdx6cl!19sChIJf6u6ar5p6oARAkjL7vSgqXo,Floyd's General Store,4.5,925,Hardware store,"3650 Chester Ave, Bakersfield, CA 93301, United States","9XVJ+8R Bakersfield, California, USA",http://www.acehardware.com/store-details/17079?utm_source=google&utm_medium=local&utm_campaign=localmaps&utm_content=17079,+1 661-327-5105,Open ⋅ Closes 7 pm,https://lh3.googleusercontent.com/gps-cs-s/AG0ilSzMmjIp12g4JX4OLfminENLGesI30_3uDBHz6DqDwqW_ZNqB7UUjWu4vXu7CIBv2fUH288Oi9D2bfVlSRDQFLJyAVQyacKI9Au-Ovv6KKCgQlaCG-iwx-lX2Tysl3y3M9-aPiU=w426-h240-k-no,true,7:30 am–7 pm,8 am–6 pm,9 am–5 pm,7:30 am–7 pm,7:30 am–7 pm,7:30 am–7 pm,7:30 am–7 pm,"https://www.google.com/maps/search/garage+door+services+in+Mojave+Bakersfield+CA/@35.3735112,-119.0204707,14z",2025-11-07T22:56:16.712Z,,,"Chain retailer stocking household tools, supplies & more (many family-run or independently owned). · In-store shopping · In-store pick-up",
https://www.google.com/maps/place/Eye+Street+Automotive/data=!4m7!3m6!1s0x80ea6992847cd981:0xfee41bf0005c810c!8m2!3d35.3818413!4d-119.0202195!16s%2Fg%2F1tdg836v!19sChIJgdl8hJJp6oARDIFcAPAb5P4,Eye Street Automotive,4.9,117,Auto repair shop,"2429 Eye St, Bakersfield, CA 93301, United States","9XJH+PW Bakersfield, California, USA",http://www.eyestreetautomotive.com/,+1 661-631-5765,Open ⋅ Closes 5 pm,https://lh3.googleusercontent.com/gps-cs-s/AG0ilSxU0A1r9cZU0vwCjtEbRYV4Cza55FwGkVJpuAz7lJ7eCqBnzVe4klRLCPDa0soulhb-ebbTqJfx1TawY6YtcoqY5tWtaeeGdQt0ZjBVQnaNEsvo3lwEYFtnrZw6XNjMMCJ2BKQU=w408-h544-k-no,true,8 am–5 pm,Closed,Closed,8 am–5 pm,8 am–5 pm,8 am–5 pm,8 am–5 pm,"https://www.google.com/maps/search/garage+door+services+in+Mojave+Bakersfield+CA/@35.3735112,-119.0204707,14z",2025-11-07T22:56:21.896Z,,,,
https://www.google.com/maps/place/Toolin%27+Around+Handyman+Services/data=!4m7!3m6!1s0x68cfc853614a4025:0xca9b4f8ec065a707!8m2!3d35.3938831!4d-119.1393134!16s%2Fg%2F11q2t4267d!19sChIJJUBKYVPIz2gRB6dlwI5Pm8o,Toolin' Around Handyman Services,4.8,93,Handyman/Handywoman/Handyperson,"3701 Piedmont Ave, Bakersfield, CA 93312, United States","9VV6+H7 Bakersfield, California, USA",https://www.toolinaroundhandyman.com/,+1 661-444-1234,Closed ⋅ Opens 8 am Mon,https://lh3.googleusercontent.com/p/AF1QipM6OboxFYG4tS9Zelz32ILF_rokqntCcj1TUd8C=w408-h307-k-no,true,Closed,Closed,Closed,8 am–5 pm,8 am–5 pm,8 am–5 pm,8 am–5 pm,"https://www.google.com/maps/search/garage+door+services+in+Mojave+Bakersfield+CA/@35.3735112,-119.0204707,14z",2025-11-07T22:56:26.872Z,,,,
https://www.google.com/maps/place/Coast+Design+%26+Build+Bakersfield/data=!4m7!3m6!1s0x80ea6b9bde9717bd:0x7767750ec0772374!8m2!3d35.3157362!4d-119.0535273!16s%2Fg%2F11qmxy_k3v!19sChIJvReX3ptr6oARdCN3wA51Z3c,Coast Design & Build Bakersfield,4.9,86,General contractor,"4300 Stine Rd #102, Bakersfield, CA 93313, United States","8W8W+7H Bakersfield, California, USA",https://coastdbbakersfield.com/?utm_campaign=gmb,+1 661-241-9799,Open ⋅ Closes 5 pm,https://lh3.googleusercontent.com/p/AF1QipMB-aZf-YLwECplq6De4kqzQHuzelhgBmHpftYz=w425-h240-k-no,true,8 am–5 pm,Closed,Closed,8 am–5 pm,8 am–5 pm,8 am–5 pm,8 am–5 pm,"https://www.google.com/maps/search/garage+door+services+in+Mojave+Bakersfield+CA/@35.3735112,-119.0204707,14z",2025-11-07T22:56:31.790Z,LGBTQ+ friendly,,,
https://www.google.com/maps/place/German+Dreams/data=!4m7!3m6!1s0x80ea6a5c599d5053:0xf1fb425e3cf27fd4!8m2!3d35.3388253!4d-119.0189107!16s%2Fg%2F11bbrmy8zv!19sChIJU1CdWVxq6oAR1H_yPF5C-_E,German Dreams,4.5,202,Auto repair shop,"1707 S Chester Ave, Bakersfield, CA 93304, United States","8XQJ+GC Bakersfield, California, USA",http://germandreamsperformance.com/,+1 661-436-1930,Open ⋅ Closes 5 pm,https://lh3.googleusercontent.com/gps-cs-s/AG0ilSw0ua8CpT9qRUuHuuDn-8yxWbPQDPLrNS-GedTEBcUMSFzFRS0TYpEQYRZwPAu4_O2lVwSkAarNitwRn0vWDdYEqqhLRCJ7zB1CS9d2jk-ip4sZTQhQEMHeUjXcVr6iC1os1vIZng=w408-h307-k-no,true,8 am–5 pm,Closed,Closed,8 am–5 pm,8 am–5 pm,8 am–5 pm,8 am–5 pm,"https://www.google.com/maps/search/garage+door+services+in+Mojave+Bakersfield+CA/@35.3735112,-119.0204707,14z",2025-11-07T22:56:37.002Z,,,,
https://www.google.com/maps/place/West+Coast+Overhead+Door/data=!4m7!3m6!1s0x80e9cc457ce558cd:0x8a35b892d72b0e0!8m2!3d34.398682!4d-118.908323!16s%2Fg%2F1t_wpnsw!19sChIJzVjlfEXM6YAR4LByLYlbowg,West Coast Overhead Door,4.8,21,Garage door supplier,"262 Santa Clara St, Fillmore, CA 93015, United States","93XR+FM Fillmore, California, USA",http://www.wcoverheaddoor.com/,+1 805-815-2255,Open ⋅ Closes 5 pm,https://lh3.googleusercontent.com/gps-cs-s/AG0ilSzl5lIk7qckS63Zc91imAdiX70xrAQy8aMgG8PbxpEqBINu5qkKYJNYdKDvvL67NUIXgGk3FibgtsavRmPXXM_kQ0p-ZR-sHh9z1UGS6bj-msmfZqxaP3rX5X8Ga9GA5H9koDW_=w408-h294-k-no,true,8 am–5 pm,9 am–2 pm,Closed,8 am–5 pm,8 am–5 pm,8 am–5 pm,8 am–5 pm,"https://www.google.com/maps/search/garage+door+services+in+Mojave+Bakersfield+CA/@35.3735112,-119.0204707,14z",2025-11-07T22:56:41.924Z,,,,
https://www.google.com/maps/place/ASAP+Garage+Door+Repair+and+Gate/data=!4m7!3m6!1s0x80c287417a360167:0x655805be13dda149!8m2!3d34.3833014!4d-118.515198!16s%2Fg%2F11_tzhpb6!19sChIJZwE2ekGHwoARSaHdE74FWGU,ASAP Garage Door Repair and Gate,4.9,380,Garage door supplier,,,http://www.repairgaragesantaclarita.com/,+1 661-210-4022,Open 24 hours,https://lh3.googleusercontent.com/p/AF1QipOnoYefxtB35wqUeQpRkCOq-C8Y2t7F38-Kd36C=w408-h306-k-no,true,Open 24 hours,Open 24 hours,Open 24 hours,Open 24 hours,Open 24 hours,Open 24 hours,Open 24 hours,"https://www.google.com/maps/search/garage+door+services+in+Mojave+Bakersfield+CA/@35.3735112,-119.0204707,14z",2025-11-07T22:56:46.665Z,,,,
https://www.google.com/maps/place/Dewey+Pest+%26+Termite+Control/data=!4m7!3m6!1s0x80ea6986073eb135:0xed07b496b9fa39b3!8m2!3d35.3789207!4d-119.0104397!16s%2Fg%2F1tfpp_qw!19sChIJNbE-B4Zp6oARszn6uZa0B-0,Dewey Pest & Termite Control,4.6,558,Pest control service,"2138 Q St, Bakersfield, CA 93301, United States","9XHQ+HR Bakersfield, California, USA",https://deweypest.com/location/bakersfield/?utm_source=gbplistings&utm_medium=organic&utm_campaign=bakersfield,+1 661-327-1433,Open ⋅ Closes 12 am,https://lh3.googleusercontent.com/p/AF1QipMWoBe1UZf0ihGxXufziUYiUvKQmpgZnlbzLbOq=w408-h272-k-no,true,Open 24 hours,Closed,Closed,Open 24 hours,Open 24 hours,Open 24 hours,Open 24 hours,"https://www.google.com/maps/search/garage+door+services+in+Mojave+Bakersfield+CA/@35.3735112,-119.0204707,14z",2025-11-07T22:56:51.585Z,,,,
https://www.google.com/maps/place/Autocity+Customs+Inc/data=!4m7!3m6!1s0x80ea439a92e18b59:0x20b11a558399f72d!8m2!3d35.3815719!4d-119.0748698!16s%2Fg%2F11h02l8wgl!19sChIJWYvhkppD6oARLfeZg1UasSA,Autocity Customs Inc,4.3,11,Auto body shop,"2429 Fruitvale Ave STE 7, Bakersfield, CA 93308, United States","9WJG+J3 Bakersfield, California, USA",,+1 661-520-8996,Open ⋅ Closes 4 pm,https://lh3.googleusercontent.com/p/AF1QipNNVh9Zv8Nc_kPAOT6TNAR8dQNtdgwoJy7SqT8=w408-h544-k-no,true,8 am–4 pm,8 am–12 pm,Closed,8 am–4 pm,8 am–4 pm,8 am–4 pm,8 am–4 pm,"https://www.google.com/maps/search/garage+door+services+in+Mojave+Bakersfield+CA/@35.3735112,-119.0204707,14z",2025-11-07T22:56:56.506Z,,,,
https://www.google.com/maps/place/Best+price+garage+door+and+repair+company/data=!4m7!3m6!1s0x80c25d76d623508f:0x25fc58e858019113!8m2!3d34.6832649!4d-118.2094257!16s%2Fg%2F11h7w_xhy8!19sChIJj1Aj1nZdwoARE5EBWOhY_CU,Best price garage door and repair company,4.2,5,Garage door supplier,"4422 Ave J7, Lancaster, CA 93536, United States","MQMR+86 Lancaster, California, USA",http://bpgaragedoorrepair.com/?utm_source=gmb&utm_medium=referral,+1 661-365-1884,Open ⋅ Closes 6 pm,https://lh3.googleusercontent.com/p/AF1QipOFMKiLrGFT-ojQW2cXbxWseaVPXlqHOkdIiQ8=w426-h240-k-no,true,7 am–6 pm,7 am–5 pm,7 am–4 pm,7 am–6 pm,7 am–6 pm,7 am–6 pm,7 am–6 pm,"https://www.google.com/maps/search/garage+door+services+in+Mojave+Bakersfield+CA/@35.3735112,-119.0204707,14z",2025-11-07T22:57:01.668Z,,,,
,,,,,,,,,,,,,,,,,,,"https://www.google.com/maps/search/garage+door+services+in+Pinon+Hills+Bakersfield+CA/@35.4161586,-119.0971447,14z",2025-11-07T22:57:18.932Z,,No new results found,,
https://www.google.com/maps/place/Da+General+Contractors/data=!4m7!3m6!1s0x80ea41dd8d7b3207:0xce7c4941964fac38!8m2!3d35.3193948!4d-119.0731207!16s%2Fg%2F11md0ssqdp!19sChIJBzJ7jd1B6oAROKxPlkFJfM4,Da General Contractors,5.0,14,General contractor,"6300 White Ln 1st floor ste t, Bakersfield, CA 93309, United States","8W9G+QQ Bakersfield, California, USA",https://dageneralcontractorsinc.com/,+1 661-927-4947,Open ⋅ Closes 11 pm,https://lh3.googleusercontent.com/p/AF1QipP3rS4yEVV5b1m5Xz-fHy5SGU_kToX6fTfW7L1W=w408-h272-k-no,true,6 am–11 pm,6 am–11 pm,6 am–11 pm,6 am–11 pm,6 am–11 pm,6 am–11 pm,6 am–11 pm,"https://www.google.com/maps/search/garage+door+services+in+Bear+Valley+Springs+Bakersfield+CA/@35.3225319,-119.041955,14z",2025-11-07T22:57:49.633Z,,,,
https://www.google.com/maps/place/California+Home+Outlet/data=!4m7!3m6!1s0x80c29d559e378491:0x259bb11cd107823d!8m2!3d35.3113822!4d-119.0558471!16s%2Fg%2F11j00rht57!19sChIJkYQ3nlWdwoARPYIH0RyxmyU,California Home Outlet,4.2,11,Home improvement store,"4808 Stine Rd, Bakersfield, CA 93313, United States","8W6V+HM Bakersfield, California, USA",,+1 661-437-1661,Open ⋅ Closes 6 pm,https://streetviewpixels-pa.googleapis.com/v1/thumbnail?panoid=jQCU1LIEX2zcDQmzXtTdeA&cb_client=search.gws-prod.gps&w=408&h=240&yaw=92.07521&pitch=0&thumbfov=100,true,10 am–6 pm,10 am–6 pm,Closed,10 am–6 pm,10 am–6 pm,10 am–6 pm,10 am–6 pm,"https://www.google.com/maps/search/garage+door+services+in+Bear+Valley+Springs+Bakersfield+CA/@35.3225319,-119.041955,14z",2025-11-07T22:57:54.712Z,,,· In-store pick-up · Delivery,
https://www.google.com/maps/place/Hector%27s+Iron+Painting+%26+Wrought+Iron+Co/data=!4m7!3m6!1s0x80eafa86ae1f791b:0x4d9543a4df03200e!8m2!3d35.305852!4d-119.0480449!16s%2Fg%2F11bxc5q7_2!19sChIJG3kfrob66oARDiAD36RDlU0,Hector's Iron Painting & Wrought Iron Co,4.8,39,Painter,"4101 De Ette Ave, Bakersfield, CA 93313, United States","8X42+8Q Bakersfield, California, USA",,+1 661-667-3276,Open ⋅ Closes 6 pm,https://lh3.googleusercontent.com/p/AF1QipMVIImwGpOD6KW4hlvjXweZQLAe0PO8HBVGy7rx=w427-h240-k-no,true,6 am–6 pm,6 am–6 pm,6 am–6 pm,6 am–6 pm,6 am–6 pm,6 am–6 pm,6 am–6 pm,"https://www.google.com/maps/search/garage+door+services+in+Bear+Valley+Springs+Bakersfield+CA/@35.3225319,-119.041955,14z",2025-11-07T22:57:59.692Z,,,,
https://www.google.com/maps/place/Great+Steel+Contracting+Company/data=!4m7!3m6!1s0x80ea41610d82d36d:0xd0080882dd91bc8f!8m2!3d35.3159876!4d-119.0718567!16s%2Fg%2F11gxxfhtpv!19sChIJbdOCDWFB6oARj7yR3YIICNA,Great Steel Contracting Company,5.0,7,Home builder,"6201 Schirra Ct STE 6, Bakersfield, CA 93313, United States","8W8H+97 Bakersfield, California, USA",https://www.greatsteelco.com/,+1 661-428-7457,Open ⋅ Closes 5 pm,https://lh3.googleusercontent.com/p/AF1QipNW2xbdFU8l4aumVworCW8HRziOr6GfbEItfmIY=w451-h240-k-no,true,8 am–5 pm,8 am–5 pm,8 am–5 pm,8 am–5 pm,8 am–5 pm,8 am–5 pm,8 am–5 pm,"https://www.google.com/maps/search/garage+door+services+in+Bear+Valley+Springs+Bakersfield+CA/@35.3225319,-119.041955,14z",2025-11-07T22:58:04.608Z,,,,
https://www.google.com/maps/place/Habitat+For+Humanity+ReStore/data=!4m7!3m6!1s0x80ea4032387d2a4f:0xb9cc2a5b85756687!8m2!3d35.3171533!4d-119.0591552!16s%2Fg%2F11c1tzxv8q!19sChIJTyp9ODJA6oARh2Z1hVsqzLk,Habitat For Humanity ReStore,4.3,652,Home goods store,"5101 White Ln, Bakersfield, CA 93309, United States","8W8R+V8 Bakersfield, California, USA",http://www.habitatkerncounty.org/,+1 661-282-8090,Open ⋅ Closes 7 pm,https://lh3.googleusercontent.com/gps-cs-s/AG0ilSxjLP-03HGmlpdHN8vw9ZsCFxbbPeED0-oJlal4sCr2aLHDs_HEIgmpJHNpFbquDRGWgN35gI4OwxEvpdCDbxv1zDWuakCd8O6cs-weF50rE-ugKV-K3hr-58ckJC43Yj-u_MnI=w426-h240-k-no,true,9 am–7 pm,9 am–5 pm,9 am–5 pm,9 am–5 pm,9 am–7 pm,9 am–7 pm,9 am–7 pm,"https://www.google.com/maps/search/garage+door+services+in+Bear+Valley+Springs+Bakersfield+CA/@35.3225319,-119.041955,14z",2025-11-07T22:58:10.046Z,LGBTQ+ friendly,,· In-store shopping · In-store pick-up,
https://www.google.com/maps/place/Garza+Remodeling/data=!4m7!3m6!1s0x4b592bc496acfc5d:0x886e8cb499cf3820!8m2!3d35.4419624!4d-119.132294!16s%2Fg%2F11sd9rtftw!19sChIJXfyslsQrWUsRIDjPmbSMbog,Garza Remodeling,5.0,34,Remodeler,,,,+1 661-378-4833,Open ⋅ Closes 4:30 pm,https://lh3.googleusercontent.com/p/AF1QipMRA8mK6WmcyF3t8dsWTxhm2psFQ1IBrFUQwxZO=w408-h544-k-no,true,7 am–4:30 pm,7 am–2 pm,Closed,7 am–4:30 pm,7 am–4:30 pm,7 am–4:30 pm,7 am–4:30 pm,"https://www.google.com/maps/search/garage+door+services+in+Bear+Valley+Springs+Bakersfield+CA/@35.3225319,-119.041955,14z",2025-11-07T22:58:15.017Z,Identifies as Latino-owned,,,
"https://www.google.com/maps/place/DIY+Depot+-+Kitchen+Cabinets,+Bathroom+Vanities,+Flooring+and+Lighting/data=!4m7!3m6!1s0x80ea4036826aaaab:0x1f04e7d6638c834a!8m2!3d35.3150132!4d-119.0859004!16s%2Fg%2F11f4r8x4g9!19sChIJq6pqgjZA6oARSoOMY9bnBB8","DIY Depot - Kitchen Cabinets, Bathroom Vanities, Flooring and Lighting",4.1,20,Home improvement store,"4308 Resnik Ct Ste 205, Bakersfield, CA 93313, United States","8W87+2J Bakersfield, California, USA",https://diydepotusa.com/,+1 661-412-3248,Open ⋅ Closes 7 pm,https://lh3.googleusercontent.com/p/AF1QipNW6bYnf4HA5_qIPAmYcBPilgrQP_apedx0xoY3=w408-h306-k-no,true,9 am–7 pm,9 am–7 pm,Closed,9 am–7 pm,9 am–7 pm,9 am–7 pm,9 am–7 pm,"https://www.google.com/maps/search/garage+door+services+in+Bear+Valley+Springs+Bakersfield+CA/@35.3225319,-119.041955,14z",2025-11-07T22:58:20.161Z,LGBTQ+ friendly,,· In-store shopping · In-store pick-up · Delivery,
https://www.google.com/maps/place/Home+Services+at+The+Home+Depot/data=!4m7!3m6!1s0x80ea405525343461:0xbf640f1fa1b8d299!8m2!3d35.3118509!4d-119.0899622!16s%2Fg%2F11bwynx_5k!19sChIJYTQ0JVVA6oARmdK4oR8PZL8,Home Services at The Home Depot,2.0,1,Contractor,"4700 Gosford Rd, Bakersfield, CA 93313, United States","8W66+P2 Bakersfield, California, USA",https://www.homedepot.com/l/SW-Bakersfield/CA/Bakersfield/93313/6687/services?emt=HSGMBGoogleMaps,+1 844-476-2140,Open ⋅ Closes 10 pm,https://lh3.googleusercontent.com/p/AF1QipPDW_MSCRjo4ObMx4ndF3N4iglS69ruwcSbFiAB=w408-h272-k-no,true,6 am–10 pm,6 am–10 pm,7 am–8 pm,6 am–10 pm,6 am–10 pm,6 am–10 pm,6 am–10 pm,"https://www.google.com/maps/search/garage+door+services+in+Bear+Valley+Springs+Bakersfield+CA/@35.3225319,-119.041955,14z",2025-11-07T22:58:25.029Z,,,,
https://www.google.com/maps/place/Brainy+Actz+Escape+Rooms+-+Bakersfield/data=!4m7!3m6!1s0x80ea41508b8bef2d:0xc32f9c70609031a4!8m2!3d35.3140536!4d-119.0675742!16s%2Fg%2F11h_t2vfmt!19sChIJLe-Li1BB6oARpDGQYHCcL8M,Brainy Actz Escape Rooms - Bakersfield,4.8,649,Escape room center,"5880 District Blvd STE 23, Bakersfield, CA 93313, United States","8W7J+JX Bakersfield, California, USA",https://www.brainyactzescaperooms.com/bakersfield-ca/,+1 661-858-6608,Open ⋅ Closes 12 am,https://lh3.googleusercontent.com/p/AF1QipOpUo3NJ3gBYjsyEmmsgY10sEqjHWWO3SH7bQcg=w426-h240-k-no,true,11 am–12 am,11 am–12 am,12 pm–12 am,12 pm–12 am,12 pm–12 am,12 pm–12 am,12 pm–12 am,"https://www.google.com/maps/search/garage+door+services+in+Bear+Valley+Springs+Bakersfield+CA/@35.3225319,-119.041955,14z",2025-11-07T22:58:37.492Z,LGBTQ+ friendly,,,
https://www.google.com/maps/place/DTIS+DIESEL+LLC+-+Diesel+Parts/data=!4m7!3m6!1s0x80ea6a9b22701db1:0x49ec066a49e01733!8m2!3d35.3391295!4d-119.0084545!16s%2Fg%2F11c521j85k!19sChIJsR1wIptq6oARMxfgSWoG7Ek,DTIS DIESEL LLC - Diesel Parts,4.4,209,Truck parts supplier,"521 Ming Ave, Bakersfield, CA 93307, United States","8XQR+MJ Bakersfield, California, USA",https://dtisparts.com/,+1 661-398-0000,,https://lh3.googleusercontent.com/gps-cs-s/AG0ilSxPgjm0aVIy0Db_OiUGnouiUsOsOa3BGAERjScCVFKC86Flp5JWwORcUVndmQpgbWuZYexk5a-LmeWdOFkwJdebE05fUhX7w9tWnurFzR1QmFBXyiIYxOU-cV-5_n32DSU0OmKN=w426-h240-k-no,true,Open 24 hours,Open 24 hours,Open 24 hours,Open 24 hours,Open 24 hours,Open 24 hours,Open 24 hours,"https://www.google.com/maps/search/garage+door+services+in+Bear+Valley+Springs+Bakersfield+CA/@35.3225319,-119.041955,14z",2025-11-07T22:58:42.714Z,,,· In-store shopping · Kerbside pickup · Delivery,
https://www.google.com/maps/place/Cycle+Gear/data=!4m7!3m6!1s0x80ea69ed6057d74f:0xa849d20c02846352!8m2!3d35.3386075!4d-119.0472849!16s%2Fg%2F1pp2vbpzg!19sChIJT9dXYO1p6oARUmOEAgzSSag,Cycle Gear,4.8,995,Motorcycle shop,"3915 Ming Ave, Bakersfield, CA 93309, United States","8XQ3+C3 Bakersfield, California, USA",https://www.cyclegear.com/stores/cycle-gear-bakersfield-california-store-24,+1 661-831-2026,Open ⋅ Closes 7 pm,https://lh3.googleusercontent.com/p/AF1QipNmr3bZDL9frZRilS9lfNgZdjHNilO96mLJPo68=w426-h240-k-no,true,10 am–7 pm,10 am–6 pm,10 am–6 pm,10 am–7 pm,10 am–7 pm,10 am–7 pm,10 am–7 pm,"https://www.google.com/maps/search/garage+door+services+in+Bear+Valley+Springs+Bakersfield+CA/@35.3225319,-119.041955,14z",2025-11-07T22:58:47.881Z,,,Retail chain selling motorcycle parts along with related clothing & accessories. · In-store shopping · Kerbside pickup,
https://www.google.com/maps/place/Kern+County+Custom+Concrete+inc/data=!4m7!3m6!1s0x80ea6c06eccde54b:0x3b719084e8680bf9!8m2!3d35.3834414!4d-118.9485074!16s%2Fg%2F126390d0v!19sChIJS-XN7AZs6oAR-Qto6ISQcTs,Kern County Custom Concrete inc,5.0,50,Concrete contractor,"4916 College Ave, Bakersfield, CA 93306, United States","93M2+9H Bakersfield, California, USA",http://kerncountycustomconcreteinc.com/,+1 661-378-2676,Open ⋅ Closes 5:30 pm,https://lh3.googleusercontent.com/gps-cs-s/AG0ilSwkuawKK4opcHpJXReard7ikB9hl1qBUvjFMa9ACQe3YlytiKb8YHcBJHFHVZIMCYlHRcL4PcSxQ4e-f5scpex7nJwXKEh6zLJmpiccbweTGCz4AZVyCN3YAnvJRleT3Rs1cl2sjA=w426-h240-k-no,true,8 am–5:30 pm,8 am–2 pm,8 am–1 pm,8 am–5:30 pm,8 am–5:30 pm,8 am–5:30 pm,8 am–5:30 pm,"https://www.google.com/maps/search/garage+door+services+in+Pine+Mountain+Club+Bakersfield+CA/@35.3735112,-119.0204707,14z",2025-11-07T22:59:19.434Z,,,,
https://www.google.com/maps/place/Four+Points+by+Sheraton+Bakersfield/data=!4m7!3m6!1s0x80ea41f793737f8d:0x3c2cbd1f988c06f7!8m2!3d35.3602771!4d-119.0591022!16s%2Fg%2F1vsprtjf!19sChIJjX9zk_dB6oAR9waMmB-9LDw,Four Points by Sheraton Bakersfield,3.8,1299,,"5101 California Ave, Bakersfield, CA 93309, United States","9W6R+49 Bakersfield, California, USA",https://www.marriott.com/en-us/hotels/bflfp-four-points-bakersfield/overview/?scid=f2ae0541-1279-4f24-b197-a979c79310b0,+1 661-325-9700,,https://lh3.googleusercontent.com/p/AF1QipOfPdhROHWbSYEqsXgZ7ocdRg0NYUej6eoGay2t=w408-h272-k-no,true,,,,,,,,"https://www.google.com/maps/search/garage+door+services+in+Pine+Mountain+Club+Bakersfield+CA/@35.3735112,-119.0204707,14z",2025-11-07T22:59:22.848Z,,,,
"https://www.google.com/maps/place/Dignity+Health+Arena,+Theater+and+Convention+Center/data=!4m7!3m6!1s0x80ea6a279667700f:0x1c05bd295bab8112!8m2!3d35.372296!4d-119.012967!16s%2Fm%2F0gjd1g2!19sChIJD3Bnlidq6oAREoGrWym9BRw","Dignity Health Arena, Theater and Convention Center",4.5,4097,Convention center,"1001 Truxtun Ave, Bakersfield, CA 93301, United States","9XCP+WR Bakersfield, California, USA",,+1 661-852-7300,Open ⋅ Closes 4 pm,https://lh3.googleusercontent.com/p/AF1QipN_AXloKcLC9phBMtvM50JYUGlaiKGaZG9FO79s=w459-h240-k-no,true,12–4 pm,Closed,Closed,12–4 pm,12–4 pm,12–4 pm,12–4 pm,"https://www.google.com/maps/search/garage+door+services+in+Pine+Mountain+Club+Bakersfield+CA/@35.3735112,-119.0204707,14z",2025-11-07T22:59:28.115Z,,,Convention center hosts an extensive roster of entertainment from boxing matches to Jerry Seinfeld.,
https://www.google.com/maps/place/Fit+Movers/data=!4m7!3m6!1s0x80ea69b04611ceaf:0x88da8f19f6eed9e1!8m2!3d35.3777619!4d-119.0197379!16s%2Fg%2F11mk6bs8c8!19sChIJr84RRrBp6oAR4dnu9hmP2og,Fit Movers,4.8,242,Moving company,"2020 Eye St PMB 116, Bakersfield, CA 93301, United States","9XHJ+44 Bakersfield, California, USA",https://fitmoversllc.com/ca/bakersfield-movers/?utm_source=google&utm_medium=organic&utm_campaign=BakersfieldGBP,+1 661-525-3414,Open ⋅ Closes 5 pm,https://lh3.googleusercontent.com/p/AF1QipNAxX7NUvDcWmYDlKEOe2jfidFd9FBqRi46Xgqj=w426-h240-k-no,true,9 am–5 pm,9 am–5 pm,Closed,9 am–5 pm,9 am–5 pm,9 am–5 pm,9 am–5 pm,"https://www.google.com/maps/search/garage+door+services+in+Pine+Mountain+Club+Bakersfield+CA/@35.3735112,-119.0204707,14z",2025-11-07T22:59:33.545Z,,,,true
https://www.google.com/maps/place/Ark+Ranch+Construction+Inc./data=!4m7!3m6!1s0x80ea6bb7a6140001:0xfc5f5287342509a0!8m2!3d35.3569862!4d-118.9899201!16s%2Fg%2F11j03bt5cp!19sChIJAQAUprdr6oARoAklNIdSX_w,Ark Ranch Construction Inc.,5.0,1,General contractor,"126 Northrup St, Bakersfield, CA 93307, United States","9246+Q2 Bakersfield, California, USA",http://wwwarkranchconstruction.com/,+1 661-912-9209,Open ⋅ Closes 4 pm,https://lh3.googleusercontent.com/p/AF1QipPbzapLR0ijzvCaziPrSl6k9wa0oS5zjzbh0tnQ=w408-h306-k-no,true,7 am–4 pm,Closed,Closed,7 am–4 pm,7 am–4 pm,7 am–4 pm,7 am–4 pm,"https://www.google.com/maps/search/garage+door+services+in+Pine+Mountain+Club+Bakersfield+CA/@35.3735112,-119.0204707,14z",2025-11-07T22:59:38.693Z,,,,
"https://www.google.com/maps/place/Oxley+Pest+Control,+Inc./data=!4m7!3m6!1s0x80ea6996aaaaaaab:0x197780ea25e527a6!8m2!3d35.3903096!4d-119.012305!16s%2Fg%2F1pp2wzq32!19sChIJq6qqqpZp6oARpiflJeqAdxk","Oxley Pest Control, Inc.",4.6,121,Pest control service,"915 34th St, Bakersfield, CA 93301, United States","9XRQ+43 Bakersfield, California, USA",https://www.oxleypest.com/?utm_source=GMB&utm_medium=organic&utm_campaign=bakersfield,+1 661-325-2687,Open ⋅ Closes 5 pm,https://lh3.googleusercontent.com/p/AF1QipMxH3TUBXAbC_LhHC_7KGNOWvV7I4x_jBpgW_vX=w491-h240-k-no,true,8 am–5 pm,Closed,Closed,8 am–5 pm,8 am–5 pm,8 am–5 pm,8 am–5 pm,"https://www.google.com/maps/search/garage+door+services+in+Pine+Mountain+Club+Bakersfield+CA/@35.3735112,-119.0204707,14z",2025-11-07T22:59:43.908Z,,,,
https://www.google.com/maps/place/Installation+Services/data=!4m7!3m6!1s0x80ea6942fa555555:0x14cb1c690e9ddfc1!8m2!3d35.3958873!4d-118.9734525!16s%2Fg%2F11f5h372gh!19sChIJVVVV-kJp6oARwd-dDmkcyxQ,Installation Services,,,Contractor,"1601 Columbus St, Bakersfield, CA 93305, United States","92WG+9J Bakersfield, California, USA",https://www.lowes.com/l/lowes-home-services.html?cm_mmc=lod-_-c-_-lcl-_-ext-_-yxt-_-go-_-2424-_-na-_-0-_-0,,,https://lh3.googleusercontent.com/p/AF1QipNZjOSh_f9mTBCP81fuqdzodF7oV2FGO2awjJ-9=w408-h271-k-no,true,,,,,,,,"https://www.google.com/maps/search/garage+door+services+in+Pine+Mountain+Club+Bakersfield+CA/@35.3735112,-119.0204707,14z",2025-11-07T22:59:46.566Z,,,,
,,,,,,,,,,,,,,,,,,,"https://www.google.com/maps/search/garage+door+services+in+Weldon+Bakersfield+CA/@35.4055838,-119.083323,14z",2025-11-07T23:00:10.656Z,,No new results found,,