placeUrl,title,rating,reviewCount,category,address,plusCode,website,phoneNumber,currentStatus,imgUrl,isClaimed,wednesday,thursday,friday,saturday,sunday,monday,tuesday,query,timestamp,info,error,isBlackOwned
https://www.google.com/maps/place/Excelcare+at+the+Pines/data=!4m7!3m6!1s0x89c0efdb7507f2c3:0x46c0756c54735a0c!8m2!3d39.3690118!4d-74.4145295!16s%2Fg%2F11s78gxzc5!19sChIJw_IHddvvwIkRDFpzVGx1wEY,Excelcare at the Pines,4.3,64,Nursing home,"29 N Vermont Ave, Atlantic City, NJ 08401, United States","9H9P+J5 Atlantic City, New Jersey, USA",http://excelcarepines.com/,+1 609-344-8900,Open 24 hours,https://streetviewpixels-pa.googleapis.com/v1/thumbnail?panoid=VrqGoh-dSLEtwor9-pbzJw&cb_client=search.gws-prod.gps&w=408&h=240&yaw=93.827095&pitch=0&thumbfov=100,true,Open 24 hours,Open 24 hours,Open 24 hours,Open 24 hours,Open 24 hours,Open 24 hours,Open 24 hours,"https://www.google.com/maps/search/Hospice+clinics+in+Atlantic+City+Atlantic+City+NJ/@39.3636917,-74.4291041,14z",2025-09-17T23:25:58.789Z,,,
"https://www.google.com/maps/place/AtlantiCare+Regional+Medical+Center,+Atlantic+City+Campus/data=!4m7!3m6!1s0x89c0ee41e37084e9:0x5ce08eddfee7b03c!8m2!3d39.3582822!4d-74.4343139!16s%2Fg%2F1tdg8q2y!19sChIJ6YRw40HuwIkRPLDn_t2O4Fw","AtlantiCare Regional Medical Center, Atlantic City Campus",2.8,308,General hospital,"1925 Pacific Ave, Atlantic City, NJ 08401, United States","9H58+87 Atlantic City, New Jersey, USA",https://www.atlanticare.org/,+1 609-345-4000,,https://lh3.googleusercontent.com/p/AF1QipO5vDoFLF4M8h6_SjZ8KJRZ6vsbQNhymQ5OnjnJ=w426-h240-k-no,true,Open 24 hours,Open 24 hours,Open 24 hours,Open 24 hours,Open 24 hours,Open 24 hours,Open 24 hours,"https://www.google.com/maps/search/Hospice+clinics+in+Atlantic+City+Atlantic+City+NJ/@39.3636917,-74.4291041,14z",2025-09-17T23:26:03.762Z,,,
"https://www.google.com/maps/place/Robin+L+Westcott,+APN/data=!4m7!3m6!1s0x89c0ef5920c3d211:0x439296c36d0314ea!8m2!3d39.3625686!4d-74.4287878!16s%2Fg%2F11xdtgnc0j!19sChIJEdLDIFnvwIkR6hQDbcOWkkM","Robin L Westcott, APN",,,Hospice,"1401 Atlantic Ave # 2500, Atlantic City, NJ 08401, United States","9H7C+2F Atlantic City, New Jersey, USA",https://providers.atlanticare.org/provider/Robin+L+Westcott/1161837,+1 609-572-8333,Closed ⋅ Opens 8 am Thu,https://streetviewpixels-pa.googleapis.com/v1/thumbnail?panoid=Zoy8ibNIOd5W-vUs3oAuFg&cb_client=search.gws-prod.gps&w=408&h=240&yaw=68.86371&pitch=0&thumbfov=100,true,8 am–6 pm,8 am–6 pm,8 am–5 pm,Closed,Closed,8 am–6 pm,8 am–6 pm,"https://www.google.com/maps/search/Hospice+clinics+in+Atlantic+City+Atlantic+City+NJ/@39.3636917,-74.4291041,14z",2025-09-17T23:26:07.984Z,,,
"https://www.google.com/maps/place/AtlantiCare+Health+Services,+Health+Center,+Atlantic+City/data=!4m7!3m6!1s0x89c0ee38a635bf3b:0xc28313b05e74ce9b!8m2!3d39.3625347!4d-74.4289136!16s%2Fg%2F1q64d80sx!19sChIJO781pjjuwIkRm850XrATg8I","AtlantiCare Health Services, Health Center, Atlantic City",,,Specialized clinic,"1401 Atlantic Ave, Atlantic City, NJ 08401, United States","9H7C+2C Atlantic City, New Jersey, USA",https://www.atlanticare.org/location/atlanticare-special-care-center-healthplex-atlantic-city?utm_source=local-listing&utm_medium=organic&utm_campaign=website-link,+1 609-572-8800,Closed ⋅ Opens 9:30 am Thu,https://streetviewpixels-pa.googleapis.com/v1/thumbnail?panoid=Zoy8ibNIOd5W-vUs3oAuFg&cb_client=search.gws-prod.gps&w=408&h=240&yaw=68.58669&pitch=0&thumbfov=100,true,9:30 am–5 pm,9:30 am–5 pm,9:30 am–5 pm,Closed,Closed,9:30 am–5 pm,9:30 am–7 pm,"https://www.google.com/maps/search/Hospice+clinics+in+Atlantic+City+Atlantic+City+NJ/@39.3636917,-74.4291041,14z",2025-09-17T23:26:12.746Z,,,
https://www.google.com/maps/place/AtlantiCare/data=!4m7!3m6!1s0x89c0ee47580ccd23:0x67fd10cfd547b24c!8m2!3d39.3625962!4d-74.4286546!16s%2Fg%2F11ghpc9ry1!19sChIJI80MWEfuwIkRTLJH1c8Q_Wc,AtlantiCare,1.6,7,General hospital,"1401 Atlantic Ave, Atlantic City, NJ 08401, United States","9H7C+2G Atlantic City, New Jersey, USA",https://www.atlanticare.org/location/atlanticare-regional-medical-center-atlantic-city-campus,+1 609-441-2104,,https://streetviewpixels-pa.googleapis.com/v1/thumbnail?panoid=Zoy8ibNIOd5W-vUs3oAuFg&cb_client=search.gws-prod.gps&w=408&h=240&yaw=69.570816&pitch=0&thumbfov=100,false,,,,,,,,"https://www.google.com/maps/search/Hospice+clinics+in+Atlantic+City+Atlantic+City+NJ/@39.3636917,-74.4291041,14z",2025-09-17T23:26:15.146Z,,,
https://www.google.com/maps/place/Atlanticare/data=!4m7!3m6!1s0x89c0ee4222bde9bb:0x2cb8f0bb1ac5483a!8m2!3d39.3583681!4d-74.4348484!16s%2Fg%2F11g6lx8xm0!19sChIJu-m9IkLuwIkROkjFGrvwuCw,Atlanticare,1.7,6,Hospital,"1972 Atlantic Ave, Atlantic City, NJ 08401, United States","9H58+83 Atlantic City, New Jersey, USA",https://www.atlanticare.org/locations/atlanticare-regional-medical-center-atlantic-city-campus,+1 609-345-4000,Open 24 hours,https://lh3.googleusercontent.com/gps-cs-s/AC9h4nrI7hh7G1m1hVyMAbGETAohlOQrjWC_bRvf_pkeOVa7xVrbMMZCvE9bf4TH1MFuM4ZXA-SWJwqO6zjZZAltITl8HisS5-dYp6m0JmbpQFrgZCQQg9uAmumUm5LihjUTtV6OdmI=w408-h541-k-no,false,Open 24 hours,Open 24 hours,Open 24 hours,Open 24 hours,Open 24 hours,Open 24 hours,Open 24 hours,"https://www.google.com/maps/search/Hospice+clinics+in+Atlantic+City+Atlantic+City+NJ/@39.3636917,-74.4291041,14z",2025-09-17T23:26:19.629Z,,,
https://www.google.com/maps/place/Atlanticare/data=!4m7!3m6!1s0x89c0ee44cefcc917:0xed4627ef1cfba602!8m2!3d39.3650233!4d-74.4399933!16s%2Fg%2F1tj53hpb!19sChIJF8n8zkTuwIkRAqb7HO8nRu0,Atlanticare,5.0,1,Medical clinic,"2009 Bacharach Blvd, Atlantic City, NJ 08401, United States","9H86+22 Atlantic City, New Jersey, USA",http://www.atlanticare.org/,+1 609-344-5714,Closed ⋅ Opens 8 am Thu,https://lh3.googleusercontent.com/gps-cs-s/AC9h4nqJamrIVObho5rXoVZua-XSL_LLCiWjfIy3hlMLvWnGc9HUKG8yhdfgacUUe7qPTotsd50bTepdlf40gZGSGnaLcx7YNw-xlPx5ZZJNMXGK1gMRnT4zxzH2LPcpdzqc6ZHuZQQHfw=w408-h544-k-no,false,8 am–4:30 pm,8 am–4:30 pm,8 am–4:30 pm,Closed,Closed,8 am–4:30 pm,8 am–4:30 pm,"https://www.google.com/maps/search/Hospice+clinics+in+Atlantic+City+Atlantic+City+NJ/@39.3636917,-74.4291041,14z",2025-09-17T23:26:23.997Z,,,
https://www.google.com/maps/place/Heartland+Hospice/data=!4m7!3m6!1s0x89c0e99176399ba5:0xcada870624145fc3!8m2!3d39.3675167!4d-74.5634918!16s%2Fg%2F1td9x09v!19sChIJpZs5dpHpwIkRw18UJAaH2so,Heartland Hospice,5.0,27,Hospice,"2111 New Rd #100, Northfield, NJ 08225, United States","9C9P+2J Northfield, New Jersey, USA",http://heartlandhospice.com/,+1 609-641-4675,Open 24 hours,https://lh3.googleusercontent.com/p/AF1QipMW2nKwtI5wVYWksm-tXPYUE0_OMD9_G_-zZfdP=w426-h240-k-no,true,Open 24 hours,Open 24 hours,Open 24 hours,Open 24 hours,Open 24 hours,Open 24 hours,Open 24 hours,"https://www.google.com/maps/search/Hospice+clinics+in+Atlantic+City+Atlantic+City+NJ/@39.3636917,-74.4291041,14z",2025-09-17T23:26:28.472Z,,,
https://www.google.com/maps/place/Angelic+Health/data=!4m7!3m6!1s0x89c0eed18eeaaaab:0xa9232ccaf14bf33a!8m2!3d39.3773135!4d-74.4931148!16s%2Fg%2F11syxfwdsx!19sChIJq6rqjtHuwIkROvNL8cosI6k,Angelic Health,4.6,65,Hospice,"8025 Black Horse Pike STE 501, West Atlantic City, NJ 08232, United States","9GG4+WQ West Atlantic City, Egg Harbor Township, NJ, USA",https://www.angelic.health/,+1 609-822-7979,Open 24 hours,https://lh3.googleusercontent.com/gps-cs-s/AC9h4no4_Ullo8lTrg2nkr88B826E_I8a7GW1MjhHoJPPV1HJO0_A8rHKfsfrspw1MIAdmLStTqZkMVvQaBSiVP67lswUdD73Jv5pYH8lxBCQGf477wXYtNYPgS7jao4NOH5BI3Glf_L9g=w408-h240-k-no-pi-0-ya13.120001-ro-0-fo100,true,Open 24 hours,Open 24 hours,Open 24 hours,Open 24 hours,Open 24 hours,Open 24 hours,Open 24 hours,"https://www.google.com/maps/search/Hospice+clinics+in+Atlantic+City+Atlantic+City+NJ/@39.3636917,-74.4291041,14z",2025-09-17T23:26:33.049Z,,,
https://www.google.com/maps/place/Select+Specialty+Hospital+-+Atlantic+City/data=!4m7!3m6!1s0x89c0efeb9c01691d:0xf534809719334181!8m2!3d39.3583314!4d-74.4342891!16s%2Fg%2F11rht5b05f!19sChIJHWkBnOvvwIkRgUEzGZeANPU,Select Specialty Hospital - Atlantic City,4.5,22,Hospital,"1925 Pacific Ave 5th Floor, Atlantic City, NJ 08401, United States","9H58+87 Atlantic City, New Jersey, USA",https://www.selectspecialtyhospitals.com/locations-and-tours/nj/atlantic-city/atlantic-city?ty=xt,+1 609-441-2122,"Open 24 hours

Confirmed by this business 11 weeks ago",https://lh3.googleusercontent.com/gps-cs-s/AC9h4nqD9AMtG0MMP1C38JkeLdLRy1Adf0e3cE-bmeYo-7ngAlpSNBqIMwpU44YttMCUFvrIWTO9daorF0ylCp3NVvRFodTPezTHZonj-qROMx6EGs4sNDzNWTEwU50rMU_3NJVX52aN=w408-h240-k-no-pi-0-ya356-ro-0-fo100,true,Open 24 hours,Open 24 hours,Open 24 hours,Open 24 hours,Open 24 hours,Open 24 hours,Open 24 hours,"https://www.google.com/maps/search/Hospice+clinics+in+Atlantic+City+Atlantic+City+NJ/@39.3636917,-74.4291041,14z",2025-09-17T23:26:37.619Z,,,
https://www.google.com/maps/place/CARE+Center+of+South+Jersey/data=!4m7!3m6!1s0x89c0ee9c97b95973:0x3033f055c9e25cae!8m2!3d39.345884!4d-74.465865!16s%2Fg%2F1wc324bb!19sChIJc1m5l5zuwIkRrlziyVXwMzA,CARE Center of South Jersey,5.0,9,Medical Center,"4712 Ventnor Ave, Atlantic City, NJ 08401, United States","8GWM+9M Atlantic City, New Jersey, USA",https://www.carecenterofsouthjersey.com/,+1 609-344-3123,,https://streetviewpixels-pa.googleapis.com/v1/thumbnail?panoid=rQqT8aBAZQQ9cx1KGJxEIA&cb_client=search.gws-prod.gps&w=408&h=240&yaw=155.17133&pitch=0&thumbfov=100,false,,,,,,,,"https://www.google.com/maps/search/Hospice+clinics+in+Atlantic+City+Atlantic+City+NJ/@39.3636917,-74.4291041,14z",2025-09-17T23:26:40.141Z,,,
"https://www.google.com/maps/place/AtlantiCare+Health+Services,+Infectious+Disease+Clinic,+Atlantic+City/data=!4m7!3m6!1s0x89c0efeba427cce9:0x365302f0d5bacc73!8m2!3d39.3626053!4d-74.4288461!16s%2Fg%2F11xgj239rw!19sChIJ6cwnpOvvwIkRc8y61fACUzY","AtlantiCare Health Services, Infectious Disease Clinic, Atlantic City",,,Infectious disease physician,"1401 Atlantic Ave Ste 2200, Atlantic City, NJ 08401, United States","9H7C+2F Atlantic City, New Jersey, USA",https://www.atlanticare.org/locations/atlanticare-infectious-disease-clinic-atlantic-city,+1 609-441-2104,Closed ⋅ Opens 8 am Thu,https://streetviewpixels-pa.googleapis.com/v1/thumbnail?panoid=Zoy8ibNIOd5W-vUs3oAuFg&cb_client=search.gws-prod.gps&w=408&h=240&yaw=65.19866&pitch=0&thumbfov=100,true,8 am–4 pm,8 am–4 pm,8 am–4 pm,Closed,Closed,8 am–4 pm,8 am–4 pm,"https://www.google.com/maps/search/Hospice+clinics+in+Atlantic+City+Atlantic+City+NJ/@39.3636917,-74.4291041,14z",2025-09-17T23:26:44.828Z,,,
https://www.google.com/maps/place/Patient+Care+Hospice/data=!4m7!3m6!1s0x89c0e92a427c5acf:0xa263aa3f5c947abd!8m2!3d39.4312351!4d-74.6115074!16s%2Fg%2F11hzzqc1dq!19sChIJz1p8QirpwIkRvXqUXD-qY6I,Patient Care Hospice,5.0,2,Hospice,"500 Scarborough Dr # 308, Egg Harbor Township, NJ 08234, United States","C9JQ+F9 Egg Harbor Township, New Jersey, USA",https://lhcgroup.com/locations/atlanticare-hospice/?utm_source=google&utm_medium=GMB&utm_campaign=google_my_business,+1 609-407-2020,Open 24 hours,https://streetviewpixels-pa.googleapis.com/v1/thumbnail?panoid=9C3nNTG6CjBim6p1aYme-A&cb_client=search.gws-prod.gps&w=408&h=240&yaw=26.877382&pitch=0&thumbfov=100,true,Open 24 hours,Open 24 hours,Open 24 hours,Open 24 hours,Open 24 hours,Open 24 hours,Open 24 hours,"https://www.google.com/maps/search/Hospice+clinics+in+Atlantic+City+Atlantic+City+NJ/@39.3636917,-74.4291041,14z",2025-09-17T23:26:49.517Z,,,
https://www.google.com/maps/place/Journey+Hospice+NJ/data=!4m7!3m6!1s0x89c0e845b0be4475:0x4326f378324854b!8m2!3d39.4071956!4d-74.5621187!16s%2Fg%2F11b8d3cgrq!19sChIJdUS-sEXowIkRS4UkgzdvMgQ,Journey Hospice NJ,5.0,1,Hospice,"6712 Washington Ave #302, Egg Harbor Township, NJ 08234, United States","CC4Q+V5 Egg Harbor Township, New Jersey, USA",https://www.journeyhospicenj.org/,+1 609-380-4302,Open 24 hours,https://lh3.googleusercontent.com/p/AF1QipPDL6B1ztVQd4QfWuXjrJvkesO8KHXXTSTNzFhf=w408-h272-k-no,true,Open 24 hours,Open 24 hours,Open 24 hours,Open 24 hours,Open 24 hours,Open 24 hours,Open 24 hours,"https://www.google.com/maps/search/Hospice+clinics+in+Atlantic+City+Atlantic+City+NJ/@39.3636917,-74.4291041,14z",2025-09-17T23:26:54.267Z,,,
https://www.google.com/maps/place/Atlantic+City+Public+Health/data=!4m7!3m6!1s0x89c0ee3891b6cba9:0xfac62f8e72b1a978!8m2!3d39.3634707!4d-74.4284303!16s%2Fg%2F1tn06pzh!19sChIJqcu2kTjuwIkReKmxco4vxvo,Atlantic City Public Health,2.0,4,Public health department,"1301 Bacharach Blvd #403, Atlantic City, NJ 08401, United States","9H7C+9J Atlantic City, New Jersey, USA",https://www.atlanticcountynj.gov/services/health-services/division-of-public-health,+1 609-347-5663,,https://streetviewpixels-pa.googleapis.com/v1/thumbnail?panoid=6a0EfgHpL8A7evQ9FM4zxQ&cb_client=search.gws-prod.gps&w=408&h=240&yaw=249.12537&pitch=0&thumbfov=100,false,,,,,,,,"https://www.google.com/maps/search/Hospice+clinics+in+Atlantic+City+Atlantic+City+NJ/@39.3636917,-74.4291041,14z",2025-09-17T23:26:56.636Z,,,
"https://www.google.com/maps/place/Compassionate+Care+Hospice,+an+Amedisys+Company/data=!4m7!3m6!1s0x89c0bf5aed4546f1:0x7897c202ad33733c!8m2!3d39.3480542!4d-74.580196!16s%2Fg%2F11h75_vkwf!19sChIJ8UZF7Vq_wIkRPHMzrQLCl3g","Compassionate Care Hospice, an Amedisys Company",2.9,7,Hospice,"1201 New Rd Suite 139, Linwood, NJ 08221, United States","8CX9+6W Linwood, New Jersey, USA",https://locations.amedisys.com/nj/linwood/hospice-4212/?utm_source=google&utm_medium=organic&utm_campaign=locallisting,+1 609-390-9792,Open 24 hours,https://lh3.googleusercontent.com/p/AF1QipPY7sVoxxWsdfDEleuKt65lqX9eJwsmlHeoSR-1=w426-h240-k-no,true,Open 24 hours,Open 24 hours,Open 24 hours,Open 24 hours,Open 24 hours,Open 24 hours,Open 24 hours,"https://www.google.com/maps/search/Hospice+clinics+in+Atlantic+City+Atlantic+City+NJ/@39.3636917,-74.4291041,14z",2025-09-17T23:27:01.291Z,,,
https://www.google.com/maps/place/Redeemer+Health+Home+Care+%26+Hospice/data=!4m7!3m6!1s0x89c0e8637e308b53:0x7dcbf6e2e301ec1e!8m2!3d39.4278945!4d-74.5612106!16s%2Fg%2F12636ln0h!19sChIJU4swfmPowIkRHuwB4-L2y30,Redeemer Health Home Care & Hospice,3.0,8,Home health care service,"6550 Delilah Rd STE 501, Egg Harbor Township, NJ 08234, United States","CCHQ+5G Egg Harbor Township, New Jersey, USA",https://www.redeemerhealth.org/services/home-care,+1 888-678-8678,Open 24 hours,https://lh3.googleusercontent.com/p/AF1QipMXvgz2X5iYrvc9McQHB9D4XvE-EDg-KjR-OMdh=w408-h408-k-no,true,Open 24 hours,Open 24 hours,Open 24 hours,Open 24 hours,Open 24 hours,Open 24 hours,Open 24 hours,"https://www.google.com/maps/search/Hospice+clinics+in+Atlantic+City+Atlantic+City+NJ/@39.3636917,-74.4291041,14z",2025-09-17T23:27:05.924Z,,,
https://www.google.com/maps/place/BAYADA+Hospice/data=!4m7!3m6!1s0x89c0e9800da9b49f:0x46daa9acf7e53455!8m2!3d39.3480542!4d-74.580196!16s%2Fg%2F11h7kq205b!19sChIJn7SpDYDpwIkRVTTl96yp2kY,BAYADA Hospice,3.4,5,Hospice,"1201 New Rd Suite 138, Linwood, NJ 08221, United States","8CX9+6W Linwood, New Jersey, USA",https://www.bayada.com/hospice-care/locations/nj/linwood/1201-new-rd-suite-138/11913?utm_source=google&utm_medium=local&utm_campaign=google-my-business&utm_content=local-listings,+1 609-813-2149,Open 24 hours,https://lh3.googleusercontent.com/p/AF1QipPP-JhhF1YB4yTGOL04Hz3Heq2FrhAbSnDm8aaF=w426-h240-k-no,true,Open 24 hours,Open 24 hours,Open 24 hours,Open 24 hours,Open 24 hours,Open 24 hours,Open 24 hours,"https://www.google.com/maps/search/Hospice+clinics+in+Atlantic+City+Atlantic+City+NJ/@39.3636917,-74.4291041,14z",2025-09-17T23:27:10.355Z,LGBTQ+ friendly,,
"https://www.google.com/maps/place/AtlantiCare+Physician+Group,+Advanced+Illness+Management,+Egg+Harbor+Township/@39.4272484,-74.5617335,17z/data=!3m1!4b1!4m6!3m5!1s0x89c0e9432c86f593:0xc8032ec370f69646!8m2!3d39.4272484!4d-74.5617335!16s%2Fg%2F11yd9b028m","AtlantiCare Physician Group, Advanced Illness Management, Egg Harbor Township",,,Hospice,"6500 Delilah Rd Suite 211, Egg Harbor Township, NJ 08234, United States","CCGQ+V8 Egg Harbor Township, New Jersey, USA",,+1 609-407-2243,Temporarily closed,,true,,,,,,,,"https://www.google.com/maps/search/Hospice+clinics+in+Atlantic+City+Atlantic+City+NJ/@39.3636917,-74.4291041,14z",2025-09-17T23:27:16.814Z,,,
"https://www.google.com/maps/place/Shari+Kaminski,+APN/data=!4m7!3m6!1s0x89c0c31c11f6a687:0xbb591e100e0e12c4!8m2!3d39.4357134!4d-74.6058244!16s%2Fg%2F11xdtyyc4q!19sChIJh6b2ERzDwIkRxBIODhAeWbs","Shari Kaminski, APN",,,Hospice,"2500 English Creek Ave Building 900, Egg Harbor Township, NJ 08234, United States","C9PV+7M Egg Harbor Township, New Jersey, USA",https://providers.atlanticare.org/provider/Shari+Kaminski/1835441,+1 609-407-2243,,https://streetviewpixels-pa.googleapis.com/v1/thumbnail?panoid=AD9fRXmwZmfKkS2p_XVSZQ&cb_client=search.gws-prod.gps&w=408&h=240&yaw=300.7436&pitch=0&thumbfov=100,true,,,,,,,,"https://www.google.com/maps/search/Hospice+clinics+in+Ocean+City+Atlantic+City+NJ/@39.3636917,-74.4291041,14z",2025-09-17T23:27:27.365Z,,,
https://www.google.com/maps/place/The+Samaritan+Center+at+Mount+Holly/data=!4m7!3m6!1s0x89c1486480373035:0x51e961677c634a5!8m2!3d39.9860013!4d-74.7948999!16s%2Fg%2F1tlw9_0y!19sChIJNTA3gGRIwYkRpTTGdxaWHgU,The Samaritan Center at Mount Holly,4.8,19,Hospice,"Virtua Mount Holly Hospital, 175 Madison Ave Fl 1, Mt Holly, NJ 08060, United States","X6P4+C2 Mt Holly, New Jersey, USA",https://www.samaritannj.org/hospice-care/inpatient-hospice-nj/mount-holly/,+1 856-596-1600,Open 24 hours,https://lh3.googleusercontent.com/p/AF1QipPvrnLe6wWwvdlomfcMmkaDXJgk9mVs8Zz3ui91=w408-h258-k-no,true,Open 24 hours,Open 24 hours,Open 24 hours,Open 24 hours,Open 24 hours,Open 24 hours,Open 24 hours,"https://www.google.com/maps/search/Hospice+clinics+in+Margate+City+Atlantic+City+NJ/@39.3278763,-74.5035063,14z",2025-09-17T23:27:47.162Z,,,
https://www.google.com/maps/place/The+Samaritan+Center+at+Voorhees/data=!4m7!3m6!1s0x89c132fe527b004b:0xc370d7effd5bb986!8m2!3d39.8459531!4d-74.924469!16s%2Fg%2F11c5rpj_7t!19sChIJSwB7Uv4ywYkRhrlb_e_XcMM,The Samaritan Center at Voorhees,4.7,45,Hospice,"265 NJ-73, Voorhees Township, NJ 08043, United States","R3WG+96 Voorhees Township, New Jersey, USA",https://www.samaritannj.org/hospice-care/inpatient-hospice-nj/voorhees/,+1 856-596-1600,Open 24 hours,https://lh3.googleusercontent.com/p/AF1QipOCZP8OVbh8rsC2jpkx2Xr5a4XR_z9D6CoJfmy8=w427-h240-k-no,true,Open 24 hours,Open 24 hours,Open 24 hours,Open 24 hours,Open 24 hours,Open 24 hours,Open 24 hours,"https://www.google.com/maps/search/Hospice+clinics+in+Margate+City+Atlantic+City+NJ/@39.3278763,-74.5035063,14z",2025-09-17T23:27:51.887Z,,,
https://www.google.com/maps/place/Holisticare+Hospice/data=!4m7!3m6!1s0x89c177b18fb08633:0x797eb29caa615ef!8m2!3d39.9805966!4d-74.2500034!16s%2Fg%2F11r8xgj5m9!19sChIJM4awj7F3wYkR7xWmyinrlwc,Holisticare Hospice,4.9,42,Hospice,"1228 NJ-37, Toms River, NJ 08755, United States","XPJX+6X Toms River, New Jersey, USA",https://www.holisticarehospice.org/,+1 844-254-4400,Closed ⋅ Opens 8 am Thu,https://lh3.googleusercontent.com/p/AF1QipPZvTAjSlWa52HWoBTpNBxA5cOLFmVcYTcY7PKA=w408-h272-k-no,true,8 am–4:30 pm,8 am–4:30 pm,8 am–4:30 pm,Open 24 hours,Open 24 hours,8 am–4:30 pm,8 am–4:30 pm,"https://www.google.com/maps/search/Hospice+clinics+in+Margate+City+Atlantic+City+NJ/@39.3278763,-74.5035063,14z",2025-09-17T23:27:56.609Z,,,
https://www.google.com/maps/place/NJ+Health+Hospice+and+Palliative+Care/data=!4m7!3m6!1s0x89c7337eeee96583:0x1869c1c33a9f43bf!8m2!3d39.4858946!4d-75.0277554!16s%2Fg%2F11jn0g5ybn!19sChIJg2Xp7n4zx4kRv0OfOsPBaRg,NJ Health Hospice and Palliative Care,4.3,27,Hospice,"415 W Landis Ave, Vineland, NJ 08360, United States","FXPC+9V Vineland, New Jersey, USA",https://www.njhealthteam.com/,+1 856-696-5340,Closed ⋅ Opens 8 am Thu,https://lh3.googleusercontent.com/p/AF1QipPFSAwkUsZ2lo-AmK6tS1t_hsd0Qx91YJ4HIWC7=w408-h326-k-no,true,8 am–6 pm,8 am–6 pm,8 am–6 pm,Closed,Closed,8 am–6 pm,8 am–6 pm,"https://www.google.com/maps/search/Hospice+clinics+in+Margate+City+Atlantic+City+NJ/@39.3278763,-74.5035063,14z",2025-09-17T23:28:01.246Z,,,
https://www.google.com/maps/place/HMH+-+Palliative+Care+-+Manahawkin/data=!4m7!3m6!1s0x89c10942a33edacb:0x52535d99dc2cffa2!8m2!3d39.7210809!4d-74.285275!16s%2Fg%2F11ybn_5cth!19sChIJy9o-o0IJwYkRov8s3JldU1I,HMH - Palliative Care - Manahawkin,,,Hospice,"1140 NJ-72 #306A, Stafford Township, NJ 08050, United States","PPC7+CV Stafford Township, New Jersey, USA",https://www.hackensackmeridianhealth.org/en/locations/hmh-palliative-care-manahawkin,+1 732-268-8470,Closed ⋅ Opens 9 am Thu,https://streetviewpixels-pa.googleapis.com/v1/thumbnail?panoid=hU_Y3ksE0LBAWN-Sayd6ug&cb_client=search.gws-prod.gps&w=408&h=240&yaw=13.130362&pitch=0&thumbfov=100,true,9 am–5 pm,9 am–5 pm,9 am–5 pm,Closed,Closed,9 am–5 pm,9 am–5 pm,"https://www.google.com/maps/search/Hospice+clinics+in+Margate+City+Atlantic+City+NJ/@39.3278763,-74.5035063,14z",2025-09-17T23:28:05.639Z,,,
https://www.google.com/maps/place/Vitality+Hospice/data=!4m7!3m6!1s0x89c14f2ace5c7985:0xa0a3177a1a8e2e6b!8m2!3d40.0757888!4d-74.8637519!16s%2Fg%2F11kh7jy4wq!19sChIJhXlczipPwYkRay6OGnoXo6A,Vitality Hospice,5.0,22,Hospice,"218 W Broad St Suite 2, Burlington, NJ 08016, United States","34GP+8F Burlington, New Jersey, USA",https://www.vitalityhospice.com/,+1 877-288-0042,,https://lh3.googleusercontent.com/p/AF1QipOxHXSFUTby_8WFGtLRNBlXtSWchZDWzizNippk=w532-h240-k-no,true,Open 24 hours,Open 24 hours,Open 24 hours,Open 24 hours,Open 24 hours,Open 24 hours,Open 24 hours,"https://www.google.com/maps/search/Hospice+clinics+in+Margate+City+Atlantic+City+NJ/@39.3278763,-74.5035063,14z",2025-09-17T23:28:10.259Z,,,
https://www.google.com/maps/place/VITAS+Healthcare/data=!4m7!3m6!1s0x89c13529ab1b1a03:0xe692e2fc25b98e7e!8m2!3d39.9346193!4d-74.9587789!16s%2Fg%2F1tvgw795!19sChIJAxobqyk1wYkRfo65JfzikuY,VITAS Healthcare,5.0,7,Hospice,"521 Fellowship Rd Ste 110, Mt Laurel Township, NJ 08054, United States","W2MR+RF Mt Laurel Township, New Jersey, USA",https://www.vitas.com/locations-search/south-jersey/mount-laurel-hospice-office/?utm_source=google&utm_medium=locallisting&utm_content=VHC6601&y_source=1_ODcxOTI4NC03MTUtbG9jYXRpb24ud2Vic2l0ZQ%3D%3D,+1 856-778-0222,Open 24 hours,https://lh3.googleusercontent.com/p/AF1QipPQl2mhIkc3_ymHNQ8_xuZhiwhoucUmIGmlu3Q6=w426-h240-k-no,true,Open 24 hours,Open 24 hours,Open 24 hours,Open 24 hours,Open 24 hours,Open 24 hours,Open 24 hours,"https://www.google.com/maps/search/Hospice+clinics+in+Margate+City+Atlantic+City+NJ/@39.3278763,-74.5035063,14z",2025-09-17T23:28:14.976Z,,,
https://www.google.com/maps/place/Caring+Hospice+Services+of+South+Jersey/data=!4m7!3m6!1s0x89c1351704590077:0x5a73c792d8dacc80!8m2!3d39.9394128!4d-74.9532168!16s%2Fg%2F1tdvw6bn!19sChIJdwBZBBc1wYkRgMza2JLHc1o,Caring Hospice Services of South Jersey,4.8,4,Hospice,"133-Q Gaither Dr, Mt Laurel Township, NJ 08054, United States","W2QW+QP Mt Laurel Township, New Jersey, USA",http://www.caringhospice.com/,+1 856-439-0012,,https://streetviewpixels-pa.googleapis.com/v1/thumbnail?panoid=-WH6rGDu0ikyTOeGAFd7SQ&cb_client=search.gws-prod.gps&w=408&h=240&yaw=343.5154&pitch=0&thumbfov=100,true,,,,,,,,"https://www.google.com/maps/search/Hospice+clinics+in+Margate+City+Atlantic+City+NJ/@39.3278763,-74.5035063,14z",2025-09-17T23:28:17.410Z,,,
https://www.google.com/maps/place/Heartland+Hospice/data=!4m7!3m6!1s0x89c6cfe3345899d1:0xf6c2279fbfc5d254!8m2!3d39.8242717!4d-75.0463869!16s%2Fg%2F1261_pv6g!19sChIJ0ZlYNOPPxokRVNLFv58nwvY,Heartland Hospice,4.6,19,Hospice,"1385 Chews Landing Rd, Laurel Springs, NJ 08021, United States","RXF3+PC Laurel Springs, New Jersey, USA",http://heartlandhospice.com/,+1 856-251-0707,Open 24 hours,https://lh3.googleusercontent.com/p/AF1QipMEoTp0qrnwbnbY1-MOt4HZYfe07BmyPLQxbwYI=w426-h240-k-no,true,Open 24 hours,Open 24 hours,Open 24 hours,Open 24 hours,Open 24 hours,Open 24 hours,Open 24 hours,"https://www.google.com/maps/search/Hospice+clinics+in+Margate+City+Atlantic+City+NJ/@39.3278763,-74.5035063,14z",2025-09-17T23:28:22.225Z,,,
https://www.google.com/maps/place/Southern+Ocean+Center/data=!4m7!3m6!1s0x89c108a10b5539ed:0xa435eb839ac95ba8!8m2!3d39.7253872!4d-74.2909509!16s%2Fg%2F1td1wbtb!19sChIJ7TlVC6EIwYkRqFvJmoPrNaQ,Southern Ocean Center,4.6,130,Nursing home,"1361 NJ-72 West, Manahawkin, NJ 08050, United States","PPG5+5J Manahawkin, Stafford Township, NJ, USA",http://www.genesishcc.com/southernocean,+1 609-978-0600,Open 24 hours,https://lh3.googleusercontent.com/p/AF1QipNoLPcwo-lHUe-0pdFyO8KNHwVFo_oeK63wE8sA=w408-h271-k-no,true,Open 24 hours,Open 24 hours,Open 24 hours,Open 24 hours,Open 24 hours,Open 24 hours,Open 24 hours,"https://www.google.com/maps/search/Hospice+clinics+in+Margate+City+Atlantic+City+NJ/@39.3278763,-74.5035063,14z",2025-09-17T23:28:26.854Z,,,
https://www.google.com/maps/place/Suncrest+Hospice+-+South+Jersey/data=!4m7!3m6!1s0x89c6ca4c54a8cff7:0xc41f0109ac638af8!8m2!3d39.9133258!4d-74.943354!16s%2Fg%2F11b7twfjdf!19sChIJ98-oVEzKxokR-IpjrAkBH8Q,Suncrest Hospice - South Jersey,3.0,2,Hospice,"901 Lincoln Dr W #110, Marlton, NJ 08053, United States","W374+8M Marlton, Evesham, NJ, USA",https://www.suncrestcare.com/location/south-new-jersey/,+1 856-519-9200,Open 24 hours,https://lh3.googleusercontent.com/p/AF1QipOj6UFIqxOC-skBf4Ua3gS9UDNUwMwCTotBvBkF=w408-h544-k-no,true,Open 24 hours,Open 24 hours,Open 24 hours,Open 24 hours,Open 24 hours,Open 24 hours,Open 24 hours,"https://www.google.com/maps/search/Hospice+clinics+in+Margate+City+Atlantic+City+NJ/@39.3278763,-74.5035063,14z",2025-09-17T23:28:31.223Z,LGBTQ+ friendly,,
https://www.google.com/maps/place/Complete+Care+at+Linwood+managed+by+Autumn+Lake+Healthcare+at+Linwood/data=!4m7!3m6!1s0x89c0e9c2b2d5b09f:0x2c2bdbbe423dcca5!8m2!3d39.3586037!4d-74.5684647!16s%2Fg%2F11gyxwlqt9!19sChIJn7DVssLpwIkRpcw9Qr7bKyw,Complete Care at Linwood managed by Autumn Lake Healthcare at Linwood,4.2,227,Nursing home,"201 New Rd, Linwood, NJ 08221, United States","9C5J+CJ Linwood, New Jersey, USA",http://autumnlakehealthcare.com/,+1 609-927-6131,Open 24 hours,https://lh3.googleusercontent.com/p/AF1QipM5G5GGxziPeW8N_7ErLFWosvYGj7Rskg2Cm5q5=w408-h272-k-no,true,Open 24 hours,Open 24 hours,Open 24 hours,Open 24 hours,Open 24 hours,Open 24 hours,Open 24 hours,"https://www.google.com/maps/search/Hospice+clinics+in+Margate+City+Atlantic+City+NJ/@39.3278763,-74.5035063,14z",2025-09-17T23:28:35.756Z,,,
https://www.google.com/maps/place/Samaritan/data=!4m7!3m6!1s0x89c134ed7eede511:0x19b32981889ba058!8m2!3d39.9262105!4d-74.9638829!16s%2Fg%2F1tdqjcx_!19sChIJEeXtfu00wYkRWKCbiIEpsxk,Samaritan,3.5,29,Hospice,"3906 Church Rd, Mt Laurel Township, NJ 08054, United States","W2GP+FC Mt Laurel Township, New Jersey, USA",http://www.samaritannj.org/,+1 856-596-1600,Open 24 hours,https://lh3.googleusercontent.com/p/AF1QipOikK0hrYhJjzLq-Jh9Q5ld-77Guz5H8mf5Q0RR=w408-h271-k-no,true,Open 24 hours,Open 24 hours,Open 24 hours,Open 24 hours,Open 24 hours,Open 24 hours,Open 24 hours,"https://www.google.com/maps/search/Hospice+clinics+in+Margate+City+Atlantic+City+NJ/@39.3278763,-74.5035063,14z",2025-09-17T23:28:40.317Z,,,
https://www.google.com/maps/place/Preferred+Care+at+Absecon/data=!4m7!3m6!1s0x89c0e5e16fb7f72d:0xde39c1150fccf764!8m2!3d39.4427949!4d-74.4969348!16s%2Fg%2F1txnqc05!19sChIJLfe3b-HlwIkRZPfMDxXBOd4,Preferred Care at Absecon,4.7,461,Nursing home,"1020 Pitney Rd, Absecon, NJ 08201, United States","CGV3+46 Absecon, New Jersey, USA",https://www.pcabsecon.com/,+1 609-646-5400,Open 24 hours,https://lh3.googleusercontent.com/p/AF1QipPy12BRCh5Zs14BzZbcD2apQGyjx8GllpgQQycP=w423-h240-k-no,true,Open 24 hours,Open 24 hours,Open 24 hours,Open 24 hours,Open 24 hours,Open 24 hours,Open 24 hours,"https://www.google.com/maps/search/Hospice+clinics+in+Margate+City+Atlantic+City+NJ/@39.3278763,-74.5035063,14z",2025-09-17T23:28:44.987Z,,,
https://www.google.com/maps/place/Complete+Care+at+Court+House/data=!4m7!3m6!1s0x89c0af1925f20d69:0x3eef1dcd3958dbb8!8m2!3d39.0875274!4d-74.8208393!16s%2Fg%2F1tczwvhp!19sChIJaQ3yJRmvwIkRuNtYOc0d7z4,Complete Care at Court House,4.4,228,Nursing home,"144 Magnolia Dr, Cape May Court House, NJ 08210, United States","35QH+2M Cape May Court House, Middle Township, NJ, USA",https://ccatcourthouse.com/,+1 609-465-7171,Open 24 hours,https://lh3.googleusercontent.com/gps-cs-s/AC9h4nqSLBP9OK81rXjKXMnw97gjM2b7pKA7uO0D2BoPJIr70XYEBfhhgmxyt_ft5XlqP0brKealxEn-hSXUsQSC_lI-3oE1IgnnmY_hwHD-8rRUPdBPWyw2KajolVQO9oysNkElGaHC=w408-h544-k-no,true,Open 24 hours,Open 24 hours,Open 24 hours,Open 24 hours,Open 24 hours,Open 24 hours,Open 24 hours,"https://www.google.com/maps/search/Hospice+clinics+in+Margate+City+Atlantic+City+NJ/@39.3278763,-74.5035063,14z",2025-09-17T23:28:49.969Z,,,
https://www.google.com/maps/place/Compassus/data=!4m7!3m6!1s0x89c1871ce549bbfb:0x308c62299d3cb270!8m2!3d39.9869731!4d-74.1801843!16s%2Fg%2F12630hyjl!19sChIJ-7tJ5RyHwYkRcLI8nSlijDA,Compassus,3.7,10,Medical clinic,"222 Oak Ave # 3, Toms River, NJ 08753, United States","XRP9+QW Toms River, New Jersey, USA",https://www.compassus.com/locations/new-jersey/toms-river/?utm_source=google?utm_medium=gbp,+1 732-724-1804,Closed ⋅ Opens 8 am Thu,https://lh3.googleusercontent.com/p/AF1QipP5WfRQpaNJGp9LKnZalKYHpoQ8wfihYwjddYbk=w408-h251-k-no,true,8 am–5 pm,8 am–5 pm,8 am–5 pm,Closed,Closed,8 am–5 pm,8 am–5 pm,"https://www.google.com/maps/search/Hospice+clinics+in+Margate+City+Atlantic+City+NJ/@39.3278763,-74.5035063,14z",2025-09-17T23:28:54.507Z,,,
https://www.google.com/maps/place/NovaCare+Rehabilitation+in+partnership+with+AtlantiCare+-+Ventnor/data=!4m7!3m6!1s0x89c0ec1bffd343c7:0x66c20093266ca6bd!8m2!3d39.3386666!4d-74.4819869!16s%2Fg%2F1tcvct2l!19sChIJx0PT_xvswIkRvaZsJpMAwmY,NovaCare Rehabilitation in partnership with AtlantiCare - Ventnor,5.0,279,Physical therapy clinic,"6307 Ventnor Ave, Ventnor City, NJ 08406, United States","8GQ9+F6 Ventnor City, New Jersey, USA",https://www.novacare.com/contact/find-a-location/nj/ventnor/ventnor/?ty=xt,+1 609-822-2628,"Closed ⋅ Opens 8 am Thu

Confirmed by this business 3 weeks ago",https://lh3.googleusercontent.com/p/AF1QipMa7wlVhuK09e68zafggveWT5Rv4MYSWYagGli2=w426-h240-k-no,true,8 am–7 pm,8 am–7 pm,8 am–3 pm,Closed,Closed,8 am–7 pm,8 am–3 pm,"https://www.google.com/maps/search/Hospice+clinics+in+Ventnor+City+Atlantic+City+NJ/@39.3391993,-74.4763129,14z",2025-09-17T23:29:14.615Z,,,
https://www.google.com/maps/place/ExcelCare+at+Egg+Harbor/data=!4m7!3m6!1s0x89c0e943a4568919:0x188a206d5a6ea92d!8m2!3d39.4133441!4d-74.5287321!16s%2Fg%2F11ft11cp13!19sChIJGYlWpEPpwIkRLaluWm0gihg,ExcelCare at Egg Harbor,4.5,239,Nursing home,"6818 Delilah Rd, Egg Harbor Township, NJ 08234, United States","CF7C+8G Egg Harbor Township, New Jersey, USA",https://www.excelcareeh.com/,+1 609-453-3200,Open 24 hours,https://lh3.googleusercontent.com/p/AF1QipOThjkxu0-T1HnuYvfsAaYxmgibPtJPNZqvvbwS=w408-h271-k-no,true,Open 24 hours,Open 24 hours,Open 24 hours,Open 24 hours,Open 24 hours,Open 24 hours,Open 24 hours,"https://www.google.com/maps/search/Hospice+clinics+in+Ventnor+City+Atlantic+City+NJ/@39.3391993,-74.4763129,14z",2025-09-17T23:29:19.125Z,,,
"https://www.google.com/maps/place/AtlantiCare+Physician+Group,+Primary+Care+Plus,+Brigantine/data=!4m7!3m6!1s0x89c0f07a8622f9ab:0x8c2d99601ccc0b92!8m2!3d39.3944135!4d-74.3891938!16s%2Fg%2F1vnnk9fh!19sChIJq_kihnrwwIkRkgvMHGCZLYw","AtlantiCare Physician Group, Primary Care Plus, Brigantine",3.1,14,Medical clinic,"3400 Brigantine Blvd, Brigantine, NJ 08203, United States","9JV6+Q8 Brigantine, New Jersey, USA",https://www.atlanticare.org/location/atlanticare-physician-group-primary-care-plus-brigantine,+1 609-266-7557,Closed ⋅ Opens 8 am Thu,https://lh3.googleusercontent.com/p/AF1QipP-5tt-jRz8ST838rLTKj41QqPd8c1gTo3hd2SB=w426-h240-k-no,true,8 am–5 pm,8 am–5 pm,8 am–5 pm,Closed,Closed,8 am–5 pm,8 am–5 pm,"https://www.google.com/maps/search/Hospice+clinics+in+Brigantine+Atlantic+City+NJ/@39.4096015,-74.3649386,14z",2025-09-17T23:29:31.458Z,,,
"https://www.google.com/maps/place/Atlantic+City+Home+Care,+LLC/data=!4m7!3m6!1s0x89c0e70c1f25f089:0xddaea01dfdc34f4f!8m2!3d39.43781!4d-74.51869!16s%2Fg%2F11n2qn9zc7!19sChIJifAlHwznwIkRT0_D_R2grt0","Atlantic City Home Care, LLC",5.0,1,Home health care service,"707 White Horse Pike SUITE A-5, Absecon, NJ 08201, United States","CFQJ+4G Absecon, New Jersey, USA",http://achomecare.net/,+1 609-549-8272,,https://lh3.googleusercontent.com/p/AF1QipPJzYV21kkC_3pw1KVM4u-jXBWa0PkKeIaei3sZ=w408-h544-k-no,true,,,,,,,,"https://www.google.com/maps/search/Hospice+clinics+in+Brigantine+Atlantic+City+NJ/@39.4096015,-74.3649386,14z",2025-09-17T23:29:33.802Z,,,
https://www.google.com/maps/place/Dental+Care+of+Brigantine/data=!4m7!3m6!1s0x89c0f01891bbe537:0xddf72e49385e098d!8m2!3d39.3923377!4d-74.3963602!16s%2Fg%2F1tf58t1l!19sChIJN-W7kRjwwIkRjQleOEku990,Dental Care of Brigantine,3.7,79,Dentist,"4276 Harbor Beach Blvd b, Brigantine, NJ 08203, United States","9JR3+WF Brigantine, New Jersey, USA",http://www.dentalcareofbrigantine.com/,+1 609-266-6658,Closed ⋅ Opens 9 am Thu,https://lh3.googleusercontent.com/gps-cs-s/AC9h4nqFkZRM8T7STJboFm6Th9b_xS2nSOG9GkrMFrOXO53LL-5kigjZjfeArEecCAvnIMHOmUziveMIlXNnCZEVn17opejalPZytxRP-ytN7znd_iCnQFKI3kQ7QCm9O3Hir-M1aSkGgA=w408-h306-k-no,true,9 am–5 pm,9 am–4 pm,9 am–3 pm,Closed,Closed,9 am–5 pm,Closed,"https://www.google.com/maps/search/Hospice+clinics+in+Brigantine+Atlantic+City+NJ/@39.4096015,-74.3649386,14z",2025-09-17T23:29:38.250Z,,,
https://www.google.com/maps/place/Our+Lady%27s+Center+For+Rehabilitation+%26+Healthcare/data=!4m7!3m6!1s0x89c0e911eb57b887:0x3dd243baeb3876ab!8m2!3d39.380325!4d-74.528742!16s%2Fg%2F1v29cy85!19sChIJh7hX6xHpwIkRq3Y467pD0j0,Our Lady's Center For Rehabilitation & Healthcare,4.4,170,Nursing home,"1100 Clematis Ave, Pleasantville, NJ 08232, United States","9FJC+4G Pleasantville, New Jersey, USA",http://www.olcenter.org/,+1 609-646-2450,Open 24 hours,https://lh3.googleusercontent.com/p/AF1QipNpn6X6PvYGeQpAac93-ghqrpQlDrhVdwTMdtPF=w408-h272-k-no,true,Open 24 hours,Open 24 hours,Open 24 hours,Open 24 hours,Open 24 hours,Open 24 hours,Open 24 hours,"https://www.google.com/maps/search/Hospice+clinics+in+Pleasantville+Atlantic+City+NJ/@39.3636917,-74.4291041,14z",2025-09-17T23:29:58.755Z,,,
"https://www.google.com/maps/place/Taylor+M+Schwanzer,/data=!4m7!3m6!1s0x89c0c3e7b4ef7f41:0xc066c6aea8e53faf!8m2!3d39.4357134!4d-74.6058244!16s%2Fg%2F11yd8xndkw!19sChIJQX_vtOfDwIkRrz_lqK7GZsA","Taylor M Schwanzer,",,,Hospice,"2500 English Creek Ave Building 900, Egg Harbor Township, NJ 08234, United States","C9PV+7M Egg Harbor Township, New Jersey, USA",https://providers.atlanticare.org/provider/Taylor+M+Schwanzer/2148901,+1 609-407-2243,,https://streetviewpixels-pa.googleapis.com/v1/thumbnail?panoid=AD9fRXmwZmfKkS2p_XVSZQ&cb_client=search.gws-prod.gps&w=408&h=240&yaw=300.7436&pitch=0&thumbfov=100,true,,,,,,,,"https://www.google.com/maps/search/Hospice+clinics+in+Pleasantville+Atlantic+City+NJ/@39.3636917,-74.4291041,14z",2025-09-17T23:30:00.976Z,,,
https://www.google.com/maps/place/AtlantiCare+HealthPlex/data=!4m7!3m6!1s0x89c0ee38a9d2cd75:0x87229e849182bf43!8m2!3d39.3625305!4d-74.4288387!16s%2Fg%2F1tfgf406!19sChIJdc3SqTjuwIkRQ7-CkYSeIoc,AtlantiCare HealthPlex,4.0,39,General hospital,"1401 Atlantic Ave, Atlantic City, NJ 08401, United States","9H7C+2F Atlantic City, New Jersey, USA",http://www.atlanticare.org/,+1 609-345-4000,Closed ⋅ Opens 8 am Thu,https://lh3.googleusercontent.com/gps-cs-s/AC9h4nqiT1YwIJFKl5ml1SU2lwx0t-FE9d3hd52urR5g3zyYrQ3LsWqLgZgmrjyktnu6SY-dfjp1OMF3tsVBPVXG6M7zv6wOHL0vL8-j-VdhWXJ0Qd2sYM_EbSQyC3oGnseopHquIyE=w408-h244-k-no,false,8 am–6 pm,8 am–6 pm,8 am–5 pm,Closed,Closed,8 am–6 pm,8 am–6 pm,"https://www.google.com/maps/search/Hospice+clinics+in+Galloway+Township+Atlantic+City+NJ/@39.3636917,-74.4291041,14z",2025-09-17T23:30:20.737Z,,,
"https://www.google.com/maps/place/AtlantiCare+Health+Services,+William+L.+Gormley+AtlantiCare+HealthPlex/data=!4m7!3m6!1s0x89c0ee38a9d2cd75:0x3315aa37fabaa07e!8m2!3d39.3620311!4d-74.4287249!16s%2Fg%2F1tfbd1fv!19sChIJdc3SqTjuwIkRfqC6-jeqFTM","AtlantiCare Health Services, William L. Gormley AtlantiCare HealthPlex",3.5,15,Medical Center,"1401 Atlantic Ave, Atlantic City, NJ 08401, United States","9H6C+RG Atlantic City, New Jersey, USA",https://www.atlanticare.org/services/federally-qualified-health-center/services,+1 888-569-1000,Closed ⋅ Opens 9 am Thu,https://lh3.googleusercontent.com/p/AF1QipOtwLkF04cnEWOoQ2uE_DoVAIQonOHbkFrJMtp3=w426-h240-k-no,true,9 am–5 pm,9 am–5 pm,9 am–5 pm,9 am–5 pm,Closed,9 am–5 pm,9 am–5 pm,"https://www.google.com/maps/search/Hospice+clinics+in+Galloway+Township+Atlantic+City+NJ/@39.3636917,-74.4291041,14z",2025-09-17T23:30:25.194Z,,,
https://www.google.com/maps/place/AtlantiCare+Health+Services-+FQHC+Family+Medicine+Residency+Clinic/data=!4m7!3m6!1s0x89c0ee4198fff5e9:0xc663f9e10df49f31!8m2!3d39.3594758!4d-74.4336891!16s%2Fg%2F11kbykhtsv!19sChIJ6fX_mEHuwIkRMZ_0DeH5Y8Y,AtlantiCare Health Services- FQHC Family Medicine Residency Clinic,3.8,5,Community health center,"7 S Ohio Ave FL 2, Atlantic City, NJ 08401, United States","9H58+QG Atlantic City, New Jersey, USA",https://www.atlanticare.org/services/federally-qualified-health-center/locations,+1 609-572-8800,,https://lh3.googleusercontent.com/gps-cs-s/AC9h4noLdeqMCBA4qeF8Hf5Ex12qlEtgDB1Njggibu1TCrgeGRJ8_90pppwm7I_3h9GTH79u7mB-sjBs5Z6trHWbhJ9bgIpFUmVMB9XycOs9k9aV4OrWRfSb4LMmh3n_pyreexiScEY=w408-h544-k-no,false,,,,,,,,"https://www.google.com/maps/search/Hospice+clinics+in+Galloway+Township+Atlantic+City+NJ/@39.3636917,-74.4291041,14z",2025-09-17T23:30:27.712Z,,,
https://www.google.com/maps/place/Spring+Home+at+Galloway/data=!4m7!3m6!1s0x89c0e6f90fe878cd:0xde38763e432b97f2!8m2!3d39.4749934!4d-74.5370587!16s%2Fg%2F12jlm_xr5!19sChIJzXjoD_nmwIkR8pcrQz52ON4,Spring Home at Galloway,4.5,40,Assisted living facility,"46 W Jimmie Leeds Rd, Galloway, NJ 08205, United States","FFF7+X5 Galloway, New Jersey, USA",https://springhomeliving.com/,+1 609-404-1099,Open 24 hours,https://lh3.googleusercontent.com/p/AF1QipOb0tE2i2Z_i6eg8RBPCkDc94DduPMRDhH_ZTWe=w610-h240-k-no,true,Open 24 hours,Open 24 hours,Open 24 hours,Open 24 hours,Open 24 hours,Open 24 hours,Open 24 hours,"https://www.google.com/maps/search/Hospice+clinics+in+Galloway+Township+Atlantic+City+NJ/@39.3636917,-74.4291041,14z",2025-09-17T23:30:32.119Z,,,
"https://www.google.com/maps/place/AtlantiCare+Health+Services,+Adult+Medicine,+Galloway/data=!4m7!3m6!1s0x89c0e7dd943598e3:0xe84ee8d0739baf3e!8m2!3d39.4755955!4d-74.5391326!16s%2Fg%2F11xf2t9hlt!19sChIJ45g1lN3nwIkRPq-bc9DoTug","AtlantiCare Health Services, Adult Medicine, Galloway",,,Medical clinic,"54 W Jimmie Leeds Rd SUITE 8, Galloway, NJ 08205, United States","FFG6+68 Galloway, New Jersey, USA",https://www.atlanticare.org/locations/atlanticare-health-services-fqhc-galloway,+1 609-404-7300,Closed ⋅ Opens 8 am Thu,https://streetviewpixels-pa.googleapis.com/v1/thumbnail?panoid=F02MqXSJiDhZW--kBGAkEQ&cb_client=search.gws-prod.gps&w=408&h=240&yaw=158.04768&pitch=0&thumbfov=100,true,8 am–6 pm,8 am–6 pm,9 am–5 pm,Closed,Closed,8 am–6 pm,8 am–6 pm,"https://www.google.com/maps/search/Hospice+clinics+in+Galloway+Township+Atlantic+City+NJ/@39.3636917,-74.4291041,14z",2025-09-17T23:30:36.989Z,,,
https://www.google.com/maps/place/The+Health+Center+at+Galloway/data=!4m7!3m6!1s0x89c0e6fece6f71e1:0x376bd0e7c2a903ad!8m2!3d39.474937!4d-74.5403778!16s%2Fg%2F1tklrg5h!19sChIJ4XFvzv7mwIkRrQOpwufQazc,The Health Center at Galloway,3.5,99,Nursing home,"66 W Jimmie Leeds Rd, Galloway, NJ 08205, United States","FFF5+XR Galloway, New Jersey, USA",http://www.gallowayhc.com/,+1 609-748-9100,Open 24 hours,https://lh3.googleusercontent.com/p/AF1QipP87GwNXnXErTSGttZVk3Pa3XXloXRYJaC-BntJ=w408-h258-k-no,true,Open 24 hours,Open 24 hours,Open 24 hours,Open 24 hours,Open 24 hours,Open 24 hours,Open 24 hours,"https://www.google.com/maps/search/Hospice+clinics+in+Galloway+Township+Atlantic+City+NJ/@39.3636917,-74.4291041,14z",2025-09-17T23:30:42.187Z,,,
"https://www.google.com/maps/place/AtlantiCare+Special+Care+Center,+Galloway/data=!4m7!3m6!1s0x89c0e6f8df88af1d:0xf72ec44c06042b66!8m2!3d39.4756381!4d-74.539169!16s%2Fg%2F1q6634t3k!19sChIJHa-I3_jmwIkRZisEBkzELvc","AtlantiCare Special Care Center, Galloway",3.1,9,Specialized clinic,"54 W Jimmie Leeds Rd SUITE 8, Galloway, NJ 08205, United States","FFG6+78 Galloway, New Jersey, USA",https://www.atlanticare.org/location/atlanticare-special-care-center-galloway?utm_source=local-listing&utm_medium=organic&utm_campaign=website-link,+1 609-404-7300,Closed ⋅ Opens 8 am Thu,https://streetviewpixels-pa.googleapis.com/v1/thumbnail?panoid=F02MqXSJiDhZW--kBGAkEQ&cb_client=search.gws-prod.gps&w=408&h=240&yaw=161.02112&pitch=0&thumbfov=100,true,8 am–6 pm,8 am–6 pm,Closed,Closed,Closed,8 am–6 pm,8 am–6 pm,"https://www.google.com/maps/search/Hospice+clinics+in+Galloway+Township+Atlantic+City+NJ/@39.3636917,-74.4291041,14z",2025-09-17T23:30:46.879Z,,,
https://www.google.com/maps/place/Comfort+Keepers+Home+Care/data=!4m7!3m6!1s0x89c0e46463a70559:0xfd3f122fcec516da!8m2!3d39.4722933!4d-74.4921585!16s%2Fg%2F12609jf96!19sChIJWQWnY2TkwIkR2hbFzi8SP_0,Comfort Keepers Home Care,4.8,56,Home health care service,"160 S Pitney Rd #1a, Galloway, NJ 08205, United States","FGC5+W4 Galloway, New Jersey, USA",https://www.comfortkeepers.com/offices/new-jersey/galloway?utm_source=GMB&utm_medium=organic,+1 609-277-7855,Open 24 hours,https://lh3.googleusercontent.com/p/AF1QipNIvilKInmc2asAK2mzdFUpRxE65akdPNH0mb1D=w422-h240-k-no,true,Open 24 hours,Open 24 hours,Open 24 hours,Open 24 hours,Open 24 hours,Open 24 hours,Open 24 hours,"https://www.google.com/maps/search/Hospice+clinics+in+Galloway+Township+Atlantic+City+NJ/@39.3636917,-74.4291041,14z",2025-09-17T23:30:51.696Z,,,
https://www.google.com/maps/place/Serenity+Hospice+of+New+Jersey/data=!4m7!3m6!1s0x89c15b7b7088d8a3:0x7235252a79a48002!8m2!3d40.1298316!4d-74.6956223!16s%2Fg%2F11gzs4p6l!19sChIJo9iIcHtbwYkRAoCkeSolNXI,Serenity Hospice of New Jersey,4.2,62,Hospice,"56 Georgetown Rd, Bordentown, NJ 08505, United States","48H3+WQ Bordentown, New Jersey, USA",http://www.serenityhospicenj.com/,+1 609-227-2400,Open 24 hours,https://lh3.googleusercontent.com/p/AF1QipMMei18Sv0QPWlJRqOIwwCS1WZP3G1zGCZWeJqR=w408-h306-k-no,true,Open 24 hours,Open 24 hours,Open 24 hours,Open 24 hours,Open 24 hours,Open 24 hours,Open 24 hours,"https://www.google.com/maps/search/Hospice+clinics+in+Galloway+Township+Atlantic+City+NJ/@39.3636917,-74.4291041,14z",2025-09-17T23:30:56.322Z,,,
https://www.google.com/maps/place/AtlantiCare+Physician+Group+Sleep+Center/data=!4m7!3m6!1s0x89c0e6899ec3926d:0x649440ea1372ca9c!8m2!3d39.4721386!4d-74.5156536!16s%2Fg%2F1tf66cnj!19sChIJbZLDnonmwIkRnMpyE-pAlGQ,AtlantiCare Physician Group Sleep Center,3.5,11,Sleep clinic,"110 E Jimmie Leeds Rd, Galloway, NJ 08205, United States","FFCM+VP Galloway, New Jersey, USA",https://www.atlanticare.org/services/sleep-center,+1 609-748-7900,Closed ⋅ Opens 9 am Thu,https://lh3.googleusercontent.com/p/AF1QipNajGFUQU19NKrP3ckLLPETRAP36pLc5iIa1GYl=w487-h240-k-no,false,9 am–5 pm,9 am–5 pm,9 am–5 pm,Closed,9 pm–12 am,9 am–5 pm,9 am–5 pm,"https://www.google.com/maps/search/Hospice+clinics+in+Galloway+Township+Atlantic+City+NJ/@39.3636917,-74.4291041,14z",2025-09-17T23:31:00.684Z,,,
https://www.google.com/maps/place/Royal+Suites+Healthcare+%26+Rehabilitation+Center/data=!4m7!3m6!1s0x89c0e70918c9c895:0xd3e062ae0555d033!8m2!3d39.4786358!4d-74.5621187!16s%2Fg%2F1x5fc80v!19sChIJlcjJGAnnwIkRM9BVBa5i4NM,Royal Suites Healthcare & Rehabilitation Center,4.1,234,Nursing home,"214 W Jimmie Leeds Rd, Galloway, NJ 08205, United States","FCHQ+F5 Galloway, New Jersey, USA",http://royalsuiteshealthcare.com/,+1 609-748-9900,Open 24 hours,https://lh3.googleusercontent.com/p/AF1QipOIt_lUu-HbaZzi2wXB-5lg_yvkn6DdfNehGR0z=w408-h272-k-no,true,Open 24 hours,Open 24 hours,Open 24 hours,Open 24 hours,Open 24 hours,Open 24 hours,Open 24 hours,"https://www.google.com/maps/search/Hospice+clinics+in+Galloway+Township+Atlantic+City+NJ/@39.3636917,-74.4291041,14z",2025-09-17T23:31:05.199Z,,,
"https://www.google.com/maps/place/AtlantiCare+Airport+Commerce+Center,+Egg+Harbor+Township/data=!4m7!3m6!1s0x89c0e8f379f945ff:0x7395b0941a9b87fc!8m2!3d39.4272247!4d-74.5618087!16s%2Fg%2F1td14550!19sChIJ_0X5efPowIkR_IebGpSwlXM","AtlantiCare Airport Commerce Center, Egg Harbor Township",4.0,4,Human resource consulting,"6550 Delilah Rd, Egg Harbor Township, NJ 08234, United States","CCGQ+V7 Egg Harbor Township, New Jersey, USA",http://www.atlanticare.org/?utm_source=local-listing&utm_medium=organic&utm_campaign=website-link,+1 888-569-1000,,https://streetviewpixels-pa.googleapis.com/v1/thumbnail?panoid=GGeQ3OzoIaaPIfvscZ_IpA&cb_client=search.gws-prod.gps&w=408&h=240&yaw=120.58511&pitch=0&thumbfov=100,true,,,,,,,,"https://www.google.com/maps/search/Hospice+clinics+in+Absecon+Atlantic+City+NJ/@39.432136,-74.4994256,14z",2025-09-17T23:31:21.672Z,,,
https://www.google.com/maps/place/Visiting+Angels+Senior+Home+Care+Egg+Harbor+Township/data=!4m7!3m6!1s0x89c0e89757cc326b:0x792163640a6b021b!8m2!3d39.3888038!4d-74.5669014!16s%2Fg%2F1tfr1b53!19sChIJazLMV5fowIkRGwJrCmRjIXk,Visiting Angels Senior Home Care Egg Harbor Township,4.9,61,Home health care service,"3153 Fire Rd Suites A, B, and C, Egg Harbor Township, NJ 08234, United States","9CQM+G6 Egg Harbor Township, New Jersey, USA",https://www.visitingangels.com/eggharbortwp/home?utm_source=gmb&utm_medium=organic&utm_campaign=local,+1 609-641-7200,Open 24 hours,https://lh3.googleusercontent.com/p/AF1QipN0MSa5BbChK_lJmOUVqH3S0MPPn3ikkWiSKFg6=w408-h457-k-no,true,Open 24 hours,Open 24 hours,Open 24 hours,Open 24 hours,Open 24 hours,Open 24 hours,Open 24 hours,"https://www.google.com/maps/search/Hospice+clinics+in+Egg+Harbor+Township+Atlantic+City+NJ/@39.3636917,-74.4291041,14z",2025-09-17T23:31:40.724Z,Identifies as women-owned,,
https://www.google.com/maps/place/BAYADA+Adult+Nursing/data=!4m7!3m6!1s0x89c0e9890c133a83:0xf83980f82b383a17!8m2!3d39.3613145!4d-74.5795484!16s%2Fg%2F1hc34m434!19sChIJgzoTDInpwIkRFzo4K_iAOfg,BAYADA Adult Nursing,3.7,3,Home health care service,"305 Central Ave Suite A & B, Egg Harbor Township, NJ 08234, United States","9C6C+G5 Egg Harbor Township, New Jersey, USA",https://www.bayada.com/adult-private-duty-nursing/locations/nj/egg-harbor-township/305-central-avenue-suite-ab/10021?utm_source=google&utm_medium=local&utm_campaign=google-my-business&utm_content=local-listings,+1 609-926-4600,Open 24 hours,https://lh3.googleusercontent.com/p/AF1QipMjUb5QGYUE7uTfmfed-OTHTr_YhJN1-QyPf9Gy=w426-h240-k-no,true,Open 24 hours,Open 24 hours,Open 24 hours,Open 24 hours,Open 24 hours,Open 24 hours,Open 24 hours,"https://www.google.com/maps/search/Hospice+clinics+in+Egg+Harbor+Township+Atlantic+City+NJ/@39.3636917,-74.4291041,14z",2025-09-17T23:31:51.740Z,LGBTQ+ friendly,,
,,,,,,,,,,,,,,,,,,,"https://www.google.com/maps/search/Hospice+clinics+in+Longport+Atlantic+City+NJ/@39.3136123,-74.5243107,14z",2025-09-17T23:32:06.023Z,,No new results found,
https://www.google.com/maps/place/Home+Instead/data=!4m7!3m6!1s0x89c0ea7f926ee96d:0xf6d31861f5a9e98d!8m2!3d39.3093776!4d-74.6013651!16s%2Fg%2F1tffq7g2!19sChIJbelukn_qwIkRjemp9WEY0_Y,Home Instead,4.9,10,Home health care service,"112 Woodland Ave Suite 201, Somers Point, NJ 08244, United States","895X+QF Somers Point, New Jersey, USA",https://www.homeinstead.com/home-care/usa/nj/atlantic-cape-may-counties/669/?utm_source=google&utm_medium=organic&utm_campaign=google_organic_businesslisting_y,+1 609-337-2089,Open 24 hours,https://lh3.googleusercontent.com/p/AF1QipMKMJX8bHDxcOfX7e3Et2_lXcv5lzKPytV4DzRh=w408-h271-k-no,true,Open 24 hours,Open 24 hours,Open 24 hours,Open 24 hours,Open 24 hours,Open 24 hours,Open 24 hours,"https://www.google.com/maps/search/Hospice+clinics+in+Somers+Point+Atlantic+City+NJ/@39.3160129,-74.6054093,14z",2025-09-17T23:32:18.523Z,LGBTQ+ friendly,,
"https://www.google.com/maps/place/AtlantiCare+Physician+Group,+Primary+Care+Plus,+Somers+Point/data=!4m7!3m6!1s0x89c0ea7fa69b0f5d:0xc7c24bef3f015125!8m2!3d39.3203223!4d-74.5913117!16s%2Fg%2F11b6xfm56j!19sChIJXQ-bpn_qwIkRJVEBP-9Lwsc","AtlantiCare Physician Group, Primary Care Plus, Somers Point",3.0,10,Medical clinic,"443 Shore Rd Ste 201, 2nd Fl, Somers Point, NJ 08244, United States","8CC5+4F Somers Point, New Jersey, USA",https://www.atlanticare.org/location/atlanticare-physician-group-primary-care-plus-somers-point,+1 609-407-7747,Closed ⋅ Opens 8 am Thu,https://lh3.googleusercontent.com/p/AF1QipOb0E9OnYg4iFx86Y3TSEfXdCy032opFiUm4tmO=w408-h263-k-no,true,8 am–5:30 pm,8 am–5 pm,8 am–5 pm,Closed,Closed,8 am–5 pm,8 am–5 pm,"https://www.google.com/maps/search/Hospice+clinics+in+Somers+Point+Atlantic+City+NJ/@39.3160129,-74.6054093,14z",2025-09-17T23:32:22.959Z,,,
https://www.google.com/maps/place/iCare+Home+Healthcare+Services/data=!4m7!3m6!1s0x89c0e6feff9d8ed9:0xe3c55c262dfdab84!8m2!3d39.3228622!4d-74.593398!16s%2Fg%2F11bwfxq9tw!19sChIJ2Y6d__7mwIkRhKv9LSZcxeM,iCare Home Healthcare Services,4.5,15,Home health care service,"408 Bethel Rd Bldg B 2nd Floor, Somers Point, NJ 08244, United States","8CF4+4J Somers Point, New Jersey, USA",http://www.icarenursingservices.com/,+1 609-380-2256,,https://lh3.googleusercontent.com/p/AF1QipNEJoS5xWLuV1JLKq80y2G2Es_9R2oKSWCu8_ZZ=w408-h297-k-no,true,,,,,,,,"https://www.google.com/maps/search/Hospice+clinics+in+Somers+Point+Atlantic+City+NJ/@39.3160129,-74.6054093,14z",2025-09-17T23:32:33.689Z,Identifies as women-owned,,true
https://www.google.com/maps/place/BAYADA+Assistive+Care/data=!4m7!3m6!1s0x89c0e98b667270a7:0x4beeda90c71240d!8m2!3d39.3480542!4d-74.580196!16s%2Fg%2F11f55l03hz!19sChIJp3ByZovpwIkRDSRxDKntvgQ,BAYADA Assistive Care,4.8,25,Home health care service,"1201 New Rd Suite 108, Linwood, NJ 08221, United States","8CX9+6W Linwood, New Jersey, USA",https://www.bayada.com/personal-care-and-companionship/locations/nj/linwood/1201-new-road-suite-108/11881?utm_source=google&utm_medium=local&utm_campaign=google-my-business&utm_content=local-listings,+1 609-365-4111,Open 24 hours,https://lh3.googleusercontent.com/p/AF1QipP9Stl_UKinFL3QEJmmlsmAKJEH6ezVELsLbAc4=w426-h240-k-no,true,Open 24 hours,Open 24 hours,Open 24 hours,Open 24 hours,Open 24 hours,Open 24 hours,Open 24 hours,"https://www.google.com/maps/search/Hospice+clinics+in+Linwood+Atlantic+City+NJ/@39.3538423,-74.5751054,14z",2025-09-17T23:32:46.080Z,LGBTQ+ friendly,,
https://www.google.com/maps/place/Right+at+Home/data=!4m7!3m6!1s0x89c0e98ac61bc0ed:0x1861ee9e63d14e7e!8m2!3d39.35709!4d-74.569!16s%2Fg%2F1tmgdb69!19sChIJ7cAbxorpwIkRfk7RY57uYRg,Right at Home,4.9,79,Home health care service,"Central Park E, 222 New Rd STE 108, Linwood, NJ 08221, United States","9C4J+R9 Linwood, New Jersey, USA",https://www.rightathome.net/atlantic-county/?utm_source=google&utm_medium=local&utm_campaign=localmaps&utm_content=1206,+1 609-788-8236,Open 24 hours,https://lh3.googleusercontent.com/p/AF1QipOci_gtxwD9zsKhmAQ91p4_6rR4A-bCB_ruk_Ic=w408-h272-k-no,true,Open 24 hours,Open 24 hours,Open 24 hours,Open 24 hours,Open 24 hours,Open 24 hours,Open 24 hours,"https://www.google.com/maps/search/Hospice+clinics+in+Linwood+Atlantic+City+NJ/@39.3538423,-74.5751054,14z",2025-09-17T23:32:50.461Z,,,
https://www.google.com/maps/place/Linwood+convalescent+center/data=!4m7!3m6!1s0x89c0e908c3fccbe1:0xf2ae5a4ce31db596!8m2!3d39.3586873!4d-74.5699749!16s%2Fg%2F11fp8zn9jp!19sChIJ4cv8wwjpwIkRlrUd40xarvI,Linwood convalescent center,2.2,5,Adult day care center,"Linwood, NJ 08221, United States","9C5J+F2 Linwood, New Jersey, USA",,,,https://lh3.googleusercontent.com/gps-cs-s/AC9h4nqosjLofQORZgSWrCVgTfU6npzJks42G3fasaDT144fyi72p3ahouMtW7eoJGw1rhpd6lvw5epBsVwkbV3HvBXBXpsqKwsk8RJ2fwyMnd1NaVpvs1iOvChCNhAIkSv8BlfxTN0yEQLz97o=w408-h725-k-no,false,,,,,,,,"https://www.google.com/maps/search/Hospice+clinics+in+Linwood+Atlantic+City+NJ/@39.3538423,-74.5751054,14z",2025-09-17T23:32:52.836Z,,,
https://www.google.com/maps/place/Recovery+Centers+of+America+at+Lighthouse/data=!4m7!3m6!1s0x89c0c4a7073af8b1:0x763ce946b4a26ba9!8m2!3d39.4404244!4d-74.6888897!16s%2Fg%2F11c6dd093g!19sChIJsfg6B6fEwIkRqWuitEbpPHY,Recovery Centers of America at Lighthouse,4.2,247,Addiction treatment center,"5034 Atlantic Ave, Mays Landing, NJ 08330, United States","C8R6+5C Mays Landing, Hamilton, NJ, USA",https://recoverycentersofamerica.com/locations/lighthouse/?utm_medium=organic&utm_source=gmb,+1 609-782-0005,Open 24 hours,https://lh3.googleusercontent.com/p/AF1QipNKR3SEy0acGWUeVGc5u63Zmq7k6JAiYYkNKRHF=w426-h240-k-no,true,Open 24 hours,Open 24 hours,Open 24 hours,Open 24 hours,Open 24 hours,Open 24 hours,Open 24 hours,"https://www.google.com/maps/search/Hospice+clinics+in+Mays+Landing+Atlantic+City+NJ/@39.4523385,-74.7276626,14z",2025-09-17T23:33:12.931Z,,,
https://www.google.com/maps/place/Patient+Care/data=!4m7!3m6!1s0x89c0e9fe385f8813:0xbb27214dbed093b2!8m2!3d39.4313522!4d-74.6115406!16s%2Fg%2F11fn005yhr!19sChIJE4hfOP7pwIkRspPQvk0hJ7s,Patient Care,3.0,7,Home health care service,"500 Scarborough Dr Suite 302A, Egg Harbor Township, NJ 08234, United States","C9JQ+G9 Egg Harbor Township, New Jersey, USA",https://lhcgroup.com/locations/atlanticare-home-health/,+1 609-484-7300,Closed ⋅ Opens 8 am Thu,https://streetviewpixels-pa.googleapis.com/v1/thumbnail?panoid=0aOgKBiv3RQqD39qP8H3rA&cb_client=search.gws-prod.gps&w=408&h=240&yaw=201.78078&pitch=0&thumbfov=100,true,8 am–4:30 pm,8 am–4:30 pm,8 am–4:30 pm,Closed,Closed,8 am–4:30 pm,8 am–4:30 pm,"https://www.google.com/maps/search/Hospice+clinics+in+Mays+Landing+Atlantic+City+NJ/@39.4523385,-74.7276626,14z",2025-09-17T23:33:17.495Z,,,
https://www.google.com/maps/place/Transcend+Hospice+and+Palliative+Care+NJ/data=!4m7!3m6!1s0x89c6cb3319ac41ff:0x4830d2b286bb9b26!8m2!3d39.9098084!4d-74.9907279!16s%2Fg%2F11l5hlf30b!19sChIJ_0GsGTPLxokRJpu7hrLSMEg,Transcend Hospice and Palliative Care NJ,5.0,7,Hospice,"1415 Marlton Pike, Cherry Hill Township, NJ 08034, United States","W255+WP Cherry Hill Township, New Jersey, USA",http://www.transcendhospicenj.com/,+1 856-400-0010,Closed ⋅ Opens 8:30 am Thu,https://streetviewpixels-pa.googleapis.com/v1/thumbnail?panoid=3jlo9PAWNKuBvOX5Cqhxxg&cb_client=search.gws-prod.gps&w=408&h=240&yaw=194.993&pitch=0&thumbfov=100,true,8:30 am–5 pm,8:30 am–5 pm,8:30 am–5 pm,Closed,Closed,8:30 am–5 pm,8:30 am–5 pm,"https://www.google.com/maps/search/Hospice+clinics+in+Wildwood+Atlantic+City+NJ/@39.3636917,-74.4291041,14z",2025-09-17T23:33:37.555Z,,,
https://www.google.com/maps/place/Lighthouse+Hospice/data=!4m7!3m6!1s0x89c6cb120cd8b967:0x35a72a64f960293c!8m2!3d39.9406539!4d-75.002703!16s%2Fg%2F1td5h23h!19sChIJZ7nYDBLLxokRPClg-WQqpzU,Lighthouse Hospice,3.7,6,Hospice,"200 Lake Dr E Ste. 205, Cherry Hill Township, NJ 08002, United States","WXRW+7W Cherry Hill Township, New Jersey, USA",http://www.lighthousehospice.net/,+1 856-414-1155,Closed ⋅ Opens 8 am Thu,https://lh3.googleusercontent.com/p/AF1QipOM_1Rc9zPrug77B0Nw3lACvmVj0NFgWMDGH3Ku=w408-h302-k-no,true,8 am–4:30 pm,8 am–4:30 pm,8 am–4:30 pm,Closed,Closed,8 am–4:30 pm,8 am–4:30 pm,"https://www.google.com/maps/search/Hospice+clinics+in+Wildwood+Atlantic+City+NJ/@39.3636917,-74.4291041,14z",2025-09-17T23:33:42.177Z,,,
https://www.google.com/maps/place/Cooper+University+Hospital+Cape+Regional/data=!4m7!3m6!1s0x89c0af19ce2dc4a3:0xc0d4d98d6672a77d!8m2!3d39.0875407!4d-74.8169302!16zL20vMDlya2Y3!19sChIJo8QtzhmvwIkRfadyZo3Z1MA,Cooper University Hospital Cape Regional,2.4,327,Hospital,"2 Stone Harbor Blvd, Cape May Court House, NJ 08210, United States","35QM+26 Cape May Court House, Middle Township, NJ, USA",https://www.cooperhealthcape.org/,+1 609-463-2273,,https://lh3.googleusercontent.com/p/AF1QipNtZB5wTKzLr3MeIPJR3TXyT8QSXp1fZJu2Jmkw=w408-h306-k-no,true,4–6 pm,4–6 pm,4–6 pm,4–6 pm,4–6 pm,4–6 pm,4–6 pm,"https://www.google.com/maps/search/Hospice+clinics+in+Wildwood+Atlantic+City+NJ/@39.3636917,-74.4291041,14z",2025-09-17T23:33:46.647Z,,,
https://www.google.com/maps/place/Caring+Hospice/data=!4m7!3m6!1s0x89c18295e5c1a269:0x87c8ea98b765e29f!8m2!3d40.0507088!4d-74.1996955!16s%2Fg%2F11hy9nkmm4!19sChIJaaLB5ZWCwYkRn-Jlt5jqyIc,Caring Hospice,3.0,2,Hospice,"525 NJ-70, Lakewood, NJ 08701, United States","3R22+74 Lakewood, NJ, USA",http://www.caringhospice.com/,+1 732-901-6600,,https://streetviewpixels-pa.googleapis.com/v1/thumbnail?panoid=9OibfQ20A57Jc-LDliVEwQ&cb_client=search.gws-prod.gps&w=408&h=240&yaw=91.2977&pitch=0&thumbfov=100,true,,,,,,,,"https://www.google.com/maps/search/Hospice+clinics+in+Wildwood+Atlantic+City+NJ/@39.3636917,-74.4291041,14z",2025-09-17T23:33:49.219Z,,,
https://www.google.com/maps/place/Crest+Haven+Nursing+%26+Rehabilitation+Center/data=!4m7!3m6!1s0x89c0af754f82da07:0x23d0a059b6aa5fac!8m2!3d39.1032098!4d-74.8011466!16s%2Fg%2F1trxl5dm!19sChIJB9qCT3WvwIkRrF-qtlmg0CM,Crest Haven Nursing & Rehabilitation Center,4.3,44,Rehabilitation center,"12 Moore Rd, Cape May Court House, NJ 08210, United States","453X+7G Cape May Court House, Middle Township, NJ, USA",https://cresthavenhc.com/,+1 609-465-1260,Open 24 hours,https://lh3.googleusercontent.com/p/AF1QipMTi89D8ymhaIjFWyW88wnKZXs94-nTG0W05QIx=w408-h271-k-no,true,Open 24 hours,Open 24 hours,Open 24 hours,Open 24 hours,Open 24 hours,Open 24 hours,Open 24 hours,"https://www.google.com/maps/search/Hospice+clinics+in+Wildwood+Atlantic+City+NJ/@39.3636917,-74.4291041,14z",2025-09-17T23:33:53.922Z,,,
https://www.google.com/maps/place/North+Cape+Center/data=!4m7!3m6!1s0x89bf550bc104da77:0xee40e8a83a3a3a04!8m2!3d38.9723406!4d-74.923864!16s%2Fg%2F1tj58nzh!19sChIJd9oEwQtVv4kRBDo6OqjoQO4,North Cape Center,4.3,136,Nursing home,"700 Town Bank Rd, North Cape May, NJ 08204, United States","X3CG+WF North Cape May, Lower Township, NJ, USA",http://www.genesishcc.com/NorthCape,+1 609-898-8899,Open 24 hours,https://lh3.googleusercontent.com/p/AF1QipPN8DruHjSMRsAuwsPXuOa0y8XqXaOe01qubVVz=w509-h240-k-no,true,Open 24 hours,Open 24 hours,Open 24 hours,Open 24 hours,Open 24 hours,Open 24 hours,Open 24 hours,"https://www.google.com/maps/search/Hospice+clinics+in+Cape+May+Atlantic+City+NJ/@38.9316029,-74.9107738,14z",2025-09-17T23:34:06.556Z,,,
https://www.google.com/maps/place/Pelican+Pointe+Post+Acute+Nursing+%26+Rehabilitation/data=!4m7!3m6!1s0x89bf556acb7d1a19:0x41f1ccfbfd7bbdeb!8m2!3d38.9768412!4d-74.9396465!16s%2Fg%2F1tmpwwm5!19sChIJGRp9y2pVv4kR6717_fvM8UE,Pelican Pointe Post Acute Nursing & Rehabilitation,4.0,53,Nursing home,"3809 Bayshore Rd, North Cape May, NJ 08204, United States","X3G6+P4 North Cape May, Lower Township, NJ, USA",https://pelicanpointerehab.com/,+1 609-898-0677,Open 24 hours,https://lh3.googleusercontent.com/p/AF1QipO0hH2ec1DHfv_2hut265uuPkfzuWknP8m1y90b=w408-h272-k-no,true,Open 24 hours,Open 24 hours,Open 24 hours,Open 24 hours,Open 24 hours,Open 24 hours,Open 24 hours,"https://www.google.com/maps/search/Hospice+clinics+in+Cape+May+Atlantic+City+NJ/@38.9316029,-74.9107738,14z",2025-09-17T23:34:11.261Z,,,
"https://www.google.com/maps/place/AtlantiCare+Cancer+Care+Institute,+Cape+May+Court+House/data=!4m7!3m6!1s0x89c0af1b00f55517:0xc1729b4ef11506d!8m2!3d39.0926548!4d-74.8162783!16s%2Fg%2F1q6n2n451!19sChIJF1X1ABuvwIkRbVAR77QpFww","AtlantiCare Cancer Care Institute, Cape May Court House",5.0,2,Cancer treatment center,"106 Court House South Dennis Rd, Cape May Court House, NJ 08210, United States","35VM+3F Cape May Court House, Middle Township, NJ, USA",https://www.atlanticare.org/location/atlanticare-cancer-care-institute-cape-may-court-house,+1 609-463-3222,Closed ⋅ Opens 8 am Thu,https://lh3.googleusercontent.com/p/AF1QipN6SHxr1hhbsuYoZVKIi1kFhr3HEro-GQ8CAER2=w408-h272-k-no,true,8 am–4 pm,8 am–4 pm,8 am–4 pm,Closed,Closed,8 am–4 pm,8 am–4 pm,"https://www.google.com/maps/search/Hospice+clinics+in+Cape+May+Atlantic+City+NJ/@38.9316029,-74.9107738,14z",2025-09-17T23:34:15.758Z,,,
"https://www.google.com/maps/place/AtlantiCare+Health+Park,+Cape+May+Court+House/data=!4m7!3m6!1s0x89c0af1b00f55517:0x2c3bc4919ccb4207!8m2!3d39.0925788!4d-74.8162841!16s%2Fg%2F1z44y61sv!19sChIJF1X1ABuvwIkRB0LLnJHEOyw","AtlantiCare Health Park, Cape May Court House",5.0,3,Medical clinic,"106 Court House South Dennis Rd, Cape May Court House, NJ 08210, United States","35VM+2F Cape May Court House, Middle Township, NJ, USA",https://www.atlanticare.org/location/atlanticare-health-park-at-cape-may-court-house,+1 888-569-1000,"Closed ⋅ Opens 9 am Thu

Confirmed by this business 8 weeks ago",https://lh3.googleusercontent.com/p/AF1QipOkd1Gj_-GqN_N5X_FCCo4-fNjijZV3m2f23xsm=w426-h240-k-no,true,9 am–5 pm,9 am–5 pm,9 am–5 pm,Closed,Closed,9 am–5 pm,9 am–5 pm,"https://www.google.com/maps/search/Hospice+clinics+in+Cape+May+Atlantic+City+NJ/@38.9316029,-74.9107738,14z",2025-09-17T23:34:20.372Z,,,
https://www.google.com/maps/place/Hammonton+Center/data=!4m7!3m6!1s0x89c12872e539dff7:0x7974a82b6085e54e!8m2!3d39.6498324!4d-74.7905848!16s%2Fg%2F1td33y_4!19sChIJ99855XIowYkRTuWFYCuodHk,Hammonton Center,4.1,172,Nursing home,"43 N White Horse Pike, Hammonton, NJ 08037, United States","J6X5+WQ Hammonton, New Jersey, USA",https://hammonton-center.facilities.centershealthcare.org/,+1 609-567-3100,Open 24 hours,https://lh3.googleusercontent.com/p/AF1QipMWDEgl0MACg25HwJey5vQQVYVUGAUdFoEeYI6E=w408-h272-k-no,true,Open 24 hours,Open 24 hours,Open 24 hours,Open 24 hours,Open 24 hours,Open 24 hours,Open 24 hours,"https://www.google.com/maps/search/Hospice+clinics+in+Hammonton+Atlantic+City+NJ/@39.6475257,-74.7886268,14z",2025-09-17T23:34:40.162Z,,,
https://www.google.com/maps/place/AtlantiCare+Health+Park+at+Hammonton/data=!4m7!3m6!1s0x89c1286dd625666f:0x87711e8ab9286431!8m2!3d39.6533955!4d-74.7940485!16s%2Fg%2F1tdskpjs!19sChIJb2Yl1m0owYkRMWQouYoecYc,AtlantiCare Health Park at Hammonton,3.9,24,Hospital,"219 N White Horse Pike, Hammonton, NJ 08037, United States","M634+99 Hammonton, New Jersey, USA",https://www.atlanticare.org/location/atlanticare-health-park-at-hammonton,+1 888-569-1000,,https://lh3.googleusercontent.com/p/AF1QipMum_12NMJUj8i4yjoSom1MBidl06pjnVJj335B=w426-h240-k-no,true,,,,,,,,"https://www.google.com/maps/search/Hospice+clinics+in+Hammonton+Atlantic+City+NJ/@39.6475257,-74.7886268,14z",2025-09-17T23:34:42.783Z,,,
https://www.google.com/maps/place/Animal+Clinic+of+Hammonton/data=!4m7!3m6!1s0x89c0d7cc71d48759:0x804f6aba9634c74c!8m2!3d39.6208808!4d-74.779931!16s%2Fg%2F11g9kfjkb_!19sChIJWYfUcczXwIkRTMc0lrpqT4A,Animal Clinic of Hammonton,4.7,340,Veterinarian,"811 S Egg Harbor Rd, Hammonton, NJ 08037, United States","J6CC+92 Hammonton, New Jersey, USA",http://www.animalclinicofhammonton.com/,+1 609-878-3725,Closed ⋅ Opens 8 am Thu,https://lh3.googleusercontent.com/p/AF1QipOVuoOi253dtn4IBtqsyHHtFH9jN_POFT1kaOZO=w408-h335-k-no,true,8 am–6 pm,8 am–6 pm,8 am–5 pm,8:30 am–1 pm,Closed,8 am–6 pm,8 am–6 pm,"https://www.google.com/maps/search/Hospice+clinics+in+Hammonton+Atlantic+City+NJ/@39.6475257,-74.7886268,14z",2025-09-17T23:34:47.203Z,,,
"https://www.google.com/maps/place/Nishant+P.+Parikh,+DO/data=!4m7!3m6!1s0x89c6cda12e233c1d:0x8837ad1a8639d499!8m2!3d39.8281678!4d-75.008266!16s%2Fg%2F11kjvrlhlm!19sChIJHTwjLqHNxokRmdQ5hhqtN4g","Nishant P. Parikh, DO",1.0,2,Hospice,"18 Laurel Rd, Stratford, NJ 08084, United States","RXHR+7M Stratford, New Jersey, USA",https://www.jeffersonhealth.org/find-a-doctor/p/parikh-nishant-p,+1 856-302-4124,,https://lh3.googleusercontent.com/p/AF1QipOJOlZamHob0BmZBsgEsohUUK2LpaxzPoTbKQsI=w408-h544-k-no,true,,,,,,,,"https://www.google.com/maps/search/Hospice+clinics+in+Hammonton+Atlantic+City+NJ/@39.6475257,-74.7886268,14z",2025-09-17T23:34:49.493Z,,,
https://www.google.com/maps/place/Berlin+Rehabilitation+%26+Healthcare+Center/data=!4m7!3m6!1s0x89c12da0a07eae09:0xc63def31f4b49b4b!8m2!3d39.7812501!4d-74.9205755!16s%2Fg%2F1tq6kztp!19sChIJCa5-oKAtwYkRS5u09DHvPcY,Berlin Rehabilitation & Healthcare Center,4.4,304,Nursing home,"100 Long a Coming Ln, Berlin, NJ 08009, United States","Q3JH+GQ Berlin, New Jersey, USA",https://berlinrehabhc.com/?utm_source=google&utm_medium=organic&utm_campaign=gmb&utm_content=main_button,+1 856-322-3600,Open 24 hours,https://lh3.googleusercontent.com/p/AF1QipPE1EsCGimra20R3yyxZRnaLwNl9FjqkuRZTNF3=w424-h240-k-no,true,Open 24 hours,Open 24 hours,Open 24 hours,Open 24 hours,Open 24 hours,Open 24 hours,Open 24 hours,"https://www.google.com/maps/search/Hospice+clinics+in+Hammonton+Atlantic+City+NJ/@39.6475257,-74.7886268,14z",2025-09-17T23:34:53.952Z,,,
https://www.google.com/maps/place/Island+Waterpark+at+Showboat/data=!4m7!3m6!1s0x89c0effe66c1bf0f:0x55960ed4b4e836de!8m2!3d39.3614358!4d-74.4179374!16s%2Fg%2F11kqw38pt5!19sChIJD7_BZv7vwIkR3jbotNQOllU,Island Waterpark at Showboat,3.8,1562,Water park,"801 Boardwalk, Atlantic City, NJ 08401, United States","9H6J+HR Atlantic City, New Jersey, USA",https://www.islandwaterparkac.com/,+1 609-964-7663,"Closed ⋅ Opens 12 pm Fri

Updated by phone call 2 weeks ago",https://lh3.googleusercontent.com/p/AF1QipNmK1NqL8aWMLYuPeYdxezLmQFcuyR4KQXJbVp9=w408-h326-k-no,true,Closed,Closed,12–8 pm,12–8 pm,12–7 pm,Closed,12–7 pm,"https://www.google.com/maps/search/Hospice+clinics+in+Absecon+Island+Atlantic+City+NJ/@39.3636917,-74.4291041,14z",2025-09-17T23:35:07.748Z,LGBTQ+ friendly,,
"https://www.google.com/maps/place/Absecon+Island/@39.3421825,-74.4788859,15z/data=!3m1!4b1!4m6!3m5!1s0x89c0ec1fcadaceef:0x1ad731d83b5de943!8m2!3d39.342183!4d-74.4788859!16zL20vMDk4enhq",Absecon Island,5.0,1,Island,"Ventnor City, NJ 08406, USA",,,,,,true,,,,,,,,"https://www.google.com/maps/search/Hospice+clinics+in+Absecon+Island+Atlantic+City+NJ/@39.3636917,-74.4291041,14z",2025-09-17T23:35:12.070Z,,,
,,,,,,,,,,,,,,,,,,,"https://www.google.com/maps/search/Hospice+clinics+in+Avalon+Atlantic+City+NJ/@39.3636917,-74.4291041,14z",2025-09-17T23:35:33.065Z,,No new results found,
https://www.google.com/maps/place/Shore+Medical+Center/data=!4m7!3m6!1s0x89c0ea81e0113557:0x16d169b0105d434d!8m2!3d39.3143449!4d-74.59312!16s%2Fm%2F0b6lmbd!19sChIJVzUR4IHqwIkRTUNdELBp0RY,Shore Medical Center,3.1,293,General hospital,"100 Medical Center Way, Somers Point, NJ 08244, United States","8C74+PQ Somers Point, New Jersey, USA",http://www.shoremedicalcenter.org/,+1 609-653-3500,Open 24 hours,https://lh3.googleusercontent.com/p/AF1QipM4CipSyaJY7tmXVN0uETfIZCZ8IUiBfy21YbiW=w408-h240-k-no-pi-20-ya60-ro0-fo100,true,Open 24 hours,Open 24 hours,Open 24 hours,Open 24 hours,Open 24 hours,Open 24 hours,Open 24 hours,"https://www.google.com/maps/search/Hospice+clinics+in+Stone+Harbor+Atlantic+City+NJ/@39.0545966,-74.7606654,14z",2025-09-17T23:35:46.170Z,,,
https://www.google.com/maps/place/Center+for+Hope+Hospice+%26+Palliative+Care/data=!4m7!3m6!1s0x89c3b12681bbcd73:0xf1261fcdbc3d9791!8m2!3d40.6220614!4d-74.3530202!16s%2Fg%2F1thmgb7s!19sChIJc827gSaxw4kRkZc9vM0fJvE,Center for Hope Hospice & Palliative Care,4.5,87,Assisted living facility,"1900 Raritan Rd, Scotch Plains, NJ 07076, United States","JJCW+RQ Scotch Plains, New Jersey, USA",http://www.cfhh.org/,+1 908-889-7780,Open 24 hours,https://lh3.googleusercontent.com/gps-cs-s/AC9h4no9x6qCJdi-VXNjA8JyHGwuT_-acfY8WtLpukjyOI-pSsmiKIj2vNQRkOQiO_1bM6sngTZT9gXGRs_bg4O3G-dbV8jIu1QZUgVOTjT9qri1vZcsJ-lE3KWLLYlT0J_ZkuJj1KI=w408-h306-k-no,true,Open 24 hours,Open 24 hours,Open 24 hours,Open 24 hours,Open 24 hours,Open 24 hours,Open 24 hours,"https://www.google.com/maps/search/Hospice+clinics+in+Stone+Harbor+Atlantic+City+NJ/@39.0545966,-74.7606654,14z",2025-09-17T23:35:50.657Z,,,
,,,,,,,,,,,,,,,,,,,"https://www.google.com/maps/search/Hospice+clinics+in+Sea+Isle+City+Atlantic+City+NJ/@39.3636917,-74.4291041,14z",2025-09-17T23:36:11.580Z,,No new results found,