placeUrl,title,rating,reviewCount,category,address,plusCode,website,phoneNumber,currentStatus,imgUrl,isClaimed,wednesday,thursday,friday,saturday,sunday,monday,tuesday,query,timestamp,info,isBlackOwned,error,attributes
"https://www.google.com/maps/place/Hospice+of+Acadiana,+Inc./data=!4m7!3m6!1s0x86249c5cc6751a37:0x9e4849f09d6ca17b!8m2!3d30.2095786!4d-92.0360075!16s%2Fg%2F1tjdx801!19sChIJNxp1xlycJIYRe6FsnfBJSJ4","Hospice of Acadiana, Inc.",4.3,18,Non-profit organization,"2600 Johnston St Suite 200, Lafayette, LA 70503, United States","6X57+RH Lafayette, Louisiana, USA",https://www.hospiceacadiana.com/,+1 337-232-1234,Open 24 hours,https://streetviewpixels-pa.googleapis.com/v1/thumbnail?panoid=YncKIfQmmUsg_DymoX5zNw&cb_client=search.gws-prod.gps&w=408&h=240&yaw=235.9764&pitch=0&thumbfov=100,false,Open 24 hours,Open 24 hours,Open 24 hours,Open 24 hours,Open 24 hours,Open 24 hours,Open 24 hours,"https://www.google.com/maps/search/Hospice+clinics+in+Scott+Lafeyette+LA/@30.2357569,-92.0945672,14z",2025-09-17T23:56:44.690Z,,,,
"https://www.google.com/maps/place/HOPE+Healthcare+and+Hospice,+LLC/data=!4m7!3m6!1s0x86249d1c8f64b35f:0x5503d1901b532e65!8m2!3d30.1933395!4d-92.0104539!16s%2Fg%2F11gmyx85lq!19sChIJX7NkjxydJIYRZS5TG5DRA1U","HOPE Healthcare and Hospice, LLC",4.8,17,Hospice,"301 E Kaliste Saloom Rd #201, Lafayette, LA 70508, United States","5XVQ+8R Lafayette, Louisiana, USA",https://hope-hospice.com/,+1 337-703-4674,Closed ⋅ Opens 8 am Thu,https://streetviewpixels-pa.googleapis.com/v1/thumbnail?panoid=sInOr2Vdy4OAc4PpLNCHRw&cb_client=search.gws-prod.gps&w=408&h=240&yaw=319.07108&pitch=0&thumbfov=100,true,8 am–5 pm,8 am–5 pm,8 am–5 pm,Closed,Closed,8 am–5 pm,8 am–5 pm,"https://www.google.com/maps/search/Hospice+clinics+in+Scott+Lafeyette+LA/@30.2357569,-92.0945672,14z",2025-09-17T23:56:50.738Z,,,,
https://www.google.com/maps/place/Heart+of+Hospice/data=!4m7!3m6!1s0x86249c8f78a535c9:0xfd4e749d7bd8959d!8m2!3d30.1943891!4d-92.0022472!16s%2Fg%2F1hc4qhsmj!19sChIJyTWleI-cJIYRnZXYe510Tv0,Heart of Hospice,5.0,13,Hospice,"901 Hugh Wallis Rd S Suite B104, Lafayette, LA 70508, United States","5XVX+Q4 Lafayette, Louisiana, USA",https://lhcgroup.com/providers/heart-of-hospice/,+1 337-232-8159,Open 24 hours,https://lh3.googleusercontent.com/p/AF1QipMDxdcQOJ1HTIGE-Ha2hHhIP2Qbit3efxjfm1tx=w408-h286-k-no,true,Open 24 hours,Open 24 hours,Open 24 hours,Open 24 hours,Open 24 hours,Open 24 hours,Open 24 hours,"https://www.google.com/maps/search/Hospice+clinics+in+Scott+Lafeyette+LA/@30.2357569,-92.0945672,14z",2025-09-17T23:56:56.407Z,Identifies as women-owned,,,
https://www.google.com/maps/place/Amedisys+Hospice+Care/data=!4m7!3m6!1s0x86249d1c85f3ca77:0xf6f180db7b48ec43!8m2!3d30.1663489!4d-92.0591356!16s%2Fg%2F1xgzc41y!19sChIJd8rzhRydJIYRQ-xIe9uA8fY,Amedisys Hospice Care,4.0,4,Hospice,"4021B Ambassador Caffery Pkwy Suite 101, Lafayette, LA 70503, United States","5W8R+G8 Lafayette, Louisiana, USA",https://locations.amedisys.com/la/lafayette/hospice-1284/?utm_source=google&utm_medium=organic&utm_campaign=locallisting,+1 337-988-9778,Open 24 hours,https://lh3.googleusercontent.com/p/AF1QipMDJp-kQKnoiAjvCEMY7h3wDXELhpeWyQs8UCzG=w426-h240-k-no,true,Open 24 hours,Open 24 hours,Open 24 hours,Open 24 hours,Open 24 hours,Open 24 hours,Open 24 hours,"https://www.google.com/maps/search/Hospice+clinics+in+Scott+Lafeyette+LA/@30.2357569,-92.0945672,14z",2025-09-17T23:57:01.430Z,,,,
https://www.google.com/maps/place/Bridgeway+Healthcare+%26+Hospice/data=!4m7!3m6!1s0x86249d1eeb86f43d:0x779671710c448675!8m2!3d30.1857785!4d-92.0112227!16s%2Fg%2F11gf0fn1cj!19sChIJPfSG6x6dJIYRdYZEDHFxlnc,Bridgeway Healthcare & Hospice,4.8,19,Hospice,"2014 W Pinhook Rd # 604, Lafayette, LA 70508, United States","5XPQ+8G Lafayette, Louisiana, USA",http://www.bridgewayhospice.net/,+1 337-232-5925,Closed ⋅ Opens 8 am Thu,https://streetviewpixels-pa.googleapis.com/v1/thumbnail?panoid=izPBCQHc9KOhuSc7BOxzgA&cb_client=search.gws-prod.gps&w=408&h=240&yaw=49.32062&pitch=0&thumbfov=100,true,8 am–4:30 pm,8 am–4:30 pm,8 am–4:30 pm,Closed,Closed,8 am–4:30 pm,8 am–4:30 pm,"https://www.google.com/maps/search/Hospice+clinics+in+Scott+Lafeyette+LA/@30.2357569,-92.0945672,14z",2025-09-17T23:57:06.483Z,Identifies as women-owned,,,
https://www.google.com/maps/place/Compassus/data=!4m7!3m6!1s0x86249cebe9f9ff11:0x8adaf8d60758458a!8m2!3d30.206025!4d-92.0172884!16s%2Fg%2F1tpf7h4v!19sChIJEf_56eucJIYRikVYB9b42oo,Compassus,4.4,7,Hospice,"1018 Harding St #207, Lafayette, LA 70503, United States","6X4M+C3 Lafayette, Louisiana, USA",https://www.compassus.com/locations/louisiana/lafayette/,+1 337-324-9096,Closed ⋅ Opens 8 am Thu,https://lh3.googleusercontent.com/p/AF1QipMYvUg8FCvZ27m_8G48yBEplm1An56rh4buYTtl=w408-h248-k-no,true,8 am–5 pm,8 am–5 pm,8 am–5 pm,Closed,Closed,8 am–5 pm,8 am–5 pm,"https://www.google.com/maps/search/Hospice+clinics+in+Scott+Lafeyette+LA/@30.2357569,-92.0945672,14z",2025-09-17T23:57:11.487Z,,,,
https://www.google.com/maps/place/St.+Joseph+Hospice+%26+The+Carpenter+House/data=!4m7!3m6!1s0x86249ce92b7efafd:0xc45ac44810b04150!8m2!3d30.2045177!4d-92.0123738!16s%2Fg%2F11g65d_f8z!19sChIJ_fp-K-mcJIYRUEGwEEjEWsQ,St. Joseph Hospice & The Carpenter House,3.9,28,Hospice,"923 W Pinhook Rd, Lafayette, LA 70503, United States","6X3Q+R3 Lafayette, Louisiana, USA",https://www.thecarpenterhealthnetwork.com/about-us/carpenter-house/,+1 337-541-6464,Open 24 hours,https://lh3.googleusercontent.com/p/AF1QipPa2xsIu45kCR2QRIhrsfkte4npMIQVmvsGpWet=w408-h240-k-no,true,Open 24 hours,Open 24 hours,Open 24 hours,Open 24 hours,Open 24 hours,Open 24 hours,Open 24 hours,"https://www.google.com/maps/search/Hospice+clinics+in+Scott+Lafeyette+LA/@30.2357569,-92.0945672,14z",2025-09-17T23:57:16.656Z,,,,
https://www.google.com/maps/place/Nursing+Specialties+Home+Health+%26+Hospice/data=!4m7!3m6!1s0x86249db9c686b3d9:0x3f5a81713960b860!8m2!3d30.1766392!4d-92.0436999!16s%2Fg%2F1thgbtpx!19sChIJ2bOGxrmdJIYRYLhgOXGBWj8,Nursing Specialties Home Health & Hospice,4.5,13,Home health care service,"1025 Camellia Blvd, Lafayette, LA 70508, United States","5XG4+MG Lafayette, Louisiana, USA",http://www.nursingspecialties.com/,+1 337-266-9996,Closed ⋅ Opens 8 am Thu,https://streetviewpixels-pa.googleapis.com/v1/thumbnail?panoid=tEJqlluf2SB9LMrXtbsgcw&cb_client=search.gws-prod.gps&w=408&h=240&yaw=25.462914&pitch=0&thumbfov=100,true,8 am–4:30 pm,8 am–4:30 pm,8 am–4:30 pm,Closed,Closed,8 am–4:30 pm,8 am–4:30 pm,"https://www.google.com/maps/search/Hospice+clinics+in+Scott+Lafeyette+LA/@30.2357569,-92.0945672,14z",2025-09-17T23:57:21.531Z,,,,
https://www.google.com/maps/place/Audubon+Hospice+Lafayette/data=!4m7!3m6!1s0x86249d82a2d91599:0x21045cafc52225e2!8m2!3d30.1905351!4d-92.0107528!16s%2Fg%2F11ny23r_n6!19sChIJmRXZooKdJIYR4iUixa9cBCE,Audubon Hospice Lafayette,3.0,2,Home health care service,"221 Rue De Jean Suite 201, Lafayette, LA 70508, United States","5XRQ+6M Lafayette, Louisiana, USA",http://www.southlouisianahospice.com/,+1 337-541-1000,Closed ⋅ Opens 8:30 am Thu,https://streetviewpixels-pa.googleapis.com/v1/thumbnail?panoid=o4rqvlBGvJi8NcBbPbkZRQ&cb_client=search.gws-prod.gps&w=408&h=240&yaw=39.161877&pitch=0&thumbfov=100,true,8:30 am–4:30 pm,8:30 am–4:30 pm,8:30 am–4:30 pm,Closed,Closed,8:30 am–4:30 pm,8:30 am–4:30 pm,"https://www.google.com/maps/search/Hospice+clinics+in+Scott+Lafeyette+LA/@30.2357569,-92.0945672,14z",2025-09-17T23:57:26.325Z,,,,
https://www.google.com/maps/place/Community+Healthcare+Professionals/data=!4m7!3m6!1s0x862362d69beb3f35:0x44cd343e320eb82e!8m2!3d30.1743812!4d-92.0799199!16s%2Fg%2F1w_vnmp6!19sChIJNT_rm9ZiI4YRLrgOMj40zUQ,Community Healthcare Professionals,3.4,5,Home health care service,"5750 Johnston St, Lafayette, LA 70503, United States","5WFC+Q2 Lafayette, Louisiana, USA",https://chp.care/,+1 337-806-9190,Closed ⋅ Opens 8:30 am Thu,https://streetviewpixels-pa.googleapis.com/v1/thumbnail?panoid=nK2yvFviBI02l9UYv_MgUw&cb_client=search.gws-prod.gps&w=408&h=240&yaw=56.097393&pitch=0&thumbfov=100,true,8:30 am–4:30 pm,8:30 am–4:30 pm,8:30 am–4:30 pm,Closed,Closed,8:30 am–4:30 pm,8:30 am–4:30 pm,"https://www.google.com/maps/search/Hospice+clinics+in+Scott+Lafeyette+LA/@30.2357569,-92.0945672,14z",2025-09-17T23:57:31.298Z,,,,
https://www.google.com/maps/place/Traditions+Health+Hospice/data=!4m7!3m6!1s0x86249d80a75143f7:0x81387913e955c659!8m2!3d30.1693072!4d-92.0247058!16s%2Fg%2F11h0mf46_g!19sChIJ90NRp4CdJIYRWcZV6RN5OIE,Traditions Health Hospice,5.0,6,Hospice,"217 Rue Louis XIV #100, Lafayette, LA 70508, United States","5X9G+P4 Lafayette, Louisiana, USA",https://www.traditionshealth.com/locations/lafayette-la/,+1 337-948-9004,Open 24 hours,https://lh3.googleusercontent.com/p/AF1QipPIaPKeg9MPwaDMut9GOfEufdG5hreuTQbxOa_B=w408-h271-k-no,true,Open 24 hours,Open 24 hours,Open 24 hours,Open 24 hours,Open 24 hours,Open 24 hours,Open 24 hours,"https://www.google.com/maps/search/Hospice+clinics+in+Scott+Lafeyette+LA/@30.2357569,-92.0945672,14z",2025-09-17T23:57:36.402Z,,,,
https://www.google.com/maps/place/Harbor+Hospice+of+Lafayette/data=!4m7!3m6!1s0x86249d194aa97fa9:0x233bac0dfa092dd2!8m2!3d30.1839584!4d-92.0114064!16s%2Fg%2F11gfjw993x!19sChIJqX-pShmdJIYR0i0J-g2sOyM,Harbor Hospice of Lafayette,5.0,1,Hospice,"Gulf Terrace, 102 Magnate Dr #100, Lafayette, LA 70508, United States","5XMQ+HC Lafayette, Louisiana, USA",http://www.harborhospice.com/,+1 337-948-9004,Open 24 hours,https://streetviewpixels-pa.googleapis.com/v1/thumbnail?panoid=_VPajrhFD1c3UhkFWQLk-w&cb_client=search.gws-prod.gps&w=408&h=240&yaw=39.652798&pitch=0&thumbfov=100,true,Open 24 hours,Open 24 hours,Open 24 hours,Open 24 hours,Open 24 hours,Open 24 hours,Open 24 hours,"https://www.google.com/maps/search/Hospice+clinics+in+Scott+Lafeyette+LA/@30.2357569,-92.0945672,14z",2025-09-17T23:57:41.670Z,,,,
https://www.google.com/maps/place/Family+Choice+Hospice/data=!4m7!3m6!1s0x86249b9586f887d1:0x6985a864b2aca984!8m2!3d30.2582369!4d-92.0439193!16s%2Fg%2F11b5yvhww6!19sChIJ0Yf4hpWbJIYRhKmssmSohWk,Family Choice Hospice,,,Hospice,"106 Deer Tree Dr Suite B, Lafayette, LA 70507, United States","7X54+7C Lafayette, Louisiana, USA",,+1 337-704-0237,,https://streetviewpixels-pa.googleapis.com/v1/thumbnail?panoid=LZsrvK6p65J8KVjNlx2MtA&cb_client=search.gws-prod.gps&w=408&h=240&yaw=78.89265&pitch=0&thumbfov=100,false,,,,,,,,"https://www.google.com/maps/search/Hospice+clinics+in+Scott+Lafeyette+LA/@30.2357569,-92.0945672,14z",2025-09-17T23:57:44.505Z,,,,
"https://www.google.com/maps/place/NSI+Hospice/@30.1778515,-92.0447705,17z/data=!3m1!4b1!4m6!3m5!1s0x86249dc19230f9d5:0xcfb8732150f9fc4e!8m2!3d30.1778515!4d-92.0447705!16s%2Fg%2F11rrql1b1l",NSI Hospice,,,Hospice,"1009 Camellia Blvd, Lafayette, LA 70508, United States","5XH4+43 Lafayette, Louisiana, USA",https://www.nursingspecialties.com/hospice-care,+1 337-347-8826,Open ⋅ Closes 4:30 am Thu,,false,8 am–4:30 am,8 am–4:30 am,8 am–4:30 am,Closed,Closed,8 am–4:30 am,8 am–4:30 am,"https://www.google.com/maps/search/Hospice+clinics+in+Scott+Lafeyette+LA/@30.2357569,-92.0945672,14z",2025-09-17T23:57:51.278Z,,,,
https://www.google.com/maps/place/Health+And+Hospice/data=!4m7!3m6!1s0x86249e7c6f228cd5:0xc0c378352a644e8a!8m2!3d30.1840289!4d-92.0731381!16s%2Fg%2F11c1vj6ksv!19sChIJ1Ywib3yeJIYRik5kKjV4w8A,Health And Hospice,,,Hospice,"123 Westmark Blvd, Lafayette, LA 70506, United States","5WMG+JP Lafayette, Louisiana, USA",,+1 337-806-9190,,https://streetviewpixels-pa.googleapis.com/v1/thumbnail?panoid=63udaYSH_edYxK7mFQfUKw&cb_client=search.gws-prod.gps&w=408&h=240&yaw=156.861&pitch=0&thumbfov=100,false,,,,,,,,"https://www.google.com/maps/search/Hospice+clinics+in+Scott+Lafeyette+LA/@30.2357569,-92.0945672,14z",2025-09-17T23:57:54.191Z,,,,
"https://www.google.com/maps/place/The+Calcutta+House/@30.2095236,-92.036454,17z/data=!3m1!4b1!4m6!3m5!1s0x86249d00194c2b27:0xcbd7189ae4088bca!8m2!3d30.2095236!4d-92.036454!16s%2Fg%2F11m5sdx9zv",The Calcutta House,,,Hospice,"105 St Christopher St, Lafayette, LA 70506, United States","6X57+RC Lafayette, Louisiana, USA",https://hospiceacadiana.com/hoa/care/calcutta-house,,,,false,,,,,,,,"https://www.google.com/maps/search/Hospice+clinics+in+Scott+Lafeyette+LA/@30.2357569,-92.0945672,14z",2025-09-17T23:57:58.885Z,,,,
https://www.google.com/maps/place/Southern+Grace+Hospice/data=!4m7!3m6!1s0x86249d2f03b9960b:0x38181762d62e3219!8m2!3d30.2027829!4d-92.0169129!16s%2Fg%2F11w_hd7b8k!19sChIJC5a5Ay-dJIYRGTIu1mIXGDg,Southern Grace Hospice,,,Hospice,"458 Heymann Blvd Bldg A, Lafayette, LA 70503, United States","6X3M+46 Lafayette, Louisiana, USA",https://southerngracehpc.com/,+1 337-366-8505,Closed ⋅ Opens 8 am Thu,https://lh3.googleusercontent.com/gps-cs-s/AC9h4npBsM_vyww2_7niyWrinTnJMEMeqmcL_Hf-k2UfO1xp9xVR4NPQopTNLfFjSRVHPqoPqg-m99Z_lE-0wdzu2GyHgRMyld2dtI68lifIFsx4j5bEC5dsb_M14XtchPgknsXpG6UJ4TgUqJcV=w408-h306-k-no,true,8 am–4:30 pm,8 am–4:30 pm,8 am–4:30 pm,Closed,Closed,8 am–4:30 pm,8 am–4:30 pm,"https://www.google.com/maps/search/Hospice+clinics+in+Scott+Lafeyette+LA/@30.2357569,-92.0945672,14z",2025-09-17T23:58:03.858Z,,,,
https://www.google.com/maps/place/Hospice+of+Acadiana:+Hoffpauir+Morris+S+MD/data=!4m7!3m6!1s0x86249c5cc6751a37:0xb1870fedb84bb92d!8m2!3d30.208624!4d-92.036519!16s%2Fg%2F1tdc5l6s!19sChIJNxp1xlycJIYRLblLuO0Ph7E,Hospice of Acadiana: Hoffpauir Morris S MD,,,Doctor,"2600 Johnston St # 200, Lafayette, LA 70503, United States","6X57+C9 Lafayette, Louisiana, USA",,+1 337-232-1234,,https://streetviewpixels-pa.googleapis.com/v1/thumbnail?panoid=erbS1t1i2QQffhCxpLwhtA&cb_client=search.gws-prod.gps&w=408&h=240&yaw=34.985245&pitch=0&thumbfov=100,false,,,,,,,,"https://www.google.com/maps/search/Hospice+clinics+in+Scott+Lafeyette+LA/@30.2357569,-92.0945672,14z",2025-09-17T23:58:06.762Z,,,,
https://www.google.com/maps/place/LHC+Group/data=!4m7!3m6!1s0x86249ceb08072561:0xec542c9e9dacfa3d!8m2!3d30.194422!4d-92.0022448!16s%2Fg%2F1tgc03xx!19sChIJYSUHCOucJIYRPfqsnZ4sVOw,LHC Group,2.8,13,Corporate office,"901 Hugh Wallis Rd S, Lafayette, LA 70508, United States","5XVX+Q4 Lafayette, Louisiana, USA",http://lhcgroup.com/,+1 337-233-1307,Closed ⋅ Opens 8 am Thu,https://lh3.googleusercontent.com/p/AF1QipN2y1ICbkXefhfzCYYdMVExg2poSTUlforoR4TK=w408-h271-k-no,true,8 am–4:30 pm,8 am–4:30 pm,8 am–4:30 pm,Closed,Closed,8 am–4:30 pm,8 am–4:30 pm,"https://www.google.com/maps/search/Hospice+clinics+in+Scott+Lafeyette+LA/@30.2357569,-92.0945672,14z",2025-09-17T23:58:11.612Z,,,,
https://www.google.com/maps/place/Lamm+Family+Care+Hospice/data=!4m7!3m6!1s0x8624a955ac2382ef:0xc48d940b8885b873!8m2!3d30.2077832!4d-92.371746!16s%2Fg%2F11cn96z3tv!19sChIJ74IjrFWpJIYRc7iFiAuUjcQ,Lamm Family Care Hospice,5.0,3,Hospice,"210 W Mill St, Crowley, LA 70526, United States","6J5H+48 Crowley, Louisiana, USA",https://www.lamm.care/,+1 337-704-0237,,https://streetviewpixels-pa.googleapis.com/v1/thumbnail?panoid=JXSHEYxRDiLd9eFPlUnMYA&cb_client=search.gws-prod.gps&w=408&h=240&yaw=341.77838&pitch=0&thumbfov=100,true,,,,,,,,"https://www.google.com/maps/search/Hospice+clinics+in+Scott+Lafeyette+LA/@30.2357569,-92.0945672,14z",2025-09-17T23:58:14.488Z,,,,
https://www.google.com/maps/place/Louisiana+Hospice+%26+Palliative+Care/data=!4m7!3m6!1s0x862494b444e5fe97:0xd55558be60e12a35!8m2!3d30.5072872!4d-92.0825865!16s%2Fg%2F1vyk2wcm!19sChIJl_7lRLSUJIYRNSrhYL5YVdU,Louisiana Hospice & Palliative Care,3.9,7,Hospice,"426 Heather Dr, Opelousas, LA 70570, United States","GW48+WX Opelousas, Louisiana, USA",https://lhcgroup.com/locations/louisiana-hospice-and-palliative-care-of-opelousas/?utm_source=google&utm_medium=GMB&utm_campaign=google_my_business,+1 337-948-8835,Open 24 hours,https://streetviewpixels-pa.googleapis.com/v1/thumbnail?panoid=eUoIYaMlQVY2OBxclYN8xA&cb_client=search.gws-prod.gps&w=408&h=240&yaw=218.25092&pitch=0&thumbfov=100,true,Open 24 hours,Open 24 hours,Open 24 hours,Open 24 hours,Open 24 hours,Open 24 hours,Open 24 hours,"https://www.google.com/maps/search/Hospice+clinics+in+Scott+Lafeyette+LA/@30.2357569,-92.0945672,14z",2025-09-17T23:58:19.676Z,,,,
"https://www.google.com/maps/place/Palliative+Medicine+of+Acadiana,+Inc./data=!4m7!3m6!1s0xa8c6cc88a2fddcf9:0xc3232d807083625d!8m2!3d30.263278!4d-92.23172!16s%2Fg%2F11y4nzhmtc!19sChIJ-dz9oojMxqgRXWKDcIAtI8M","Palliative Medicine of Acadiana, Inc.",,,Home health care service,,,https://hospiceacadiana.com/services/palliative-care,+1 337-889-5364,,https://lh3.googleusercontent.com/p/AF1QipOg9KUqyQQWgFGCelMCcEA5rW240bZcGE_849_W=w408-h366-k-no,true,,,,,,,,"https://www.google.com/maps/search/Hospice+clinics+in+Scott+Lafeyette+LA/@30.2357569,-92.0945672,14z",2025-09-17T23:58:22.501Z,,,,
https://www.google.com/maps/place/Acadian+Palliative+Care/data=!4m7!3m6!1s0x8624953915c9fa01:0xa1c8ad06de3d90c9!8m2!3d30.5072569!4d-92.0825104!16s%2Fg%2F11pwb25_hh!19sChIJAfrJFTmVJIYRyZA93gatyKE,Acadian Palliative Care,,,Hospice,"426 Heather Dr, Opelousas, LA 70570, United States","GW48+WX Opelousas, Louisiana, USA",https://lhcgroup.com/locations/acadian-hospice/,+1 337-447-4371,Open 24 hours,https://streetviewpixels-pa.googleapis.com/v1/thumbnail?panoid=OK5r_jO3XDDWLSDkrUtJhg&cb_client=search.gws-prod.gps&w=408&h=240&yaw=172.30763&pitch=0&thumbfov=100,true,Open 24 hours,Open 24 hours,Open 24 hours,Open 24 hours,Open 24 hours,Open 24 hours,Open 24 hours,"https://www.google.com/maps/search/Hospice+clinics+in+Scott+Lafeyette+LA/@30.2357569,-92.0945672,14z",2025-09-17T23:58:27.304Z,,,,
https://www.google.com/maps/place/Brighton+Bridge+Hospice/data=!4m7!3m6!1s0x863b3d88b5fe85c7:0xfceb08648eb79753!8m2!3d30.6230125!4d-92.7736206!16s%2Fg%2F1vn_zb6r!19sChIJx4X-tYg9O4YRU5e3jmQI6_w,Brighton Bridge Hospice,4.4,19,Hospice,"213b N 1st St, Oberlin, LA 70655, United States","J6FG+6H Oberlin, Louisiana, USA",https://www.brightonbridge.com/,+1 337-639-9200,Open 24 hours,https://lh3.googleusercontent.com/p/AF1QipNYG4nSoZIZiZlbfdfuQLH4cri0-h05QC_txSVt=w408-h306-k-no,true,Open 24 hours,Open 24 hours,Open 24 hours,Open 24 hours,Open 24 hours,Open 24 hours,Open 24 hours,"https://www.google.com/maps/search/Hospice+clinics+in+Scott+Lafeyette+LA/@30.2357569,-92.0945672,14z",2025-09-17T23:58:32.456Z,LGBTQ+ friendly,,,
https://www.google.com/maps/place/Amedisys+Home+Health+Care/data=!4m7!3m6!1s0x86249ddd909ce28b:0xc7a428f86c1b6466!8m2!3d30.1663489!4d-92.0591356!16s%2Fg%2F1tlkcr2k!19sChIJi-KckN2dJIYRZmQbbPgopMc,Amedisys Home Health Care,4.0,4,Home health care service,"4021B Ambassador Caffery Pkwy Suite 100, Lafayette, LA 70503, United States","5W8R+G8 Lafayette, Louisiana, USA",https://locations.amedisys.com/la/lafayette/home-health-1253/?utm_source=google&utm_medium=organic&utm_campaign=locallisting,+1 337-989-6913,Closed ⋅ Opens 8 am Thu,https://lh3.googleusercontent.com/p/AF1QipOAgW5MLC50jt5n0SwaYPUDiZn9lSSP8tJ4M7wV=w426-h240-k-no,true,8 am–5 pm,8 am–5 pm,8 am–5 pm,Closed,Closed,8 am–5 pm,8 am–5 pm,"https://www.google.com/maps/search/Hospice+clinics+in+Scott+Lafeyette+LA/@30.2357569,-92.0945672,14z",2025-09-17T23:58:37.399Z,,,,
https://www.google.com/maps/place/AAA+Home+Health+and+Hospice/data=!4m7!3m6!1s0x86249c899018f515:0xfa0e058cc0b624cd!8m2!3d30.1948955!4d-92.014632!16s%2Fg%2F11ckqmy41c!19sChIJFfUYkImcJIYRzSS2wIwFDvo,AAA Home Health and Hospice,,,Nursing agency,"101 La Rue France #301, Lafayette, LA 70508, United States","5XVP+X4 Lafayette, Louisiana, USA",http://www.aaahomehealth.com/,+1 337-237-9898,,https://streetviewpixels-pa.googleapis.com/v1/thumbnail?panoid=eEHQsQkQ8WZWiQB5D27FSA&cb_client=search.gws-prod.gps&w=408&h=240&yaw=79.5107&pitch=0&thumbfov=100,false,,,,,,,,"https://www.google.com/maps/search/Hospice+clinics+in+Scott+Lafeyette+LA/@30.2357569,-92.0945672,14z",2025-09-17T23:58:40.213Z,,,,
https://www.google.com/maps/place/Acadian+Hospice/data=!4m7!3m6!1s0x86249cefdd203b91:0x4f97af524ee4b87b!8m2!3d30.2070437!4d-92.0167848!16s%2Fg%2F11cn95dg_6!19sChIJkTsg3e-cJIYRe7jkTlKvl08,Acadian Hospice,4.6,18,,"413 Travis St UNIT 100, Lafayette, LA 70503, United States","6X4M+R7 Lafayette, Louisiana, USA",https://lhcgroup.com/locations/acadian-hospice/?utm_source=google&utm_medium=GMB&utm_campaign=google_my_business,+1 337-500-1763,Permanently closed,https://lh3.googleusercontent.com/p/AF1QipOJoka7g_9snK9341Gec-ngKblGs8dTnNy_0KiM=w408-h546-k-no,true,,,,,,,,"https://www.google.com/maps/search/Hospice+clinics+in+Scott+Lafeyette+LA/@30.2357569,-92.0945672,14z",2025-09-17T23:58:45.307Z,,,,
https://www.google.com/maps/place/Lourdes+Hospice/data=!4m7!3m6!1s0x86249ce384e2e96d:0x811fd0e7180c5330!8m2!3d30.1530936!4d-92.0474337!16s%2Fg%2F1v96m4fl!19sChIJbenihOOcJIYRMFMMGOfQH4E,Lourdes Hospice,5.0,1,,"4540 Ambassador Caffery Pkwy Suite B230, Lafayette, LA 70508, United States","5X33+62 Lafayette, Louisiana, USA",,+1 337-264-1650,Permanently closed,https://streetviewpixels-pa.googleapis.com/v1/thumbnail?panoid=Jdyq3HcYJH6M_o0A_iAqqQ&cb_client=search.gws-prod.gps&w=408&h=240&yaw=195.82848&pitch=0&thumbfov=100,true,,,,,,,,"https://www.google.com/maps/search/Hospice+clinics+in+Scott+Lafeyette+LA/@30.2357569,-92.0945672,14z",2025-09-17T23:58:50.037Z,,,,
https://www.google.com/maps/place/Camelot+of+Broussard/data=!4m7!3m6!1s0x86237d512967730f:0x9495656aac0d6058!8m2!3d30.1374325!4d-91.9806904!16s%2Fg%2F1tgz5vhv!19sChIJD3NnKVF9I4YRWGANrGpllZQ,Camelot of Broussard,3.0,21,Nursing home,"418 Albertson Pkwy, Broussard, LA 70518, United States","42P9+XP Broussard, Louisiana, USA",https://broussardhc.com/,+1 337-839-9005,Open 24 hours,https://lh3.googleusercontent.com/gps-cs-s/AC9h4nrpc4qqywobeAQh7YTrIjaJGecxlfcMlntmLC8ty0yTkeh-gwkL72GEGcPCQH9blXWmkSm5na5vgU1URzN3IgCGTJXF_5YV3l8MMRfAwdxyNG9LfbLwZgkjg4oNvyYUs6CniW8W=w408-h271-k-no,false,Open 24 hours,Open 24 hours,Open 24 hours,Open 24 hours,Open 24 hours,Open 24 hours,Open 24 hours,"https://www.google.com/maps/search/Hospice+clinics+in+Broussard+Lafeyette+LA/@30.147146,-91.9612305,14z",2025-09-17T23:59:05.898Z,,,,
https://www.google.com/maps/place/Alliance+Healthcare+LLC/data=!4m7!3m6!1s0x86248396e29fbd11:0xc3d32623dacaa16f!8m2!3d30.1447691!4d-91.9496856!16s%2Fg%2F11lz29q_gb!19sChIJEb2f4paDJIYRb6HK2iMm08M,Alliance Healthcare LLC,5.0,210,Mental health clinic,"210 S Girouard Rd Ste. B, Broussard, LA 70518, United States","43V2+W4 Broussard, Louisiana, USA",http://www.alliancehcare.com/,+1 337-369-0008,Closed ⋅ Opens 8 am Thu,https://lh3.googleusercontent.com/p/AF1QipO4M_Df1bhEO8DO7URPvyESTwM-o-zPk9PEsr4O=w408-h306-k-no,true,8 am–4:30 pm,8 am–4:30 pm,Closed,Closed,Closed,8 am–4:30 pm,8 am–4:30 pm,"https://www.google.com/maps/search/Hospice+clinics+in+Broussard+Lafeyette+LA/@30.147146,-91.9612305,14z",2025-09-17T23:59:17.866Z,LGBTQ+ friendly,,,
https://www.google.com/maps/place/Lourdes+Home+Health/data=!4m7!3m6!1s0x86249d863886193d:0x94f0e1d4d00b5a59!8m2!3d30.1530023!4d-92.0474893!16s%2Fg%2F11byp8333c!19sChIJPRmGOIadJIYRWVoL0NTh8JQ,Lourdes Home Health,5.0,1,Home health care service,"4540 Ambassador Caffery Pkwy b220, Lafayette, LA 70508, United States","5X33+62 Lafayette, Louisiana, USA",https://lhcgroup.com/locations/lourdes-home-health/?utm_source=GMB&utm_campaign=Google_Local_Listing&utm_medium=referral&utm_content=Lourdes_Home_Health_Lafayette_LA_70508,+1 337-406-2539,Closed ⋅ Opens 8 am Thu,https://streetviewpixels-pa.googleapis.com/v1/thumbnail?panoid=QRHOe9PmoTjnEFc8Tn07GA&cb_client=search.gws-prod.gps&w=408&h=240&yaw=46.12122&pitch=0&thumbfov=100,true,8 am–4:30 pm,8 am–4:30 pm,8 am–4:30 pm,Closed,Closed,8 am–4:30 pm,8 am–4:30 pm,"https://www.google.com/maps/search/Hospice+clinics+in+Broussard+Lafeyette+LA/@30.147146,-91.9612305,14z",2025-09-17T23:59:22.981Z,,,,
https://www.google.com/maps/place/Leading+Home+Care+-+Lafayette/data=!4m7!3m6!1s0x86249c8f8792bcf5:0x8c48db3ced0fdcc9!8m2!3d30.194244!4d-92.0121664!16s%2Fg%2F1tvym3sw!19sChIJ9bySh4-cJIYRydwP7TzbSIw,Leading Home Care - Lafayette,4.7,101,Home health care service,"206 La Rue France, Lafayette, LA 70508, United States","5XVQ+M4 Lafayette, Louisiana, USA",https://lhcla.com/,+1 337-236-9111,Closed ⋅ Opens 8:30 am Thu,https://lh3.googleusercontent.com/p/AF1QipMQVV83t9HLfF9eSw70_odH6hkxucb5uc4kfwt4=w408-h272-k-no,true,8:30 am–4:30 pm,8:30 am–4:30 pm,8:30 am–4 pm,Closed,Closed,8:30 am–4:30 pm,8:30 am–4:30 pm,"https://www.google.com/maps/search/Hospice+clinics+in+Broussard+Lafeyette+LA/@30.147146,-91.9612305,14z",2025-09-17T23:59:32.900Z,,,,
"https://www.google.com/maps/place/Brady+K.+Guillory,+MD/data=!4m7!3m6!1s0x86249d86bff15a35:0xf60cdcb12b1b5ae7!8m2!3d30.2024348!4d-92.0174432!16s%2Fg%2F11y9ns69p2!19sChIJNVrxv4adJIYR51obK7HcDPY","Brady K. Guillory, MD",,,Hospice,"1211 Coolidge St, Lafayette, LA 70503, United States","6X2M+X2 Lafayette, Louisiana, USA",https://www.ochsner.org/doctors/brady-guillory?utm_source=ExtNet&utm_medium=Yext&y_source=1_MTA1MTY3NDIzMS03MTUtbG9jYXRpb24ud2Vic2l0ZQ%3D%3D,+1 337-769-2531,,https://streetviewpixels-pa.googleapis.com/v1/thumbnail?panoid=4G43ObF24AxK4o68IzS3lA&cb_client=search.gws-prod.gps&w=408&h=240&yaw=108.000626&pitch=0&thumbfov=100,true,,,,,,,,"https://www.google.com/maps/search/Hospice+clinics+in+Broussard+Lafeyette+LA/@30.147146,-91.9612305,14z",2025-09-17T23:59:35.859Z,,,,
https://www.google.com/maps/place/Acadian+HomeCare+of+Lafayette/data=!4m7!3m6!1s0x86249cefdd203b91:0xb8656d23e010f592!8m2!3d30.1943891!4d-92.0022472!16s%2Fg%2F11b7rtt66z!19sChIJkTsg3e-cJIYRkvUQ4CNtZbg,Acadian HomeCare of Lafayette,2.8,4,Home health care service,"901 Hugh Wallis Rd S Suite B101, Lafayette, LA 70508, United States","5XVX+Q4 Lafayette, Louisiana, USA",https://lhcgroup.com/locations/acadian-homecare-of-lafayette/?utm_source=GMB&utm_campaign=Google_Local_Listing&utm_medium=referral&utm_content=Acadian_HomeCare_of_Lafayette_Lafayette_Louisiana_70503-2627,+1 337-235-8185,Closed ⋅ Opens 8 am Thu,https://lh3.googleusercontent.com/gps-cs-s/AC9h4noMUwI-XRltjCZZs2eGbB2JmyRMl9kBHkasEw8Kqpyb8BfZ3dmyCsOTnSQd5xu0PZsrF7iNpq7N6ciLW5HUjTcBBLn7FOl8m4c4k1LCaCalDwXVH2Gtp1zPAzmUFa8clsXKUCTHlg=w408-h277-k-no,true,8 am–4:30 pm,8 am–4:30 pm,8 am–4:30 pm,Closed,Closed,8 am–4:30 pm,8 am–4:30 pm,"https://www.google.com/maps/search/Hospice+clinics+in+Broussard+Lafeyette+LA/@30.147146,-91.9612305,14z",2025-09-17T23:59:40.687Z,,,,
https://www.google.com/maps/place/Village+Veterinary+Center/data=!4m7!3m6!1s0x862362955fb12a7d:0xf127451635c8ebdc!8m2!3d30.1219104!4d-92.0079717!16s%2Fg%2F1tlvpx00!19sChIJfSqxX5ViI4YR3OvINRZFJ_E,Village Veterinary Center,4.8,135,Veterinarian,"2040 Bonin Rd, Youngsville, LA 70592, United States","4XCR+QR Youngsville, Louisiana, USA",https://villagevetcenter.com/,+1 337-856-7441,Closed ⋅ Opens 7:30 am Thu,https://lh3.googleusercontent.com/gps-cs-s/AC9h4nrXAIo9x-cFCXoxJ-JLlrYUzlMFXE4PQA3mtB1cbARW-GT8IaOQTjmBXmTOY15HPlbEX4hlajdh7F0qxQlNcoePyTzjdXax3X5VGuYcJj9nOXNPIt6tPgpB87sEb9Ceb3QToriSBQ=w408-h316-k-no,true,7:30 am–5:30 pm,7:30 am–5:30 pm,7:30 am–5:30 pm,Closed,5–5:30 pm,7:30 am–5:30 pm,7:30 am–5:30 pm,"https://www.google.com/maps/search/Hospice+clinics+in+Broussard+Lafeyette+LA/@30.147146,-91.9612305,14z",2025-09-17T23:59:45.832Z,,,,
https://www.google.com/maps/place/Louisiana+Hospice+and+Palliative+Care+of+Jennings/data=!4m7!3m6!1s0x863b5b35bf3bf1f9:0x7b599cd4e6d25a81!8m2!3d30.2342711!4d-92.6618993!16s%2Fg%2F1tdpmg5d!19sChIJ-fE7vzVbO4YRgVrS5tScWXs,Louisiana Hospice and Palliative Care of Jennings,5.0,2,Hospice,"1322 Elton Rd G, Jennings, LA 70546, United States","68MQ+P6 Jennings, Louisiana, USA",,+1 337-616-3482,Open 24 hours,https://lh3.googleusercontent.com/p/AF1QipNtAqXPhTxT7P13u8vOPIpgZamhwRi-5diRbv3u=w408-h408-k-no,true,Open 24 hours,Open 24 hours,Open 24 hours,Open 24 hours,Open 24 hours,Open 24 hours,Open 24 hours,"https://www.google.com/maps/search/Hospice+clinics+in+Broussard+Lafeyette+LA/@30.147146,-91.9612305,14z",2025-09-17T23:59:50.945Z,,,,
https://www.google.com/maps/place/SouthernCare+Hospice/data=!4m7!3m6!1s0x8624992f66c8bdbb:0xc9a12d37cf73a033!8m2!3d30.2011396!4d-92.0732436!16s%2Fg%2F1hc22ljwc!19sChIJu73IZi-ZJIYRM6Bzzzctock,SouthernCare Hospice,,,,"620 Guilbeau Rd Ste# A, Lafayette, LA 70506, United States","6W2G+FP Lafayette, Louisiana, USA",http://www.southerncarehospice.com/,+1 337-291-1818,Permanently closed,https://streetviewpixels-pa.googleapis.com/v1/thumbnail?panoid=TMe236y-1uZezNbCMkZm6w&cb_client=search.gws-prod.gps&w=408&h=240&yaw=39.33723&pitch=0&thumbfov=100,false,,,,,,,,"https://www.google.com/maps/search/Hospice+clinics+in+Broussard+Lafeyette+LA/@30.147146,-91.9612305,14z",2025-09-17T23:59:55.600Z,,,,
https://www.google.com/maps/place/Lourdes+Urgent+Care+-+Carencro/data=!4m7!3m6!1s0x8624909153542d23:0x1a10beae90aeaf1c!8m2!3d30.3198402!4d-92.0320642!16s%2Fg%2F1tf_1fk_!19sChIJIy1UU5GQJIYRHK-ukK6-EBo,Lourdes Urgent Care - Carencro,4.3,1445,Urgent care center,"3824 NE Evangeline Thruway, Carencro, LA 70520, United States","8X99+W5 Carencro, Louisiana, USA",https://lourdesurgentcare.com/locations/carencro/,+1 337-565-2675,Closes soon ⋅ 8 pm ⋅ Opens 8 am Thu,https://lh3.googleusercontent.com/p/AF1QipMU79gPZXwUV9GdZXl0oam2NR8esElt5YhLEPeT=w408-h271-k-no,true,8 am–8 pm,8 am–8 pm,8 am–8 pm,8 am–6 pm,8 am–8 pm,8 am–8 pm,8 am–8 pm,"https://www.google.com/maps/search/Hospice+clinics+in+Carencro+Lafeyette+LA/@30.317144,-92.0490096,14z",2025-09-18T00:00:21.885Z,,,,
https://www.google.com/maps/place/Evangeline+Oaks+Guest+House/data=!4m7!3m6!1s0x86249a692aa1bf6b:0x6af2bb20426007b8!8m2!3d30.3103578!4d-92.0396016!16s%2Fg%2F1tdfz266!19sChIJa7-hKmmaJIYRuAdgQiC78mo,Evangeline Oaks Guest House,3.8,27,Nursing home,"240 Arceneaux Rd, Carencro, LA 70520, United States","8X66+45 Carencro, Louisiana, USA",http://evangelineoaks.com/,+1 337-896-9227,Closed ⋅ Opens 8 am Thu,https://lh3.googleusercontent.com/gps-cs-s/AC9h4npnGFSeAKz2_MHSdOABit7BsGz55b-FJLUkMxcQdbT6l0q3bHDTLojNX4X9cMW9jhwE2sEdtnu9-bfubGsVFKml2fbethaBRr35kkgaxOjh0-nZpaBHAi71OUvM8tfUP79QqfcuKg=w408-h306-k-no,true,8 am–4:30 pm,8 am–4:30 pm,8 am–4:30 pm,Closed,Closed,8 am–4:30 pm,8 am–4:30 pm,"https://www.google.com/maps/search/Hospice+clinics+in+Carencro+Lafeyette+LA/@30.317144,-92.0490096,14z",2025-09-18T00:00:26.821Z,,,,
https://www.google.com/maps/place/Grace+Home+Health/data=!4m7!3m6!1s0x86249c85f857bc51:0xb468819d7da9c85a!8m2!3d30.1939168!4d-92.0165295!16s%2Fg%2F11bwgwgmsz!19sChIJUbxX-IWcJIYRWsipfZ2BaLQ,Grace Home Health,3.8,4,Home health care service,"1602 W Pinhook Rd Suite 301, Lafayette, LA 70508, United States","5XVM+H9 Lafayette, Louisiana, USA",http://www.gracehomehealth.net/,+1 337-889-5950,Closed ⋅ Opens 8 am Thu,https://streetviewpixels-pa.googleapis.com/v1/thumbnail?panoid=6AuvelgjV2IkGmxj9P5Hog&cb_client=search.gws-prod.gps&w=408&h=240&yaw=259.45355&pitch=0&thumbfov=100,true,8 am–4:30 pm,8 am–4:30 pm,8 am–4:30 pm,Closed,Closed,8 am–4:30 pm,8 am–4:30 pm,"https://www.google.com/maps/search/Hospice+clinics+in+Carencro+Lafeyette+LA/@30.317144,-92.0490096,14z",2025-09-18T00:00:31.947Z,,,,
https://www.google.com/maps/place/Hospice+Care-Avoyelles+Parish/data=!4m7!3m6!1s0x8624eb46ca97e25d:0x73ed925a29faddeb!8m2!3d30.5328987!4d-92.0835785!16s%2Fg%2F1tgc03y8!19sChIJXeKXykbrJIYR6936KVqS7XM,Hospice Care-Avoyelles Parish,,,Hospice,"115 W Landry St, Opelousas, LA 70570, United States","GWM8+5H Opelousas, Louisiana, USA",,+1 337-942-3622,,https://streetviewpixels-pa.googleapis.com/v1/thumbnail?panoid=jFvsNwLs_YDulq0r4pqM4g&cb_client=search.gws-prod.gps&w=408&h=240&yaw=190.62311&pitch=0&thumbfov=100,false,,,,,,,,"https://www.google.com/maps/search/Hospice+clinics+in+Carencro+Lafeyette+LA/@30.317144,-92.0490096,14z",2025-09-18T00:00:34.695Z,,,,
https://www.google.com/maps/place/Acadiana+Rehabilitation+Hospital/data=!4m7!3m6!1s0x86249ddeead89c75:0x73cd14a22999c64a!8m2!3d30.15489!4d-91.991976!16s%2Fg%2F11txz7x9qq!19sChIJdZzY6t6dJIYRSsaZKaIUzXM,Acadiana Rehabilitation Hospital,4.8,30,Rehabilitation center,"314 Youngsville Hwy, Lafayette, LA 70508, United States","5235+X6 Lafayette, Louisiana, USA",https://acadianarehabilitation.com/,+1 337-330-2051,Open 24 hours,https://lh3.googleusercontent.com/p/AF1QipOpNv5RbQFwXDhIOeSTpAdWKmomFAIjG-maXdYC=w408-h408-k-no,true,Open 24 hours,Open 24 hours,Open 24 hours,Open 24 hours,Open 24 hours,Open 24 hours,Open 24 hours,"https://www.google.com/maps/search/Hospice+clinics+in+Duson+Lafeyette+LA/@30.231094,-92.044365,14z",2025-09-18T00:00:51.919Z,,,,
https://www.google.com/maps/place/BeeHive+Homes+of+Youngsville/data=!4m7!3m6!1s0x862362d3b878becd:0x1614bd241c7cbee3!8m2!3d30.105634!4d-91.99188!16s%2Fg%2F11g7z8_m1m!19sChIJzb54uNNiI4YR4758HCS9FBY,BeeHive Homes of Youngsville,5.0,15,Assisted living facility,"500 Copper Meadow Blvd, Youngsville, LA 70592, United States","4245+76 Youngsville, Louisiana, USA",http://beehivehomes.com/location/youngsville/,+1 337-451-8070,Open 24 hours,https://lh3.googleusercontent.com/p/AF1QipNZmXbjKt1kCaRTDUuG6ictnaDCKwo-vMKoSymz=w426-h240-k-no,true,Open 24 hours,Open 24 hours,Open 24 hours,Open 24 hours,Open 24 hours,Open 24 hours,Open 24 hours,"https://www.google.com/maps/search/Hospice+clinics+in+Youngsville+Lafeyette+LA/@30.0996471,-91.9901206,14z",2025-09-18T00:01:26.127Z,,,,
https://www.google.com/maps/place/Healing+House/data=!4m7!3m6!1s0x86249c8fd8fb6c87:0x4c7af16ef077879a!8m2!3d30.1767343!4d-92.0190128!16s%2Fg%2F1td2bptk!19sChIJh2z72I-cJIYRmod38G7xekw,Healing House,5.0,22,Social services organization,"160 S Beadle Rd, Lafayette, LA 70508, United States","5XGJ+M9 Lafayette, Louisiana, USA",https://www.healing-house.org/,+1 337-234-0443,,https://streetviewpixels-pa.googleapis.com/v1/thumbnail?panoid=2yzYHWKqDIMTRuD2mtbgdw&cb_client=search.gws-prod.gps&w=408&h=240&yaw=230.07552&pitch=0&thumbfov=100,true,,,,,,,,"https://www.google.com/maps/search/Hospice+clinics+in+Youngsville+Lafeyette+LA/@30.0996471,-91.9901206,14z",2025-09-18T00:01:33.622Z,,,,
https://www.google.com/maps/place/Heart+of+Hospice/data=!4m7!3m6!1s0x8623945707c458dd:0x98c9876a9275f317!8m2!3d29.8065657!4d-91.5065167!16s%2Fg%2F1260brqv8!19sChIJ3VjEB1eUI4YRF_N1kmqHyZg,Heart of Hospice,5.0,5,Hospice,"1810 Main St, Franklin, LA 70538, United States","RF4V+J9 Franklin, Louisiana, USA",https://lhcgroup.com/locations/heart-of-hospice-franklin/,+1 337-828-2678,Open 24 hours,https://lh3.googleusercontent.com/p/AF1QipMAoGexEHPRMguRa7csWlvv7rSXUAfBh9VN6Kjl=w408-h286-k-no,true,Open 24 hours,Open 24 hours,Open 24 hours,Open 24 hours,Open 24 hours,Open 24 hours,Open 24 hours,"https://www.google.com/maps/search/Hospice+clinics+in+Youngsville+Lafeyette+LA/@30.0996471,-91.9901206,14z",2025-09-18T00:01:38.708Z,,,,
https://www.google.com/maps/place/Loving+Care+Hospice/data=!4m7!3m6!1s0x86238289d0d4d42f:0x745262ec8d5cc79e!8m2!3d30.0073546!4d-91.8193205!16s%2Fg%2F1tf48h_2!19sChIJL9TU0ImCI4YRnsdcjexiUnQ,Loving Care Hospice,,,Hospice,"152 W Main St, New Iberia, LA 70560, United States","254J+W7 New Iberia, Louisiana, USA",,+1 337-359-3999,,https://streetviewpixels-pa.googleapis.com/v1/thumbnail?panoid=iofyG9f1sOxwTLrUCz5Xyw&cb_client=search.gws-prod.gps&w=408&h=240&yaw=42.486168&pitch=0&thumbfov=100,false,,,,,,,,"https://www.google.com/maps/search/Hospice+clinics+in+Youngsville+Lafeyette+LA/@30.0996471,-91.9901206,14z",2025-09-18T00:01:41.695Z,,,,
https://www.google.com/maps/place/Louisiana+Hospice+%26+Palliative/data=!4m7!3m6!1s0x8624a94b9f51ec07:0xf6c8bcf5ba1b6128!8m2!3d30.22698!4d-92.364913!16s%2Fg%2F1tknkt9_!19sChIJB-xRn0upJIYRKGEbuvW8yPY,Louisiana Hospice & Palliative,,,Hospice,"1325 Wright Ave, Crowley, LA 70526, United States","6JGP+Q2 Crowley, Louisiana, USA",,+1 337-785-1407,,https://streetviewpixels-pa.googleapis.com/v1/thumbnail?panoid=Dq6yxvsKfOpeEKjtQWEzpA&cb_client=search.gws-prod.gps&w=408&h=240&yaw=268.2963&pitch=0&thumbfov=100,false,,,,,,,,"https://www.google.com/maps/search/Hospice+clinics+in+Youngsville+Lafeyette+LA/@30.0996471,-91.9901206,14z",2025-09-18T00:01:44.469Z,,,,
https://www.google.com/maps/place/St+Theresa+Hospice/data=!4m7!3m6!1s0x86236f7d5fc88311:0x74cfe07410d82a99!8m2!3d29.9582611!4d-92.0359562!16s%2Fg%2F113hdx840!19sChIJEYPIX31vI4YRmSrYEHTgz3Q,St Theresa Hospice,,,Hospice,"Erath, LA 70533, United States",,,+1 337-937-5939,,https://streetviewpixels-pa.googleapis.com/v1/thumbnail?panoid=YxPu5ASq8smtt342cpb7Jg&cb_client=search.gws-prod.gps&w=408&h=240&yaw=92.246765&pitch=0&thumbfov=100,false,,,,,,,,"https://www.google.com/maps/search/Hospice+clinics+in+Youngsville+Lafeyette+LA/@30.0996471,-91.9901206,14z",2025-09-18T00:01:47.115Z,,,,
https://www.google.com/maps/place/Community+Family+Care/data=!4m7!3m6!1s0x8623675f03efcca7:0xe551908ddf86fd84!8m2!3d29.9802225!4d-92.1153774!16s%2Fg%2F11vm7svp01!19sChIJp8zvA19nI4YRhP2G342QUeU,Community Family Care,5.0,11,Medical office,"1828 Veterans Memorial Dr, Abbeville, LA 70510, United States","XVJM+3R Abbeville, Louisiana, USA",http://www.communityfamilycare.org/,+1 337-385-2522,Closed ⋅ Opens 9 am Thu,https://streetviewpixels-pa.googleapis.com/v1/thumbnail?panoid=beBJNJ0E24Imj2nB5sfvuA&cb_client=search.gws-prod.gps&w=408&h=240&yaw=180.27304&pitch=0&thumbfov=100,true,Closed,9 am–4:30 pm,9 am–4:30 pm,Closed,Closed,9 am–4:30 pm,9 am–4:30 pm,"https://www.google.com/maps/search/Hospice+clinics+in+Abbeville+Lafeyette+LA/@29.9746502,-92.1342921,14z",2025-09-18T00:02:02.220Z,,,,
https://www.google.com/maps/place/ICCHC+-+Abbeville+Community+Health+Center/data=!4m7!3m6!1s0x862367e96d3f72ad:0x7f4fde2a72b47a9d!8m2!3d29.9729471!4d-92.1261669!16s%2Fg%2F1tvdk4g2!19sChIJrXI_belnI4YRnXq0cireT38,ICCHC - Abbeville Community Health Center,4.6,342,Medical Center,"1009 Charity St, Abbeville, LA 70510, United States","XVFF+5G Abbeville, Louisiana, USA",https://www.icchc.org/?utm_source=GMBSocialClimb&utm_medium=AbbevilleCommunityHealthCenter,+1 337-893-3443,Closed ⋅ Opens 8 am Thu,https://lh3.googleusercontent.com/gps-cs-s/AC9h4npfrRnzhCeV3IV5H0ge7EHk7K7RkFuZqzb9AgdFz03QjxokQ5n8Urw4yJW3qnM4fUt5DeLvenaSRCV1ULEWokfrr2i0p1EMKBnGuJvKlNcW7CiDvoUb1hwFtmD4aUS-bJyr-941=w408-h544-k-no,true,8 am–5 pm,8 am–5 pm,8 am–2 pm,Closed,Closed,8 am–7 pm,8 am–5 pm,"https://www.google.com/maps/search/Hospice+clinics+in+Abbeville+Lafeyette+LA/@29.9746502,-92.1342921,14z",2025-09-18T00:02:07.349Z,,,,
https://www.google.com/maps/place/Abbeville+General+Hospital/data=!4m7!3m6!1s0x862367cc890360d9:0x10a41f75cff436ce!8m2!3d29.973708!4d-92.1077483!16s%2Fg%2F1tfc2cmg!19sChIJ2WADicxnI4YRzjb0z3UfpBA,Abbeville General Hospital,3.0,75,Hospital,"118 N Hospital Dr, Abbeville, LA 70510, United States","XVFR+FW Abbeville, Louisiana, USA",https://www.abbevillegeneral.com/,+1 337-893-5466,,https://lh3.googleusercontent.com/p/AF1QipNWvc19LmIdU-4FKB266IkoAz2n1KENO2yEWBBv=w408-h271-k-no,true,Open 24 hours,Open 24 hours,Open 24 hours,Open 24 hours,Open 24 hours,Open 24 hours,Open 24 hours,"https://www.google.com/maps/search/Hospice+clinics+in+Abbeville+Lafeyette+LA/@29.9746502,-92.1342921,14z",2025-09-18T00:02:12.373Z,,,,
https://www.google.com/maps/place/Acadian+Homecare+of+Abbeville/data=!4m7!3m6!1s0x86235d667cc470f5:0x47800e645222c5c8!8m2!3d29.9733898!4d-92.1093008!16s%2Fg%2F1tdlvmx9!19sChIJ9XDEfGZdI4YRyMUiUmQOgEc,Acadian Homecare of Abbeville,1.0,1,Home health care service,"105 Odea St, Abbeville, LA 70510, United States","XVFR+97 Abbeville, Louisiana, USA",https://lhcgroup.com/locations/acadian-homecare-of-abbeville/,+1 337-892-0805,Closed ⋅ Opens 8 am Thu,https://streetviewpixels-pa.googleapis.com/v1/thumbnail?panoid=2UVGgyia-1Cc9_MNVzjHzg&cb_client=search.gws-prod.gps&w=408&h=240&yaw=81.99899&pitch=0&thumbfov=100,true,8 am–4:30 pm,8 am–4:30 pm,8 am–4:30 pm,Closed,Closed,8 am–4:30 pm,8 am–4:30 pm,"https://www.google.com/maps/search/Hospice+clinics+in+Abbeville+Lafeyette+LA/@29.9746502,-92.1342921,14z",2025-09-18T00:02:17.142Z,,,,
"https://www.google.com/maps/place/Edison+Ong,+MD/data=!4m7!3m6!1s0x862367e9e9d143f3:0x428b9f92b6d33adf!8m2!3d29.9729471!4d-92.1261669!16s%2Fg%2F11p07bb_01!19sChIJ80PR6elnI4YR3zrTtpKfi0I","Edison Ong, MD",4.9,66,Family practice physician,"1009 Charity St, Abbeville, LA 70510, United States","XVFF+5G Abbeville, Louisiana, USA",https://www.icchc.org/?utm_source=GMBSocialClimb&utm_medium=EdisonOng%2CMD,+1 337-893-3443,Closed ⋅ Opens 8 am Thu,https://lh3.googleusercontent.com/p/AF1QipOE2Q8w4jFNgh6gwQFL91DttGy0AedBx_jw3Whj=w426-h240-k-no,true,8 am–5 pm,8 am–5 pm,8 am–2 pm,Closed,Closed,8 am–7 pm,8 am–5 pm,"https://www.google.com/maps/search/Hospice+clinics+in+Abbeville+Lafeyette+LA/@29.9746502,-92.1342921,14z",2025-09-18T00:02:22.187Z,,,,
"https://www.google.com/maps/place/Sarah+Laurente,+MD/data=!4m7!3m6!1s0x862367e9e9d143f3:0xb479771353d9db6d!8m2!3d29.9729471!4d-92.1261669!16s%2Fg%2F11p079t8ck!19sChIJ80PR6elnI4YRbdvZUxN3ebQ","Sarah Laurente, MD",5.0,46,Pediatrician,"1009 Charity St, Abbeville, LA 70510, United States","XVFF+5G Abbeville, Louisiana, USA",https://www.icchc.org/?utm_source=GMBSocialClimb&utm_medium=SarahLaurente%2CMD,+1 337-893-3443,Closed ⋅ Opens 8 am Thu,https://lh3.googleusercontent.com/p/AF1QipM65uPlH68gfqYQjDVK1ARvyE6i3_sSeSWaDb-o=w426-h240-k-no,true,8 am–5 pm,8 am–5 pm,8 am–2 pm,Closed,Closed,8 am–7 pm,8 am–5 pm,"https://www.google.com/maps/search/Hospice+clinics+in+Abbeville+Lafeyette+LA/@29.9746502,-92.1342921,14z",2025-09-18T00:02:38.828Z,,,,
https://www.google.com/maps/place/La+Hospice+%26+Palliative+Care/data=!4m7!3m6!1s0x8624b5778ae8d591:0x70978a02db11809d!8m2!3d30.4936052!4d-92.4219728!16s%2Fg%2F11b60xjjb0!19sChIJkdXoine1JIYRnYAR2wKKl3A,La Hospice & Palliative Care,,,Home health care service,"200 S 7th St #2, Eunice, LA 70535, United States","FHVH+C6 Eunice, Louisiana, USA",http://lhcgroup.com/locations/louisiana-hospice-and-palliative-care-of-eunice,+1 337-457-4751,,https://streetviewpixels-pa.googleapis.com/v1/thumbnail?panoid=qr_3C80-29x2Im2yyozwSg&cb_client=search.gws-prod.gps&w=408&h=240&yaw=89.44657&pitch=0&thumbfov=100,false,,,,,,,,"https://www.google.com/maps/search/Hospice+clinics+in+Milton+Lafeyette+LA/@30.1038143,-92.0765119,14z",2025-09-18T00:03:03.052Z,,,,
https://www.google.com/maps/place/Heart+of+Hospice+-+Southwest/data=!4m7!3m6!1s0x863b86765d4febcd:0xc48c153785371c39!8m2!3d30.1554447!4d-93.2497222!16s%2Fg%2F1tjg_r8_!19sChIJzetPXXaGO4YRORw3hTcVjMQ,Heart of Hospice - Southwest,4.6,40,Hospice,"5656 Nelson Rd, Lake Charles, LA 70605, United States","5Q42+54 Lake Charles, Louisiana, USA",https://lhcgroup.com/locations/heart-of-hospice-lake-charles/,+1 337-855-5154,Open 24 hours,https://lh3.googleusercontent.com/p/AF1QipODlFJF0ZZlFOXvWI7Uk_5O0W7VZdkewNfAesQg=w408-h286-k-no,true,Open 24 hours,Open 24 hours,Open 24 hours,Open 24 hours,Open 24 hours,Open 24 hours,Open 24 hours,"https://www.google.com/maps/search/Hospice+clinics+in+Milton+Lafeyette+LA/@30.1038143,-92.0765119,14z",2025-09-18T00:03:08.165Z,,,,
https://www.google.com/maps/place/Erath%2FDelcambre+Community+Care+Clinic/data=!4m7!3m6!1s0x862365f4e0ec33ed:0x2b63caf176cd6b9a!8m2!3d29.9624996!4d-92.0488662!16s%2Fg%2F11b6ntbvnw!19sChIJ7TPs4PRlI4YRmmvNdvHKYys,Erath/Delcambre Community Care Clinic,3.0,26,Medical clinic,"220 N Rd, Erath, LA 70533, United States","XX62+XF Erath, Louisiana, USA",https://www.abbevillegeneral.com/erath-delcambre-community-care-clinic/,+1 337-937-5944,Closed ⋅ Opens 7 am Thu,https://lh3.googleusercontent.com/p/AF1QipM-XCzI6yRSbeoEs0Y5ZpUDle7c_JO3kd6g2yoY=w408-h271-k-no,true,7 am–5 pm,7 am–5 pm,7 am–5 pm,Closed,Closed,7 am–5 pm,7 am–5 pm,"https://www.google.com/maps/search/Hospice+clinics+in+Erath+Lafeyette+LA/@29.9582611,-92.0359562,14z",2025-09-18T00:03:30.138Z,,,,
https://www.google.com/maps/place/ICCHC+-+Saint+Martin+Parish+Community+Health+Center/data=!4m7!3m6!1s0x86237fc3c75d2067:0xe9021ab59bbe9769!8m2!3d30.1154352!4d-91.8362909!16s%2Fg%2F11kr92cysd!19sChIJZyBdx8N_I4YRaZe-m7UaAuk,ICCHC - Saint Martin Parish Community Health Center,4.9,202,Medical Center,"317 Dernier St, St Martinville, LA 70582, United States","4587+5F St Martinville, Louisiana, USA",https://www.icchc.org/st-martinville-la?utm_source=GMBSocialClimb&utm_medium=ICCHC-SaintMartinParishCommunityHealthCenter,+1 337-342-2566,Closed ⋅ Opens 8 am Thu,https://streetviewpixels-pa.googleapis.com/v1/thumbnail?panoid=KjzOUhEy3x9ARQ407rbWiw&cb_client=search.gws-prod.gps&w=408&h=240&yaw=207.73123&pitch=0&thumbfov=100,true,8 am–5 pm,8 am–5 pm,8 am–2 pm,Closed,Closed,8 am–7 pm,8 am–5 pm,"https://www.google.com/maps/search/Hospice+clinics+in+St.+Martinville+Lafeyette+LA/@30.1231441,-91.8294817,14z",2025-09-18T00:03:57.914Z,,,,
https://www.google.com/maps/place/St+Martin+Parish+Comm+Health:+Hatch+Sherri+L/data=!4m7!3m6!1s0x86237f893ed73c6f:0x8eae0c1251b4e129!8m2!3d30.1154485!4d-91.8361919!16s%2Fg%2F1td5m1h4!19sChIJbzzXPol_I4YRKeG0URIMro4,St Martin Parish Comm Health: Hatch Sherri L,4.5,6,Nurse practitioner,"317 Dernier St, St Martinville, LA 70582, United States","4587+5G St Martinville, Louisiana, USA",https://www.icchc.org/st-martinville-la,+1 337-342-2566,Closed ⋅ Opens 8 am Thu,https://streetviewpixels-pa.googleapis.com/v1/thumbnail?panoid=hAtO8v4A_PU6z0ZQAPfYaA&cb_client=search.gws-prod.gps&w=408&h=240&yaw=182.36143&pitch=0&thumbfov=100,false,8 am–2 pm,8 am–5 pm,8 am–5 pm,Closed,Closed,8 am–7 pm,8 am–5 pm,"https://www.google.com/maps/search/Hospice+clinics+in+St.+Martinville+Lafeyette+LA/@30.1231441,-91.8294817,14z",2025-09-18T00:04:03.093Z,,,,
https://www.google.com/maps/place/Saint+Martin+Parish+Community+Health+Center/data=!4m7!3m6!1s0x86237f893ed73dd7:0x3863586580df86e6!8m2!3d30.1155918!4d-91.8362822!16s%2Fg%2F11qyhc9m6r!19sChIJ1z3XPol_I4YR5obfgGVYYzg,Saint Martin Parish Community Health Center,3.6,25,Pharmacy,"317 Dernier St, St Martinville, LA 70582, United States","4587+6F St Martinville, Louisiana, USA",https://ldh.la.gov/index.cfm/directory/detail/8747/catid/348,+1 337-342-2566,Closed ⋅ Opens 8 am Thu,https://streetviewpixels-pa.googleapis.com/v1/thumbnail?panoid=hAtO8v4A_PU6z0ZQAPfYaA&cb_client=search.gws-prod.gps&w=408&h=240&yaw=202.32863&pitch=0&thumbfov=100,false,8 am–2 pm,8 am–5 pm,8 am–2 pm,Closed,Closed,8 am–7 pm,8 am–5 pm,"https://www.google.com/maps/search/Hospice+clinics+in+St.+Martinville+Lafeyette+LA/@30.1231441,-91.8294817,14z",2025-09-18T00:04:08.115Z,,,,
https://www.google.com/maps/place/St+Martin+Parish+Health+Unit/data=!4m7!3m6!1s0x86237ff4da045c51:0x453dc05ccaa6d554!8m2!3d30.1226343!4d-91.8332158!16s%2Fg%2F1tkrm4sw!19sChIJUVwE2vR_I4YRVNWmylzAPUU,St Martin Parish Health Unit,4.1,8,County government office,"303 W Port St, St Martinville, LA 70582, United States","45F8+3P St Martinville, Louisiana, USA",,+1 337-394-3097,Closed ⋅ Opens 8 am Thu,https://lh3.googleusercontent.com/gps-cs-s/AC9h4nqdcBW54dEQEYIamKSGoNHIve4iilVq2LMDygUSM_f30IkfLJWx2s9BW81Lntg3EbLBV-ZAd2rquxhE0jArH5AyctRYK92OOMp3Z1PP8_eILKCxMOp24y3yRigDtfABTV8j0BsE=w408-h725-k-no,false,8 am–4:30 pm,8 am–4:30 pm,8 am–4:30 pm,Closed,Closed,8 am–4:30 pm,8 am–4:30 pm,"https://www.google.com/maps/search/Hospice+clinics+in+St.+Martinville+Lafeyette+LA/@30.1231441,-91.8294817,14z",2025-09-18T00:04:13.272Z,,,,
https://www.google.com/maps/place/St+Martinville+Nursing+Home/data=!4m7!3m6!1s0x8623800871a12eb3:0xd948a1067a1a050f!8m2!3d30.144436!4d-91.821614!16s%2Fg%2F1hc1msxmh!19sChIJsy6hcQiAI4YRDwUaegahSNk,St Martinville Nursing Home,4.7,3,Nursing home,"203 Claire Dr, St Martinville, LA 70582, United States","45VH+Q9 St Martinville, Louisiana, USA",http://www.stmartinvillerehab.com/,+1 337-394-6044,,https://streetviewpixels-pa.googleapis.com/v1/thumbnail?panoid=9iQ4voX7HDDSql9z3OduEQ&cb_client=search.gws-prod.gps&w=408&h=240&yaw=9.568246&pitch=0&thumbfov=100,true,,,,,,,,"https://www.google.com/maps/search/Hospice+clinics+in+St.+Martinville+Lafeyette+LA/@30.1231441,-91.8294817,14z",2025-09-18T00:04:20.892Z,,,,
https://www.google.com/maps/place/Landmark+Of+Acadiana/data=!4m7!3m6!1s0x86237e85bf56a6fb:0xbc28d6087a54210c!8m2!3d30.092663!4d-91.899868!16s%2Fg%2F11g69zzh9q!19sChIJ-6ZWv4V-I4YRDCFUegjWKLw,Landmark Of Acadiana,4.9,120,Nursing home,"1710 Smede Hwy, St Martinville, LA 70582, United States","34V2+33 St Martinville, Louisiana, USA",http://www.landmarkofacadiana.com/,+1 337-608-7636,Open 24 hours,https://lh3.googleusercontent.com/p/AF1QipPTXlBtsPkWLbM2AH062OD3geXPv3RoHcdRO56F=w408-h272-k-no,true,Open 24 hours,Open 24 hours,Open 24 hours,Open 24 hours,Open 24 hours,Open 24 hours,Open 24 hours,"https://www.google.com/maps/search/Hospice+clinics+in+St.+Martinville+Lafeyette+LA/@30.1231441,-91.8294817,14z",2025-09-18T00:04:25.788Z,,,,
https://www.google.com/maps/place/AAA+Home+Health/data=!4m7!3m6!1s0x8623801f78e5b9cb:0xc0051925b50c7596!8m2!3d30.123763!4d-91.829527!16s%2Fg%2F1vlk1y6h!19sChIJy7nleB-AI4YRlnUMtSUZBcA,AAA Home Health,,,Home health care service,"106 S Main St, St Martinville, LA 70582, United States","45FC+G5 St Martinville, Louisiana, USA",,+1 337-394-3711,,https://streetviewpixels-pa.googleapis.com/v1/thumbnail?panoid=O4YpdwBcKBGG-_YNDnf8Gg&cb_client=search.gws-prod.gps&w=408&h=240&yaw=278.41214&pitch=0&thumbfov=100,false,,,,,,,,"https://www.google.com/maps/search/Hospice+clinics+in+St.+Martinville+Lafeyette+LA/@30.1231441,-91.8294817,14z",2025-09-18T00:04:28.613Z,,,,
https://www.google.com/maps/place/Dr.+Jason+Valls/data=!4m7!3m6!1s0x86237f893bfd394f:0x28d21488a9508698!8m2!3d30.1154343!4d-91.8360192!16s%2Fg%2F11qgb7h0j5!19sChIJTzn9O4l_I4YRmIZQqYgU0ig,Dr. Jason Valls,4.0,4,Family practice physician,"317 Dernier St, St Martinville, LA 70582, United States","4587+5H St Martinville, Louisiana, USA",https://www.icchc.org/?utm_source=GMBSocialClimb&utm_medium=JasonValls%2CMD,+1 337-342-2566,,https://streetviewpixels-pa.googleapis.com/v1/thumbnail?panoid=RoE4NgyxXxmiQ7VWxTo4lA&cb_client=search.gws-prod.gps&w=408&h=240&yaw=224.79436&pitch=0&thumbfov=100,true,,,,,,,,"https://www.google.com/maps/search/Hospice+clinics+in+St.+Martinville+Lafeyette+LA/@30.1231441,-91.8294817,14z",2025-09-18T00:04:31.643Z,,,,
"https://www.google.com/maps/place/Meagan+D.+Hebert,+FNP-BC,+APRN,+MSN/data=!4m7!3m6!1s0x86249dbb2c9f0a6b:0x48786a83f4b4cadb!8m2!3d30.2024348!4d-92.0174432!16s%2Fg%2F11m5knbb98!19sChIJawqfLLudJIYR28q09INqeEg","Meagan D. Hebert, FNP-BC, APRN, MSN",,,Hospice,"1211 Coolidge St, Lafayette, LA 70503, United States","6X2M+X2 Lafayette, Louisiana, USA",https://www.ochsner.org/doctors/meagan-drury-hebert?utm_source=ExtNet&utm_medium=Yext&y_source=1_MTA1MTY3NDM2Ny03MTUtbG9jYXRpb24ud2Vic2l0ZQ%3D%3D,+1 337-769-2531,,https://streetviewpixels-pa.googleapis.com/v1/thumbnail?panoid=4G43ObF24AxK4o68IzS3lA&cb_client=search.gws-prod.gps&w=408&h=240&yaw=108.000626&pitch=0&thumbfov=100,true,,,,,,,,"https://www.google.com/maps/search/Hospice+clinics+in+St.+Martinville+Lafeyette+LA/@30.1231441,-91.8294817,14z",2025-09-18T00:04:34.468Z,,,,
"https://www.google.com/maps/place/Brady+Guillory,+MD/data=!4m7!3m6!1s0x86249d1e9b24db17:0x741484fb4a560638!8m2!3d30.202726!4d-92.0195239!16s%2Fg%2F11t58b900j!19sChIJF9skmx6dJIYROAZWSvuEFHQ","Brady Guillory, MD",,,Hospice,"1214 Coolidge St, Lafayette, LA 70503, United States","6X3J+35 Lafayette, Louisiana, USA",https://www.ochsner.org/doctors/brady-guillory/,+1 337-703-3390,,https://streetviewpixels-pa.googleapis.com/v1/thumbnail?panoid=b69RSSbPYfFTak5o4cV5tg&cb_client=search.gws-prod.gps&w=408&h=240&yaw=66.9235&pitch=0&thumbfov=100,true,,,,,,,,"https://www.google.com/maps/search/Hospice+clinics+in+St.+Martinville+Lafeyette+LA/@30.1231441,-91.8294817,14z",2025-09-18T00:04:37.102Z,,,,
"https://www.google.com/maps/place/Belle+Teche+Nursing+%26+Rehabilitation+Center,+LLC/data=!4m7!3m6!1s0x86237889c63c59c5:0x72122e5037a55058!8m2!3d30.0084764!4d-91.8446812!16s%2Fg%2F1ttpbnvr!19sChIJxVk8xol4I4YRWFClN1AuEnI","Belle Teche Nursing & Rehabilitation Center, LLC",3.5,6,Nursing home,"1306 W Admiral Doyle Dr, New Iberia, LA 70560, United States","2554+94 New Iberia, Louisiana, USA",http://www.belletechenursingandrehab.com/,+1 337-364-5472,Closed ⋅ Opens 8 am Thu,https://lh3.googleusercontent.com/p/AF1QipNujLcgtcRiiVS1jm6YfcFG9lZVVRxKwsru1FUF=w408-h544-k-no,true,8 am–5 pm,8 am–5 pm,8 am–5 pm,Closed,Closed,8 am–5 pm,8 am–5 pm,"https://www.google.com/maps/search/Hospice+clinics+in+St.+Martinville+Lafeyette+LA/@30.1231441,-91.8294817,14z",2025-09-18T00:04:42.216Z,,,,
https://www.google.com/maps/place/First+Option+Home+Health/data=!4m7!3m6!1s0x86249d88673fe471:0xff8dc3d563a12b3d!8m2!3d30.1472198!4d-92.0363082!16s%2Fg%2F1tsbmgyw!19sChIJceQ_Z4idJIYRPSuhY9XDjf8,First Option Home Health,4.4,7,Home health care service,"4906 Ambassador Caffery Pkwy Bldg A Suite 100, Lafayette, LA 70508, United States","4XW7+VF Lafayette, Louisiana, USA",https://www.qualitymanagementresourcesweb.com/,+1 337-235-9741,Open 24 hours,https://lh3.googleusercontent.com/gps-cs-s/AC9h4np8XiTDDkrNb0ij6KRQWDty21UMuO5DOzoVMkljGdjOO3QEmMvIfDmXWi1n-JSoTF8YxzTIEtbE_JsWSaSI2Z3omthTFetlc9H9NN-ESQC_QwyoUvobRB6IiX2AM1E8jDc5-70=w408-h544-k-no,false,Open 24 hours,Open 24 hours,Open 24 hours,Open 24 hours,Open 24 hours,Open 24 hours,Open 24 hours,"https://www.google.com/maps/search/Hospice+clinics+in+St.+Martinville+Lafeyette+LA/@30.1231441,-91.8294817,14z",2025-09-18T00:04:47.275Z,,,,
https://www.google.com/maps/place/Pointe+Coupee+Homebound+Health+and+Hospice/data=!4m7!3m6!1s0x862439c1c62023a5:0xbaee3f04740a8a3c!8m2!3d30.6845155!4d-91.4634861!16s%2Fg%2F1v96m4d_!19sChIJpSMgxsE5JIYRPIoKdAQ_7ro,Pointe Coupee Homebound Health and Hospice,5.0,2,Home health care service,"350 Hospital Rd, New Roads, LA 70760, United States","MGMP+RJ New Roads, Louisiana, USA",https://www.pchhh.org/,+1 225-638-5717,Closed ⋅ Opens 8 am Thu,https://lh3.googleusercontent.com/gps-cs-s/AC9h4npPNpHeGXzGYN6ksIte3zkJFx2kbbnMrk4Qj7SzUPSAKkOZujPgR8Vwuwe-V6ID2YGED6ZdRkXSomZAUjbfKtmipBWtMGXPmCX8EQ4p1dWaV4LCHhvdVl9OBctwJZa8Uy04xiJD=w408-h306-k-no,false,8 am–4:30 pm,8 am–4:30 pm,8 am–4:30 pm,Closed,Closed,8 am–4:30 pm,8 am–4:30 pm,"https://www.google.com/maps/search/Hospice+clinics+in+St.+Martinville+Lafeyette+LA/@30.1231441,-91.8294817,14z",2025-09-18T00:04:52.242Z,,,,
https://www.google.com/maps/place/Iberia+Comprehensive+Surrey+Street+Branch/data=!4m7!3m6!1s0x86249ca4d05ad037:0x1c7687751816996a!8m2!3d30.2252934!4d-92.0007892!16s%2Fg%2F11hc_xk5w4!19sChIJN9Ba0KScJIYRapkWGHWHdhw,Iberia Comprehensive Surrey Street Branch,3.6,19,Community health center,"1004 Surrey St, Lafayette, LA 70501, United States","6XGX+4M Lafayette, Louisiana, USA",https://www.icchc.org/lafayette-la,+1 337-456-6768,,https://streetviewpixels-pa.googleapis.com/v1/thumbnail?panoid=Yz-NYdKwzI35AIyhUATj6Q&cb_client=search.gws-prod.gps&w=408&h=240&yaw=231.01851&pitch=0&thumbfov=100,false,,,,,,,,"https://www.google.com/maps/search/Hospice+clinics+in+St.+Martinville+Lafeyette+LA/@30.1231441,-91.8294817,14z",2025-09-18T00:04:55.229Z,,,,
https://www.google.com/maps/place/ICCHC+-+Iberia+Comprehensive+Community+Health+Center/data=!4m7!3m6!1s0x86249ca4d060c9bf:0xff183e1bb3cb542d!8m2!3d29.9883829!4d-91.810504!16s%2Fg%2F1tk9r3qt!19sChIJv8lg0KScJIYRLVTLsxs-GP8,ICCHC - Iberia Comprehensive Community Health Center,4.6,1327,Medical Center,"806 Jefferson Terrace, New Iberia, LA 70560, United States","X5QQ+9Q New Iberia, Louisiana, USA",https://www.icchc.org/?utm_source=GMBSocialClimb&utm_medium=IberiaComprehensiveCommunityHealthCenter%2CInc.,+1 337-365-4945,Closed ⋅ Opens 8 am Thu,https://streetviewpixels-pa.googleapis.com/v1/thumbnail?panoid=2gzRXJUyD5VcmFUEpGdMKg&cb_client=search.gws-prod.gps&w=408&h=240&yaw=344.28458&pitch=0&thumbfov=100,true,8 am–5 pm,8 am–5 pm,8 am–2 pm,8 am–1 pm,Closed,8 am–7 pm,8 am–5 pm,"https://www.google.com/maps/search/Hospice+clinics+in+St.+Martinville+Lafeyette+LA/@30.1231441,-91.8294817,14z",2025-09-18T00:05:00.352Z,,,,
https://www.google.com/maps/place/Ageless+Healthcare/data=!4m7!3m6!1s0x8623832ad0f7c33f:0x61b6c2ecdd878a05!8m2!3d29.9881188!4d-91.8147315!16s%2Fg%2F11lg3x5l0j!19sChIJP8P30CqDI4YRBYqH3ezCtmE,Ageless Healthcare,5.0,42,Home health care service,"1017 E Dale St, New Iberia, LA 70560, United States","X5QP+64 New Iberia, Louisiana, USA",http://myagelesshealthcare.com/,+1 337-359-5555,Closed ⋅ Opens 8:30 am Thu,https://lh3.googleusercontent.com/p/AF1QipOTxZ3UC21VOj2ZEhMzdDZF50449yPQuSw7lbNG=w408-h306-k-no,true,8:30 am–4:30 pm,8:30 am–4:30 pm,8:30 am–4:30 pm,Closed,Closed,8:30 am–4:30 pm,8:30 am–4:30 pm,"https://www.google.com/maps/search/Hospice+clinics+in+St.+Martinville+Lafeyette+LA/@30.1231441,-91.8294817,14z",2025-09-18T00:05:05.391Z,Identifies as women-owned,true,,
https://www.google.com/maps/place/Unity+Home+Health/data=!4m7!3m6!1s0x8a912f35feb9331d:0x69c4ca47af7c1002!8m2!3d30.2736109!4d-91.8989054!16s%2Fg%2F11kk5brppj!19sChIJHTO5_jUvkYoRAhB8r0fKxGk,Unity Home Health,,,Home health care service,"111 1/2, S Main St, Breaux Bridge, LA 70517, United States","74F2+CC Breaux Bridge, Louisiana, USA",,+1 337-414-6037,Closed ⋅ Opens 8 am Thu,https://streetviewpixels-pa.googleapis.com/v1/thumbnail?panoid=r05Gmx4D7mKT47ig2HVHxQ&cb_client=search.gws-prod.gps&w=408&h=240&yaw=39.22949&pitch=0&thumbfov=100,true,8 am–4:30 pm,8 am–4:30 pm,8 am–4:30 pm,Closed,Closed,8 am–4:30 pm,8 am–4:30 pm,"https://www.google.com/maps/search/Hospice+clinics+in+St.+Martinville+Lafeyette+LA/@30.1231441,-91.8294817,14z",2025-09-18T00:05:10.242Z,,,,
https://www.google.com/maps/place/Compassus/data=!4m7!3m6!1s0x8626a48898157c09:0x19f820397e51e560!8m2!3d30.4327806!4d-91.1206584!16s%2Fg%2F11c3k6ktlg!19sChIJCXwVmIikJoYRYOVRfjkg-Bk,Compassus,4.6,10,Hospice,"6700 Jefferson Hwy Building 1, Baton Rouge, LA 70806, United States","CVMH+4P Baton Rouge, Louisiana, USA",https://www.compassus.com/locations/louisiana/baton-rouge/,+1 225-320-4894,Closed ⋅ Opens 8 am Thu,https://lh3.googleusercontent.com/p/AF1QipOfOKR6d2NlMhtHS1lsylxmZvuxYRoUUFj4aYKa=w408-h251-k-no,true,8 am–5 pm,8 am–5 pm,8 am–5 pm,Closed,Closed,8 am–5 pm,8 am–5 pm,"https://www.google.com/maps/search/Hospice+clinics+in+St.+Martinville+Lafeyette+LA/@30.1231441,-91.8294817,14z",2025-09-18T00:05:15.254Z,,,,
https://www.google.com/maps/place/Faithful+Friends+Veterinarian+%28Home+Euthanasia%E2%80%99s%29/data=!4m7!3m6!1s0x41f821964ef30677:0x98de2dd5b7d1cf0a!8m2!3d30.1578495!4d-91.9464885!16s%2Fg%2F11sv2yf7j9!19sChIJdwbzTpYh-EERCs_Rt9Ut3pg,Faithful Friends Veterinarian (Home Euthanasia’s),5.0,19,Veterinarian,,,http://faithfulfriendsveterinarian.com/,+1 337-944-9020,Closed ⋅ Opens 7 am Thu,https://lh3.googleusercontent.com/p/AF1QipNF7phW90NDwCKgM2MKTYXxFryKZTZ2Fwisy_B7=w408-h275-k-no,true,7 am–4 pm,7 am–4 pm,7 am–4 pm,Closed,"6–9 am, 1–5 pm",7 am–4 am,7 am–4 pm,"https://www.google.com/maps/search/Hospice+clinics+in+St.+Martinville+Lafeyette+LA/@30.1231441,-91.8294817,14z",2025-09-18T00:05:20.594Z,Identifies as women-owned,,,
https://www.google.com/maps/place/Louisiana+Extended+Care+Hospital/data=!4m7!3m6!1s0x86249cf05db3bb7d:0x5fc4617140c73fed!8m2!3d30.1982928!4d-92.0773967!16s%2Fg%2F1v3khwh5!19sChIJfbuzXfCcJIYR7T_HQHFhxF8,Louisiana Extended Care Hospital,3.8,27,Hospital,"2810 Ambassador Caffery Pkwy 5th & 6th floor, Lafayette, LA 70506, United States","5WXF+82 Lafayette, Louisiana, USA",https://www.ochsner.org/services/ochsner-extended-care-hospital/,+1 337-289-8180,Open 24 hours,https://streetviewpixels-pa.googleapis.com/v1/thumbnail?panoid=EZBbMmV7TCKtsnMHtvX3LA&cb_client=search.gws-prod.gps&w=408&h=240&yaw=318.6327&pitch=0&thumbfov=100,true,Open 24 hours,Open 24 hours,Open 24 hours,Open 24 hours,Open 24 hours,Open 24 hours,Open 24 hours,"https://www.google.com/maps/search/Hospice+clinics+in+Bendel+Lafeyette+LA/@30.2002296,-92.0177923,14z",2025-09-18T00:05:47.224Z,,,,
https://www.google.com/maps/place/Lafayette+Veterinary+Care+Center/data=!4m7!3m6!1s0x86249c39b7452999:0x6e1aff00d72daaa9!8m2!3d30.20199!4d-92.04939!16s%2Fg%2F1txc7d5x!19sChIJmSlFtzmcJIYRqaot1wD_Gm4,Lafayette Veterinary Care Center,4.8,1430,Veterinarian,"110 Perard St, Lafayette, LA 70503, United States","6X22+Q6 Lafayette, Louisiana, USA",https://www.lafayettevets.com/,+1 337-984-7611,Open ⋅ Closes 12 am,https://lh3.googleusercontent.com/gps-cs-s/AC9h4npXr9oMkml0n59WQyWgBiH8abEyZkXBhVt_QoafqLksb11kdb7cYTIjNFr3-sdy7fADfu9P7Qys3vXH9yvz5nD3N1Nl4BacKLMpdmktwFJcDSZZU5dUNf4fszOB08Toen9sKWWR=w408-h271-k-no,true,6 am–12 am,6 am–12 am,6 am–12 am,6 am–12 am,6 am–12 am,6 am–12 am,6 am–12 am,"https://www.google.com/maps/search/Hospice+clinics+in+Bendel+Lafeyette+LA/@30.2002296,-92.0177923,14z",2025-09-18T00:05:52.539Z,,,,
https://www.google.com/maps/place/Lafayette+Physical+Rehabilitation+Hospital/data=!4m7!3m6!1s0x86249d09841c86bb:0xaa1a9efd3f088bd7!8m2!3d30.1734246!4d-92.0241814!16s%2Fg%2F1tm1qv46!19sChIJu4YchAmdJIYR14sIP_2eGqo,Lafayette Physical Rehabilitation Hospital,4.0,46,Hospital,"307 Polly Ln, Lafayette, LA 70508, United States","5XFG+98 Lafayette, Louisiana, USA",https://amgihm.com/locations/lafayette-physical/,+1 337-314-1111,Open 24 hours,https://lh3.googleusercontent.com/p/AF1QipPHk2d7j9GacLTQN2zl5-uA-_L72jVd9fifrwqT=w408-h272-k-no,true,Open 24 hours,Open 24 hours,Open 24 hours,Open 24 hours,Open 24 hours,Open 24 hours,Open 24 hours,"https://www.google.com/maps/search/Hospice+clinics+in+Delcambre+Lafeyette+LA/@30.1529493,-92.0188,14z",2025-09-18T00:06:19.411Z,,,,
,,,,,,,,,,,,,,,,,,,"https://www.google.com/maps/search/Hospice+clinics+in+Breaux+Bridge+Lafeyette+LA/@30.2334126,-91.992725,14z",2025-09-18T00:06:41.361Z,,,No new results found,
https://www.google.com/maps/place/PALLIATIVE+PHARMACY+SOLUTIONS+LLC/data=!4m7!3m6!1s0x86249e9b24d7dd0b:0x858a7bf92989be31!8m2!3d30.2013474!4d-92.07342!16s%2Fg%2F1q69z3bsb!19sChIJC93XJJueJIYRMb6JKfl7ioU,PALLIATIVE PHARMACY SOLUTIONS LLC,4.5,2,Pharmacy,"620 Guilbeau Rd, Lafayette, LA 70506, United States","6W2G+GJ Lafayette, Louisiana, USA",,+1 337-262-9777,Closed ⋅ Opens 8 am Thu,https://streetviewpixels-pa.googleapis.com/v1/thumbnail?panoid=tZUn4pG9CV0ePAqhhe0_HQ&cb_client=search.gws-prod.gps&w=408&h=240&yaw=44.31229&pitch=0&thumbfov=100,false,8 am–5:30 pm,8 am–5:30 pm,8 am–5:30 pm,Closed,Closed,8 am–5:30 pm,8 am–5:30 pm,"https://www.google.com/maps/search/Hospice+clinics+in+Cecilia+Lafeyette+LA/@30.3371419,-91.8531715,14z",2025-09-18T00:07:07.269Z,,,,
https://www.google.com/maps/place/Lady+of+the+Oaks+Retirement/data=!4m7!3m6!1s0x86249c0fd9bc2067:0x946d9d640711209a!8m2!3d30.2235488!4d-92.05484!16s%2Fg%2F1v27vw11!19sChIJZyC82Q-cJIYRmiARB2SdbZQ,Lady of the Oaks Retirement,3.3,19,Nursing home,"1005 Eraste Landry Rd, Lafayette, LA 70506, United States","6WFW+C3 Lafayette, Louisiana, USA",https://www.ladyoftheoaks.com/,+1 337-232-6370,Open 24 hours,https://lh3.googleusercontent.com/p/AF1QipP74jQgfyZyI6W3n1Wjnd6RN4ye5I4LSPKdLKo3=w408-h271-k-no,true,Open 24 hours,Open 24 hours,Open 24 hours,Open 24 hours,Open 24 hours,Open 24 hours,Open 24 hours,"https://www.google.com/maps/search/Hospice+clinics+in+Church+Point+Lafeyette+LA/@30.2240897,-92.0198427,14z",2025-09-18T00:07:33.629Z,,,,
https://www.google.com/maps/place/Kaplan+Healthcare+Center/data=!4m7!3m6!1s0x86235a7bb994d8af:0xd102e4a920c307ec!8m2!3d30.0087454!4d-92.2961683!16s%2Fg%2F1v1vdk82!19sChIJr9iUuXtaI4YR7AfDIKnkAtE,Kaplan Healthcare Center,4.9,32,Nursing home,"1300 W 8th St, Kaplan, LA 70548, United States","2P53+FG Kaplan, Louisiana, USA",https://www.nexion-health.com/kaplan-healthcare/,+1 337-270-6131,Open 24 hours,https://lh3.googleusercontent.com/p/AF1QipNnas61IMxLgdL3qhDCz73LXAJsBUCjNvvnhY6c=w408-h306-k-no,true,Open 24 hours,Open 24 hours,Open 24 hours,Open 24 hours,Open 24 hours,Open 24 hours,Open 24 hours,"https://www.google.com/maps/search/Hospice+clinics+in+Kaplan+Lafeyette+LA/@30.2240897,-92.0198427,14z",2025-09-18T00:08:00.496Z,,,,
https://www.google.com/maps/place/Fast+Pace+Health+Urgent+Care+-+Kaplan+-+LA/data=!4m7!3m6!1s0x86235b556d7269bd:0x803f96f86ebedffb!8m2!3d29.9984531!4d-92.2875442!16s%2Fg%2F11s93mf1xw!19sChIJvWlybVVbI4YR-9--bviWP4A,Fast Pace Health Urgent Care - Kaplan - LA,4.7,223,Urgent care center,"213 W Veterans Memorial Dr, Kaplan, LA 70548, United States","XPX6+9X Kaplan, Louisiana, USA",https://fastpacehealth.com/location/kaplan?utm_source=google&utm_medium=listings&utm_campaign=kaplanla,+1 337-282-1096,"Closes soon ⋅ 8 pm ⋅ Opens 8 am Thu

Updated by this business 7 weeks ago",https://lh3.googleusercontent.com/p/AF1QipOsu_laErumPT7eE81AWeDQj8aUYbKSCrcI9cwS=w426-h240-k-no,true,8 am–8 pm,8 am–8 pm,8 am–8 pm,8 am–5 pm,8 am–5 pm,8 am–8 pm,8 am–8 pm,"https://www.google.com/maps/search/Hospice+clinics+in+Kaplan+Lafeyette+LA/@30.2240897,-92.0198427,14z",2025-09-18T00:08:05.658Z,,,,
https://www.google.com/maps/place/Ochsner+Lafayette+General+Medical+Center/data=!4m7!3m6!1s0x86249cf0f59ac0d5:0x31314c27fb4d5474!8m2!3d30.2026547!4d-92.0173667!16s%2Fg%2F1tgwb81c!19sChIJ1cCa9fCcJIYRdFRN-ydMMTE,Ochsner Lafayette General Medical Center,2.8,384,Medical Center,"1214 Coolidge St, Lafayette, LA 70503, United States","6X3M+33 Lafayette, Louisiana, USA",https://www.ochsner.org/locations/ochsner-lafayette-general-medical-center?y_source=1_OTc0MTE5NjUtNzE1LWxvY2F0aW9uLndlYnNpdGU%3D,+1 337-289-7991,,https://lh3.googleusercontent.com/p/AF1QipOU_gVzuzifzTOAVmATaAs3FgMMPZqjxTQkRzti=w408-h271-k-no,true,Open 24 hours,Open 24 hours,Open 24 hours,Open 24 hours,Open 24 hours,Open 24 hours,Open 24 hours,"https://www.google.com/maps/search/Hospice+clinics+in+Kaplan+Lafeyette+LA/@30.2240897,-92.0198427,14z",2025-09-18T00:08:11.031Z,,,,
https://www.google.com/maps/place/Kaplan+HomeCare/data=!4m7!3m6!1s0x86235a7bd1378db5:0x9a4ee74c2ec0014a!8m2!3d30.0076956!4d-92.2952451!16s%2Fg%2F1tdf1qdh!19sChIJtY030XtaI4YRSgHALkznTpo,Kaplan HomeCare,,,Home health care service,"710 N Foote Ave, Kaplan, LA 70548, United States","2P53+3W Kaplan, Louisiana, USA",https://lhcgroup.com/locations/kaplan-homecare/?utm_source=GMB&utm_campaign=Google_Local_Listing&utm_medium=referral&utm_content=Kaplan_HomeCare_Kaplan_LA_70548,+1 337-643-8207,Closed ⋅ Opens 8 am Thu,https://streetviewpixels-pa.googleapis.com/v1/thumbnail?panoid=S_7HH_KsX13iRgqn2YvgWQ&cb_client=search.gws-prod.gps&w=408&h=240&yaw=283.52124&pitch=0&thumbfov=100,true,8 am–4:30 pm,8 am–4:30 pm,8 am–4:30 pm,Closed,Closed,8 am–4:30 pm,8 am–4:30 pm,"https://www.google.com/maps/search/Hospice+clinics+in+Kaplan+Lafeyette+LA/@30.2240897,-92.0198427,14z",2025-09-18T00:08:15.846Z,,,,
https://www.google.com/maps/place/Patients+Care+Medical+Supply+Inc/data=!4m7!3m6!1s0x86249e492d01512b:0x72bc8cbc6213acdc!8m2!3d30.1057124!4d-92.1242047!16s%2Fg%2F1vfzfjns!19sChIJK1EBLUmeJIYR3KwTYryMvHI,Patients Care Medical Supply Inc,4.9,125,Medical supply store,"8907 Maurice Ave, Maurice, LA 70555, United States","4V4G+78 Maurice, Louisiana, USA",http://www.pcmsupply.com/,,"Closed ⋅ Opens 8:30 am Thu

Confirmed by this business 9 weeks ago",https://lh3.googleusercontent.com/p/AF1QipN78kEp-MGsEmxsDYSIWRX9JbmLQSf8x4wLsip0=w408-h540-k-no,true,8:30 am–5 pm,8:30 am–5 pm,8:30 am–5 pm,Closed,Closed,8:30 am–5 pm,8:30 am–5 pm,"https://www.google.com/maps/search/Hospice+clinics+in+Maurice+Lafeyette+LA/@30.1085368,-92.1245688,14z",2025-09-18T00:08:30.739Z,,,,· In-store shopping · In-store pick-up · Delivery
https://www.google.com/maps/place/Cypress+Funeral+Home+%26+Crematory/data=!4m7!3m6!1s0x862361b935ac0821:0xd745815e81394352!8m2!3d30.10878!4d-92.1280444!16s%2Fg%2F11hf3xm10y!19sChIJIQisNblhI4YRUkM5gV6BRdc,Cypress Funeral Home & Crematory,4.9,90,Funeral home,"206 W Lafayette St, Maurice, LA 70555, United States","4V5C+GQ Maurice, Louisiana, USA",https://www.cypressfunerals.com/?utm_campaign=gmb,+1 337-740-3123,Open 24 hours,https://lh3.googleusercontent.com/p/AF1QipMGCwwl9XTMSlMAGS5b49jJJmFWIuIm8eRhgpnE=w408-h306-k-no,true,Open 24 hours,Open 24 hours,Open 24 hours,Open 24 hours,Open 24 hours,Open 24 hours,Open 24 hours,"https://www.google.com/maps/search/Hospice+clinics+in+Maurice+Lafeyette+LA/@30.1085368,-92.1245688,14z",2025-09-18T00:08:42.908Z,,,,
"https://www.google.com/maps/place/Katlyn+H.+LaGrange,+NP/data=!4m7!3m6!1s0x86249d32c16f3911:0xdf476f03c953cde8!8m2!3d30.2034135!4d-92.0203553!16s%2Fg%2F11ww8clw3f!19sChIJETlvwTKdJIYR6M1TyQNvR98","Katlyn H. LaGrange, NP",,,,"155 Hospital Dr, Lafayette, LA 70503, United States","6X3H+9V Lafayette, Louisiana, USA",https://www.ochsner.org/doctors/katlyn-h-lagrange-np?utm_source=ExtNet&utm_medium=Yext&y_source=1_MTA4OTM2ODA0Ni03MTUtbG9jYXRpb24ud2Vic2l0ZQ%3D%3D,+1 337-234-3204,Permanently closed,https://streetviewpixels-pa.googleapis.com/v1/thumbnail?panoid=4Ox_EgZa9tA-Kasp2id4Xw&cb_client=search.gws-prod.gps&w=408&h=240&yaw=135.49545&pitch=0&thumbfov=100,true,,,,,,,,"https://www.google.com/maps/search/Hospice+clinics+in+Henderson+Lafeyette+LA/@30.2240897,-92.0198427,14z",2025-09-18T00:09:14.561Z,,,,
https://www.google.com/maps/place/Angel+Care+Hospice/data=!4m7!3m6!1s0x86238289ce7198ff:0x12829f849427ce33!8m2!3d30.0071653!4d-91.8196391!16s%2Fg%2F1vc8250c!19sChIJ_5hxzomCI4YRM84nlISfghI,Angel Care Hospice,,,Hospice,"203 W Main St #108, New Iberia, LA 70560, United States","254J+V4 New Iberia, Louisiana, USA",,,,https://streetviewpixels-pa.googleapis.com/v1/thumbnail?panoid=n-DHB1u1MpiEGKFVkmCCAA&cb_client=search.gws-prod.gps&w=408&h=240&yaw=213.86455&pitch=0&thumbfov=100,false,,,,,,,,"https://www.google.com/maps/search/Hospice+clinics+in+New+Iberia+Lafeyette+LA/@30.0035365,-91.8187285,14z",2025-09-18T00:09:26.219Z,,,,
https://www.google.com/maps/place/Bridgeway+Healthcare+%26+Hospice/data=!4m7!3m6!1s0x86249d1eeb885f6f:0xf0aca147fbf64534!8m2!3d29.9894709!4d-91.7858049!16s%2Fg%2F11c1n8mfc4!19sChIJb1-I6x6dJIYRNEX2-0ehrPA,Bridgeway Healthcare & Hospice,,,Alternative medicine practitioner,"2315 E Main St A, New Iberia, LA 70560, United States","X6Q7+QM New Iberia, Louisiana, USA",http://www.bridgewayhospice.net/,+1 337-232-5925,,https://streetviewpixels-pa.googleapis.com/v1/thumbnail?panoid=yrAFBE_Zcl857951JgschA&cb_client=search.gws-prod.gps&w=408&h=240&yaw=24.454195&pitch=0&thumbfov=100,false,,,,,,,,"https://www.google.com/maps/search/Hospice+clinics+in+New+Iberia+Lafeyette+LA/@30.0035365,-91.8187285,14z",2025-09-18T00:09:29.028Z,,,,
https://www.google.com/maps/place/Journey+Hospice+Southwest+La/data=!4m7!3m6!1s0x86238289cd112821:0xb30b34a0ae14ab20!8m2!3d30.006934!4d-91.819547!16s%2Fg%2F113f8q597!19sChIJISgRzYmCI4YRIKsUrqA0C7M,Journey Hospice Southwest La,,,Home health care service,"145A W Main St, New Iberia, LA 70560, United States","254J+Q5 New Iberia, Louisiana, USA",,+1 337-364-6600,,https://streetviewpixels-pa.googleapis.com/v1/thumbnail?panoid=_DWVFI1DIxJtUKE0ymfSVg&cb_client=search.gws-prod.gps&w=408&h=240&yaw=236.26683&pitch=0&thumbfov=100,false,,,,,,,,"https://www.google.com/maps/search/Hospice+clinics+in+New+Iberia+Lafeyette+LA/@30.0035365,-91.8187285,14z",2025-09-18T00:09:31.961Z,,,,
https://www.google.com/maps/place/Nursing+Specialties+Home+Health+%26+Hospice/data=!4m7!3m6!1s0x862380202b2ae47f:0x76e7c6c0cbebf24e!8m2!3d29.989411!4d-91.807132!16s%2Fg%2F1261rrvvl!19sChIJf-QqKyCAI4YRTvLry8DG53Y,Nursing Specialties Home Health & Hospice,3.0,2,Home health care service,"609 Jefferson Terrace #200, New Iberia, LA 70560, United States","X5QV+Q4 New Iberia, Louisiana, USA",http://www.nursingspecialties.com/,+1 337-256-8189,Closed ⋅ Opens 8 am Thu,https://streetviewpixels-pa.googleapis.com/v1/thumbnail?panoid=rH2JzpX7x3qo-sJO2-Rbuw&cb_client=search.gws-prod.gps&w=408&h=240&yaw=138.65326&pitch=0&thumbfov=100,false,8 am–4:30 pm,8 am–4:30 pm,8 am–4:30 pm,Closed,Closed,8 am–4:30 pm,8 am–4:30 pm,"https://www.google.com/maps/search/Hospice+clinics+in+New+Iberia+Lafeyette+LA/@30.0035365,-91.8187285,14z",2025-09-18T00:09:36.954Z,,,,
https://www.google.com/maps/place/AAA+Home+Health+%26+Hospice/data=!4m7!3m6!1s0x8623786d4fb3a9c5:0xc5e9dd21f973daac!8m2!3d29.984905!4d-91.8423!16s%2Fg%2F1v75s873!19sChIJxamzT214I4YRrNpz-SHd6cU,AAA Home Health & Hospice,,,Home health care service,"2111 LA-14, New Iberia, LA 70560, United States","X5M5+X3 New Iberia, Louisiana, USA",http://aaahomehealth.com/,+1 337-367-0940,,https://streetviewpixels-pa.googleapis.com/v1/thumbnail?panoid=SIZ7nJ_zBGqS0fj3Jhs3Ww&cb_client=search.gws-prod.gps&w=408&h=240&yaw=178.0772&pitch=0&thumbfov=100,false,,,,,,,,"https://www.google.com/maps/search/Hospice+clinics+in+New+Iberia+Lafeyette+LA/@30.0035365,-91.8187285,14z",2025-09-18T00:09:39.596Z,,,,
https://www.google.com/maps/place/Leading+Home+Care+-+New+Iberia/data=!4m7!3m6!1s0x86238366182aa8fd:0x1fad412388b07b09!8m2!3d30.0064888!4d-91.8215408!16s%2Fg%2F11jnm9s59s!19sChIJ_agqGGaDI4YRCXuwiCNBrR8,Leading Home Care - New Iberia,5.0,28,Home health care service,"215 W St Peter St, New Iberia, LA 70560, United States","254H+H9 New Iberia, Louisiana, USA",http://www.lhcla.com/,+1 337-373-8175,Closed ⋅ Opens 8:30 am Thu,https://streetviewpixels-pa.googleapis.com/v1/thumbnail?panoid=Fy9fMbQEfVcbnkfiqmipNw&cb_client=search.gws-prod.gps&w=408&h=240&yaw=110.05549&pitch=0&thumbfov=100,true,8:30 am–4:30 pm,8:30 am–4:30 pm,8:30 am–4 pm,Closed,Closed,8:30 am–4:30 pm,8:30 am–4:30 pm,"https://www.google.com/maps/search/Hospice+clinics+in+New+Iberia+Lafeyette+LA/@30.0035365,-91.8187285,14z",2025-09-18T00:09:44.719Z,,,,
,,,,,,,,,,,,,,,,,,,"https://www.google.com/maps/search/Hospice+clinics+in+Waterford+Lafeyette+LA/@30.2240897,-92.0198427,14z",2025-09-18T00:10:06.526Z,,,No new results found,
https://www.google.com/maps/place/Cajun+Area+Agency+On+Aging/data=!4m7!3m6!1s0x86249c0596cf5311:0xe24aeb25fe942d6!8m2!3d30.2275313!4d-92.0576902!16s%2Fg%2F1tdvdymn!19sChIJEVPPlgWcJIYR1kLpX7KuJA4,Cajun Area Agency On Aging,4.5,8,Senior citizen center,"110 Toledo Dr, Lafayette, LA 70506, United States","6WHR+2W Lafayette, Louisiana, USA",https://www.cajunaaa.org/,+1 337-572-8940,,https://streetviewpixels-pa.googleapis.com/v1/thumbnail?panoid=9zC8qMcQ_f1bDgDRrq58Uw&cb_client=search.gws-prod.gps&w=408&h=240&yaw=31.877779&pitch=0&thumbfov=100,false,,,,,,,,"https://www.google.com/maps/search/Hospice+clinics+in+Ossun+Lafeyette+LA/@30.274912,-92.111565,14z",2025-09-18T00:10:30.725Z,,,,