placeUrl,title,rating,reviewCount,category,address,plusCode,website,phoneNumber,currentStatus,info,imgUrl,isClaimed,friday,saturday,sunday,monday,tuesday,wednesday,thursday,query,timestamp,attributes,error
https://www.google.com/maps/place/Elite+Overhead+Garage+Doors/data=!4m7!3m6!1s0x88fba383281fd355:0x23687132c1293b0c!8m2!3d32.0749044!4d-81.1301651!16s%2Fg%2F11cjk55bhn!19sChIJVdMfKIOj-4gRDDspwTJxaCM,Elite Overhead Garage Doors,4.8,319,Garage door supplier,"3 Interchange Ct, Savannah, GA 31415, United States","3VF9+XW Savannah, Georgia, USA",https://elitegaragedoorssavannah.com/?utm_campaign=google&utm_medium=organic&utm_source=google_business_profile,+1 912-398-4828,Open 24 hours,LGBTQ+ friendly,https://lh3.googleusercontent.com/p/AF1QipP2QMRm9DyKcppVOh0IoJtjKi9m3Kx95cWEIsAo=w408-h255-k-no,true,Open 24 hours,Open 24 hours,Open 24 hours,Open 24 hours,Open 24 hours,Open 24 hours,Open 24 hours,"https://www.google.com/maps/search/garage+door+services+in+Savannah+Savannah+GA/@32.0808989,-81.091203,14z",2025-11-07T23:20:59.491Z,,
https://www.google.com/maps/place/Precision+Garage+Door+Service/data=!4m7!3m6!1s0x88fba11b6d151d8f:0x4c9e1935af6bb4d2!8m2!3d32.1557251!4d-81.2358128!16s%2Fg%2F11dxbs07b8!19sChIJjx0VbRuh-4gR0rRrrzUZnkw,Precision Garage Door Service,4.9,1146,Garage door supplier,"1777 Benton Blvd Suite 105, Savannah, GA 31407, United States","5Q47+7M Savannah, Georgia, USA",https://precisiondoorservice.com/?utm_source=gmb&utm_medium=location_savannah&utm_campaign=website,+1 912-330-4747,Open 24 hours,,https://lh3.googleusercontent.com/p/AF1QipMkP_Ubaz4i8ToJ2Y3mpx5ELA21kpwd4CdlmLVr=w426-h240-k-no,true,Open 24 hours,Open 24 hours,Open 24 hours,Open 24 hours,Open 24 hours,Open 24 hours,Open 24 hours,"https://www.google.com/maps/search/garage+door+services+in+Savannah+Savannah+GA/@32.0808989,-81.091203,14z",2025-11-07T23:21:05.308Z,,
https://www.google.com/maps/place/Overhead+Door+Company+of+Savannah%E2%84%A2/data=!4m7!3m6!1s0x88fba042376bb3b1:0xe36c055c3fa711c!8m2!3d32.0743047!4d-81.1925212!16s%2Fg%2F1tc_l_j7!19sChIJsbNrN0Kg-4gRHHH6w1XANg4,Overhead Door Company of Savannah™,4.5,100,Garage door supplier,"129 Airport Park Dr, Savannah, GA 31408, United States","3RF4+PX Savannah, Georgia, USA",http://www.overheaddoorofsavannah.com/,+1 912-356-4448,Closed ⋅ Opens 7:30 am Mon,,https://lh3.googleusercontent.com/p/AF1QipO1qiyWxf_nLLrP4Vk65iS_XFO89yERNvNsOqdq=w408-h272-k-no,true,7:30 am–4:30 pm,Closed,Closed,7:30 am–4:30 pm,7:30 am–4:30 pm,7:30 am–4:30 pm,7:30 am–4:30 pm,"https://www.google.com/maps/search/garage+door+services+in+Savannah+Savannah+GA/@32.0808989,-81.091203,14z",2025-11-07T23:21:10.826Z,,
https://www.google.com/maps/place/Mo+Better+Garage/data=!4m7!3m6!1s0x88fb754192d343d5:0x3a768bfb3417870c!8m2!3d32.0040164!4d-81.1078868!16s%2Fg%2F11w96qg6gr!19sChIJ1UPTkkF1-4gRDIcXNPuLdjo,Mo Better Garage,4.9,103,Garage door supplier,"321 Commercial Dr #4, Savannah, GA 31406, United States","2V3R+JR Savannah, Georgia, USA",https://mobettergarage.com/locations/georgia/savannah/,+1 912-297-6117,Open 24 hours,,https://lh3.googleusercontent.com/p/AF1QipOj-PvEGZQz3ZMr3gpqdBaoIU67hHYmzeRTjBP0=w408-h272-k-no,true,Open 24 hours,Open 24 hours,Open 24 hours,Open 24 hours,Open 24 hours,Open 24 hours,Open 24 hours,"https://www.google.com/maps/search/garage+door+services+in+Savannah+Savannah+GA/@32.0808989,-81.091203,14z",2025-11-07T23:21:15.755Z,,
https://www.google.com/maps/place/ProLift+Garage+Doors+of+Savannah/data=!4m7!3m6!1s0x88fb0f48836b5925:0xe078950330f53509!8m2!3d31.9410256!4d-81.3154002!16s%2Fg%2F11gh2r0b_j!19sChIJJVlrg0gP-4gRCTX1MAOVeOA,ProLift Garage Doors of Savannah,5.0,533,Garage door supplier,"518 Edsel Dr Suite E, Richmond Hill, GA 31324, United States","WMRM+CR Richmond Hill, Georgia, USA",https://www.proliftdoors.com/savannah/?utm_source=GMBlisting&utm_medium=organic&utm_campaign=savannah,+1 912-328-5446,Closes soon ⋅ 7 pm ⋅ Opens 8 am Sat,,https://lh3.googleusercontent.com/p/AF1QipOLQrXd1rNJICAzMqFr7zHflAgLWA7rNKrcuaCr=w426-h240-k-no,true,7:30 am–7 pm,8 am–5 pm,Closed,7:30 am–7 pm,7:30 am–7 pm,7:30 am–7 pm,7:30 am–7 pm,"https://www.google.com/maps/search/garage+door+services+in+Savannah+Savannah+GA/@32.0808989,-81.091203,14z",2025-11-07T23:21:20.797Z,,
https://www.google.com/maps/place/Padgett+Overhead+Garage+Doors+Inc./data=!4m7!3m6!1s0x88fb0bfc569f88e5:0x4e4c67cd9a3594f5!8m2!3d31.9900723!4d-81.2224878!16s%2Fg%2F11h1ydz3w2!19sChIJ5YifVvwL-4gR9ZQ1ms1nTE4,Padgett Overhead Garage Doors Inc.,4.6,42,Garage door supplier,"108 Lake Shore Dr, Savannah, GA 31419, United States","XQRH+22 Savannah, Georgia, USA",,+1 912-961-0479,Closed ⋅ Opens 8 am Mon,,https://lh3.googleusercontent.com/p/AF1QipPCDgqpx9MLwB2MXVth3n7u3bBTkNO0cTqL_ncY=w408-h306-k-no,true,8 am–6 pm,Closed,Closed,8 am–6 pm,8 am–6 pm,8 am–6 pm,8 am–6 pm,"https://www.google.com/maps/search/garage+door+services+in+Savannah+Savannah+GA/@32.0808989,-81.091203,14z",2025-11-07T23:21:25.708Z,,
https://www.google.com/maps/place/Expert+Garage+Door/data=!4m7!3m6!1s0x2460eaacb153f7c9:0x113f7d3d89e8c0e0!8m2!3d32.0797355!4d-82.987084!16s%2Fg%2F11ptz_3xx2!19sChIJyfdTsazqYCQR4MDoiT19PxE,Expert Garage Door,3.9,56,Garage door supplier,,,https://expertgaragedoorga.com/,+1 912-219-0041,Open 24 hours,,https://lh3.googleusercontent.com/p/AF1QipPofsK0OoZg1GGnhz_zSNSqpURHnFwEyVB7s-GC=w408-h408-k-no,true,Open 24 hours,Open 24 hours,Open 24 hours,Open 24 hours,Open 24 hours,Open 24 hours,Open 24 hours,"https://www.google.com/maps/search/garage+door+services+in+Savannah+Savannah+GA/@32.0808989,-81.091203,14z",2025-11-07T23:21:30.582Z,,
https://www.google.com/maps/place/Cody+Padgett+Garage+Doors/data=!4m7!3m6!1s0x88fb774a7f8ba7e3:0xad6e2ad50259a071!8m2!3d32.0387564!4d-81.2060396!16s%2Fg%2F11h79nk1hf!19sChIJ46eLf0p3-4gRcaBZAtUqbq0,Cody Padgett Garage Doors,4.3,12,Garage door supplier,,,https://codypadgettgaragedoors.com/,+1 912-658-2317,Open 24 hours,,https://lh3.googleusercontent.com/p/AF1QipPlyAjLEKtGuutFF6lLFBVnUsu9sdskNbszvYxR=w408-h544-k-no,true,Open 24 hours,Open 24 hours,Open 24 hours,Open 24 hours,Open 24 hours,Open 24 hours,Open 24 hours,"https://www.google.com/maps/search/garage+door+services+in+Savannah+Savannah+GA/@32.0808989,-81.091203,14z",2025-11-07T23:21:35.683Z,,
"https://www.google.com/maps/place/Action+Overhead+Door+%26+Supply,+LLC/data=!4m7!3m6!1s0x88fba042382f2675:0xac3323b118ee81cc!8m2!3d32.3390617!4d-81.2556838!16s%2Fg%2F11b6lmw87g!19sChIJdSYvOEKg-4gRzIHuGLEjM6w","Action Overhead Door & Supply, LLC",4.9,41,Garage door supplier,"145 Industrial Blvd, Rincon, GA 31326, United States","8PQV+JP Rincon, Georgia, USA",https://www.actionohd.com/,+1 912-826-3505,Open 24 hours,,https://lh3.googleusercontent.com/p/AF1QipPrVlHu_CkkFLXpdVMlE10W-J2fSdrtXPoi5siM=w408-h306-k-no,true,Open 24 hours,Open 24 hours,Open 24 hours,Open 24 hours,Open 24 hours,Open 24 hours,Open 24 hours,"https://www.google.com/maps/search/garage+door+services+in+Savannah+Savannah+GA/@32.0808989,-81.091203,14z",2025-11-07T23:21:40.524Z,,
https://www.google.com/maps/place/Advanced+Door+Systems/data=!4m7!3m6!1s0x88fba118d292804b:0xa1d211781ced1fc3!8m2!3d32.1027533!4d-81.2275722!16s%2Fg%2F1tdwqz23!19sChIJS4CS0hih-4gRwx_tHHgR0qE,Advanced Door Systems,4.1,16,Door supplier,"106 Sharon Ct, Pooler, GA 31322, United States","4Q3C+4X Pooler, Georgia, USA",http://advanceddoorsystemsga.com/,+1 912-748-9686,Closed ⋅ Opens 7:30 am Mon,,https://lh3.googleusercontent.com/p/AF1QipMRz5phBrnS1r3NjlZ7e4LrVV24acKeG1HSLuDo=w408-h306-k-no,true,7:30 am–5 pm,Closed,Closed,7:30 am–5 pm,7:30 am–5 pm,7:30 am–5 pm,7:30 am–5 pm,"https://www.google.com/maps/search/garage+door+services+in+Savannah+Savannah+GA/@32.0808989,-81.091203,14z",2025-11-07T23:21:45.362Z,,
https://www.google.com/maps/place/Southern+Oak+Garage+Doors/data=!4m7!3m6!1s0x280fba57767a3e1f:0xe78f5cd7cfab90ee!8m2!3d31.9419151!4d-81.3137278!16s%2Fg%2F11lyw8jmbg!19sChIJHz56dle6DygR7pCrz9dcj-c,Southern Oak Garage Doors,5.0,9,Garage door supplier,"386B Edsel Dr, Richmond Hill, GA 31324, United States","WMRP+QG Richmond Hill, Georgia, USA",https://www.southernoakgaragedoors.com/,+1 912-572-4031,,Identifies as veteran-owned,https://lh3.googleusercontent.com/gps-cs-s/AG0ilSxBFWC11jQ7xFaaAIxJIc58z9h3M_hLEoPZ8yZ_B2WTtSCxmYyrMIxc5lDdapJxCDEkMxOMCVudihDEsjApjAApmb3lCv5hH6A9chogkQL_YjSJv1m1JNorZTpEPt2LS60XlipeTuhswgAf=w408-h306-k-no,true,,,,,,,,"https://www.google.com/maps/search/garage+door+services+in+Savannah+Savannah+GA/@32.0808989,-81.091203,14z",2025-11-07T23:21:48.105Z,,
https://www.google.com/maps/place/All+pro+Garage+Doors/data=!4m7!3m6!1s0x88fb9da2e0c5ba91:0x3836448c407939ea!8m2!3d32.0640918!4d-81.0406655!16s%2Fg%2F11bc89llm1!19sChIJkbrF4KKd-4gR6jl5QIxENjg,All pro Garage Doors,,,Garage door supplier,"101 Runaway Point Rd, Savannah, GA 31404, United States","3X75+JP Savannah, Georgia, USA",,+1 912-292-0194,Closed ⋅ Opens 5 am Sat,,https://lh3.googleusercontent.com/p/AF1QipNKB521-UoZAa0G4sw9SI-a6ODux8tIfaM07AJQ=w651-h240-k-no,true,5 am–12 pm,5 am–12 pm,5 am–12 pm,5 am–12 pm,5 am–12 pm,5 am–12 pm,5 am–12 pm,"https://www.google.com/maps/search/garage+door+services+in+Savannah+Savannah+GA/@32.0808989,-81.091203,14z",2025-11-07T23:21:53.006Z,,
https://www.google.com/maps/place/GW+Garage+Door+Service/data=!4m7!3m6!1s0x8d1967214b6f68bb:0x510f6b95014fb10!8m2!3d32.1683035!4d-81.508997!16s%2Fg%2F11rt0qz_30!19sChIJu2hvSyFnGY0REPsUULn2EAU,GW Garage Door Service,5.0,5,Garage door supplier,,,,+1 912-656-7032,Open ⋅ Closes 8 pm,,https://lh3.googleusercontent.com/p/AF1QipMDTUldM_i1_efL-HC8Va8Wr8q5Aor5wjbm9sPE=w426-h240-k-no,true,8 am–8 pm,8 am–8 pm,8 am–8 pm,8 am–8 pm,8 am–8 pm,8 am–8 pm,8 am–8 pm,"https://www.google.com/maps/search/garage+door+services+in+Savannah+Savannah+GA/@32.0808989,-81.091203,14z",2025-11-07T23:21:57.877Z,,
"https://www.google.com/maps/place/Expert+Garage+Door+L.L.C./@31.9871154,-81.2112215,17z/data=!3m1!4b1!4m6!3m5!1s0x88fb0b824126f2c7:0x40a3df94e1611808!8m2!3d31.9871154!4d-81.2112215!16s%2Fg%2F11wbq__2cg",Expert Garage Door L.L.C.,2.0,2,Garage door supplier,"101 St George Blvd apt b building 10, Savannah, GA 31419, United States","XQPQ+RG Savannah, Georgia, USA",,+1 931-436-6929,Closes soon ⋅ 7 pm ⋅ Opens 9 am Sun,,,true,9 am–7 pm,Closed,9 am–7 pm,9 am–7 pm,9 am–7 pm,9 am–7 pm,9 am–7 pm,"https://www.google.com/maps/search/garage+door+services+in+Savannah+Savannah+GA/@32.0808989,-81.091203,14z",2025-11-07T23:22:04.746Z,,
https://www.google.com/maps/place/NotJustDoors/data=!4m7!3m6!1s0x88fb9dd155186b31:0xcc4ba572670fa0ab!8m2!3d32.0402433!4d-81.0554341!16s%2Fg%2F11kn6lj590!19sChIJMWsYVdGd-4gRq6APZ3KlS8w,NotJustDoors,,,Contractor,"2395 Downing St, Savannah, GA 31404, United States","2WRV+3R Savannah, Georgia, USA",http://fb.me/notjustdoors.net,+1 912-650-9531,Closes soon ⋅ 7 pm ⋅ Opens 8 am Sat,,https://lh3.googleusercontent.com/p/AF1QipNwu0hWsr0xQRazE5pIlVniPE4WpZr80ITdpM5b=w408-h479-k-no,true,7 am–7 pm,8 am–7 pm,Closed,7 am–7 pm,7 am–7 pm,7 am–7 pm,7 am–7 pm,"https://www.google.com/maps/search/garage+door+services+in+Savannah+Savannah+GA/@32.0808989,-81.091203,14z",2025-11-07T23:22:09.660Z,,
https://www.google.com/maps/place/Your+Exterior+Pros/data=!4m7!3m6!1s0x88fb768159306ff5:0xc9f86822e64cba16!8m2!3d32.0882856!4d-81.1156288!16s%2Fg%2F11b5pk6b83!19sChIJ9W8wWYF2-4gRFrpM5iJo-Mk,Your Exterior Pros,4.8,494,Roofing contractor,"5 Carolan St, Savannah, GA 31415, United States","3VQM+8P Savannah, Georgia, USA",https://yourexteriorpros.com/,+1 912-250-4730,Closed ⋅ Opens 7:30 am Mon,,https://lh3.googleusercontent.com/gps-cs-s/AG0ilSyescPTbiy93OVwWfzToiOicqnIrLK35pBpbS2NF666VPQn2c9AffgfHpvpOKW-j74TE7aEifx1GoIvZrljI3wG8DKjoUlhNmXfyMbTPdab-ABrqzP3fz6xLCvoL6sWkowuqnSkgSZCSUNI=w408-h306-k-no,true,7:30 am–5 pm,Closed,Closed,7:30 am–5 pm,7:30 am–5 pm,7:30 am–5 pm,7:30 am–5 pm,"https://www.google.com/maps/search/garage+door+services+in+Savannah+Savannah+GA/@32.0808989,-81.091203,14z",2025-11-07T23:22:14.542Z,,
https://www.google.com/maps/place/Grand+Garages+LLC/data=!4m7!3m6!1s0x88fb75f7f72c490f:0xdf56f29a04584db3!8m2!3d32.0581985!4d-81.3036824!16s%2Fg%2F11b6377_90!19sChIJD0ks9_d1-4gRs01YBJryVt8,Grand Garages LLC,5.0,12,Flooring contractor,,,http://www.savannahgarage.com/,+1 912-655-7370,Closed ⋅ Opens 8 am Mon,,https://lh3.googleusercontent.com/p/AF1QipPp4XyZeQVo6lD6CVXJaS0CCEHfebk06Bym6ndZ=w408-h306-k-no,true,8 am–5 pm,Closed,Closed,8 am–5 pm,8 am–5 pm,8 am–5 pm,8 am–5 pm,"https://www.google.com/maps/search/garage+door+services+in+Savannah+Savannah+GA/@32.0808989,-81.091203,14z",2025-11-07T23:22:19.397Z,,
https://www.google.com/maps/place/Jack+Rick%27s+Glass+Company/data=!4m7!3m6!1s0x88fb76031f935431:0x5c21443880e58c59!8m2!3d32.0367749!4d-81.0643874!16s%2Fg%2F1vpfkd1s!19sChIJMVSTHwN2-4gRWYzlgDhEIVw,Jack Rick's Glass Company,4.4,68,Window installation service,"2115 Shell Rd, Savannah, GA 31404, United States","2WPP+P6 Savannah, Georgia, USA",http://www.jackricksglass.com/,+1 912-354-8951,Closed ⋅ Opens 8 am Mon,,https://lh3.googleusercontent.com/p/AF1QipNssK5TczY6F2g210-6Zs-cMCMl_uY9vOS1ByM=w426-h240-k-no,true,8 am–5 pm,Closed,Closed,8 am–5 pm,8 am–5 pm,8 am–5 pm,8 am–5 pm,"https://www.google.com/maps/search/garage+door+services+in+Savannah+Savannah+GA/@32.0808989,-81.091203,14z",2025-11-07T23:22:24.474Z,,
https://www.google.com/maps/place/Precision+Garage+Door+Service/data=!4m7!3m6!1s0x88fc71e84b8672e3:0xdd04f4ce02e1727c!8m2!3d32.2105192!4d-80.7013211!16s%2Fg%2F11g_zy02fd!19sChIJ43KGS-hx_IgRfHLhAs70BN0,Precision Garage Door Service,4.9,876,Garage door supplier,"10 Oak Park Dr Building B3, Hilton Head Island, SC 29926, United States","676X+6F Hilton Head Island, South Carolina, USA",https://precisiondoorservice.com/?utm_source=gmb&utm_medium=location_hiltonhead&utm_campaign=website,+1 843-868-6688,Open 24 hours,,https://lh3.googleusercontent.com/p/AF1QipMO1BgZu26TpZ2uD_iBMeeHYTTTL73I8d_7yVvZ=w426-h240-k-no,true,Open 24 hours,Open 24 hours,Open 24 hours,Open 24 hours,Open 24 hours,Open 24 hours,Open 24 hours,"https://www.google.com/maps/search/garage+door+services+in+Savannah+Savannah+GA/@32.0808989,-81.091203,14z",2025-11-07T23:22:29.445Z,,
https://www.google.com/maps/place/Southern+Dock+Products/data=!4m7!3m6!1s0x88fb9fe8972fffff:0xd120aa7246042e0e!8m2!3d32.1233571!4d-81.1751805!16s%2Fg%2F11fll680_n!19sChIJ__8vl-if-4gRDi4ERnKqINE,Southern Dock Products,,,Industrial equipment supplier,"5516 Export Blvd Suite D, Savannah, GA 31408, United States","4RFF+8W Savannah, Georgia, USA",https://www.southerndockproducts.com/,,Closed ⋅ Opens 8 am Mon,LGBTQ+ friendly,https://lh3.googleusercontent.com/p/AF1QipMVFA3Pxi7mCwIQgDm6sexIWGnc3rc5yD94yT8L=w426-h240-k-no,true,8 am–4 pm,Closed,Closed,8 am–4 pm,8 am–4 pm,8 am–4 pm,8 am–4 pm,"https://www.google.com/maps/search/garage+door+services+in+Savannah+Savannah+GA/@32.0808989,-81.091203,14z",2025-11-07T23:22:34.144Z,,
https://www.google.com/maps/place/Vinyl+Industries-Savannah+LLC/data=!4m7!3m6!1s0x88fb760319f4125b:0x7210104748bdb6aa!8m2!3d32.0372547!4d-81.0660136!16s%2Fg%2F1tgnsj1k!19sChIJWxL0GQN2-4gRqra9SEcQEHI,Vinyl Industries-Savannah LLC,3.3,73,Contractor,"3005 Skidaway Rd, Savannah, GA 31404, United States","2WPM+WH Savannah, Georgia, USA",https://www.vinylindustries.net/,+1 912-354-2223,Closed ⋅ Opens 8 am Mon,,https://lh3.googleusercontent.com/p/AF1QipN1OkoqxOVEwztYFOsqBZZ5bCHXcigvuSd_NIPb=w408-h279-k-no,true,8 am–6 pm,Closed,Closed,8 am–6 pm,8 am–6 pm,8 am–6 pm,8 am–6 pm,"https://www.google.com/maps/search/garage+door+services+in+Savannah+Savannah+GA/@32.0808989,-81.091203,14z",2025-11-07T23:22:39.198Z,,
https://www.google.com/maps/place/Form+Construction+Services/data=!4m7!3m6!1s0x88fb9e2205c093bb:0x5ee388f536d0def!8m2!3d32.0436026!4d-81.0824188!16s%2Fg%2F11clghscjd!19sChIJu5PABSKe-4gR7w1tU4847gU,Form Construction Services,4.9,76,Masonry contractor,"1311 Washington Ave, Savannah, GA 31404, United States","2WV9+C2 Savannah, Georgia, USA",https://www.formconstructionservices.com/,+1 912-704-8330,Closed ⋅ Opens 8 am Sat,,https://lh3.googleusercontent.com/p/AF1QipM3IqFpqvNULgyqfiDxqUhLHDw8gUQ6cLj1Jlyo=w408-h544-k-no,true,8 am–5 pm,8 am–5 pm,Closed,8 am–5 pm,8 am–5 pm,8 am–5 pm,8 am–5 pm,"https://www.google.com/maps/search/garage+door+services+in+Savannah+Savannah+GA/@32.0808989,-81.091203,14z",2025-11-07T23:22:44.233Z,,
https://www.google.com/maps/place/Elite+Overhead+Garage+Doors/data=!4m7!3m6!1s0x88fb8edf9da4c25f:0x808d314966fcd618!8m2!3d32.374506!4d-80.7934905!16s%2Fg%2F11cjk6j0jm!19sChIJX8Kknd-O-4gRGNb8ZkkxjYA,Elite Overhead Garage Doors,4.7,147,Garage door supplier,,,https://eliteoverheadgarage.com/,+1 843-415-8383,Open 24 hours,,https://lh3.googleusercontent.com/gps-cs-s/AG0ilSyMImHy9QS833T1SwVdz_e5mknx2g5XP4OFc9DDo2YSpB8IckwmID7F7gU25brNS6tPtWUpQ4MXH82D7Bsfqc8U1Fs5wxYdEDQxmtZzuGniNfkzkaxiBwwYELUIK8PZDH7305wx=w426-h240-k-no,true,Open 24 hours,Open 24 hours,Open 24 hours,Open 24 hours,Open 24 hours,Open 24 hours,Open 24 hours,"https://www.google.com/maps/search/garage+door+services+in+Savannah+Savannah+GA/@32.0808989,-81.091203,14z",2025-11-07T23:22:48.988Z,,
https://www.google.com/maps/place/Sam+The+Concrete+Man+Savannah/data=!4m7!3m6!1s0x88fb9f7e46644db1:0xec3deb2e84fa9bb4!8m2!3d32.2314375!4d-81.2103362!16s%2Fg%2F11rbysc_tk!19sChIJsU1kRn6f-4gRtJv6hC7rPew,Sam The Concrete Man Savannah,4.9,67,Concrete contractor,,,https://savannah.samtheconcreteman.com/?utm_source=Google&utm_medium=Listings&utm_campaign=GBP,+1 912-452-9300,Closes soon ⋅ 7 pm ⋅ Opens 8 am Mon,,https://lh3.googleusercontent.com/p/AF1QipPuK-mLJ8WYVwBuRRQa6gAEbMAxUWUy_pyyqk6y=w425-h240-k-no,true,8 am–7 pm,Closed,Closed,8 am–7 pm,8 am–7 pm,8 am–7 pm,8 am–7 pm,"https://www.google.com/maps/search/garage+door+services+in+Savannah+Savannah+GA/@32.0808989,-81.091203,14z",2025-11-07T23:22:54.135Z,,
https://www.google.com/maps/place/Window+World+of+Savannah/data=!4m7!3m6!1s0x88fb761ee4882b17:0x1cecb7eed9dcb3ef!8m2!3d32.1055685!4d-81.2227233!16s%2Fg%2F1tznn653!19sChIJFyuI5B52-4gR77Pc2e637Bw,Window World of Savannah,4.8,442,Window installation service,"66 Columbia Dr, Pooler, GA 31322, United States","4Q4G+6W Pooler, Georgia, USA",https://www.windowworldsavannah.com/,+1 912-205-6528,Closed ⋅ Opens 7:30 am Mon,,https://lh3.googleusercontent.com/p/AF1QipOuxYuxcqJv3ZKKxDWyxChGL159q7affK88Q2Jk=w426-h240-k-no,true,7:30 am–4 pm,Closed,Closed,7:30 am–4 pm,7:30 am–4 pm,7:30 am–4 pm,7:30 am–4 pm,"https://www.google.com/maps/search/garage+door+services+in+Savannah+Savannah+GA/@32.0808989,-81.091203,14z",2025-11-07T23:22:59.135Z,,
https://www.google.com/maps/place/Coastal+Empire+Garage+Doors/data=!4m7!3m6!1s0x88fb9d158602742d:0x388a774bf6aeef9!8m2!3d29.589781!4d-80.923334!16s%2Fg%2F11n8tzmblw!19sChIJLXQChhWd-4gR-e5qv3SniAM,Coastal Empire Garage Doors,,,Garage door supplier,,,,+1 912-674-9454,Closed ⋅ Opens 9 am Sat,Identifies as women-owned,https://lh3.googleusercontent.com/p/AF1QipP0F8f3xJX6-E6U6Ux2Duv1RO0QUPQyz7x8VSi2=w420-h240-k-no,true,9 am–6 pm,9 am–1 pm,Closed,9 am–6 pm,9 am–6 pm,9 am–6 pm,9 am–6 pm,"https://www.google.com/maps/search/garage+door+services+in+Savannah+Savannah+GA/@32.0808989,-81.091203,14z",2025-11-07T23:23:03.929Z,,
https://www.google.com/maps/place/Elite+Overhead+Garage+Doors/data=!4m7!3m6!1s0x88fc79378e783b0f:0x435ebe7f3c64a94e!8m2!3d32.1556012!4d-80.7613459!16s%2Fg%2F11rb4bhltf!19sChIJDzt4jjd5_IgRTqlkPH--XkM,Elite Overhead Garage Doors,4.9,175,Garage door supplier,"2 Corpus Christi Pl #200, Hilton Head Island, SC 29928, United States","564Q+6F Hilton Head Island, South Carolina, USA",https://elitegaragedoorshiltonhead.com/?utm_campaign=google&utm_medium=local&utm_source=google_business_profile,+1 843-415-8383,Open 24 hours,LGBTQ+ friendly,https://lh3.googleusercontent.com/p/AF1QipNd0VtbsX90U5FqBEEZwhLUPL-eV36C_3pybmVz=w408-h255-k-no,true,Open 24 hours,Open 24 hours,Open 24 hours,Open 24 hours,Open 24 hours,Open 24 hours,Open 24 hours,"https://www.google.com/maps/search/garage+door+services+in+Savannah+Savannah+GA/@32.0808989,-81.091203,14z",2025-11-07T23:23:09.046Z,,
"https://www.google.com/maps/place/Coastal+Contractors+%26+Installers,+LLC/data=!4m7!3m6!1s0x88fb9fd0786ffff9:0x508fbd79e6826fd2!8m2!3d32.0269927!4d-81.0938755!16s%2Fg%2F11h6cs7lk8!19sChIJ-f9veNCf-4gR0m-C5nm9j1A","Coastal Contractors & Installers, LLC",4.7,46,Contractor,"5507 Waters Ave, Savannah, GA 31404, United States","2WG4+QC Savannah, Georgia, USA",http://coastalcontractors.org/?utm_source=gmb&utm_medium=referral,+1 912-335-1049,Open 24 hours,Identifies as veteran-owned,https://lh3.googleusercontent.com/p/AF1QipPwLyU5pyLJncWCYyWucpOTz53IdzDM-TRxAEWK=w426-h240-k-no,true,Open 24 hours,Open 24 hours,Open 24 hours,Open 24 hours,Open 24 hours,Open 24 hours,Open 24 hours,"https://www.google.com/maps/search/garage+door+services+in+Savannah+Savannah+GA/@32.0808989,-81.091203,14z",2025-11-07T23:23:14.071Z,,
"https://www.google.com/maps/place/1st+Track+Garage+Doors,+LLC/data=!4m7!3m6!1s0x88fba50cd0068451:0xd87e359c87ada6a1!8m2!3d32.186748!4d-81.3843355!16s%2Fg%2F11r9w7gyvm!19sChIJUYQG0Ayl-4gRoaath5w1ftg","1st Track Garage Doors, LLC",5.0,6,Garage door supplier,,,,+1 912-737-2964,Closed ⋅ Opens 8 am Sat,Identifies as women-owned,https://lh3.googleusercontent.com/p/AF1QipMX2u4APqATsfSBvMYyhgFsqnAT-4iswhdIecas=w408-h306-k-no,true,7 am–5 pm,8 am–5 pm,Closed,7 am–5 pm,7 am–5 pm,7 am–5 pm,7 am–5 pm,"https://www.google.com/maps/search/garage+door+services+in+Savannah+Savannah+GA/@32.0808989,-81.091203,14z",2025-11-07T23:23:19.004Z,,
https://www.google.com/maps/place/SRI+Coastal/data=!4m7!3m6!1s0x88fba7d19163f92d:0xd33dc6ead7185ab6!8m2!3d32.1432034!4d-81.3336828!16s%2Fg%2F11htpzjvz2!19sChIJLfljkdGn-4gRtloY1-rGPdM,SRI Coastal,3.7,10,Insulation contractor,"3190 US-80, Bloomingdale, GA 31302, United States","4MV8+7G Bloomingdale, Georgia, USA",https://www.sricoastal.com/,+1 912-999-4351,Closed ⋅ Opens 8 am Mon,,https://lh3.googleusercontent.com/p/AF1QipMnrMDWwcLr6pOz0XhLjYWzSc2x6AjNujojShOR=w408-h544-k-no,true,8 am–4 pm,Closed,Closed,8 am–4 pm,8 am–4 pm,8 am–4 pm,8 am–4 pm,"https://www.google.com/maps/search/garage+door+services+in+Pooler+Savannah+GA/@32.115481,-81.2470574,14z",2025-11-07T23:23:33.889Z,,
https://www.google.com/maps/place/Mr.+Handyman+of+Greater+Savannah+and+Hilton+Head/data=!4m7!3m6!1s0x88fba1a5a6da14cd:0xf6d2b9d52444b4fe!8m2!3d32.1115238!4d-81.2395974!16s%2Fg%2F11g0m6nm9n!19sChIJzRTapqWh-4gR_rREJNW50vY,Mr. Handyman of Greater Savannah and Hilton Head,4.4,315,Handyman/Handywoman/Handyperson,"200 Governor Treutlen Rd Suite 19, Pooler, GA 31322, United States","4Q66+J5 Pooler, Georgia, USA",https://www.mrhandyman.com/greater-savannah-and-hilton-head/?cid=LSTL_MHM000197&utm_source=gmb&utm_campaign=local&utm_medium=organic,+1 912-244-7911,Closed ⋅ Opens 8 am Mon,Identifies as veteran-owned,https://lh3.googleusercontent.com/p/AF1QipNKgpzqAlW19t00WNabrr0jfF89XwPit0ymgC0E=w409-h240-k-no,true,8 am–5 pm,Closed,Closed,8 am–5 pm,8 am–5 pm,8 am–5 pm,8 am–5 pm,"https://www.google.com/maps/search/garage+door+services+in+Pooler+Savannah+GA/@32.115481,-81.2470574,14z",2025-11-07T23:23:38.987Z,,
https://www.google.com/maps/place/Premier+OHD/data=!4m7!3m6!1s0x88fb0f148b255555:0xaf5ed30cf5967230!8m2!3d31.9410256!4d-81.3154002!16s%2Fg%2F11vm7g9hjt!19sChIJVVUlixQP-4gRMHKW9QzTXq8,Premier OHD,,,Door supplier,"518 Edsel Dr, Richmond Hill, GA 31324, United States","WMRM+CR Richmond Hill, Georgia, USA",https://premier-ohd.com/about-us/,+1 912-244-6400,,,https://streetviewpixels-pa.googleapis.com/v1/thumbnail?panoid=se1Y2sy47vS20pHp70ABMA&cb_client=search.gws-prod.gps&w=408&h=240&yaw=298.32983&pitch=0&thumbfov=100,false,,,,,,,,"https://www.google.com/maps/search/garage+door+services+in+Richmond+Hill+Savannah+GA/@31.9382652,-81.3034433,14z",2025-11-07T23:23:50.864Z,,
https://www.google.com/maps/place/Richmond+Hill+Handyman/data=!4m7!3m6!1s0x25565b68afb8c133:0x3b19493c727b675b!8m2!3d31.9574535!4d-81.3209023!16s%2Fg%2F11sf057jmf!19sChIJM8G4r2hbViURW2d7cjxJGTs,Richmond Hill Handyman,5.0,41,Handyman/Handywoman/Handyperson,"60 Exchange St Ste C-3, Box 232, Richmond Hill, GA 31324, United States","XM4H+XJ Richmond Hill, Georgia, USA",https://www.richmondhillhandyman.com/,+1 912-910-2707,Closed ⋅ Opens 9 am Mon,LGBTQ+ friendly,https://lh3.googleusercontent.com/p/AF1QipMHbJy7v313Eo3gEIe7cn1Fygnly1vQPRlBCqDM=w408-h306-k-no,true,9 am–5 pm,Closed,Closed,9 am–5 pm,9 am–5 pm,9 am–5 pm,9 am–5 pm,"https://www.google.com/maps/search/garage+door+services+in+Richmond+Hill+Savannah+GA/@31.9382652,-81.3034433,14z",2025-11-07T23:23:56.261Z,,
"https://www.google.com/maps/place/Tybee+Handyman,+LLC/data=!4m7!3m6!1s0x88fb7f84efb233c9:0x464814717520bb0!8m2!3d32.015783!4d-80.846666!16s%2Fg%2F1vqthn1y!19sChIJyTOy74R_-4gRsAtSF0eBZAQ","Tybee Handyman, LLC",5.0,2,Handyman/Handywoman/Handyperson,"2 Gabby Ln, Tybee Island, GA 31328, United States","2583+88 Tybee Island, Georgia, USA",http://www.tybeehandyman.com/,+1 912-656-5444,,,https://streetviewpixels-pa.googleapis.com/v1/thumbnail?panoid=cBJ7cQUpniRy2J1zSOORYg&cb_client=search.gws-prod.gps&w=408&h=240&yaw=104.74116&pitch=0&thumbfov=100,true,,,,,,,,"https://www.google.com/maps/search/garage+door+services+in+Tybee+Island+Savannah+GA/@32.0002152,-80.845666,14z",2025-11-07T23:24:16.494Z,,
https://www.google.com/maps/place/AAA+Overhead+Door+Inc/data=!4m7!3m6!1s0x88fb8c42d42517bd:0x225b0f44ffc1a41d!8m2!3d32.2469816!4d-80.8372815!16s%2Fg%2F1yfdpdppc!19sChIJvRcl1EKM-4gRHaTB_0QPWyI,AAA Overhead Door Inc,4.5,95,Garage door supplier,"10 Coastal Dr, Bluffton, SC 29910, United States","65W7+Q3 Bluffton, South Carolina, USA",https://garagedoor.company/,+1 843-842-3667,Closed ⋅ Opens 9 am Sat,,https://lh3.googleusercontent.com/p/AF1QipNb4RLqfMthaZv3zQQWSWa6l5hrjjL4skmD43K9=w408-h306-k-no,true,8 am–6 pm,9 am–3 pm,Closed,8 am–6 pm,8 am–6 pm,8 am–6 pm,8 am–6 pm,"https://www.google.com/maps/search/garage+door+services+in+Tybee+Island+Savannah+GA/@32.0002152,-80.845666,14z",2025-11-07T23:24:28.114Z,,
https://www.google.com/maps/place/Hilton+Head+Garage+Doors/data=!4m7!3m6!1s0x88fb8d96391d72ef:0x71a3c2631e7431e!8m2!3d32.318021!4d-80.9384887!16s%2Fg%2F11fhvlnbky!19sChIJ73IdOZaN-4gRHkPnMSY8Ggc,Hilton Head Garage Doors,4.9,95,Garage door supplier,"516 Browns Cove Rd Suite K, Ridgeland, SC 29936, United States","8396+6J Ridgeland, South Carolina, USA",https://www.hiltonheadgaragedoors.com/,+1 843-645-0691,Closed ⋅ Opens 8 am Mon,,https://lh3.googleusercontent.com/p/AF1QipM6vOMRmi6lQrlXBkz05-9aiRpbvUuTI0CszYfh=w408-h306-k-no,true,8 am–4:30 pm,Closed,Closed,8 am–4:30 pm,8 am–4:30 pm,8 am–4:30 pm,8 am–4:30 pm,"https://www.google.com/maps/search/garage+door+services+in+Tybee+Island+Savannah+GA/@32.0002152,-80.845666,14z",2025-11-07T23:24:33.103Z,,
https://www.google.com/maps/place/Maddie%27s+Seaside+Cottage/data=!4m7!3m6!1s0x88fb7fa5f7f4415f:0x4d84dde89e9bb1!8m2!3d31.9913921!4d-80.8481312!16s%2Fg%2F11g8cyz_fm!19sChIJX0H096V_-4gRsZue6N2ETQA,Maddie's Seaside Cottage,3.4,10,Cottage rental,"7 Izlar Ave, Tybee Island, GA 31328, United States","X5R2+HP Tybee Island, Georgia, USA",,+1 912-398-7557,,,https://lh3.googleusercontent.com/gps-cs-s/AG0ilSyAG-tIL9abDCKRrfO79WMD5V_zQ1tQHIjYPVOMg_FZ5sAf3Qi_N35kZYdh3nBoGTdPx8bH73XjRI9IfpXh5IIbGOyxHvGKqXerzCug_bKEJWAu3tL-ukgXylMpTLY8owmCaSk=w426-h240-k-no,false,,,,,,,,"https://www.google.com/maps/search/garage+door+services+in+Tybee+Island+Savannah+GA/@32.0002152,-80.845666,14z",2025-11-07T23:24:35.964Z,,
https://www.google.com/maps/place/Coastline+Overhead+Door/data=!4m7!3m6!1s0x8c7b33e9d59e8183:0xee9eb8e2ca3470ae!8m2!3d32.296059!4d-80.8441375!16s%2Fg%2F11kj26bnl4!19sChIJg4Ge1ekze4wRrnA0yuK4nu4,Coastline Overhead Door,5.0,203,Garage door supplier,,,http://www.coastlineoverheaddoor.com/,+1 843-422-8584,,,https://lh3.googleusercontent.com/gps-cs-s/AG0ilSx4Gq2uecbEYntZJCrMS_CbBVeDxUZukI1TDg_z3FiaGYH0-g81s6AC7oTuXp2fI5mFXdUC90x7KPhEhgaGmhsNflfr4Fe5DsakiKIFuU8diOPa0McB0zFOOvZlTlJc8qPb3MvW=w408-h544-k-no,true,,,,,,,,"https://www.google.com/maps/search/garage+door+services+in+Tybee+Island+Savannah+GA/@32.0002152,-80.845666,14z",2025-11-07T23:24:38.910Z,,
https://www.google.com/maps/place/Southern+Belle+Tybee+Vacation+Rentals/data=!4m7!3m6!1s0x88fb7f9b6582f8e1:0x932c7a335ca45c59!8m2!3d32.019115!4d-80.853277!16s%2Fg%2F11bz0sqd98!19sChIJ4fiCZZt_-4gRWVykXDN6LJM,Southern Belle Tybee Vacation Rentals,4.8,371,Vacation home rental agency,"1006 US-80, Tybee Island, GA 31328, United States","249W+JM Tybee Island, Georgia, USA",https://www.southernbellevacationrentals.com/,+1 912-786-8155,,,https://lh3.googleusercontent.com/gps-cs-s/AG0ilSycohM1V5W4cgczp7F6nq9NFkitKtsAAbnpJLWN7HCaoR-WBHR9wrcswidq73X4jrfRnG63ixC3RtVOVUfuE5oyW-JZZdEiudlA2XK3ED19AGPV-Z16k284J5oCUUbpSJb_hhzZ=w426-h240-k-no,true,,,,,,,,"https://www.google.com/maps/search/garage+door+services+in+Tybee+Island+Savannah+GA/@32.0002152,-80.845666,14z",2025-11-07T23:24:41.897Z,,
https://www.google.com/maps/place/Oceanfront+Cottage+Rentals/data=!4m7!3m6!1s0x88fb7f839a1b1011:0x9f7bc749b5c7894f!8m2!3d32.0153739!4d-80.8477039!16s%2Fg%2F1tw_p320!19sChIJERAbmoN_-4gRT4nHtUnHe58,Oceanfront Cottage Rentals,4.6,162,Vacation home rental agency,"717 1st St, Tybee Island, GA 31328, United States","2582+4W Tybee Island, Georgia, USA",https://www.oceanfrontcottage.com/?utm_source=google&utm_medium=organic&utm_campaign=gmb_website,+1 912-786-0054,Closed ⋅ Opens 9 am Sat,,https://lh3.googleusercontent.com/p/AF1QipN4tWekjolEfQCUkJLQHVqvjTgjANUiPceedjGI=w426-h240-k-no,true,9 am–5 pm,9 am–3 pm,9 am–3 pm,9 am–5 pm,9 am–5 pm,9 am–5 pm,9 am–5 pm,"https://www.google.com/maps/search/garage+door+services+in+Tybee+Island+Savannah+GA/@32.0002152,-80.845666,14z",2025-11-07T23:24:47.846Z,,
https://www.google.com/maps/place/The+Deck+Beach+Bar+and+Kitchen/data=!4m7!3m6!1s0x88fb7f90b6404b3f:0x7eba4230414f5ab8!8m2!3d32.0085468!4d-80.8415031!16s%2Fg%2F11dfj50_n8!19sChIJP0tAtpB_-4gRuFpPQTBCun4,The Deck Beach Bar and Kitchen,4.6,3133,Bar & grill,"404 Butler Ave, Tybee Island, GA 31328, United States","2555+C9 Tybee Island, Georgia, USA",https://www.thedecktybee.com/,+1 912-328-5397,Open ⋅ Closes 8 pm,,https://lh3.googleusercontent.com/p/AF1QipOEmft1UZhR5DSCKtn8tRZLqIpujbYjfdsO251e=w408-h408-k-no,true,11 am–8 pm,11 am–8 pm,11 am–8 pm,11 am–8 pm,11 am–8 pm,11 am–8 pm,11 am–8 pm,"https://www.google.com/maps/search/garage+door+services+in+Tybee+Island+Savannah+GA/@32.0002152,-80.845666,14z",2025-11-07T23:24:53.866Z,"Casual bites in a laid-back environment with an outdoor bar, waterfront views & live music. · Dine-in · Takeaway · Delivery",
https://www.google.com/maps/place/OCS+Garage+Doors+%26+Hurricane+Protection/data=!4m7!3m6!1s0x88fc0d0c8cecbd3b:0xc0d09645fd42fa18!8m2!3d32.4742305!4d-80.8687178!16s%2Fg%2F11fjz90_v7!19sChIJO73sjAwN_IgRGPpC_UWW0MA,OCS Garage Doors & Hurricane Protection,4.8,31,Garage door supplier,,,http://ocsontheweb.com/,+1 843-521-0102,Closed ⋅ Opens 8 am Mon,,https://lh3.googleusercontent.com/p/AF1QipO8DYW-VWmIKzDEfUA8c2nKWlD0zbdWD2Bi2VsU=w426-h240-k-no,true,8 am–12 pm,Closed,Closed,8 am–4:30 pm,8 am–4:30 pm,8 am–4:30 pm,8 am–4:30 pm,"https://www.google.com/maps/search/garage+door+services+in+Tybee+Island+Savannah+GA/@32.0002152,-80.845666,14z",2025-11-07T23:25:00.159Z,,
https://www.google.com/maps/place/Precision+Garage+Door+Service/data=!4m7!3m6!1s0x88e5293bde7cba85:0x5850a7624c2ba563!8m2!3d31.222295!4d-81.5183143!16s%2Fg%2F11lkx5371h!19sChIJhbp83jsp5YgRY6UrTGKnUFg,Precision Garage Door Service,4.9,453,Garage door supplier,"2929 Scarlett St, Brunswick, GA 31520, United States","6FCJ+WM Brunswick, Georgia, USA",https://precisiondoorservice.com/?utm_source=gmb&utm_medium=location_brunswick&utm_campaign=website,+1 912-324-7474,Open 24 hours,,https://lh3.googleusercontent.com/p/AF1QipNbRAJDDZw98gerxuzc5WRku5INfGNOgvdoxxoG=w426-h240-k-no,true,Open 24 hours,Open 24 hours,Open 24 hours,Open 24 hours,Open 24 hours,Open 24 hours,Open 24 hours,"https://www.google.com/maps/search/garage+door+services+in+Tybee+Island+Savannah+GA/@32.0002152,-80.845666,14z",2025-11-07T23:25:06.228Z,,
https://www.google.com/maps/place/Call+Chris/data=!4m7!3m6!1s0x4285321bb131967:0xc10d2410a12f9ff4!8m2!3d32.0215202!4d-80.9639113!16s%2Fg%2F11n_z52f39!19sChIJZxkTuyFTKAQR9J8voRAkDcE,Call Chris,5.0,16,Handyman/Handywoman/Handyperson,"3 Castaway Pl, Savannah, GA 31410, United States","22CP+JC Savannah, Georgia, USA",https://www.callchrisllc.com/,+1 912-662-5113,Closed ⋅ Opens 8 am Mon,,https://streetviewpixels-pa.googleapis.com/v1/thumbnail?panoid=3lwd_gKto2w80JKYFkXgoQ&cb_client=search.gws-prod.gps&w=408&h=240&yaw=298.61636&pitch=0&thumbfov=100,true,8 am–6 pm,Closed,Closed,8 am–6 pm,8 am–6 pm,8 am–6 pm,8 am–6 pm,"https://www.google.com/maps/search/garage+door+services+in+Tybee+Island+Savannah+GA/@32.0002152,-80.845666,14z",2025-11-07T23:25:11.259Z,,
https://www.google.com/maps/place/Golden+Isles+Garage+Doors/data=!4m7!3m6!1s0x88e4d79ac34b0e9f:0x8252ef3c79c78c99!8m2!3d31.2241741!4d-81.5006603!16s%2Fg%2F11fn005wpk!19sChIJnw5Lw5rX5IgRmYzHeTzvUoI,Golden Isles Garage Doors,4.9,129,Garage door supplier,"103 Landing Rd, Brunswick, GA 31520, United States","6FFX+MP Brunswick, Georgia, USA",https://gigaragedoors.com/,+1 912-230-2817,Closes soon ⋅ 7 pm ⋅ Opens 7 am Sat,,https://lh3.googleusercontent.com/p/AF1QipPX9NJYiUhnWGD3GBIFYgSsKtT8oQQO1bkL7ko=w426-h240-k-no,true,7 am–7 pm,7 am–7 pm,Closed,7 am–7 pm,7 am–7 pm,7 am–7 pm,7 am–7 pm,"https://www.google.com/maps/search/garage+door+services+in+Tybee+Island+Savannah+GA/@32.0002152,-80.845666,14z",2025-11-07T23:25:16.364Z,,
https://www.google.com/maps/place/Tybee+Cottages/data=!4m7!3m6!1s0x88fb7fa6b74e88a9:0xfb5f0dc8085b534a!8m2!3d32.0017746!4d-80.8459621!16s%2Fg%2F1tctydnp!19sChIJqYhOt6Z_-4gRSlNbCMgNX_s,Tybee Cottages,4.8,48,Vacation home rental agency,"909 Butler Ave, Tybee Island, GA 31328, United States","2523+PJ Tybee Island, Georgia, USA",https://www.tybeecottages.com/,+1 912-786-6746,Closed ⋅ Opens 9 am Sat,Identifies as veteran-owned,https://lh3.googleusercontent.com/p/AF1QipPLpFwKUJtxCHh6Jf5p4FVLyiGvAYG9zwH_jrhh=w524-h240-k-no,true,9 am–5 pm,9 am–5 pm,9 am–5 pm,9 am–5 pm,9 am–5 pm,9 am–5 pm,9 am–5 pm,"https://www.google.com/maps/search/garage+door+services+in+Tybee+Island+Savannah+GA/@32.0002152,-80.845666,14z",2025-11-07T23:25:21.621Z,,
https://www.google.com/maps/place/Action+Services+LLC/data=!4m7!3m6!1s0x88fc0d734b4d6343:0xea9fe7825b091653!8m2!3d32.414222!4d-80.638201!16s%2Fg%2F11hdz0647l!19sChIJQ2NNS3MN_IgRUxYJW4Lnn-o,Action Services LLC,5.0,13,Garage door supplier,,,,+1 803-605-2876,Closed ⋅ Opens 8 am Mon,,https://lh3.googleusercontent.com/p/AF1QipN-dCtrkkHt2sV8kxxrmU4q0laprqH1M1uwYgb3=w726-h240-k-no,true,8 am–6 pm,Closed,Closed,8 am–6 pm,8 am–6 pm,8 am–6 pm,8 am–6 pm,"https://www.google.com/maps/search/garage+door+services+in+Tybee+Island+Savannah+GA/@32.0002152,-80.845666,14z",2025-11-07T23:25:26.626Z,,
https://www.google.com/maps/place/Performance+Energy+LLC/data=!4m7!3m6!1s0x4502d23b3c6a84b7:0xd07b79c65e736d49!8m2!3d32.0882318!4d-81.115599!16s%2Fg%2F11rdkt2t8k!19sChIJt4RqPDvSAkURSW1zXsZ5e9A,Performance Energy LLC,5.0,79,Insulation contractor,"5 Carolan St, Savannah, GA 31415, United States","3VQM+7Q Savannah, Georgia, USA",https://performanceenergy.com/,+1 912-208-3000,Open ⋅ Closes 8 pm,,https://lh3.googleusercontent.com/p/AF1QipMM8tfnGzkTDGYnP1nX2jKuH9cAJaOFAAk8-8rr=w408-h306-k-no,true,8 am–8 pm,8 am–8 pm,Closed,8 am–8 pm,8 am–8 pm,8 am–8 pm,8 am–8 pm,"https://www.google.com/maps/search/garage+door+services+in+Garden+City+Savannah+GA/@32.1143715,-81.1540013,14z",2025-11-07T23:25:51.135Z,,
https://www.google.com/maps/place/Grainger+Industrial+Supply/data=!4m7!3m6!1s0x88fba029e0ee644b:0xf60eea0dde0b8aa!8m2!3d32.0866336!4d-81.1667477!16s%2Fg%2F1x5fc6kd!19sChIJS2Tu4Cmg-4gRqrjg3aDuYA8,Grainger Industrial Supply,4.6,19,Tool store,"1324 US-80 W W, Garden City, GA 31408, United States","3RPM+M8 Garden City, Georgia, USA",https://www.grainger.com/branch/Garden-City-Branch-745,+1 800-472-4643,Closed ⋅ Opens 8 am Mon,,https://lh3.googleusercontent.com/gps-cs-s/AG0ilSyICyCcdCAiaBcBWWk3tJssnPlR4ISvM2gEX2psVwR-j5GRLDcM6iCOYZAOcbZ9c4j7y7vrEATqYFNJWL91you-cvLGtqGL34D8YkGmq2DjwwhvYZXAX1YNg1lk4Zdv_yGKieWl=w408-h544-k-no,true,8 am–4:30 pm,Closed,Closed,8 am–4:30 pm,8 am–4:30 pm,8 am–4:30 pm,8 am–4:30 pm,"https://www.google.com/maps/search/garage+door+services+in+Garden+City+Savannah+GA/@32.1143715,-81.1540013,14z",2025-11-07T23:25:56.046Z,"Chain offering a broad range of industrial equipment, maintenance supplies, tools & parts. · In-store shopping · Kerbside pickup · Delivery",
https://www.google.com/maps/place/M+%26+A+Ramos+services+LLC/data=!4m7!3m6!1s0x88fba1c4ecb98ff7:0x35a165a2910a0fca!8m2!3d32.080026!4d-81.1888737!16s%2Fg%2F11h6r62t9d!19sChIJ94-57MSh-4gRyg8KkaJloTU,M & A Ramos services LLC,4.9,22,Painting,"1602 Dean Forest Rd Lot A2, Garden City, GA 31408, United States","3RJ6+2F Garden City, Georgia, USA",http://www.ramospainting.com/,+1 912-980-6010,Closed ⋅ Opens 8 am Sat,Identifies as veteran-owned,https://lh3.googleusercontent.com/gps-cs-s/AG0ilSxnLArXw2H8W6Sg_-Dyv6xhEHqJyw69IVZXNhTTCjU8llpQX2LL6pViXzHTlHuOtmKT3fiyD18JFTSvZxraK3EFwURJ3gJ7ioZcChg3Y7ic5aw8Ru7reemdGhUglQLc5ehdtD_E=w408-h544-k-no,true,8 am–6 pm,8 am–4:30 pm,Open 24 hours,Open 24 hours,8 am–5:30 pm,8 am–5:30 pm,8 am–6 pm,"https://www.google.com/maps/search/garage+door+services+in+Garden+City+Savannah+GA/@32.1143715,-81.1540013,14z",2025-11-07T23:26:01.206Z,,
https://www.google.com/maps/place/Ace+Handyman+Services+Savannah/data=!4m7!3m6!1s0x88fb0b02447fd16d:0xfe7c73cd31c0f7ad!8m2!3d32.028444!4d-81.2245226!16s%2Fg%2F11rq9q4y1j!19sChIJbdF_RAIL-4gRrffAMc1zfP4,Ace Handyman Services Savannah,4.8,322,Handyman/Handywoman/Handyperson,"5698 Ogeechee Rd Suite B, Savannah, GA 31405, United States","2QHG+95 Savannah, Georgia, USA",https://www.acehandymanservices.com/offices/savannah/,+1 912-226-5671,Closed ⋅ Opens 8 am Mon,,https://lh3.googleusercontent.com/gps-cs-s/AG0ilSzgibLtPJjgOvS5M8Kua92BahldkSUMKohRxRTnO_jaAROl7M1U18yvr11WLk6vlb2_AG7yg_BFMu2k2PoHuuyxkuBRnwSX-KKo9F70mPvysnLPuwxDtpwqzVHmuuhLT0LaHkFwyftpaRra=w408-h544-k-no,true,8 am–5 pm,Closed,Closed,8 am–5 pm,8 am–5 pm,8 am–5 pm,8 am–5 pm,"https://www.google.com/maps/search/garage+door+services+in+Garden+City+Savannah+GA/@32.1143715,-81.1540013,14z",2025-11-07T23:26:06.365Z,,
https://www.google.com/maps/place/G+B+D+Garage+Door+Repair+%26+Sales/data=!4m7!3m6!1s0x88fae58a489fb7fd:0x4ccc404668a4129c!8m2!3d31.8387343!4d-81.6890902!16s%2Fg%2F11b6sv3zqh!19sChIJ_befSIrl-ogRnBKkaEZAzEw,G B D Garage Door Repair & Sales,3.0,2,Garage door supplier,"470 Wells Cemetery Rd, Hinesville, GA 31313, United States","R8Q6+F9 Hinesville, Georgia, USA",,+1 912-368-2228,Open 24 hours,,https://streetviewpixels-pa.googleapis.com/v1/thumbnail?panoid=Swru5VWJ3jKReYtj5-5eJg&cb_client=search.gws-prod.gps&w=408&h=240&yaw=129.04886&pitch=0&thumbfov=100,false,Open 24 hours,Open 24 hours,Open 24 hours,Open 24 hours,Open 24 hours,Open 24 hours,Open 24 hours,"https://www.google.com/maps/search/garage+door+services+in+Garden+City+Savannah+GA/@32.1143715,-81.1540013,14z",2025-11-07T23:26:11.642Z,,
https://www.google.com/maps/place/Precision+Garage+Door+Service/data=!4m7!3m6!1s0x88f9d36e156a3611:0x6abad7cdbed57e82!8m2!3d33.457237!4d-82.0717924!16s%2Fg%2F11fnrvv8cq!19sChIJETZqFW7T-YgRgn7Vvs3Xumo,Precision Garage Door Service,4.9,954,Garage door supplier,"1810 Wylds Rd C, Augusta, GA 30909, United States","FW4H+V7 Augusta, Georgia, USA",https://precisiongaragedooraugusta.com/?utm_source=google&utm_medium=organic&utm_campaign=gbp&utm_content=augusta,+1 706-703-4344,Open 24 hours,,https://lh3.googleusercontent.com/gps-cs-s/AG0ilSyuTjcqPbL3swQtQwtkK8jD1xPjxKhApu9UqSzbINzhqeEvMI3MNCyJFkQ11_4er1uNM57XZye_NAghJGR9NvJoToVTwFIrBatT0_kRbm9GO38lZEc7_C2yD446e9DyAL5-rng_=w408-h544-k-no,true,Open 24 hours,Open 24 hours,Open 24 hours,Open 24 hours,Open 24 hours,Open 24 hours,Open 24 hours,"https://www.google.com/maps/search/garage+door+services+in+Garden+City+Savannah+GA/@32.1143715,-81.1540013,14z",2025-11-07T23:26:16.792Z,,
https://www.google.com/maps/place/Pick+Your+Part+-+Savannah/data=!4m7!3m6!1s0x88fb9f88b15aaaa1:0x58472c30d3ecb1c0!8m2!3d32.0852872!4d-81.1631714!16s%2Fg%2F1tdmfr7y!19sChIJoapasYif-4gRwLHs0zAsR1g,Pick Your Part - Savannah,4.1,466,Salvage yard,"1321 US-80, Savannah, GA 31408, United States","3RPP+4P Savannah, Georgia, USA",https://locations.lkqpickyourpart.com/en-us/ga/savannah/1321-us-hwy-80-west/,+1 800-962-2277,Closed ⋅ Opens 9 am Sat,,https://lh3.googleusercontent.com/p/AF1QipO07p-1nEGoWDYarcGQB_vx5QrxTOeYZvU7h2bn=w426-h240-k-no,true,9 am–4:30 pm,9 am–3:30 pm,9 am–3:30 pm,9 am–4:30 pm,9 am–4:30 pm,9 am–4:30 pm,9 am–4:30 pm,"https://www.google.com/maps/search/garage+door+services+in+Garden+City+Savannah+GA/@32.1143715,-81.1540013,14z",2025-11-07T23:26:21.911Z,· In-store shopping,
https://www.google.com/maps/place/FleetPride/data=!4m7!3m6!1s0x88fba25e5754726d:0x2503956639826664!8m2!3d32.1284291!4d-81.169668!16s%2Fg%2F11bxf4l2cw!19sChIJbXJUV16i-4gRZGaCOWaVAyU,FleetPride,4.4,172,Truck parts supplier,"5522 GA-21, Savannah, GA 31407, United States","4RHJ+94 Savannah, Georgia, USA",https://branches.fleetpride.com/ga/savannah/truckparts-poo.html,+1 912-965-9888,Closed ⋅ Opens 8 am Sat,,https://lh3.googleusercontent.com/gps-cs-s/AG0ilSyVKXeF67Bj1Ikq4GMKrVbgl7hizKCgV7UMC_F3qypQpHvY3qPOHTZzZ3Fko9Xqnka-T6-uwCuTmwQOiSEwZ7mBuw73AAL98-5kYp4UtGgZmkRKlL78I5NnwknFk8fhZGvnQyUv=w408-h306-k-no,true,7:30 am–5 pm,8 am–12 pm,Closed,7:30 am–5 pm,7:30 am–5 pm,7:30 am–5 pm,7:30 am–5 pm,"https://www.google.com/maps/search/garage+door+services+in+Garden+City+Savannah+GA/@32.1143715,-81.1540013,14z",2025-11-07T23:26:26.926Z,Chain for a wide range of heavy-duty truck & trailer parts (some also offer repairs & maintenance). · In-store pick-up · Delivery,
https://www.google.com/maps/place/Coastal+Garage+Doors/data=!4m7!3m6!1s0x88faeefddbfba9d5:0xaaa4e8ee5f851829!8m2!3d31.828163!4d-81.6136425!16s%2Fg%2F11bwh5gcds!19sChIJ1an72_3u-ogRKRiFX-7opKo,Coastal Garage Doors,4.6,27,Garage door supplier,,,http://coastalgaragedoors.net/,+1 912-271-0260,Closed ⋅ Opens 9 am Mon,,https://lh3.googleusercontent.com/gps-cs-s/AG0ilSzye5QlKqe9AhzZ7htbEyZ-RBx72hu_PEG3tTldiS7CLD-Sa9BUZnwIfOCEhQR2Es5VoT5dwmskDmMNnGHwwsU5W9Zo2x2sNZm0qPAR4PUMKUNYifP2uu8JsAX7YY-QdIHsofoGVQ=w426-h240-k-no,true,9 am–5 pm,Closed,Closed,9 am–5 pm,9 am–5 pm,9 am–5 pm,9 am–5 pm,"https://www.google.com/maps/search/garage+door+services+in+Garden+City+Savannah+GA/@32.1143715,-81.1540013,14z",2025-11-07T23:26:31.986Z,,
https://www.google.com/maps/place/Garage+Door+of+Brunswick/data=!4m7!3m6!1s0x88eff8e6712772db:0x6046e14fa4cbd3d0!8m2!3d31.1955083!4d-81.4901539!16s%2Fg%2F1hc1dnc4d!19sChIJ23Inceb474gR0NPLpE_hRmA,Garage Door of Brunswick,4.9,475,Garage door supplier,"214 Rose Dr, Brunswick, GA 31520, United States","5GW5+6W Brunswick, Georgia, USA",https://mobettergarage.com/locations/georgia/brunswick/,+1 912-207-9255,Open 24 hours,,https://lh3.googleusercontent.com/p/AF1QipOP76aleP18PD3fOFvfrhPDG3PgUeWi6VAe5UBH=w408-h272-k-no,true,Open 24 hours,Open 24 hours,Open 24 hours,Open 24 hours,Open 24 hours,Open 24 hours,Open 24 hours,"https://www.google.com/maps/search/garage+door+services+in+Garden+City+Savannah+GA/@32.1143715,-81.1540013,14z",2025-11-07T23:26:41.718Z,,
https://www.google.com/maps/place/Koala+Insulation+of+Savannah/data=!4m7!3m6!1s0x88fba17cd055f2e1:0xeefd7e7e70d2c1da!8m2!3d32.0083935!4d-81.1112005!16s%2Fg%2F11qmn3vzwy!19sChIJ4fJV0Hyh-4gR2sHScH5-_e4,Koala Insulation of Savannah,4.9,71,Insulation contractor,,,http://www.koalainsulation.com/savannah?utm_campaign=gmb&utm_medium=yext&utm_source=extnet,+1 912-331-4510,,Identifies as women-owned,https://lh3.googleusercontent.com/p/AF1QipNrTrSZV3MpOlUFvZH9nWi8SqZcSOG52E0sxXU=w426-h240-k-no,true,,,,,,,,"https://www.google.com/maps/search/garage+door+services+in+Garden+City+Savannah+GA/@32.1143715,-81.1540013,14z",2025-11-07T23:26:47.155Z,,
https://www.google.com/maps/place/Window+Genie+of+Savannah/data=!4m7!3m6!1s0x88fb9bfc2f9de065:0xaad6ec6fe51b4e42!8m2!3d32.0093715!4d-80.9956945!16s%2Fg%2F1tq8kdgv!19sChIJZeCdL_yb-4gRQk4b5W_s1qo,Window Genie of Savannah,4.9,237,Window cleaning service,,,https://windowgenie.com/savannah/?cid=LSTL_WDG000206&utm_source=gmb&utm_campaign=local&utm_medium=organic,+1 912-446-4588,Closed ⋅ Opens 8 am Mon,,https://lh3.googleusercontent.com/p/AF1QipNOgSIF7fpcyI42sLItcsQV67AYTDfRTJ9TFjup=w408-h408-k-no,true,8 am–5 pm,Closed,Closed,8 am–5 pm,8 am–5 pm,8 am–5 pm,8 am–5 pm,"https://www.google.com/maps/search/garage+door+services+in+Garden+City+Savannah+GA/@32.1143715,-81.1540013,14z",2025-11-07T23:26:52.321Z,,
https://www.google.com/maps/place/Austin+Exteriors/data=!4m7!3m6!1s0x88fba475384eaaab:0x3bb8b39d4851493b!8m2!3d32.2524891!4d-81.2119934!16s%2Fg%2F11rxhzxwwp!19sChIJq6pOOHWk-4gRO0lRSJ2zuDs,Austin Exteriors,4.5,21,General contractor,"201 Business Park Dr Suite 302, Rincon, GA 31326, United States","7Q2Q+X6 Rincon, Georgia, USA",http://austinext.com/,+1 912-465-1166,Closed ⋅ Opens 9 am Mon,Identifies as veteran-owned,https://lh3.googleusercontent.com/p/AF1QipMkrawe6WTL1EMbLnS-SmpZazU-t6IfJkeiqxxh=w408-h306-k-no,true,9 am–2 pm,Closed,Closed,9 am–2 pm,9 am–2 pm,9 am–2 pm,9 am–2 pm,"https://www.google.com/maps/search/garage+door+services+in+Garden+City+Savannah+GA/@32.1143715,-81.1540013,14z",2025-11-07T23:26:57.661Z,,
https://www.google.com/maps/place/Joyner+Electric+and+Security/data=!4m7!3m6!1s0x88fba0761416b6ef:0xb1fdf64732627b4d!8m2!3d32.048623!4d-81.1907955!16s%2Fg%2F1tmklv3j!19sChIJ77YWFHag-4gRTXtiMkf2_bE,Joyner Electric and Security,4.9,230,Electrician,"128L Salt Creek Rd, Savannah, GA 31405, United States","2RX5+CM Savannah, Georgia, USA",https://joynerelectricandsecurity.com/,+1 912-236-1730,Closed ⋅ Opens 8 am Mon,,https://lh3.googleusercontent.com/p/AF1QipN31wjkB1hPTE0qiegjC6DEZoy5PXdxJUOP9nuE=w408-h306-k-no,true,8 am–5 pm,Closed,Closed,8 am–5 pm,8 am–5 pm,8 am–5 pm,8 am–5 pm,"https://www.google.com/maps/search/garage+door+services+in+Garden+City+Savannah+GA/@32.1143715,-81.1540013,14z",2025-11-07T23:27:02.554Z,,
https://www.google.com/maps/place/Dumpster+Rental+Dogs+-+Savannah/data=!4m7!3m6!1s0x88fb9fe602dd4dcb:0x1f403de41005022c!8m2!3d32.0770115!4d-81.1512605!16s%2Fg%2F11q9g9qd9h!19sChIJy03dAuaf-4gRLAIFEOQ9QB8,Dumpster Rental Dogs - Savannah,4.8,369,Waste management service,"525 Telfair Rd, Savannah, GA 31415, United States","3RGX+RF Savannah, Georgia, USA",https://dumpsterrentaldogs.com/dumpster-rental-savannah-ga/,+1 912-244-9788,Closed ⋅ Opens 8 am Sat,,https://lh3.googleusercontent.com/p/AF1QipNZl5Hznv0BGSgWSBn6juZ3zjuILD0nIEBxVae7=w408-h408-k-no,true,8 am–5 pm,8 am–1 pm,Closed,8 am–5 pm,8 am–5 pm,8 am–5 pm,8 am–5 pm,"https://www.google.com/maps/search/garage+door+services+in+Garden+City+Savannah+GA/@32.1143715,-81.1540013,14z",2025-11-07T23:27:07.553Z,,
https://www.google.com/maps/place/Georgia+Door+%26+Gate/data=!4m7!3m6!1s0x88f755848ef15545:0xc69c0186562866c!8m2!3d32.887794!4d-82.220569!16s%2Fg%2F1tgdd807!19sChIJRVXxjoRV94gRbIZiZRjAaQw,Georgia Door & Gate,5.0,78,Garage door supplier,"718 Bark Camp Church Rd, Midville, GA 30441, United States","VQQH+4Q Midville, Georgia, USA",http://www.georgia-door.com/,+1 478-589-6677,Closed ⋅ Opens 8 am Mon,,https://lh3.googleusercontent.com/p/AF1QipNbX2vOupepPiGQgMd9zLOduZ-UhBS4mFWcJ9zj=w426-h240-k-no,true,8 am–12 pm,Closed,Closed,8 am–5 pm,8 am–5 pm,8 am–5 pm,8 am–5 pm,"https://www.google.com/maps/search/garage+door+services+in+Garden+City+Savannah+GA/@32.1143715,-81.1540013,14z",2025-11-07T23:27:12.602Z,,
https://www.google.com/maps/place/Landmark+Roofing+%26+Renovations/data=!4m7!3m6!1s0x88fb75da1e57dda9:0x997e1add49d86554!8m2!3d32.008594!4d-81.106775!16s%2Fg%2F11sr6zfldz!19sChIJqd1XHtp1-4gRVGXYSd0afpk,Landmark Roofing & Renovations,4.7,97,Roofing contractor,"340 Eisenhower Dr Building 500, Savannah, GA 31406, United States","2V5V+C7 Savannah, Georgia, USA",https://lmsavannah.com/,+1 912-581-0499,Closed ⋅ Opens 9 am Sat,Identifies as veteran-owned,https://lh3.googleusercontent.com/p/AF1QipOTZGZ6ty3W6iV-PTPpLfPavWfaCI1zwxu0o6rQ=w408-h306-k-no,true,8 am–6 pm,9 am–5 pm,Closed,8 am–6 pm,8 am–6 pm,8 am–6 pm,8 am–6 pm,"https://www.google.com/maps/search/garage+door+services+in+Garden+City+Savannah+GA/@32.1143715,-81.1540013,14z",2025-11-07T23:27:17.549Z,,
,,,,,,,,,,,,,,,,,,,,"https://www.google.com/maps/search/garage+door+services+in+Port+Wentworth+Savannah+GA/@32.149092,-81.163168,14z",2025-11-07T23:27:26.522Z,,No new results found
https://www.google.com/maps/place/Home+Services+at+The+Home+Depot/data=!4m7!3m6!1s0x88fb74c19dd2a7cd:0x6cab3726422dd943!8m2!3d31.9832589!4d-81.1444634!16s%2Fg%2F11bwyq4c6j!19sChIJzafSncF0-4gRQ9ktQiY3q2w,Home Services at The Home Depot,3.9,16,Contractor,"11180 Abercorn St, Savannah, GA 31419, United States","XVM4+86 Savannah, Georgia, USA",https://www.homedepot.com/l/Savannah/GA/Savannah/31419/122/services?emt=HSGMBGoogleMaps,+1 844-476-2140,Open ⋅ Closes 9 pm,,https://lh3.googleusercontent.com/p/AF1QipM2Xu3zIizHM0c8X1oaTwh9gUhKDmleIxFuV7XC=w408-h272-k-no,true,6 am–9 pm,6 am–9 pm,8 am–8 pm,6 am–9 pm,6 am–9 pm,6 am–9 pm,6 am–9 pm,"https://www.google.com/maps/search/garage+door+services+in+Vernonburg+Savannah+GA/@31.9657681,-81.1201106,14z",2025-11-07T23:27:44.253Z,,
https://www.google.com/maps/place/Maycrest+Hardware/data=!4m7!3m6!1s0x88fb744dc063021d:0x27ec9135765d1763!8m2!3d31.9911675!4d-81.0957006!16s%2Fg%2F1td05xsk!19sChIJHQJjwE10-4gRYxdddjWR7Cc,Maycrest Hardware,4.7,176,Hardware store,"1609 E Montgomery Cross Rd, Savannah, GA 31406, United States","XWR3+FP Savannah, Georgia, USA",http://maycresthardware.com/,+1 912-354-2045,Closed ⋅ Opens 8 am Sat,,https://lh3.googleusercontent.com/gps-cs-s/AG0ilSxAVAjB79qTCZE_GISCI1_V6OjrJztOc76QcMrlaJ2l_y5oro_d1GNEsmLSrycmxFnf5_GBXbUQrdvP8Og-slCzXCf-ahojBc9cWwtw8vWpR2AincJed12XYRSha5oqLky5xelRXBGhb0PE=w408-h544-k-no,true,8 am–6 pm,8 am–4:30 pm,Closed,8 am–6 pm,8 am–6 pm,8 am–6 pm,8 am–6 pm,"https://www.google.com/maps/search/garage+door+services+in+Vernonburg+Savannah+GA/@31.9657681,-81.1201106,14z",2025-11-07T23:27:56.273Z,· In-store shopping · In-store pick-up · Delivery,
https://www.google.com/maps/place/Handy+Hector/data=!4m7!3m6!1s0x88fb0bc1561f0cd5:0xc49f21afa5505abc!8m2!3d31.9818567!4d-81.1670839!16s%2Fg%2F11fncqtv9v!19sChIJ1QwfVsEL-4gRvFpQpa8hn8Q,Handy Hector,4.6,25,Handyman/Handywoman/Handyperson,"13051 541 Abercorn St B3, Savannah, GA 31419, United States","XRJM+P5 Savannah, Georgia, USA",http://www.handyhector.com/,+1 912-373-6199,Closed ⋅ Opens 9 am Mon,,https://lh3.googleusercontent.com/p/AF1QipNYr0oNTGfYTW2n_qJL1RfH0WfukI24aUfo9zjC=w408-h306-k-no,true,9 am–5 pm,Closed,Closed,9 am–5 pm,9 am–5 pm,9 am–5 pm,9 am–5 pm,"https://www.google.com/maps/search/garage+door+services+in+Vernonburg+Savannah+GA/@31.9657681,-81.1201106,14z",2025-11-07T23:28:01.208Z,,
https://www.google.com/maps/place/Squeaky+Clean/data=!4m7!3m6!1s0x9b604d6580c254f:0xecc1b432fb1b1179!8m2!3d31.9783501!4d-81.1091563!16s%2Fg%2F11pvml96ys!19sChIJTyUMWNYEtgkReREb-zK0wew,Squeaky Clean,5.0,82,Pressure washing service,"1332 Grace Dr, Savannah, GA 31406, United States","XVHR+88 Savannah, Georgia, USA",http://www.squeakycleanga.com/,+1 912-398-8764,Open ⋅ Closes 8 pm,,https://lh3.googleusercontent.com/p/AF1QipMfBu_SM3h8T-3_kNjXByF5cI9S_rIAzP3Rn8L5=w408-h544-k-no,true,8 am–8 pm,8 am–8 pm,8 am–8 pm,8 am–8 pm,8 am–8 pm,8 am–8 pm,8 am–8 pm,"https://www.google.com/maps/search/garage+door+services+in+Vernonburg+Savannah+GA/@31.9657681,-81.1201106,14z",2025-11-07T23:28:06.506Z,,
"https://www.google.com/maps/place/FASTSIGNS+of+Savannah,+GA/data=!4m7!3m6!1s0x88fb7500bf278ba9:0x5d76926b264399e7!8m2!3d31.9821101!4d-81.1428424!16s%2Fg%2F1tj85pv7!19sChIJqYsnvwB1-4gR55lDJmuSdl0","FASTSIGNS of Savannah, GA",4.8,191,Sign shop,"11136A Abercorn St, Savannah, GA 31419, United States","XVJ4+RV Savannah, Georgia, USA",https://www.fastsigns.com/savannah-ga/,+1 912-927-4018,Closed ⋅ Opens 9 am Mon,,https://lh3.googleusercontent.com/gps-cs-s/AG0ilSyGQ5N3VR4veHhowz1v4OoyXAdG9oH4vgfUPo7fTGtKJgK4cSbz9wv632Qq_bvnx2Uo8dst6J2H3gBH6KtiFVlOOQQCwWMi2SaXmeXFSuS4USnaMFNdz03dqsL7Qsh5YjdMIRYyQQt2VjE=w408-h279-k-no,true,9 am–5 pm,Closed,Closed,9 am–5:30 pm,9 am–5:30 pm,9 am–5:30 pm,9 am–5:30 pm,"https://www.google.com/maps/search/garage+door+services+in+Vernonburg+Savannah+GA/@31.9657681,-81.1201106,14z",2025-11-07T23:28:11.589Z,· In-store shopping · Kerbside pickup · Delivery,
https://www.google.com/maps/place/Cycle+Gear/data=!4m7!3m6!1s0x88fb0b4038f46cc3:0xf3200782cce97e02!8m2!3d31.9820101!4d-81.1653439!16s%2Fg%2F11gj7859j9!19sChIJw2z0OEAL-4gRAn7pzIIHIPM,Cycle Gear,4.8,957,Motorcycle shop,"13051 Abercorn St E3, Savannah, GA 31419, United States","XRJM+RV Savannah, Georgia, USA",https://www.cyclegear.com/stores/cycle-gear-savannah-ga-store-159,+1 912-417-3131,Closes soon ⋅ 7 pm ⋅ Opens 10 am Sat,,https://lh3.googleusercontent.com/gps-cs-s/AG0ilSyvY7hUbwUxQS2qzDqLFCgFkZgbkAGGpOW39AGc-GM9iyqrShafxRBM2I0ysuTmj9V7vhkWzXVZ_hVmz2DA654cupmtQVcKmyyn98te1K5eHrBhKbL2aLaspzV6RuXVAfkTh-g9TQ=w408-h306-k-no,true,10 am–7 pm,10 am–6 pm,10 am–6 pm,10 am–7 pm,10 am–7 pm,10 am–7 pm,10 am–7 pm,"https://www.google.com/maps/search/garage+door+services+in+Vernonburg+Savannah+GA/@31.9657681,-81.1201106,14z",2025-11-07T23:28:16.689Z,Retail chain selling motorcycle parts along with related clothing & accessories. · In-store shopping · Kerbside pickup,
https://www.google.com/maps/place/Designer+Roofing+%26+Restoration+LLC/data=!4m7!3m6!1s0x88fb7350e0aae8f7:0xfa6135b369bbfa4c!8m2!3d32.0017227!4d-81.1071091!16s%2Fg%2F11d_s_y2ly!19sChIJ9-iq4FBz-4gRTPq7abM1Yfo,Designer Roofing & Restoration LLC,4.9,200,Roofing contractor,"2 Mall Ct, Savannah, GA 31406, United States","2V2V+M5 Savannah, Georgia, USA",https://designerroofs.com/?utm_campaign=gmb,+1 912-921-9568,Open 24 hours,,https://lh3.googleusercontent.com/p/AF1QipMIBc55E5g4rqAbzE_hbpb4z2i6ZZN4QSC5-A7c=w426-h240-k-no,true,Open 24 hours,Open 24 hours,Open 24 hours,Open 24 hours,Open 24 hours,Open 24 hours,Open 24 hours,"https://www.google.com/maps/search/garage+door+services+in+Vernonburg+Savannah+GA/@31.9657681,-81.1201106,14z",2025-11-07T23:28:21.622Z,,
https://www.google.com/maps/place/Storage+Sense+-+Savannah/data=!4m7!3m6!1s0x88fb74e57d3aa7d1:0x88083e6aefaf3f0c!8m2!3d31.9891938!4d-81.1327505!16s%2Fg%2F1tgcn468!19sChIJ0ac6feV0-4gRDD-v72o-CIg,Storage Sense - Savannah,4.7,168,Self-storage facility,"111 Tibet Ave, Savannah, GA 31406, United States","XVQ8+MV Savannah, Georgia, USA",https://www.storagesense.com/location/USA/GA/Savannah/sense-savannah-1337/?utm_source=google&utm_medium=maps,+1 912-927-1648,,LGBTQ+ friendly,https://lh3.googleusercontent.com/p/AF1QipOccPziQ5RPXYd5GcymhglGD_--Pe9WLQvjSC2m=w408-h250-k-no,true,,,,,,,,"https://www.google.com/maps/search/garage+door+services+in+Vernonburg+Savannah+GA/@31.9657681,-81.1201106,14z",2025-11-07T23:28:27.052Z,,
"https://www.google.com/maps/place/Sandfly+Locksmith,+Inc./data=!4m7!3m6!1s0x88fb75d640398509:0x8fc6c88ddc62893c!8m2!3d32.0034323!4d-81.0766664!16s%2Fg%2F1tfstr1p!19sChIJCYU5QNZ1-4gRPIli3I3Ixo8","Sandfly Locksmith, Inc.",4.7,161,Locksmith,"6712 Skidaway Rd, Savannah, GA 31406, United States","2W3F+98 Savannah, Georgia, USA",http://www.sandflylocksmith.com/,+1 912-354-5397,,,https://lh3.googleusercontent.com/gps-cs-s/AG0ilSw7Q46hdzIAteNV1eqWCOePHlOd3xtuatx-VI3t82X1OPtd8AQXA2SgkbhicOolfj692Y2Q16CLyHZseEbHMrvJGkTtIm6Mw3SAwWruu9f6gtCiidWna9CplpULJ-7CBvpZ4_Gg=w408-h543-k-no,true,,,,,,,,"https://www.google.com/maps/search/garage+door+services+in+Vernonburg+Savannah+GA/@31.9657681,-81.1201106,14z",2025-11-07T23:28:29.946Z,,
https://www.google.com/maps/place/Harbor+Freight/data=!4m7!3m6!1s0x88fb74c713d9dde5:0xc629ea3056afe47f!8m2!3d31.9807123!4d-81.1499844!16s%2Fg%2F1tj9782f!19sChIJ5d3ZE8d0-4gRf-SvVjDqKcY,Harbor Freight,4.4,1180,Hardware store,"12313 Largo Dr, Savannah, GA 31419, United States","XVJ2+72 Savannah, Georgia, USA",https://www.harborfreight.com/storelocator/12313-largo-drive-savannah-31419?number=138,+1 912-927-4770,Open ⋅ Closes 8 pm,,https://lh3.googleusercontent.com/gps-cs-s/AG0ilSyTM2xziLWsnVBFQd5xvA-wjFpKtspZsQ_5I3Ior7Wv7_9vnhwnnBiwkYolDDB7gPms1PuvgPe0ebAw8t7jGdk-roWyP2nYqT69wdD-KHKhrP6BKqxEvAqvq0dkvsjUWwdhuWsNBlPR1DNa=w408-h306-k-no,true,8 am–8 pm,8 am–8 pm,9 am–6 pm,8 am–8 pm,8 am–8 pm,8 am–8 pm,8 am–8 pm,"https://www.google.com/maps/search/garage+door+services+in+Vernonburg+Savannah+GA/@31.9657681,-81.1201106,14z",2025-11-07T23:28:34.990Z,"Retail chain carrying a wide range of tools, hardware & other products for the home, garden & car. · In-store pick-up",
https://www.google.com/maps/place/Northern+Tool+%2B+Equipment/data=!4m7!3m6!1s0x88fb75a855167ed5:0x108c18fe71ee28c5!8m2!3d32.0077902!4d-81.1169579!16s%2Fg%2F11css6p4nx!19sChIJ1X4WVah1-4gRxSjucf4YjBA,Northern Tool + Equipment,4.5,310,Tool store,"7505 Abercorn St, Savannah, GA 31406, United States","2V5M+46 Savannah, Georgia, USA",https://www.northerntool.com/store/savannahga-store-savannah-ga,+1 912-235-0202,Closes soon ⋅ 7 pm ⋅ Opens 8 am Sat,,https://lh3.googleusercontent.com/p/AF1QipNeKSvX2dTUT3l10omuFJSSOPFlK1w7hV6RBsur=w408-h272-k-no,true,7 am–7 pm,8 am–6 pm,9 am–5 pm,7 am–7 pm,7 am–7 pm,7 am–7 pm,7 am–7 pm,"https://www.google.com/maps/search/garage+door+services+in+Vernonburg+Savannah+GA/@31.9657681,-81.1201106,14z",2025-11-07T23:28:40.112Z,Chain carrying a vast selection of tools & equipment for do-it-yourself & construction projects. · In-store shopping · In-store pick-up · Delivery,
https://www.google.com/maps/place/Public+Storage/data=!4m7!3m6!1s0x88fb74c71851a749:0xd0e4339fceb12b29!8m2!3d31.979922!4d-81.1494623!16s%2Fg%2F1yfh_jpnk!19sChIJSadRGMd0-4gRKSuxzp8z5NA,Public Storage,4.7,287,Self-storage facility,"12315 Largo Dr, Savannah, GA 31419, United States","XVH2+X6 Savannah, Georgia, USA",https://www.publicstorage.com/self-storage-ga-savannah/2328.html?pspid=pslocalsearch&utm_source=google&utm_medium=local_maps,+1 912-662-5258,,,https://lh3.googleusercontent.com/p/AF1QipM3O_egwtjz1pz6vcUDAySZxxWHSHqJH3C3Ik_Z=w426-h240-k-no,true,6 am–9 pm,6 am–9 pm,6 am–9 pm,6 am–9 pm,6 am–9 pm,6 am–9 pm,6 am–9 pm,"https://www.google.com/maps/search/garage+door+services+in+Vernonburg+Savannah+GA/@31.9657681,-81.1201106,14z",2025-11-07T23:28:45.065Z,,
https://www.google.com/maps/place/Extra+Space+Storage/data=!4m7!3m6!1s0x88fb74eadbd5c0c9:0xb2678580bcfa5dcf!8m2!3d31.9783048!4d-81.1395936!16s%2Fg%2F1tfgq7ht!19sChIJycDV2-p0-4gRz136vICFZ7I,Extra Space Storage,4.9,1325,Self-storage facility,"10901 Abercorn St, Savannah, GA 31419, United States","XVH6+85 Savannah, Georgia, USA",https://www.extraspace.com/storage/facilities/us/georgia/savannah/3015/?cid=org::maps&utm_source=google&utm_medium=organic&utm_campaign=org::maps,+1 912-927-7997,,LGBTQ+ friendly,https://lh3.googleusercontent.com/p/AF1QipPYZ9cjSMCObE9JuEkqalu6pqK_8Wt3TvpZtggG=w426-h240-k-no,true,6 am–10 pm,6 am–10 pm,6 am–10 pm,6 am–10 pm,6 am–10 pm,6 am–10 pm,6 am–10 pm,"https://www.google.com/maps/search/garage+door+services+in+Vernonburg+Savannah+GA/@31.9657681,-81.1201106,14z",2025-11-07T23:28:50.713Z,,
https://www.google.com/maps/place/Portman%27s+Music+Superstore/data=!4m7!3m6!1s0x88fb75a92a0671cd:0xf89b2999beed3841!8m2!3d32.007594!4d-81.11466!16s%2Fg%2F1tdm4l8w!19sChIJzXEGKql1-4gRQTjtvpkpm_g,Portman's Music Superstore,4.2,254,Musical instrument store,"7650 Abercorn St, Savannah, GA 31406, United States","2V5P+24 Savannah, Georgia, USA",http://portmansmusic.com/,+1 912-354-1500,Closes soon ⋅ 7 pm ⋅ Opens 10 am Sat,,https://lh3.googleusercontent.com/gps-cs-s/AG0ilSxdbV82b1IoP693BzmxALginux0e47-eXWl7e0prxHfyYdtwz7NSaQ1mGIJCedDcfjzfg82GGc4jDXlGE7Od1yFtsjoQAIGNVB-oYYkuS_2arTOE4P5Gpr6HMhDHLanBIC6iz0=w408-h544-k-no,true,10 am–7 pm,10 am–7 pm,1–5 pm,10 am–7 pm,10 am–7 pm,10 am–7 pm,10 am–7 pm,"https://www.google.com/maps/search/garage+door+services+in+Vernonburg+Savannah+GA/@31.9657681,-81.1201106,14z",2025-11-07T23:28:56.002Z,· In-store shopping · Kerbside pickup,
https://www.google.com/maps/place/Southside+Ace+Hardware/data=!4m7!3m6!1s0x88fb75b2ff593a17:0xbcebd316e7dfd646!8m2!3d32.0013747!4d-81.1061128!16s%2Fg%2F11b77dxps_!19sChIJFzpZ_7J1-4gRRtbf5xbT67w,Southside Ace Hardware,4.6,317,Hardware store,"706 Mall Blvd, Savannah, GA 31406, United States","2V2V+GH Savannah, Georgia, USA",http://www.acehardware.com/,+1 912-544-6453,Closed ⋅ Opens 8 am Sat,,https://lh3.googleusercontent.com/gps-cs-s/AG0ilSwhIWjgip-72PE0HJ4Yj9H_LFAcxwPN0LCjQtJJIo7GPYKVFmLrbweN9aCnqi-Jfu4FxkcPv0_hrdtZiUyGpEEE7t8Vhe4qi243KN7kA54z1AoqYVRCRUhRMgqhSYfUwQJJ9sFzuRhqliw5=w408-h306-k-no,true,8 am–6 pm,8 am–6 pm,11 am–4 pm,8 am–6 pm,8 am–6 pm,8 am–6 pm,8 am–6 pm,"https://www.google.com/maps/search/garage+door+services+in+Vernonburg+Savannah+GA/@31.9657681,-81.1201106,14z",2025-11-07T23:29:01.580Z,"Hardware store stocking household tools, garden supplies, home decor & more. · In-store pick-up",
https://www.google.com/maps/place/Installation+Services/data=!4m7!3m6!1s0x88fb74ea76af6f07:0xb3466236fe9f81a!8m2!3d31.9816776!4d-81.1412736!16s%2Fg%2F11f57hl7zl!19sChIJB2-vdup0-4gRGvjpbyNmNAs,Installation Services,,,Contractor,"11114 Abercorn St, Savannah, GA 31419, United States","XVJ5+MF Savannah, Georgia, USA",https://www.lowes.com/l/lowes-home-services.html?cm_mmc=lod-_-c-_-lcl-_-ext-_-yxt-_-go-_-403-_-na-_-0-_-0,,,,https://lh3.googleusercontent.com/p/AF1QipMNwMthiuqnoVQnrtgGYFeMt9WWZA2AXxRvilMP=w408-h271-k-no,true,,,,,,,,"https://www.google.com/maps/search/garage+door+services+in+Vernonburg+Savannah+GA/@31.9657681,-81.1201106,14z",2025-11-07T23:29:04.700Z,,
https://www.google.com/maps/place/Artisan+Painting+Inc/data=!4m7!3m6!1s0x88fb74c7aa5424af:0x360dd836a4befa34!8m2!3d31.959776!4d-81.146592!16s%2Fg%2F1tfd7v9w!19sChIJryRUqsd0-4gRNPq-pDbYDTY,Artisan Painting Inc,5.0,242,Painter,"805 Old Mill Rd, Savannah, GA 31419, United States","XV53+W9 Savannah, Georgia, USA",https://www.artisanpainting.com/,+1 912-913-8665,,Identifies as veteran-owned,https://lh3.googleusercontent.com/p/AF1QipMTJRugSvn0m8q2QqMppIMLqR6Jak3W4__SBEie=w506-h240-k-no,true,,,,,,,,"https://www.google.com/maps/search/garage+door+services+in+Vernonburg+Savannah+GA/@31.9657681,-81.1201106,14z",2025-11-07T23:29:09.926Z,,
https://www.google.com/maps/place/Mavis+Tires+%26+Brakes/data=!4m7!3m6!1s0x88fb744c074a4a01:0x910ac201a8e222ad!8m2!3d31.9969874!4d-81.1156011!16s%2Fg%2F1tfsj7vr!19sChIJAUpKB0x0-4gRrSLiqAHCCpE,Mavis Tires & Brakes,4.7,1171,Tire shop,"222 E Montgomery Cross Rd, Savannah, GA 31406, United States","XVWM+QQ Savannah, Georgia, USA",https://www.mavis.com/locations/savannah-montgomery-cross-rd-ga?utm_source=yext&utm_medium=organic&utm_campaign=gmb&stnum=864,+1 912-208-9929,Closed ⋅ Opens 8 am Sat,LGBTQ+ friendly,https://lh3.googleusercontent.com/gps-cs-s/AG0ilSykIjSpVUgROJr-Z_ps6IxomYW67yUeK6WRJZFe-ml25ytn3SJBYqDBGQu_8_C9tvRzD-0PG3DR4ssNRj3DcylDzMMG3LMHoPhNyI-EDEOw4EAJ6vCVQJL9zMGogBe2710HJg2tnQ=w426-h240-k-no,true,8 am–6 pm,8 am–5 pm,9 am–5 pm,8 am–6 pm,8 am–6 pm,8 am–6 pm,8 am–8:30 pm,"https://www.google.com/maps/search/garage+door+services+in+Vernonburg+Savannah+GA/@31.9657681,-81.1201106,14z",2025-11-07T23:29:15.182Z,· In-store pick-up · Delivery,
https://www.google.com/maps/place/Lowe%27s+Home+Improvement/data=!4m7!3m6!1s0x88fb74c05dd7a525:0xcbb9af49b885dbe0!8m2!3d31.9817998!4d-81.1416859!16s%2Fg%2F1td548rq!19sChIJJaXXXcB0-4gR4NuFuEmvucs,Lowe's Home Improvement,4.0,2175,Home improvement store,"11114 Abercorn St, Savannah, GA 31419, United States","XVJ5+P8 Savannah, Georgia, USA",https://www.lowes.com/store/GA-Savannah/0403?cm_mmc=lod-_-c-_-lcl-_-awr-_-yxt-_-go-_-403-_-na-_-0-_-0&y_source=1_MTE4NDM3OS03MTUtbG9jYXRpb24ud2Vic2l0ZQ%3D%3D,+1 912-927-0000,,,https://lh3.googleusercontent.com/p/AF1QipOpNqFw5YXrMrIbkJHVq5gy2Cs6pp-MiDRAhkx5=w408-h272-k-no,true,6 am–10 pm,6 am–10 pm,8 am–8 pm,6 am–10 pm,6 am–10 pm,6 am–10 pm,6 am–10 pm,"https://www.google.com/maps/search/garage+door+services+in+Vernonburg+Savannah+GA/@31.9657681,-81.1201106,14z",2025-11-07T23:29:20.477Z,"Home improvement chain for appliances & gardening supplies, plus tools & hardware. · In-store shopping · In-store pick-up · Delivery",
https://www.google.com/maps/place/Savannah+Glass/data=!4m7!3m6!1s0x88fb74ff898726a1:0x14dcc436c60d2e1e!8m2!3d32.014299!4d-81.1126953!16s%2Fg%2F11fxcf_kkg!19sChIJoSaHif90-4gRHi4NxjbE3BQ,Savannah Glass,4.2,40,Glass repair service,"6850 Abercorn St, Savannah, GA 31405, United States","2V7P+PW Savannah, Georgia, USA",https://savannahglassllc.com/,+1 912-920-3404,Closed ⋅ Opens 7 am Mon,,https://lh3.googleusercontent.com/p/AF1QipM5W08mYAE1mTNQOqlFHt9dwd_HuckYUFcYs3od=w743-h240-k-no,true,7 am–1 pm,Closed,Closed,7 am–4:30 pm,7 am–4:30 pm,7 am–4:30 pm,7 am–4:30 pm,"https://www.google.com/maps/search/garage+door+services+in+Vernonburg+Savannah+GA/@31.9657681,-81.1201106,14z",2025-11-07T23:29:25.595Z,,
https://www.google.com/maps/place/The+Home+Depot/data=!4m7!3m6!1s0x88fb74c0c366bdd9:0xc4d4135c3fbcd31c!8m2!3d31.9832129!4d-81.1443007!16s%2Fg%2F1tj6vpd5!19sChIJ2b1mw8B0-4gRHNO8P1wT1MQ,The Home Depot,4.3,1695,Home improvement store,"11180 Abercorn St, Savannah, GA 31419, United States","XVM4+77 Savannah, Georgia, USA",https://www.homedepot.com/l/Savannah/GA/Savannah/31419/122?emt=MSGMBGoogleMaps,+1 912-921-0158,,,https://lh3.googleusercontent.com/gps-cs-s/AG0ilSzcxBSLgT9fFnwJuwRiMoNA2uOUwl_Uoujtsc3WBj4nf9F5IKce3qvqOEYYPh315WnZ2Bb-WhPDIB2y8zmlJjcvn4-92mIg2UHSY2NofrBtKV5lb6kVnQ7JCUjykyo1NKb_iLum=w408-h306-k-no,true,6 am–8 pm,6 am–8 pm,8 am–8 pm,6 am–8 pm,6 am–8 pm,6 am–8 pm,6 am–8 pm,"https://www.google.com/maps/search/garage+door+services+in+Vernonburg+Savannah+GA/@31.9657681,-81.1201106,14z",2025-11-07T23:29:30.919Z,"Chain home improvement retailer for tools, appliances & other products (some offer truck rentals). · In-store shopping · Kerbside pickup · Delivery",
https://www.google.com/maps/place/American+Craftsman+Renovations/data=!4m7!3m6!1s0x88fb76f2eff986c3:0xb299251f7516629!8m2!3d31.985423!4d-81.051349!16s%2Fg%2F11c58pwq4m!19sChIJw4b57_J2-4gRKWZR91GSKQs,American Craftsman Renovations,4.0,17,Contractor,"102 Hopecrest Ave, Savannah, GA 31406, United States","XWPX+5F Savannah, Georgia, USA",http://americancraftsmanrenovations.com/,+1 912-481-8353,Closed ⋅ Opens 7 am Mon,,https://lh3.googleusercontent.com/p/AF1QipPWxZ99wAKTV9MqH73V-GpA9ygiHG4S4rTKd3-i=w408-h408-k-no,true,7 am–6 pm,Closed,Closed,7 am–6 pm,7 am–6 pm,7 am–6 pm,7 am–6 pm,"https://www.google.com/maps/search/garage+door+services+in+Vernonburg+Savannah+GA/@31.9657681,-81.1201106,14z",2025-11-07T23:29:35.885Z,,
https://www.google.com/maps/place/Vivint/data=!4m7!3m6!1s0x88fb0957fbf21b9f:0x6a5036de1d3a44f0!8m2!3d32.002158!4d-81.1178522!16s%2Fg%2F11r9v_td_f!19sChIJnxvy-1cJ-4gR8EQ6Hd42UGo,Vivint,1.2,66,Security service,"7804 Abercorn Extention, Savannah, GA 31406, United States","2V2J+VV Savannah, Georgia, USA",https://www.vivint.com/locations/georgia/savannah,+1 912-268-0083,Open ⋅ Closes 9 pm,,https://streetviewpixels-pa.googleapis.com/v1/thumbnail?panoid=R4-lkP3wXqjkS3gs8XQR9g&cb_client=search.gws-prod.gps&w=408&h=240&yaw=26.27116&pitch=0&thumbfov=100,false,6 am–9 pm,6 am–9 pm,6 am–9 pm,6 am–9 pm,6 am–9 pm,6 am–9 pm,6 am–9 pm,"https://www.google.com/maps/search/garage+door+services+in+Vernonburg+Savannah+GA/@31.9657681,-81.1201106,14z",2025-11-07T23:29:41.183Z,,
https://www.google.com/maps/place/Mr.+Electric+of+The+Coastal+Empire/data=!4m7!3m6!1s0x88fb783aaaaaaaab:0xc94c362d5f846f7a!8m2!3d32.03718!4d-81.0639758!16s%2Fg%2F1vxg0096!19sChIJq6qqqjp4-4gRem-EXy02TMk,Mr. Electric of The Coastal Empire,4.9,841,Electrician,"2134 Shell Rd, Savannah, GA 31404, United States","2WPP+VC Savannah, Georgia, USA",https://mrelectric.com/the-coastal-empire?cid=LSTL_MRE000196&utm_source=gmb&utm_campaign=local&utm_medium=organic,+1 912-200-6383,Open 24 hours,Identifies as veteran-owned,https://lh3.googleusercontent.com/p/AF1QipMtGET2aLgMJae-yMyOI4BG6CdGvnAmbcnQ9PXS=w426-h240-k-no,true,Open 24 hours,Open 24 hours,Open 24 hours,Open 24 hours,Open 24 hours,Open 24 hours,Open 24 hours,"https://www.google.com/maps/search/garage+door+services+in+Vernonburg+Savannah+GA/@31.9657681,-81.1201106,14z",2025-11-07T23:29:46.173Z,,
,,,,,,,,,,,,,,,,,,,,"https://www.google.com/maps/search/garage+door+services+in+Thunderbolt+Savannah+GA/@32.0335445,-81.0498342,14z",2025-11-07T23:30:02.380Z,,No new results found
https://www.google.com/maps/place/Jos+A.+Bank/data=!4m7!3m6!1s0x88fb7599c5970577:0xa4070270723fabbc!8m2!3d32.024405!4d-81.112026!16s%2Fg%2F1vzv4j23!19sChIJdwWXxZl1-4gRvKs_cnACB6Q,Jos A. Bank,4.5,262,Men's clothing store,"5525 Abercorn St #30, Savannah, GA 31405, United States","2VFQ+Q5 Savannah, Georgia, USA",https://www.josbank.com/store-locator/savannah-ga-551,+1 912-355-9399,Open ⋅ Closes 9 pm,LGBTQ+ friendly,https://lh3.googleusercontent.com/gps-cs-s/AG0ilSzfNmZhBf5D-FOglULzyW8DMejqcMXlpDjckb7I3_vMu9IrJA9-W8bdrb7z66ZfwoZlOtmhpPenA6DNEAQSqMTaVf8yRFvGrvcUJIIteVnoMyBtRBtNF_DYh6hsUccrA2jmM17kGQ=w408-h306-k-no,true,10 am–9 pm,10 am–9 pm,11 am–6 pm,10 am–9 pm,10 am–9 pm,10 am–9 pm,10 am–9 pm,"https://www.google.com/maps/search/garage+door+services+in+Skidaway+Island+Savannah+GA/@31.9349381,-81.0470536,14z",2025-11-07T23:30:17.289Z,"Menswear chain offering house-label suits, dress shirts & pants, plus sportswear & accessories. · In-store shopping · In-store pick-up · Delivery",
https://www.google.com/maps/place/Coastal+Sash+%26+Door+Corporation/data=!4m7!3m6!1s0x88fb73890099defb:0x85c89827bdb8e057!8m2!3d31.984443!4d-81.0748474!16s%2Fg%2F1v9t_ryt!19sChIJ-96ZAIlz-4gRV-C4vSeYyIU,Coastal Sash & Door Corporation,3.4,5,Door supplier,"8422 Ferguson Ave, Savannah, GA 31406, United States","XWMG+Q3 Savannah, Georgia, USA",https://coastalsashanddoor.com/,+1 912-352-3930,Closed ⋅ Opens 7:30 am Mon,,https://lh3.googleusercontent.com/gps-cs-s/AG0ilSxpaCCeGeHhoQIpWqlTAdiW58LlYAEQN2zus-ut-dZVZHodYaSfKYWDu5KZql6zLG_UEGeixZkfvvjTslLrpgdjuSVsk1A4svd6kN5-sGyIVG_SYRQ-IQjsEUpFVDzFbX5wByKoIQ=w408-h544-k-no,false,7:30–11:30 am,Closed,Closed,7:30 am–5 pm,7:30 am–5 pm,7:30 am–5 pm,7:30 am–5 pm,"https://www.google.com/maps/search/garage+door+services+in+Skidaway+Island+Savannah+GA/@31.9349381,-81.0470536,14z",2025-11-07T23:30:29.325Z,,
https://www.google.com/maps/place/Islands+Ace+Hardware/data=!4m7!3m6!1s0x88fb781f32402db5:0xc65b2d80e994ef71!8m2!3d32.0148757!4d-80.9832072!16s%2Fg%2F1tjxghw2!19sChIJtS1AMh94-4gRce-U6YAtW8Y,Islands Ace Hardware,4.7,715,Hardware store,"318 Johnny Mercer Blvd STE 5, Savannah, GA 31410, United States","2278+XP Savannah, Georgia, USA",http://www.islandsacehardware.net/?utm_source=google&utm_medium=local&utm_campaign=localmaps&utm_content=14407,+1 912-897-1288,Open ⋅ Closes 8 pm,LGBTQ+ friendly,https://lh3.googleusercontent.com/gps-cs-s/AG0ilSx85vyuD4KttBWtRV6teXj8Ov0QEHYV1m0xjSSqTEeOeWfMeibVgYhK8ZcRPSQBu-GJWP8eEvhgz6f9c-4KQxn2ZPl8LYMAhVyLfiJNzbeCjzfkt5RCE6XGJFWXvlv05EA3QjwT=w408-h544-k-no,true,7 am–8 pm,7 am–8 pm,8 am–7 pm,7 am–8 pm,7 am–8 pm,7 am–8 pm,7 am–8 pm,"https://www.google.com/maps/search/garage+door+services+in+Wilmington+Island+Savannah+GA/@32.0035477,-80.973723,14z",2025-11-07T23:30:51.507Z,· In-store shopping · Kerbside pickup · Delivery,
https://www.google.com/maps/place/MAA+Wilmington+Island/data=!4m7!3m6!1s0x88fb783a332da2ef:0xda7acefcf5c001ab!8m2!3d32.0037131!4d-80.97122!16s%2Fg%2F1tdc1hh3!19sChIJ76ItMzp4-4gRqwHA9fzOeto,MAA Wilmington Island,4.5,217,Apartment rental agency,"909 Penn Waller Rd, Savannah, GA 31410, United States","223H+FG Savannah, Georgia, USA",https://www.maac.com/georgia/savannah/maa-wilmington-island/?utm_medium=local%20listing&utm_source=google&utm_campaign=gmb&utm_content=website,+1 912-642-3191,Closed ⋅ Opens 10 am Sat,,https://lh3.googleusercontent.com/p/AF1QipPiQBEfPeDDyakaVJMKiqMSETu1NoxDhT3Itpvi=w408-h253-k-no,true,10 am–6 pm,10 am–5 pm,Closed,10 am–6 pm,10 am–6 pm,10 am–6 pm,10 am–6 pm,"https://www.google.com/maps/search/garage+door+services+in+Wilmington+Island+Savannah+GA/@32.0035477,-80.973723,14z",2025-11-07T23:30:56.619Z,· Dogs allowed,
https://www.google.com/maps/place/In+%26+Out+Handyman+Savannah/data=!4m7!3m6!1s0x2cc0167ff48082e9:0xe24e16e426537605!8m2!3d32.0387564!4d-81.1112005!16s%2Fg%2F11tc1g3_ls!19sChIJ6YKA9H8WwCwRBXZTJuQWTuI,In & Out Handyman Savannah,3.8,4,Handyman/Handywoman/Handyperson,,,,+1 912-527-5555,Closed ⋅ Opens 7 am Sat,,https://lh3.googleusercontent.com/p/AF1QipPMg9LdXjieEmKcCVYeGlyPXyt2gsUiLls-3HKb=w408-h408-k-no,true,7 am–5 pm,7 am–5 pm,Closed,7 am–5 pm,7 am–5 pm,7 am–5 pm,7 am–5 pm,"https://www.google.com/maps/search/garage+door+services+in+Wilmington+Island+Savannah+GA/@32.0035477,-80.973723,14z",2025-11-07T23:31:01.393Z,,
,,,,,,,,,,,,,,,,,,,,"https://www.google.com/maps/search/garage+door+services+in+Chatham+County+Savannah+GA/@32.0808989,-81.091203,14z",2025-11-07T23:31:23.829Z,,No new results found
https://www.google.com/maps/place/Robinson+Car+Park/data=!4m7!3m6!1s0x88fb9e67a2841a97:0x3a25df4634dd675f!8m2!3d32.0787824!4d-81.0964172!16s%2Fg%2F1hdzhrj2h!19sChIJlxqEomee-4gRX2fdNEbfJTo,Robinson Car Park,4.2,242,Parking garage,"132 Montgomery St, Savannah, GA 31401, United States","3WH3+GC Savannah, Georgia, USA",http://www.savannahga.gov/Facilities/Facility/Details/Robinson-Parking-Garage-150,+1 912-651-6478,Open ⋅ Closes 1 am,,https://lh3.googleusercontent.com/gps-cs-s/AG0ilSzDBTcBKchnKTTaDXOVcnkjjGtbpwZEwb9zjin7hsA-hQraU02-CHBbpSGMo4vhs-zHY6mQTw0FgRBCI-N6Dvs70UkV7qq5mRoz_actesEcikkV-m_ZaGTO0sswS6JI7znIaq0=w408-h544-k-no,false,5 am–1 am,5 am–1 am,5 am–1 am,5 am–1 am,5 am–1 am,5 am–1 am,5 am–1 am,"https://www.google.com/maps/search/garage+door+services+in+Southside+Savannah+Savannah+GA/@32.0808989,-81.091203,14z",2025-11-07T23:31:47.003Z,,
https://www.google.com/maps/place/German+Auto+Service/data=!4m7!3m6!1s0x88fb9dbc29c36ac1:0x8577a90227ea848a!8m2!3d32.0653458!4d-81.0494702!16s%2Fg%2F1xb2ffff!19sChIJwWrDKbyd-4gRioTqJwKpd4U,German Auto Service,4.2,89,Car repair and maintenance service,"2603 Causton Bluff Rd, Savannah, GA 31404, United States","3X82+46 Savannah, Georgia, USA",,+1 912-355-8800,Closed ⋅ Opens 8 am Mon,LGBTQ+ friendly,https://lh3.googleusercontent.com/p/AF1QipP2FyZJCcXHmKReFR8XaH0LNAcJE_ROS-736BhO=w426-h240-k-no,true,8 am–5 pm,Closed,Closed,8 am–6 pm,8 am–6 pm,8 am–6 pm,8 am–5 pm,"https://www.google.com/maps/search/garage+door+services+in+Southside+Savannah+Savannah+GA/@32.0808989,-81.091203,14z",2025-11-07T23:31:52.223Z,,
https://www.google.com/maps/place/Thomas+Liquidation+Center/data=!4m7!3m6!1s0x88fb9d7cede6f2db:0xcc22c3f2476063c6!8m2!3d32.0712277!4d-81.0616195!16s%2Fg%2F11fl5h65bq!19sChIJ2_Lm7Xyd-4gRxmNgR_LDIsw,Thomas Liquidation Center,4.3,67,Liquidator,"1734 E President St, Savannah, GA 31404, United States","3WCQ+F9 Savannah, Georgia, USA",https://thomasliquidationcenter.com/,+1 912-999-6136,Closed ⋅ Opens 10 am Sat,,https://lh3.googleusercontent.com/p/AF1QipNTPwhaDyfQx-2q2-hPszzFksZksUuTwCkvZ_7c=w408-h544-k-no,true,10 am–6 pm,10 am–6 pm,10 am–6 pm,10 am–6 pm,Closed,10 am–6 pm,10 am–5 pm,"https://www.google.com/maps/search/garage+door+services+in+Southside+Savannah+Savannah+GA/@32.0808989,-81.091203,14z",2025-11-07T23:31:57.370Z,,
https://www.google.com/maps/place/Bryan+Street+Car+Park/data=!4m7!3m6!1s0x88fb9e645ba7e2a9:0x7a81f40f5bf4b8db!8m2!3d32.0799708!4d-81.0897391!16s%2Fg%2F1v6p9q1r!19sChIJqeKnW2Se-4gR27j0Ww_0gXo,Bryan Street Car Park,3.9,356,Parking garage,"100 E Bryan St, Savannah, GA 31401, United States","3WH6+X4 Savannah, Georgia, USA",https://www.savannahga.gov/2516/Parking-Garages,+1 912-651-6477,Open 24 hours,,https://lh3.googleusercontent.com/gps-cs-s/AG0ilSxKDJZ6Xs2ZXN1SpVASbkuz81T41yS7gT5yTj-ksQnO2HycBFcEuI_jq6kp2-TU2erQrSTwbOez8GmuGOzmI9qIeyxAxnoYegYQfklXsrDb06UXk-q2ezyvWlRfnDFSPZmFb60=w408-h306-k-no,false,Open 24 hours,Open 24 hours,Open 24 hours,Open 24 hours,Open 24 hours,Open 24 hours,Open 24 hours,"https://www.google.com/maps/search/garage+door+services+in+Southside+Savannah+Savannah+GA/@32.0808989,-81.091203,14z",2025-11-07T23:32:02.531Z,,
https://www.google.com/maps/place/Yates-Astro+Termite+%26+Pest+Control/data=!4m7!3m6!1s0x88fb9fbb0b4062f7:0xd3174af951848d46!8m2!3d32.0795903!4d-81.1332687!16s%2Fg%2F1tfstr25!19sChIJ92JAC7uf-4gRRo2EUflKF9M,Yates-Astro Termite & Pest Control,4.9,1838,Pest control service,"1002 Lynes Ave, Savannah, GA 31415, United States","3VH8+RM Savannah, Georgia, USA",https://www.yates-astro.com/,+1 912-513-3425,Closed ⋅ Opens 8 am Mon,,https://lh3.googleusercontent.com/p/AF1QipO6rxZsJ60EJDncHPMwO2hHTmS-bvtLT8G-5y1W=w408-h408-k-no,true,8 am–4:30 pm,Closed,Closed,8 am–4:30 pm,8 am–4:30 pm,8 am–4:30 pm,8 am–4:30 pm,"https://www.google.com/maps/search/garage+door+services+in+Southside+Savannah+Savannah+GA/@32.0808989,-81.091203,14z",2025-11-07T23:32:07.599Z,,
https://www.google.com/maps/place/Service+Brewing+Co./data=!4m7!3m6!1s0x88fb9e5e3bd2821f:0xeac360283a461669!8m2!3d32.0844154!4d-81.0984767!16s%2Fg%2F1yhbl7_r9!19sChIJH4LSO16e-4gRaRZGOihgw-o,Service Brewing Co.,4.8,647,Brewery,"574 Indian St, Savannah, GA 31401, United States","3WM2+QJ Savannah, Georgia, USA",http://servicebrewing.com/,+1 912-358-1002,Open ⋅ Closes 10 pm,Identifies as veteran-owned,https://lh3.googleusercontent.com/p/AF1QipNJqFhtwIc6XrSUot2LxJeALqjOFl_eKeEtLn1T=w408-h289-k-no,true,12–10 pm,12–10 pm,12:30–6 pm,Closed,Closed,4–9 pm,4–9 pm,"https://www.google.com/maps/search/garage+door+services+in+Southside+Savannah+Savannah+GA/@32.0808989,-81.091203,14z",2025-11-07T23:32:13.025Z,· Takeaway · Delivery,
https://www.google.com/maps/place/Whitaker+Street+Car+Park/data=!4m7!3m6!1s0x88fb9e66a2ba7317:0x39487d6e7847ead8!8m2!3d32.0807631!4d-81.0926797!16s%2Fg%2F1tdl6z_g!19sChIJF3O6omae-4gR2OpHeG59SDk,Whitaker Street Car Park,3.9,488,Parking garage,"7 Whitaker St, Savannah, GA 31401, United States","3WJ4+8W Savannah, Georgia, USA",https://www.savannahga.gov/facilities/facility/details/whitaker-street-parking-garage-152,+1 912-525-2820,Open 24 hours,,https://lh3.googleusercontent.com/gps-cs-s/AG0ilSxLSUYdg4ABFzOUImYE9LETDpCcqH_8zDoJjt40JlJ6MIB1-XlATWyHBI5GtSAFiwiWLbQc7ac4JjxBmS_f8OsnEzlQsbnWlRTiUb0i1nUNfxKPyyhUv5WRq0u5v90T5A3AJSJusCCyXAd3=w408-h306-k-no,false,Open 24 hours,Open 24 hours,Open 24 hours,Open 24 hours,Open 24 hours,Open 24 hours,Open 24 hours,"https://www.google.com/maps/search/garage+door+services+in+Southside+Savannah+Savannah+GA/@32.0808989,-81.091203,14z",2025-11-07T23:32:18.157Z,,
https://www.google.com/maps/place/Artifex+Carpentry+%26+Woodwork/data=!4m7!3m6!1s0x89c657188d18db89:0xb40db61f76585a97!8m2!3d32.3517075!4d-82.1957124!16s%2Fg%2F11h2kbm732!19sChIJidsYjRhXxokRl1pYdh-2DbQ,Artifex Carpentry & Woodwork,5.0,31,Carpenter,,,http://byartifex.com/,+1 484-557-7623,Closed ⋅ Opens 8 am Mon,,https://lh3.googleusercontent.com/p/AF1QipM32P591eGHncHwMLZQKRtANvXjo3YnK-nHSeLY=w408-h306-k-no,true,8 am–5 pm,Closed,Closed,8 am–5 pm,8 am–5 pm,8 am–5 pm,8 am–5 pm,"https://www.google.com/maps/search/garage+door+services+in+Southside+Savannah+Savannah+GA/@32.0808989,-81.091203,14z",2025-11-07T23:32:23.091Z,,
https://www.google.com/maps/place/Planters+Inn/data=!4m7!3m6!1s0x88fb9e644c4f56b9:0x16b32bb8000f80a8!8m2!3d32.079252!4d-81.089939!16s%2Fg%2F1vl9sbr7!19sChIJuVZPTGSe-4gRqIAPALgrsxY,Planters Inn,4.2,1002,,"29 Abercorn St, Savannah, GA 31401, United States","3WH6+P2 Savannah, Georgia, USA",https://www.plantersinnsavannah.com/?utm_source=google&utm_medium=organic&utm_campaign=business_listing,+1 800-554-1187,,,https://lh3.googleusercontent.com/p/AF1QipMys_JfNeM4gjmTIQZnwguFcNNq0uXwlfFJEQ8S=w408-h268-k-no,true,,,,,,,,"https://www.google.com/maps/search/garage+door+services+in+Southside+Savannah+Savannah+GA/@32.0808989,-81.091203,14z",2025-11-07T23:32:26.328Z,,
https://www.google.com/maps/place/Lincoln+Street+iParkit+Garage/data=!4m7!3m6!1s0x88fb9e64e6d9cec3:0x425962a1ba40a1f9!8m2!3d32.0790235!4d-81.088047!16s%2Fg%2F1tr7dn9z!19sChIJw87Z5mSe-4gR-aFAuqFiWUI,Lincoln Street iParkit Garage,3.7,152,Parking garage,"20 Lincoln St, Savannah, GA 31401, United States","3WH6+JQ Savannah, Georgia, USA",https://www.iparkit.com/locations/20-lincoln-street?utm_source=googlemybusinesslisting&utm_medium=organic&utm_campaign=AT101Profile,+1 912-659-0264,Open 24 hours,LGBTQ+ friendly,https://lh3.googleusercontent.com/gps-cs-s/AG0ilSzZTK1fpdU-A7O1WAJirQAnx0aio1lb34pIk8mUb1t9venHYYqL8qkh0XnKkpFEZf0UvVBVqVDF9d_lmfbqTcHWR23viYla-WhaYKt3YXZIJKifu5gQZB_cD0Srp_5wISbAn0ky=w408-h306-k-no,true,Open 24 hours,Open 24 hours,Open 24 hours,Open 24 hours,Open 24 hours,Open 24 hours,Open 24 hours,"https://www.google.com/maps/search/garage+door+services+in+Southside+Savannah+Savannah+GA/@32.0808989,-81.091203,14z",2025-11-07T23:32:31.373Z,,
https://www.google.com/maps/place/Riverworks/data=!4m7!3m6!1s0x88fb9f4849ee0527:0x2b661324cc79064b!8m2!3d32.0777252!4d-81.0796068!16s%2Fg%2F11j2lwjm9k!19sChIJJwXuSUif-4gRSwZ5zCQTZis,Riverworks,4.5,147,Apartment rental agency,"301 Passage Way, Savannah, GA 31401, United States","3WHC+35 Savannah, Georgia, USA",https://www.riverworksapts.com/,+1 912-348-9644,Closed ⋅ Opens 10 am Sat,,https://lh3.googleusercontent.com/gps-cs-s/AG0ilSx7kQvLKpzJKZ1_6JYOja4JV-bh4PndYIbQfMpvjIkqyC7K-hlbEUEgP1hPl6sCA3yGTjRmf1md554_9zifZhB3VEC9mwBJhYtulIoGWfAJcmzBLGXVuGDW-qnnFkwAZM4B9pWCrA=w408-h306-k-no,true,9 am–6 pm,10 am–5 pm,Closed,9 am–6 pm,9 am–6 pm,9 am–6 pm,9 am–6 pm,"https://www.google.com/maps/search/garage+door+services+in+Southside+Savannah+Savannah+GA/@32.0808989,-81.091203,14z",2025-11-07T23:32:36.663Z,,
"https://www.google.com/maps/place/Hollingsworth+Auto+Service,+Inc.+Downtown/data=!4m7!3m6!1s0x88fb9e4188ff6935:0x3fc40850a46c93a!8m2!3d32.0709639!4d-81.0996172!16s%2Fg%2F1tkmndql!19sChIJNWn_iEGe-4gROslGCoVA_AM","Hollingsworth Auto Service, Inc. Downtown",4.5,375,Auto body shop,"500 Montgomery St, Savannah, GA 31401, United States","3WC2+95 Savannah, Georgia, USA",https://hollingsworthauto.com/,+1 912-234-6651,Closed ⋅ Opens 8 am Mon,LGBTQ+ friendly,https://lh3.googleusercontent.com/p/AF1QipOTwn6lPlxjPKzdKwdOZ4vHZhV_nm6PssJHGVQc=w426-h240-k-no,true,8 am–5 pm,Closed,Closed,8 am–5 pm,8 am–5 pm,8 am–5 pm,8 am–5 pm,"https://www.google.com/maps/search/garage+door+services+in+Southside+Savannah+Savannah+GA/@32.0808989,-81.091203,14z",2025-11-07T23:32:41.664Z,,
https://www.google.com/maps/place/RNR+Home+Improvements+LLC/data=!4m7!3m6!1s0x88fb761c532fd99f:0x994a8cdb0b12fc7c!8m2!3d32.0375586!4d-81.0612121!16s%2Fg%2F11c0w16c29!19sChIJn9kvUxx2-4gRfPwSC9uMSpk,RNR Home Improvements LLC,4.9,19,Building restoration service,"2221 Rowland Ave, Savannah, GA 31404, United States","2WQQ+2G Savannah, Georgia, USA",http://rnrhomeimprovements.com/,+1 610-291-3799,Closed ⋅ Opens 8 am Sat,,https://lh3.googleusercontent.com/gps-cs-s/AG0ilSzgILXCSHhli-yTu_l1gm0japPPLi7D-Z9FOV_ZNc-R18ZW0SduDLMl03r5FxCyw10ELpUIlt-YiutxQyTyMwyYi_qpA0Hr1Fyhq6rT3BInaVMHetfHOWyDpF_BhHGgdWH4Kr7C3npixx-0=w408-h306-k-no,true,8 am–5 pm,8 am–5 pm,Closed,8 am–5 pm,8 am–5 pm,8 am–5 pm,8 am–5 pm,"https://www.google.com/maps/search/garage+door+services+in+Southside+Savannah+Savannah+GA/@32.0808989,-81.091203,14z",2025-11-07T23:32:46.766Z,,
https://www.google.com/maps/place/Sell+Co.+Liquidation/data=!4m7!3m6!1s0x88fb75249545c02f:0x5cfaafe5f3ba3470!8m2!3d32.0422391!4d-81.1123006!16s%2Fg%2F11pqsbkrt2!19sChIJL8BFlSR1-4gRcDS68-Wv-lw,Sell Co. Liquidation,5.0,723,Home improvement store,"4205 Montgomery St, Savannah, GA 31405, United States","2VRQ+V3 Savannah, Georgia, USA",http://www.sellcoliquidation.com/,+1 912-891-0912,Closed ⋅ Opens 10 am Sat,,https://lh3.googleusercontent.com/gps-cs-s/AG0ilSyriR6LzuMXAiqzqHool-z_DOMb3j2SEDHk4y9-PPx4C3XtRouFhe_Q8BrkqA53Nb167KUTB2_83ufDKcO5gATOoF6I3_GxUi8Dae2EkG4DgDYnuRHEVCAMPRVuASk0DDdg-d3N_w=w408-h306-k-no,true,12–6 pm,10 am–3 pm,10 am–3 pm,12–6 pm,12–6 pm,12–6 pm,12–6 pm,"https://www.google.com/maps/search/garage+door+services+in+Midtown+Savannah+Savannah+GA/@32.0495358,-81.0937133,14z",2025-11-07T23:33:10.705Z,· In-store pick-up,
https://www.google.com/maps/place/Home+Services+at+The+Home+Depot/data=!4m7!3m6!1s0x88fb9df89a2db58f:0x689340e11ebbba6c!8m2!3d32.041775!4d-81.0682146!16s%2Fg%2F11ckvl3v2c!19sChIJj7Utmvid-4gRbLq7HuFAk2g,Home Services at The Home Depot,4.5,2,Contractor,"1901 E Victory Dr, Savannah, GA 31404, United States","2WRJ+PP Savannah, Georgia, USA",https://www.homedepot.com/l/East-Savannah/GA/Savannah/31404/170/services?emt=HSGMBGoogleMaps,+1 844-476-2140,Open ⋅ Closes 10 pm,,https://lh3.googleusercontent.com/p/AF1QipNCvMb0LY1nLsnq8FMJ2aX1LZ8iU_ca2Yn3mHGP=w408-h272-k-no,true,6 am–10 pm,6 am–10 pm,8 am–8 pm,6 am–10 pm,6 am–10 pm,6 am–10 pm,6 am–10 pm,"https://www.google.com/maps/search/garage+door+services+in+Midtown+Savannah+Savannah+GA/@32.0495358,-81.0937133,14z",2025-11-07T23:33:15.628Z,,
https://www.google.com/maps/place/Savannah+Dumpster+Rental/data=!4m7!3m6!1s0x88fb9f0efd2c2437:0xdb8bcb2ab59bc47f!8m2!3d32.0443587!4d-81.0757532!16s%2Fg%2F11wbnvwg3y!19sChIJNyQs_Q6f-4gRf8SbtSrLi9s,Savannah Dumpster Rental,4.9,48,Dumpster rental service,"2812 Williams St, Savannah, GA 31404, United States","2WVF+PM Savannah, Georgia, USA",https://www.savannahdumpsterrental.click/,+1 912-461-2695,Open ⋅ Closes 10 pm,,https://lh3.googleusercontent.com/p/AF1QipMioK-UTKm9vqQenmDUyStDu9qEvX79lWF4o6f4=w408-h306-k-no,true,4 am–10 pm,4 am–10 pm,4 am–10 pm,4 am–10 pm,4 am–10 pm,4 am–10 pm,4 am–10 pm,"https://www.google.com/maps/search/garage+door+services+in+Midtown+Savannah+Savannah+GA/@32.0495358,-81.0937133,14z",2025-11-07T23:33:20.499Z,,
https://www.google.com/maps/place/Brannen+Construction+Co/data=!4m7!3m6!1s0x88fb75f093f465b9:0x1d496c7b69b4f802!8m2!3d32.0345722!4d-81.0870998!16s%2Fg%2F1td548rx!19sChIJuWX0k_B1-4gRAvi0aXtsSR0,Brannen Construction Co,4.7,11,Home builder,"1311 E 59th St, Savannah, GA 31404, United States","2WM7+R5 Savannah, Georgia, USA",http://www.brannenconstruction.com/,+1 912-355-1966,,,https://lh3.googleusercontent.com/gps-cs-s/AG0ilSwyeL1I08QmXRAVJZvXBDoOz9SnG0mf-vk_XmcvAim-iA_z4P5LrkBcxfYmIviAK9VGjTDdbNWMQVQ7SjeRojq7qGKzYUQR24VBr7n4nLJ-1imQsfjMAn9eFrXTrtW2buYaqMbX3A=w408-h725-k-no,true,,,,,,,,"https://www.google.com/maps/search/garage+door+services+in+Midtown+Savannah+Savannah+GA/@32.0495358,-81.0937133,14z",2025-11-07T23:33:23.594Z,,
https://www.google.com/maps/place/Budget+Blinds+of+Savannah/data=!4m7!3m6!1s0x88fb9e1454962b2f:0xc340ba8123c33419!8m2!3d32.0358919!4d-81.056708!16s%2Fg%2F11bxbbymgh!19sChIJLyuWVBSe-4gRGTTDI4G6QMM,Budget Blinds of Savannah,4.9,226,Blinds shop,"3013 E Victory Dr, Savannah, GA 31404, United States","2WPV+98 Savannah, Georgia, USA",https://budgetblinds.com/savannah,+1 912-344-4200,Closed ⋅ Opens 9 am Mon,,https://lh3.googleusercontent.com/gps-cs-s/AG0ilSxXgn1mJPcTN-wpAgKzyq21Ge4jlj43YChOqKLg6kgKyrzijTHf417vykpfK6WMXBXpHCbamc7DkVweinj_03HrAUEM8YEHkQhdngfyyeDqwZ__-3q-JxrkudrpSvN7NEf7PFNS79Uvhoo=w408-h544-k-no,true,9 am–2 pm,Closed,Closed,9 am–5 pm,9 am–5 pm,9 am–5 pm,9 am–5 pm,"https://www.google.com/maps/search/garage+door+services+in+Midtown+Savannah+Savannah+GA/@32.0495358,-81.0937133,14z",2025-11-07T23:33:28.634Z,· In-store shopping · Delivery,
https://www.google.com/maps/place/The+Home+Depot/data=!4m7!3m6!1s0x88fb7602f23b2e97:0xa0ba9f69be3d69d6!8m2!3d32.0420937!4d-81.0682775!16s%2Fg%2F1td392tv!19sChIJly478gJ2-4gR1mk9vmmfuqA,The Home Depot,4.1,1804,Home improvement store,"1901 E Victory Dr, Savannah, GA 31404, United States","2WRJ+RM Savannah, Georgia, USA",https://www.homedepot.com/l/East-Savannah/GA/Savannah/31404/170?emt=MSGMBGoogleMaps,+1 912-352-3562,,,https://lh3.googleusercontent.com/gps-cs-s/AG0ilSycNngD8BM2VsJMY5qU_Y349ydJv6_0rBEUqHYd83SRR1XnWnL3vzajSpLVF5OmOKnTLbopRuAxzpIphUZCUH5ttLU7s-mbMAP8zL2F8Ll2rHkyG2WTpDiADBoWvzAhkhCui80f0kvW4fE=w408-h306-k-no,true,6 am–7:30 pm,6 am–7:30 pm,8 am–7:30 pm,6 am–7:30 pm,6 am–7:30 pm,6 am–7:30 pm,6 am–7:30 pm,"https://www.google.com/maps/search/garage+door+services+in+Midtown+Savannah+Savannah+GA/@32.0495358,-81.0937133,14z",2025-11-07T23:33:33.835Z,"Chain home improvement retailer for tools, appliances & other products (some offer truck rentals). · In-store shopping · Kerbside pickup · Delivery",
https://www.google.com/maps/place/Liberty+Street+Parking+Garage/data=!4m7!3m6!1s0x88fb9f7fb68df003:0xa4b27dff734719fc!8m2!3d32.0751354!4d-81.0974808!16s%2Fg%2F11y1dzhrq6!19sChIJA_CNtn-f-4gR_BlHc_99sqQ,Liberty Street Parking Garage,3.8,26,Parking garage,"301 W Liberty St, Savannah, GA 31401, United States","3WG3+32 Savannah, Georgia, USA",https://www.savannahga.gov/facilities/facility/details/liberty-street-parking-garage-149,+1 912-644-5934,Open 24 hours,,https://lh3.googleusercontent.com/gps-cs-s/AG0ilSy1Z25zbbfFh-JLkyKVIlujQc0sN73L1o5K4yDvt6pumvKbp0xL7d1TUlIPZJK-nfHtK4iMAgSTXyri_iYaXbG8gf2zkXLmhmH0O0BAgHe6W9necXSfSZI34hCw0dqg4GR1MHjQag=w408-h544-k-no,false,Open 24 hours,Open 24 hours,Open 24 hours,Open 24 hours,Open 24 hours,Open 24 hours,Open 24 hours,"https://www.google.com/maps/search/garage+door+services+in+Midtown+Savannah+Savannah+GA/@32.0495358,-81.0937133,14z",2025-11-07T23:33:39.617Z,,
https://www.google.com/maps/place/Mr.+Electric+of+The+Low+Country/data=!4m7!3m6!1s0x88fb77fa0ae1be31:0xa992aae6174e6d82!8m2!3d32.3732416!4d-80.8188384!16s%2Fg%2F11j2smds_1!19sChIJMb7hCvp3-4gRgm1OF-aqkqk,Mr. Electric of The Low Country,5.0,12,Electrician,,,https://mrelectric.com/the-low-country/?cid=LSTL_MRE000196&utm_source=gmb&utm_campaign=local&utm_medium=organic,+1 843-314-5903,Closed ⋅ Opens 8 am Mon,Identifies as veteran-owned,https://lh3.googleusercontent.com/p/AF1QipOBC9JOwiFyoo6--LBkpPWecVR-3J7STRtk0qo6=w426-h240-k-no,true,8 am–4:30 pm,Closed,Closed,8 am–4:30 pm,8 am–4:30 pm,8 am–4:30 pm,8 am–4:30 pm,"https://www.google.com/maps/search/garage+door+services+in+Midtown+Savannah+Savannah+GA/@32.0495358,-81.0937133,14z",2025-11-07T23:33:44.400Z,,
https://www.google.com/maps/place/The+Lowe/data=!4m7!3m6!1s0x88fb9fe809864031:0xf295d2f48414894c!8m2!3d32.0626859!4d-81.1030666!16s%2Fg%2F11tckyf5qf!19sChIJMUCGCeif-4gRTIkUhPTSlfI,The Lowe,4.6,32,Apartment complex,"1501 Montgomery St, Savannah, GA 31401, United States","3V7W+3Q Savannah, Georgia, USA",https://www.theloweapartments.com/,+1 912-358-1144,Closed ⋅ Opens 9 am Mon,,https://lh3.googleusercontent.com/p/AF1QipN4zueUh9bWFQG_oXNPVjv8K6UbgCMZK3kPgri6=w408-h272-k-no,true,9 am–5 pm,Closed,Closed,9 am–5 pm,9 am–5 pm,9 am–5 pm,9 am–5 pm,"https://www.google.com/maps/search/garage+door+services+in+Midtown+Savannah+Savannah+GA/@32.0495358,-81.0937133,14z",2025-11-07T23:33:49.643Z,· Dogs allowed,
https://www.google.com/maps/place/Mavis+Tires+%26+Brakes/data=!4m7!3m6!1s0x88fb75f13a8f4afb:0xe3cdafa103b0020!8m2!3d32.0360171!4d-81.0899786!16s%2Fg%2F1tfv5zzr!19sChIJ-0qPOvF1-4gRIAA7EPraPA4,Mavis Tires & Brakes,4.6,1265,Tire shop,"4318 Waters Ave, Savannah, GA 31404, United States","2WP6+C2 Savannah, Georgia, USA",https://www.mavis.com/locations/savannah-waters-ave-ga?utm_source=yext&utm_medium=organic&utm_campaign=gmb&stnum=868,+1 912-208-9008,Closed ⋅ Opens 8 am Sat,LGBTQ+ friendly,https://lh3.googleusercontent.com/p/AF1QipM6bwkb6f_61Ft2ta74ijdvRpo2xkNi3nuDIOha=w426-h240-k-no,true,8 am–6 pm,8 am–5 pm,9 am–5 pm,8 am–6 pm,8 am–6 pm,8 am–6 pm,8 am–8:30 pm,"https://www.google.com/maps/search/garage+door+services+in+Midtown+Savannah+Savannah+GA/@32.0495358,-81.0937133,14z",2025-11-07T23:33:54.885Z,· In-store pick-up,
,,,,,,,,,,,,,,,,,,,,"https://www.google.com/maps/search/garage+door+services+in+West+Chatham+Savannah+GA/@32.0808989,-81.091203,14z",2025-11-07T23:34:10.864Z,,No new results found
,,,,,,,,,,,,,,,,,,,,"https://www.google.com/maps/search/garage+door+services+in+Isle+of+Hope+Savannah+GA/@31.9818802,-81.0609446,14z",2025-11-07T23:34:27.114Z,,No new results found
,,,,,,,,,,,,,,,,,,,,"https://www.google.com/maps/search/garage+door+services+in+Ebenezer+Creek+Savannah+GA/@32.0808989,-81.091203,14z",2025-11-07T23:34:42.647Z,,No new results found
,,,,,,,,,,,,,,,,,,,,"https://www.google.com/maps/search/garage+door+services+in+Highpoint+Savannah+GA/@32.0808989,-81.091203,14z",2025-11-07T23:34:59.940Z,,No new results found
,,,,,,,,,,,,,,,,,,,,"https://www.google.com/maps/search/garage+door+services+in+Kensington+Park+Savannah+GA/@32.0221243,-81.1016779,14z",2025-11-07T23:35:15.329Z,,No new results found
,,,,,,,,,,,,,,,,,,,,"https://www.google.com/maps/search/garage+door+services+in+Spring+Hill+Savannah+GA/@32.0294632,-81.0804117,14z",2025-11-07T23:35:31.229Z,,No new results found
https://www.google.com/maps/place/Spartan+Electric/data=!4m7!3m6!1s0x88fb753589b5eb49:0x269a51ad8ecc4f6b!8m2!3d32.02472!4d-81.1600902!16s%2Fg%2F11dzdk087g!19sChIJSeu1iTV1-4gRa0_Mjq1RmiY,Spartan Electric,4.4,69,Electrician,"6024 Garrard Ave lot e, Savannah, GA 31405, United States","2RFQ+VX Savannah, Georgia, USA",http://electricalcontractorssavannah.com/,+1 912-663-5379,Closed ⋅ Opens 9 am Sat,,https://lh3.googleusercontent.com/p/AF1QipOtxDH8A3E_xA3zFzUbUu70-_wF1CvseH0wsk-l=w426-h240-k-no,true,8 am–5 pm,9 am–4:30 pm,Closed,8 am–5 pm,8 am–5 pm,8 am–5 pm,8 am–5 pm,"https://www.google.com/maps/search/garage+door+services+in+Berwick+Savannah+GA/@31.9961882,-81.1412583,14z",2025-11-07T23:35:54.710Z,,
https://www.google.com/maps/place/Berwick+Ace+Hardware/data=!4m7!3m6!1s0x88fb75a71ad79c4b:0xf036c5f92138211f!8m2!3d32.0283229!4d-81.2245192!16s%2Fg%2F11lc3djtps!19sChIJS5zXGqd1-4gRHyE4IfnFNvA,Berwick Ace Hardware,4.6,648,Hardware store,"5698 Ogeechee Rd, Savannah, GA 31405, United States","2QHG+85 Savannah, Georgia, USA",http://www.acehardware.com/store-details/17462?utm_source=google&utm_medium=local&utm_campaign=localmaps&utm_content=17462,+1 912-219-3619,Open ⋅ Closes 8 pm,,https://lh3.googleusercontent.com/gps-cs-s/AG0ilSxzoJ8ONN_W25BkNIO60jgJfLOwI8N0elXC6-vna1yXX7ynwdut0EArpIPYJDQtPiScazq9H569iOolQt6S7n3YmXX3F8qPpNevhVZkwnHHC1Ph4-8umxB62aFV2kS-FoDD6GOzs6OEqwtT=w408-h306-k-no,true,7 am–8 pm,7 am–8 pm,8 am–7 pm,7 am–8 pm,7 am–8 pm,7 am–8 pm,7 am–8 pm,"https://www.google.com/maps/search/garage+door+services+in+Berwick+Savannah+GA/@31.9961882,-81.1412583,14z",2025-11-07T23:36:00.003Z,"Hardware store stocking household tools, garden supplies, home decor & more. · In-store shopping · Kerbside pickup · Delivery",