placeUrl,title,rating,reviewCount,category,address,plusCode,website,phoneNumber,currentStatus,imgUrl,isClaimed,friday,saturday,sunday,monday,tuesday,wednesday,thursday,query,timestamp,info,error,attributes
https://www.google.com/maps/place/Overhead+Door+Company+of+Springfield/data=!4m7!3m6!1s0x87cf62561c2c2e07:0xe24e157699159322!8m2!3d37.2149631!4d-93.2988094!16s%2Fg%2F1tgpbtc5!19sChIJBy4sHFZiz4cRIpMVmXYVTuI,Overhead Door Company of Springfield,4.8,948,Garage door supplier,"707 N Grant Ave, Springfield, MO 65802, United States","6P72+XF Springfield, Missouri, USA",https://overheaddoorspringfield.com/,+1 417-862-9339,Open 24 hours,https://lh3.googleusercontent.com/p/AF1QipOLkY_T2wvg4q3UjVYZdEAxLKWp-U5qRe410xVK=w408-h397-k-no,true,Open 24 hours,Open 24 hours,Open 24 hours,Open 24 hours,Open 24 hours,Open 24 hours,Open 24 hours,"https://www.google.com/maps/search/garage+door+services+in+Springfield+Springfield+MO/@37.2089572,-93.2922989,14z",2025-11-07T23:24:37.231Z,,,
https://www.google.com/maps/place/Precision+Garage+Door+Service+of+Springfield/data=!4m7!3m6!1s0x87cf7d75791a8385:0x10cfbb9fee7b1d64!8m2!3d37.1807668!4d-93.2515238!16s%2Fg%2F11y49qz50p!19sChIJhYMaeXV9z4cRZB177p-7zxA,Precision Garage Door Service of Springfield,5.0,143,Garage door supplier,"2200 E Sunshine St Ste 134, Springfield, MO 65804, United States","5PJX+89 Springfield, Missouri, USA",https://precisiondoorswmo.com/?utm_source=gmb&utm_medium=location_springfield&utm_campaign=website,+1 417-695-5728,Open ⋅ Closes 7 pm,https://lh3.googleusercontent.com/gps-cs-s/AG0ilSyVv796aV1tl7t0hbyHX2afYnaJsySPPMzn6-X25gsfYa6c5HWwM2f4AvlzLokQnSbccsv7y7IqJuF4OnXyZ1macolBKsCPFG3a7v3xtgq_0VmFFhWeAwSy2xzUbxfloI0_yIYy=w408-h306-k-no,true,7 am–7 pm,7 am–7 pm,Closed,7 am–7 pm,7 am–7 pm,7 am–7 pm,7 am–7 pm,"https://www.google.com/maps/search/garage+door+services+in+Springfield+Springfield+MO/@37.2089572,-93.2922989,14z",2025-11-07T23:24:42.895Z,,,
"https://www.google.com/maps/place/Greene+County+Garage+Doors,+LLC/data=!4m7!3m6!1s0x87cf64abe61defff:0xa37d758eef8faf1c!8m2!3d37.2253949!4d-93.27414!16s%2Fg%2F1tf296p9!19sChIJ_-8d5qtkz4cRHK-P7451faM","Greene County Garage Doors, LLC",5.0,412,Garage door supplier,"1224 E Division St, Springfield, MO 65803, United States","6PGG+58 Springfield, Missouri, USA",https://www.greenecountygaragedoors.com/,+1 417-222-2544,Open ⋅ Closes 12 am,https://lh3.googleusercontent.com/gps-cs-s/AG0ilSwAJkAxkygN6Cvfxp7hFnbg3M9-5IQHyrfUwNNpE_pYkyEXbIl65q8AmnUgUGQ_lSSSQkGAFY_lA-s2caVPqc-oBMT3VpDD4hZ1vkCSn6louJImndgp9LRJ2b5ZZ5oFPdghCDY=w408-h544-k-no,true,Open 24 hours,Closed,Closed,Open 24 hours,Open 24 hours,Open 24 hours,Open 24 hours,"https://www.google.com/maps/search/garage+door+services+in+Springfield+Springfield+MO/@37.2089572,-93.2922989,14z",2025-11-07T23:24:48.600Z,,,
https://www.google.com/maps/place/360+Garage+Door+and+More/data=!4m7!3m6!1s0x83e1bce800f6ad1d:0x2f890a76f755c0df!8m2!3d37.204992!4d-93.3195164!16s%2Fg%2F11r_tyb68s!19sChIJHa32AOi84YMR38BV93YKiS8,360 Garage Door and More,5.0,81,Garage door supplier,"2035 W Mt Vernon St, Springfield, MO 65802, United States","6M3J+X5 Springfield, Missouri, USA",http://www.360garagedoor.com/,+1 417-366-7360,Closed ⋅ Opens 8 am Mon,https://lh3.googleusercontent.com/p/AF1QipNx3dtiGPQjMx6FeAKPvCFmM9VKvDYM1NLcprwG=w408-h306-k-no,true,8 am–5 pm,Closed,Closed,8 am–5 pm,8 am–5 pm,8 am–5 pm,8 am–5 pm,"https://www.google.com/maps/search/garage+door+services+in+Springfield+Springfield+MO/@37.2089572,-93.2922989,14z",2025-11-07T23:24:53.428Z,,,
https://www.google.com/maps/place/Brookline+Doorworks/data=!4m7!3m6!1s0x87cf64feb979b177:0x86ea88da81133469!8m2!3d37.1278067!4d-93.2949844!16s%2Fg%2F1tjdxfj5!19sChIJd7F5uf5kz4cRaTQTgdqI6oY,Brookline Doorworks,4.9,807,Garage door supplier,"308 W Lakewood St, Springfield, MO 65810, United States","4PH4+42 Springfield, Missouri, USA",https://brooklinedoorworks.com/,+1 417-374-0382,Open 24 hours,https://lh3.googleusercontent.com/p/AF1QipNaJE6JsaugAtEbUBaN-donDpE5j6RkdoNx8pUf=w426-h240-k-no,true,Open 24 hours,Open 24 hours,Open 24 hours,Open 24 hours,Open 24 hours,Open 24 hours,Open 24 hours,"https://www.google.com/maps/search/garage+door+services+in+Springfield+Springfield+MO/@37.2089572,-93.2922989,14z",2025-11-07T23:24:58.337Z,LGBTQ+ friendly,,
https://www.google.com/maps/place/Springfield+Door+Services/data=!4m7!3m6!1s0x87cf7cd5c96e7637:0x94ada02b31ff4ea4!8m2!3d37.2074836!4d-93.2543915!16s%2Fg%2F1tp2_xqh!19sChIJN3ZuydV8z4cRpE7_MSugrZQ,Springfield Door Services,4.0,4,Garage door supplier,"2114 E McDaniel St, Springfield, MO 65802, United States","6P4W+X6 Springfield, Missouri, USA",,+1 417-832-0933,,https://lh3.googleusercontent.com/gps-cs-s/AG0ilSwyanU5g1AQm6dcQz7Idau41o45GC_Qeed3WS9DQGSB9yTvbpLLA8hnubdiGbXdATqFZvaeDL3LdB2Ft7oGVsx-P266Ebb8mrBblLHvIdTP1dQRRl_RXzQX5L5uh61JUG0tutst=w408-h272-k-no,false,,,,,,,,"https://www.google.com/maps/search/garage+door+services+in+Springfield+Springfield+MO/@37.2089572,-93.2922989,14z",2025-11-07T23:25:01.164Z,,,
https://www.google.com/maps/place/Renner+Garage+Door+of+Springfield/data=!4m7!3m6!1s0x87c5880113f86d7b:0x6adff948be3c6f7!8m2!3d37.2556577!4d-93.2629388!16s%2Fg%2F1tfv122b!19sChIJe234EwGIxYcR98bji5T_rQY,Renner Garage Door of Springfield,4.5,91,Garage door supplier,"3252 N Glenstone Ave B-100, Springfield, MO 65803, United States","7P4P+7R Springfield, Missouri, USA",https://www.rennersupply.com/,+1 417-833-1201,Closed ⋅ Opens 8 am Mon,https://lh3.googleusercontent.com/p/AF1QipMtFGvurnHOP8hbkSSELYtEw-I_3yUnMPfNagK3=w426-h240-k-no,true,8 am–4:30 pm,Closed,Closed,8 am–4:30 pm,8 am–4:30 pm,8 am–4:30 pm,8 am–4:30 pm,"https://www.google.com/maps/search/garage+door+services+in+Springfield+Springfield+MO/@37.2089572,-93.2922989,14z",2025-11-07T23:25:06.016Z,Identifies as women-owned,,
"https://www.google.com/maps/place/Garage+Door+Guy,+LLC/data=!4m7!3m6!1s0x87cf62fd8ad15967:0xa440f632f351d8bb!8m2!3d37.1687497!4d-93.4135903!16s%2Fg%2F11b7kf8hwy!19sChIJZ1nRiv1iz4cRu9hR8zL2QKQ","Garage Door Guy, LLC",4.9,1200,Repair service,"6238 W Farm Rd 156, Battlefield, MO 65619, United States","5H9P+FH Battlefield, Missouri, USA",http://www.mygaragedoorguy.com/,+1 417-232-3530,Closed ⋅ Opens 8 am Mon,https://lh3.googleusercontent.com/gps-cs-s/AG0ilSxy24Ps4iFnCMIKi5ztgPZ44M5rDgF2n8diOabG45SguziIf3PXQS1R5XK3uKTbBdPWOcSMpgDZ99DoIgc0NzHruPiSPucwzXf32fxeX1Ri9CxARpT7gt7xxOZtIxmLya8PgdZ6=w408-h544-k-no,true,8 am–5 pm,Closed,Closed,8 am–5 pm,8 am–5 pm,8 am–5 pm,8 am–5 pm,"https://www.google.com/maps/search/garage+door+services+in+Springfield+Springfield+MO/@37.2089572,-93.2922989,14z",2025-11-07T23:25:11.226Z,,,
https://www.google.com/maps/place/Access+Garage+Doors/data=!4m7!3m6!1s0x6f364be4788fc06f:0x5ddfb210885f5acb!8m2!3d36.358541!4d-92.9442859!16s%2Fg%2F11wwrkw67t!19sChIJb8CPeORLNm8Ry1pfiBCy310,Access Garage Doors,5.0,10,Garage door supplier,,,http://accessdoorspringfield.com/,+1 417-203-0552,Open ⋅ Closes 8 pm,https://lh3.googleusercontent.com/p/AF1QipPSTu_8wJtjy5JN8nM1axfq8b6vIRUzqe_hopCI=w512-h240-k-no,true,8 am–8 pm,8 am–8 pm,8 am–8 pm,8 am–8 pm,8 am–8 pm,8 am–8 pm,8 am–8 pm,"https://www.google.com/maps/search/garage+door+services+in+Springfield+Springfield+MO/@37.2089572,-93.2922989,14z",2025-11-07T23:25:15.963Z,,,
https://www.google.com/maps/place/American+Garage+Door+Service/data=!4m7!3m6!1s0xaeb25dce1b2394c7:0x8d01dbdcc8db835!8m2!3d36.9812835!4d-93.3581375!16s%2Fg%2F11smszl4mc!19sChIJx5QjG85dsq4RNbiNzL0d0Ag,American Garage Door Service,4.1,18,Garage door supplier,,,https://americangaragedooronline.com/,+1 417-889-9754,Open 24 hours,https://lh3.googleusercontent.com/gps-cs-s/AG0ilSzOZ2qpG9dmRkl-Nru-B576hrgjXYPz6X1BQ5DeOe030DUEp8v738Jy_4799K7-qgSm004TFj6auCEvrAr5fsNYJiSfy3quPK2YuPm7NCRJQMJw4LuFLgewnGay7z2PUQOSPzh3=w408-h306-k-no,true,Open 24 hours,Open 24 hours,Open 24 hours,Open 24 hours,Open 24 hours,Open 24 hours,Open 24 hours,"https://www.google.com/maps/search/garage+door+services+in+Springfield+Springfield+MO/@37.2089572,-93.2922989,14z",2025-11-07T23:25:20.634Z,,,
https://www.google.com/maps/place/Precision+Garage+Door/data=!4m7!3m6!1s0x87cf6faff62a7731:0x8f0b58c8706c17d8!8m2!3d37.0732541!4d-93.2943545!16s%2Fg%2F11scrw2dpt!19sChIJMXcq9q9vz4cR2BdscMhYC48,Precision Garage Door,5.0,714,Garage door supplier,"1605 N State Hwy CC, Nixa, MO 65714, United States","3PF4+87 Nixa, Missouri, USA",https://precisiondoorswmo.com/?utm_source=gmb&utm_medium=location_nixa&utm_campaign=website,+1 417-580-9345,Open ⋅ Closes 7 pm,https://lh3.googleusercontent.com/p/AF1QipPCgOevIc1RF2oOmFYpREWXycFEOc93Zj2cMLnw=w426-h240-k-no,true,7 am–7 pm,7 am–7 pm,Closed,7 am–7 pm,7 am–7 pm,7 am–7 pm,7 am–7 pm,"https://www.google.com/maps/search/garage+door+services+in+Springfield+Springfield+MO/@37.2089572,-93.2922989,14z",2025-11-07T23:25:25.694Z,,,
https://www.google.com/maps/place/Floors+and+Doors/data=!4m7!3m6!1s0x87cf631d0f07b035:0x72c043084ce1a3a0!8m2!3d36.9926415!4d-93.378082!16s%2Fg%2F11hhbv8_26!19sChIJNbAHDx1jz4cRoKPhTAhDwHI,Floors and Doors,5.0,6,Flooring contractor,,,,+1 417-689-6942,Closed ⋅ Opens 7 am Mon,https://lh3.googleusercontent.com/p/AF1QipMjAYEHZfB7wGWX35x3U6NF_gNdLXvZHm4DfpND=w426-h240-k-no,true,7 am–5 pm,Closed,Closed,7 am–5 pm,7 am–5 pm,7 am–5 pm,7 am–5 pm,"https://www.google.com/maps/search/garage+door+services+in+Springfield+Springfield+MO/@37.2089572,-93.2922989,14z",2025-11-07T23:25:30.285Z,,,
https://www.google.com/maps/place/Southwest+Door+%26+Hardware+LLC/data=!4m7!3m6!1s0x87cf62b429b0722b:0xfdd960eb156631cd!8m2!3d37.2341375!4d-93.2632464!16s%2Fg%2F1th0ywzh!19sChIJK3KwKbRiz4cRzTFmFetg2f0,Southwest Door & Hardware LLC,5.0,1,Door supplier,"1727 E Atlantic St A1, Springfield, MO 65803, United States","6PMP+MP Springfield, Missouri, USA",,+1 417-862-9855,,https://streetviewpixels-pa.googleapis.com/v1/thumbnail?panoid=UUYve-Z3LX5zxiMb9Qg9zw&cb_client=search.gws-prod.gps&w=408&h=240&yaw=272.66138&pitch=0&thumbfov=100,false,,,,,,,,"https://www.google.com/maps/search/garage+door+services+in+Springfield+Springfield+MO/@37.2089572,-93.2922989,14z",2025-11-07T23:25:33.126Z,,,
https://www.google.com/maps/place/Door+Service+Unlimited+Inc/data=!4m7!3m6!1s0x87cf641b3b84200f:0x789bba02db9c8da5!8m2!3d37.1532693!4d-93.3325228!16s%2Fg%2F1tgj9bz1!19sChIJDyCEOxtkz4cRpY2c2wK6m3g,Door Service Unlimited Inc,,,Garage door supplier,"3389 S Scenic Ave UNIT F, Springfield, MO 65807, United States","5M38+8X Springfield, Missouri, USA",,+1 417-883-0515,,https://streetviewpixels-pa.googleapis.com/v1/thumbnail?panoid=PcGqDRY685EQVm9OQftOFA&cb_client=search.gws-prod.gps&w=408&h=240&yaw=272.25934&pitch=0&thumbfov=100,false,,,,,,,,"https://www.google.com/maps/search/garage+door+services+in+Springfield+Springfield+MO/@37.2089572,-93.2922989,14z",2025-11-07T23:25:35.881Z,,,
https://www.google.com/maps/place/Doors+%26+More/data=!4m7!3m6!1s0x87cf5c6078922003:0xfa52e5c43f953bc4!8m2!3d37.1565316!4d-93.2484208!16s%2Fg%2F1tr8m32t!19sChIJAyCSeGBcz4cRxDuVP8TlUvo,Doors & More,3.2,15,Window installation service,"Springfield, MO 65804, United States","5Q42+JJ Springfield, Missouri, USA",,+1 417-838-8187,Open ⋅ Closes 8 pm,https://streetviewpixels-pa.googleapis.com/v1/thumbnail?panoid=BaXRRjih-hzY52ChV4YvKQ&cb_client=search.gws-prod.gps&w=408&h=240&yaw=76.80741&pitch=0&thumbfov=100,false,8 am–8 pm,Closed,Closed,8 am–8 pm,8 am–8 pm,8 am–8 pm,8 am–8 pm,"https://www.google.com/maps/search/garage+door+services+in+Springfield+Springfield+MO/@37.2089572,-93.2922989,14z",2025-11-07T23:25:40.583Z,,,
https://www.google.com/maps/place/Highlandville+Door+Services/data=!4m7!3m6!1s0x87cf6d150366bffb:0x8d5629b1bf1cd775!8m2!3d37.138389!4d-93.273872!16s%2Fg%2F1v4ptjqn!19sChIJ-79mAxVtz4cRddccv7EpVo0,Highlandville Door Services,,,Garage door supplier,"1329 E Republic St # H, Springfield, MO 65804, United States","4PQG+9F Springfield, Missouri, USA",,+1 417-443-0965,,https://streetviewpixels-pa.googleapis.com/v1/thumbnail?panoid=robV_CEUrB-_nMczdhOgNw&cb_client=search.gws-prod.gps&w=408&h=240&yaw=289.5089&pitch=0&thumbfov=100,false,,,,,,,,"https://www.google.com/maps/search/garage+door+services+in+Springfield+Springfield+MO/@37.2089572,-93.2922989,14z",2025-11-07T23:25:43.152Z,,,
https://www.google.com/maps/place/Myles+Garage+Doors+LLC/data=!4m7!3m6!1s0x87cf4504e8ba999b:0x2823f2d49d618443!8m2!3d36.9235711!4d-93.5333786!16s%2Fg%2F11gsjx6m4_!19sChIJm5m66ARFz4cRQ4RhndTyIyg,Myles Garage Doors LLC,4.9,42,Garage door supplier,,,https://www.mylesgaragedoors.com/,+1 417-773-1697,Closes soon ⋅ 6 pm ⋅ Opens 8 am Mon,https://lh3.googleusercontent.com/p/AF1QipPCqzHvMOuMOjd2feuzCug5VGmA93q2Q6i7kAky=w426-h240-k-no,true,8 am–6 pm,Closed,Closed,8 am–6 pm,8 am–6 pm,8 am–6 pm,8 am–6 pm,"https://www.google.com/maps/search/garage+door+services+in+Springfield+Springfield+MO/@37.2089572,-93.2922989,14z",2025-11-07T23:25:47.930Z,,,
https://www.google.com/maps/place/3S+Garage+Door+Service+LLC/data=!4m7!3m6!1s0x87c5f7414d352cbb:0x639eb1efd27f32db!8m2!3d37.0266446!4d-93.2307016!16s%2Fg%2F11j84vgdvx!19sChIJuyw1TUH3xYcR2zJ_0u-xnmM,3S Garage Door Service LLC,5.0,45,Garage door supplier,"777 N 20th St, Ozark, MO 65721, United States","2QG9+MP Ozark, Missouri, USA",https://www.3sgaragedoorservice.com/,+1 417-324-9700,Closed ⋅ Opens 8 am Mon,https://lh3.googleusercontent.com/p/AF1QipOr318p7IFIn9uiDm2w3RlaTa8O7StTBKczGsjM=w408-h405-k-no,true,8 am–4:30 pm,Closed,Closed,8 am–4:30 pm,8 am–4:30 pm,8 am–4:30 pm,8 am–4:30 pm,"https://www.google.com/maps/search/garage+door+services+in+Springfield+Springfield+MO/@37.2089572,-93.2922989,14z",2025-11-07T23:25:52.823Z,LGBTQ+ friendly,,
"https://www.google.com/maps/place/Jamerson+Door,+Inc/data=!4m7!3m6!1s0x87cf63248bc5b59d:0xc75e5597e5287fdb!8m2!3d37.214141!4d-93.2729499!16s%2Fg%2F1tf7h60p!19sChIJnbXFiyRjz4cR238o5ZdVXsc","Jamerson Door, Inc",4.6,11,Door supplier,"615 N Rogers Ave, Springfield, MO 65802, United States","6P7G+MR Springfield, Missouri, USA",http://jamersondoor.com/,+1 417-866-4033,Closed ⋅ Opens 8 am Mon,https://lh3.googleusercontent.com/p/AF1QipPMMfSWX5YNHQBsjrJj9EGd5Jy7PGo4XIuX_gDy=w768-h240-k-no,true,8 am–4:30 pm,Closed,Closed,8 am–4:30 pm,8 am–4:30 pm,8 am–4:30 pm,8 am–4:30 pm,"https://www.google.com/maps/search/garage+door+services+in+Springfield+Springfield+MO/@37.2089572,-93.2922989,14z",2025-11-07T23:25:57.845Z,,,
https://www.google.com/maps/place/Bro.Co.+Garage+Doors/data=!4m7!3m6!1s0x87d00fbac624e7eb:0xb6851980f0154215!8m2!3d37.05113!4d-93.2307702!16s%2Fg%2F11rfc9ybvz!19sChIJ6-ckxroP0IcRFUIV8IAZhbY,Bro.Co. Garage Doors,4.9,170,Garage door supplier,"3425 N 21st St, Ozark, MO 65721, United States","3Q29+FM Ozark, Missouri, USA",http://www.brocogaragedoors.com/,+1 417-290-3667,Open 24 hours,https://lh3.googleusercontent.com/p/AF1QipPIELVR-_5aD9b3DU8IPjIN2KloWOorHd4VCAMP=w444-h240-k-no,true,Open 24 hours,Open 24 hours,Open 24 hours,Open 24 hours,Open 24 hours,Open 24 hours,Open 24 hours,"https://www.google.com/maps/search/garage+door+services+in+Springfield+Springfield+MO/@37.2089572,-93.2922989,14z",2025-11-07T23:26:02.722Z,,,
"https://www.google.com/maps/place/Pella+Windows+and+Doors+Showroom+of+Springfield,+MO/data=!4m7!3m6!1s0x87cf64059e6bc04f:0x8648149b001c3f96!8m2!3d37.1594017!4d-93.2969043!16s%2Fg%2F1tvdk9zf!19sChIJT8BrngVkz4cRlj8cAJsUSIY","Pella Windows and Doors Showroom of Springfield, MO",4.9,488,Window installation service,"448 W Battlefield Rd, Springfield, MO 65807, United States","5P53+Q6 Springfield, Missouri, USA",https://www.pella.com/locations/mo/springfield/?utm_source=google&utm_medium=organic&utm_campaign=gbp,+1 417-887-8180,Closed ⋅ Opens 9 am Sat,https://lh3.googleusercontent.com/p/AF1QipPmwqFe3y1d9LzIAcb8MXY0RYj49ZKbvnB9Bn5W=w426-h240-k-no,true,8 am–5 pm,9 am–12 pm,Closed,8 am–5 pm,8 am–5 pm,8 am–5 pm,8 am–7 pm,"https://www.google.com/maps/search/garage+door+services+in+Springfield+Springfield+MO/@37.2089572,-93.2922989,14z",2025-11-07T23:26:07.742Z,,,
https://www.google.com/maps/place/Harleman+Door+Service+LLC/data=!4m7!3m6!1s0x87cf77a3ac04c9fb:0x8da4afa2fa917759!8m2!3d37.0370126!4d-93.1583459!16s%2Fg%2F11gy7hxshc!19sChIJ-8kErKN3z4cRWXeR-qKvpI0,Harleman Door Service LLC,5.0,40,Garage door supplier,"1532 Quarry Rd, Sparta, MO 65753, United States","2RPR+RM Sparta, Missouri, USA",http://harlemandoor.com/,+1 417-684-3363,Closed ⋅ Opens 7:30 am Mon,https://lh3.googleusercontent.com/p/AF1QipPoUwz4HeCWGxlo9JsVDD-oqQw984v7sdUX2aRV=w408-h306-k-no,true,7:30 am–3:30 pm,Closed,Closed,7:30 am–3:30 pm,7:30 am–3:30 pm,7:30 am–3:30 pm,7:30 am–3:30 pm,"https://www.google.com/maps/search/garage+door+services+in+Springfield+Springfield+MO/@37.2089572,-93.2922989,14z",2025-11-07T23:26:12.706Z,,,
https://www.google.com/maps/place/ABC+Garage+Door+Service+%26+Supplies+LLC/data=!4m7!3m6!1s0x87cf6f76c677780b:0xc0139a0b811516bc!8m2!3d37.0646983!4d-93.3090111!16s%2Fg%2F1tdlhv4b!19sChIJC3h3xnZvz4cRvBYVgQuaE8A,ABC Garage Door Service & Supplies LLC,4.0,46,Garage door supplier,"1211 Eaglecrest St, Nixa, MO 65714, United States","3M7R+V9 Nixa, Missouri, USA",https://abcshopus.com/,+1 417-725-4800,Closed ⋅ Opens 7:30 am Mon,https://streetviewpixels-pa.googleapis.com/v1/thumbnail?panoid=_teGdqHqsduw8tc5d3mjbA&cb_client=search.gws-prod.gps&w=408&h=240&yaw=261.54276&pitch=0&thumbfov=100,true,7:30 am–4:30 pm,Closed,Closed,7:30 am–4:30 pm,7:30 am–4:30 pm,7:30 am–4:30 pm,7:30 am–4:30 pm,"https://www.google.com/maps/search/garage+door+services+in+Springfield+Springfield+MO/@37.2089572,-93.2922989,14z",2025-11-07T23:26:17.622Z,,,
"https://www.google.com/maps/place/Garage+Door+Doctor,+LLC/@38.3046625,-92.436836,7z/data=!3m1!4b1!4m6!3m5!1s0x87cf624dd149f303:0x93d4ae8675b6a642!8m2!3d38.3046624!4d-92.436836!16s%2Fg%2F1pv5vbcrw","Garage Door Doctor, LLC",1.0,2,Garage door supplier,,,,+1 417-414-9999,Closed ⋅ Opens 7 am Sat,,true,7 am–5 pm,7 am–5 pm,Closed,7 am–5 pm,7 am–5 pm,7 am–5 pm,7 am–5 pm,"https://www.google.com/maps/search/garage+door+services+in+Springfield+Springfield+MO/@37.2089572,-93.2922989,14z",2025-11-07T23:26:24.552Z,,,
https://www.google.com/maps/place/Abc+Garage+Door+Service+%26+Supp+%28107034%29/data=!4m7!3m6!1s0x87cf6f4571398939:0x692284d94fe29b6c!8m2!3d37.066038!4d-93.3027466!16s%2Fg%2F11fj5f9fqm!19sChIJOYk5cUVvz4cRbJviT9mEImk,Abc Garage Door Service & Supp (107034),5.0,1,Garage door supplier,"543 W Tracker Rd, Nixa, MO 65714, United States","3M8W+CW Nixa, Missouri, USA",,+1 417-725-4800,Closed ⋅ Opens 8 am Mon,https://streetviewpixels-pa.googleapis.com/v1/thumbnail?panoid=5aPoeVphUQ6W4MUDq0__cA&cb_client=search.gws-prod.gps&w=408&h=240&yaw=87.12699&pitch=0&thumbfov=100,true,8 am–4 pm,Closed,Closed,8 am–4 pm,8 am–4 pm,8 am–4 pm,8 am–4 pm,"https://www.google.com/maps/search/garage+door+services+in+Nixa+Springfield+MO/@37.0433863,-93.294353,14z",2025-11-07T23:26:38.677Z,,,
https://www.google.com/maps/place/Safe-Way+Garage+Doors+LLC/data=!4m7!3m6!1s0x87cf6f7e9426c85b:0x932baff610a53a2e!8m2!3d37.0788983!4d-93.3034873!16s%2Fg%2F1tf87mg7!19sChIJW8gmlH5vz4cRLjqlEPavK5M,Safe-Way Garage Doors LLC,5.0,8,Garage door supplier,"1752 N Gregory Dr, Nixa, MO 65714, United States","3MHW+HJ Nixa, Missouri, USA",https://safewaydoor.com/,+1 417-724-0094,Open ⋅ Closes 4 am,https://streetviewpixels-pa.googleapis.com/v1/thumbnail?panoid=eXLrmsvrtwdGjj4X6fSTmA&cb_client=search.gws-prod.gps&w=408&h=240&yaw=275.4929&pitch=0&thumbfov=100,false,7 am–4 am,Closed,Closed,7 am–4 pm,7 am–4 pm,7 am–4:30 pm,7 am–4 pm,"https://www.google.com/maps/search/garage+door+services+in+Nixa+Springfield+MO/@37.0433863,-93.294353,14z",2025-11-07T23:26:43.567Z,,,
https://www.google.com/maps/place/Ozarks+Overhead+Door+%26+More/data=!4m7!3m6!1s0x4882a54ed1df4da3:0x4f33042a0ea4a15a!8m2!3d37.134169!4d-93.254587!16s%2Fg%2F11yj5h967v!19sChIJo03f0U6lgkgRWqGkDioEM08,Ozarks Overhead Door & More,5.0,17,Garage door supplier,,,https://www.ozarksoverheaddoor.com/,+1 417-576-5118,Open ⋅ Closes 12 am,https://lh3.googleusercontent.com/p/AF1QipMlFye8zyi0eTB3gQ0BphlSQ-DmzBAtO-cX4P2G=w490-h240-k-no,true,Open 24 hours,6 am–6 pm,12–4 pm,Open 24 hours,Open 24 hours,Open 24 hours,Open 24 hours,"https://www.google.com/maps/search/garage+door+services+in+Nixa+Springfield+MO/@37.0433863,-93.294353,14z",2025-11-07T23:26:48.729Z,,,
,,,,,,,,,,,,,,,,,,,"https://www.google.com/maps/search/garage+door+services+in+Ozark+Springfield+MO/@37.0208865,-93.2060163,14z",2025-11-07T23:26:57.087Z,,No new results found,
"https://www.google.com/maps/place/Mgd+Enterprises+Inc+(128975)/@37.1278443,-93.2947266,17z/data=!3m1!4b1!4m6!3m5!1s0x87cf64feb7855555:0x4bc7ac8c27c446!8m2!3d37.1278443!4d-93.2947266!16s%2Fg%2F11d_5zt6f8",Mgd Enterprises Inc (128975),3.0,1,Garage door supplier,"308 E Lakewood St, Springfield, MO 65810, United States","4PH4+44 Springfield, Missouri, USA",,+1 417-429-2206,,,true,,,,,,,,"https://www.google.com/maps/search/garage+door+services+in+Republic+Springfield+MO/@37.1372935,-93.2601361,14z",2025-11-07T23:27:11.812Z,,,
https://www.google.com/maps/place/RevWorx+Garage+LLC/data=!4m7!3m6!1s0x87cf65116eff66d1:0x89255e0132715944!8m2!3d37.06445!4d-93.296629!16s%2Fg%2F11wtr9ykkv!19sChIJ0Wb_bhFlz4cRRFlxMgFeJYk,RevWorx Garage LLC,4.9,52,Car repair and maintenance service,"1332 Kinder St, Nixa, MO 65714, United States","3P73+Q8 Nixa, Missouri, USA",https://revworxgarage.com/,+1 417-501-6653,Closes soon ⋅ 5:30 pm ⋅ Opens 10 am Sat,https://lh3.googleusercontent.com/p/AF1QipPUFDzjighGnlmidusOAlf_52me7lppjwNbQ47C=w408-h271-k-no,true,8:30 am–5:30 pm,10 am–5 pm,Closed,8:30 am–5:30 pm,8:30 am–5:30 pm,8:30 am–5:30 pm,8:30 am–5:30 pm,"https://www.google.com/maps/search/garage+door+services+in+Republic+Springfield+MO/@37.1372935,-93.2601361,14z",2025-11-07T23:27:16.657Z,,,
https://www.google.com/maps/place/Precision+Garage+Door+of+Branson/data=!4m7!3m6!1s0x87cf058d325a6d8d:0x6f49ca459a20c97b!8m2!3d36.6804942!4d-93.221779!16s%2Fg%2F11svpykt14!19sChIJjW1aMo0Fz4cRe8kgmkXKSW8,Precision Garage Door of Branson,5.0,127,Garage door supplier,"108 Wintergreen Rd Suite D, Branson, MO 65616, United States","MQJH+57 Branson, Missouri, USA",https://precisiondoorswmo.com/?utm_source=gmb&utm_medium=location_branson&utm_campaign=website,+1 417-323-5150,Open ⋅ Closes 7 pm,https://lh3.googleusercontent.com/gps-cs-s/AG0ilSzZP1nNDk0RMwLDNrVy9vEuU4QuuEWYdhGwc_Nl8YQU7Vje0oRHDhkO5YUpTdcauhi30elCOhQb3xmqhXsfZpFy62_WNAekg4d9iNLpEQ5djBE6TxmUDmdFi_DFXbkF6f_iH6Ft5w=w408-h544-k-no,true,7 am–7 pm,7 am–7 pm,Closed,7 am–7 pm,7 am–7 pm,7 am–7 pm,7 am–7 pm,"https://www.google.com/maps/search/garage+door+services+in+Republic+Springfield+MO/@37.1372935,-93.2601361,14z",2025-11-07T23:27:21.462Z,,,
https://www.google.com/maps/place/Master+Locksmith+Services/data=!4m7!3m6!1s0x62ba22934b6a5beb:0x41f8df21e46d9684!8m2!3d37.156689!4d-93.295091!16s%2Fg%2F11p5ngt9tp!19sChIJ61tqS5MiumIRhJZt5CHf-EE,Master Locksmith Services,4.9,208,Locksmith,"3154 S Campbell Ave, Springfield, MO 65807, United States","5P43+MX Springfield, Missouri, USA",https://www.locksmithspringfieldmissouri.com/?utm_source=gmb&utm_medium=organic&utm_campaign=gmb-listing,+1 417-590-3870,Open 24 hours,https://lh3.googleusercontent.com/p/AF1QipNpbIyIJtmWeP1NVcq4HN0vpzqf_WPa_jfaEj11=w480-h240-k-no,true,Open 24 hours,Open 24 hours,Open 24 hours,Open 24 hours,Open 24 hours,Open 24 hours,Open 24 hours,"https://www.google.com/maps/search/garage+door+services+in+Republic+Springfield+MO/@37.1372935,-93.2601361,14z",2025-11-07T23:27:33.155Z,,,
https://www.google.com/maps/place/Battery+Outfitters/data=!4m7!3m6!1s0x87cf6500b826c41f:0xcf55e2003d5e9fb9!8m2!3d37.1182237!4d-93.2975204!16s%2Fg%2F12hkfw7nw!19sChIJH8QmuABlz4cRuZ9ePQDiVc8,Battery Outfitters,4.9,629,Battery store,"5245 S Campbell Ave, Springfield, MO 65810, United States","4P92+7X Springfield, Missouri, USA",http://www.batteryoutfitters.com/,+1 417-889-5245,Closes soon ⋅ 6 pm ⋅ Opens 8 am Sat,https://lh3.googleusercontent.com/gps-cs-s/AG0ilSxIWZ0ZXIzWAKuo5vNnn2zKv0QYKeFCvltq7RXRSPofbtlzAJ36SGN4RfAsBn527zDI7DU01SPlTYDNHCZd4R-hCIYRUsKlXkQxKyWm3xQgpmnBnOc6VQ3-DMOCigHKxZLQpUT3=w408-h306-k-no,true,7:30 am–6 pm,8 am–5 pm,Closed,7:30 am–6 pm,7:30 am–6 pm,7:30 am–6 pm,7:30 am–6 pm,"https://www.google.com/maps/search/garage+door+services+in+Republic+Springfield+MO/@37.1372935,-93.2601361,14z",2025-11-07T23:27:38.109Z,,,
https://www.google.com/maps/place/Webster+County+Garage+Door+LLC/data=!4m7!3m6!1s0x87cf8885aade41f7:0xf9a108ad81271651!8m2!3d37.287684!4d-93.1134394!16s%2Fg%2F11fyyq9ktq!19sChIJ90HeqoWIz4cRURYnga0Iofk,Webster County Garage Door LLC,5.0,86,Garage door supplier,,,https://www.webstercountygaragedoor.com/,+1 417-753-7900,Closed ⋅ Opens 8 am Mon,https://lh3.googleusercontent.com/p/AF1QipMVccRDydPDKONWVej5zqY6-Hya1VjxDMRUXMSq=w426-h240-k-no,true,8 am–4 pm,Closed,Closed,8 am–4 pm,8 am–4 pm,8 am–4 pm,8 am–4 pm,"https://www.google.com/maps/search/garage+door+services+in+Republic+Springfield+MO/@37.1372935,-93.2601361,14z",2025-11-07T23:27:42.927Z,,,
https://www.google.com/maps/place/MO+Handiworks/data=!4m7!3m6!1s0x483182aaee7c51bd:0x3fbc5dbee332e6ba!8m2!3d37.0272254!4d-93.2172256!16s%2Fg%2F11jt3gkl5d!19sChIJvVF87qqCMUgRuuYy475dvD8,MO Handiworks,4.7,14,Handyman/Handywoman/Handyperson,,,http://www.mohandiworks.com/,+1 417-414-0848,Closed ⋅ Opens 9 am Mon,https://lh3.googleusercontent.com/p/AF1QipNAN01-DeNLbI0oQVhyd7dwgycP68h6db9xioM8=w408-h357-k-no,true,9 am–5 pm,Closed,Closed,9 am–5 pm,9 am–5 pm,9 am–5 pm,9 am–5 pm,"https://www.google.com/maps/search/garage+door+services+in+Republic+Springfield+MO/@37.1372935,-93.2601361,14z",2025-11-07T23:27:48.031Z,LGBTQ+ friendly,,
https://www.google.com/maps/place/Midwest+Door+Company/data=!4m7!3m6!1s0x87cf70699d3111a1:0x74f8ebcb575c5e63!8m2!3d37.0664171!4d-93.2323833!16s%2Fg%2F1ts1n4z6!19sChIJoRExnWlwz4cRY15cV8vr-HQ,Midwest Door Company,3.9,7,Door supplier,"5000 N 22nd St, Ozark, MO 65721, United States","3Q89+H2 Ozark, Missouri, USA",,+1 417-865-7005,Closed ⋅ Opens 8:30 am Mon,https://lh3.googleusercontent.com/p/AF1QipMuM7LKxYfS4SxhJpaQoAzR2iy74VC_5n6CpOhQ=w408-h478-k-no,true,8:30 am–4:30 pm,Closed,Closed,8:30 am–4:30 pm,8:30 am–4:30 pm,8:30 am–4:30 pm,8:30 am–4:30 pm,"https://www.google.com/maps/search/garage+door+services+in+Republic+Springfield+MO/@37.1372935,-93.2601361,14z",2025-11-07T23:27:52.825Z,,,
https://www.google.com/maps/place/KennCo+Construction/data=!4m7!3m6!1s0x87cf645556dd912b:0x66030a8c4df97f60!8m2!3d37.1232904!4d-93.2988859!16s%2Fg%2F1td72jjc!19sChIJK5HdVlVkz4cRYH_5TYwKA2Y,KennCo Construction,4.5,42,General contractor,"580 W Farm Rd 178, Springfield, MO 65810, United States","4PF2+8C Springfield, Missouri, USA",http://kenncoconstruction.com/,+1 417-881-8147,Closed ⋅ Opens 8 am Mon,https://lh3.googleusercontent.com/gps-cs-s/AG0ilSyD7wI86Ly4hW2BQcrPWM2USEHJNoNGes2n_7tRol1U1hw-Vj19MF-yy2JD4-5hD6LivjvRusl4h_od0igkrCX7Q3j_D8zCwCIXV2Box-qmzr7zTWh0YMA6ju1Epra09GaKwdX5Rg=w408-h544-k-no,true,8 am–5 pm,Closed,Closed,8 am–5 pm,8 am–5 pm,8 am–5 pm,8 am–5 pm,"https://www.google.com/maps/search/garage+door+services+in+Republic+Springfield+MO/@37.1372935,-93.2601361,14z",2025-11-07T23:27:58.086Z,,,
https://www.google.com/maps/place/Show-Me+Hydro+Clean/data=!4m7!3m6!1s0x87c50b4d2395021d:0xd307f8ab24bfee73!8m2!3d37.1498149!4d-93.2768121!16s%2Fg%2F11pb94thy9!19sChIJHQKVI00LxYcRc-6_JKv4B9M,Show-Me Hydro Clean,5.0,203,Pressure washing service,"3521 S Culpepper Cir, Springfield, MO 65804, United States","4PXF+W7 Springfield, Missouri, USA",http://www.showmehydroclean.com/,+1 417-427-5018,Open 24 hours,https://lh3.googleusercontent.com/p/AF1QipPHejTvujKXz9wUfCV--TCJ266OZYMA4yKaztis=w426-h240-k-no,true,Open 24 hours,Open 24 hours,Open 24 hours,Open 24 hours,Open 24 hours,Open 24 hours,Open 24 hours,"https://www.google.com/maps/search/garage+door+services+in+Republic+Springfield+MO/@37.1372935,-93.2601361,14z",2025-11-07T23:28:03.066Z,,,
"https://www.google.com/maps/place/Reliable+Garage+Door/@37.107778,-93.4216925,10z/data=!3m1!4b1!4m6!3m5!1s0xbd81a2ef0336813:0x15512668e97dae9c!8m2!3d37.107778!4d-93.4216925!16s%2Fg%2F11ln3p4n94",Reliable Garage Door,5.0,9,Garage door supplier,,,https://yourreliablegaragedoors.com/,+1 417-559-7050,Closed ⋅ Opens 7:30 am Mon,,true,7:30 am–5 pm,Closed,Closed,7:30 am–5 pm,7:30 am–5 pm,7:30 am–5 pm,7:30 am–5 pm,"https://www.google.com/maps/search/garage+door+services+in+Republic+Springfield+MO/@37.1372935,-93.2601361,14z",2025-11-07T23:28:09.790Z,,,
https://www.google.com/maps/place/The+Handyman+Company/data=!4m7!3m6!1s0x87cf6415aa50ce27:0x5b1809a1326ddfe4!8m2!3d38.3046624!4d-92.436836!16s%2Fg%2F1td8znkb!19sChIJJ85QqhVkz4cR5N9tMqEJGFs,The Handyman Company,4.9,61,Handyman/Handywoman/Handyperson,,,https://thehandymancompany.com/,+1 417-886-9654,Closed ⋅ Opens 8:30 am Mon,https://lh3.googleusercontent.com/gps-cs-s/AG0ilSw5d2UbXXoeFPvHgbJPzoDDYLHwQxz5Zbb6W7s2ePh51YIu9CFLkEF2YTLjUyQ9KNOvH1b2ABGorZ9wNAj-6x0sXb-UVCQBp8282j8EgkOovqQLDlvyeJD9yZ282f33X5GvlG36=w408-h725-k-no,true,8:30 am–5 pm,Closed,Closed,8:30 am–5 pm,8:30 am–5 pm,8:30 am–5 pm,8:30 am–5 pm,"https://www.google.com/maps/search/garage+door+services+in+Battlefield+Springfield+MO/@37.1157216,-93.3704207,14z",2025-11-07T23:28:24.160Z,,,
https://www.google.com/maps/place/Diesel+Garage+Truck+Repair+shop/data=!4m7!3m6!1s0x87cf6102591dea23:0xa01a598e2dbd5d0e!8m2!3d37.2149426!4d-93.3500194!16s%2Fg%2F11wtqfmbh8!19sChIJI-odWQJhz4cRDl29LY5ZGqA,Diesel Garage Truck Repair shop,5.0,68,Truck repair shop,"3599 W Waddill St, Springfield, MO 65802, United States","6J7X+XX Springfield, Missouri, USA",,+1 417-370-5305,Closes soon ⋅ 6 pm ⋅ Opens 10 am Sat,https://lh3.googleusercontent.com/gps-cs-s/AG0ilSx6jKMaD89hjYwsOeRyyXWBLaTjJAjxeKr9kgKF_7W75siUYv3Sf9wiAhp2Uv_M9ob_bKcuXaqP-eUICeDLzyd6olTQFB-pEx7hnAS1OuOa1IHQnh7BaPki5b0YQ-MbBbTEPGY_=w408-h544-k-no,true,9 am–6 pm,10 am–6 pm,Closed,9 am–6 pm,9 am–6 pm,9 am–6 pm,9 am–6 pm,"https://www.google.com/maps/search/garage+door+services+in+Willard+Springfield+MO/@37.2479111,-93.370632,14z",2025-11-07T23:28:52.473Z,,,
https://www.google.com/maps/place/Garage+Door+Systems/data=!4m7!3m6!1s0x87c5f4d79d60db77:0xb64a0a1bf9607318!8m2!3d36.808961!4d-92.436836!16s%2Fg%2F11c32p_x_s!19sChIJd9tgndf0xYcRGHNg-RsKSrY,Garage Door Systems,5.0,7,,,,,+1 417-808-0950,,https://lh3.googleusercontent.com/p/AF1QipNo4NVFzf06ngc3WzI8CGm2LojhZV29vfqN1vap=w408-h354-k-no,true,,,,,,,,"https://www.google.com/maps/search/garage+door+services+in+Willard+Springfield+MO/@37.2479111,-93.370632,14z",2025-11-07T23:28:55.201Z,,,
,,,,,,,,,,,,,,,,,,,"https://www.google.com/maps/search/garage+door+services+in+Strafford+Springfield+MO/@37.2000813,-93.2239837,14z",2025-11-07T23:29:04.660Z,,No new results found,
https://www.google.com/maps/place/Douglas+County+Garage+Door/data=!4m7!3m6!1s0xf9df2eb564d2f13:0xe92c835967018c87!8m2!3d37.106742!4d-92.7211276!16s%2Fg%2F11nxpvpnhb!19sChIJEy9NVuvynQ8Rh4wBZ1mDLOk,Douglas County Garage Door,5.0,40,Garage door supplier,,,https://www.douglascountygaragedoor.com/,+1 417-545-0959,Closes soon ⋅ 6 pm ⋅ Opens 7 am Mon,https://lh3.googleusercontent.com/gps-cs-s/AG0ilSz99Re1sJujthQicoKLweIWhFehHo58DTCRwxHE0-ZFjIvjDaBv2HyBGGNydsqmhg-G5u6AngkJTof1_7V_g1d9HBW9ms5CmMiLxeYraTPS-xwomB5EI1dgO3C-iqvOygLmuXsw5g=w408-h544-k-no,true,7 am–6 pm,Closed,Closed,7 am–6 pm,7 am–6 pm,7 am–5 pm,7 am–6 pm,"https://www.google.com/maps/search/garage+door+services+in+Fair+Grove+Springfield+MO/@37.3839335,-93.1512961,14z",2025-11-07T23:29:19.373Z,,,
https://www.google.com/maps/place/Kelly%E2%80%99s+Garage+Door+Sales+and+Service/data=!4m7!3m6!1s0x87cf0382b7635b23:0x3db055004f9459e3!8m2!3d36.6062474!4d-92.850816!16s%2Fg%2F11cpj9v3y0!19sChIJI1tjt4IDz4cR41mUTwBVsD0,Kelly’s Garage Door Sales and Service,4.7,42,Garage door supplier,,,http://kellysgaragedoor.com/,+1 417-336-4381,Open 24 hours,https://lh3.googleusercontent.com/p/AF1QipOz7e5T42LSflHVKRbo83wYXCU0XKw4yfJWWZuY=w408-h429-k-no,true,Open 24 hours,Open 24 hours,Closed,Open 24 hours,Open 24 hours,Open 24 hours,Open 24 hours,"https://www.google.com/maps/search/garage+door+services+in+Fair+Grove+Springfield+MO/@37.3839335,-93.1512961,14z",2025-11-07T23:29:35.855Z,,,
https://www.google.com/maps/place/Alliance+Garage+Doors/data=!4m7!3m6!1s0x87c531193a0bced3:0xa64dd3a28391e51a!8m2!3d37.6963508!4d-92.5941999!16s%2Fg%2F11kjpf40f3!19sChIJ084LOhkxxYcRGuWRg6LTTaY,Alliance Garage Doors,5.0,18,Garage door supplier,"23791 Grindstone Rd, Lebanon, MO 65536, United States","MCW4+G8 Lebanon, Missouri, USA",http://www.alliancedoorsmo.com/,+1 417-532-3744,Closed ⋅ Opens 7 am Mon,https://lh3.googleusercontent.com/gps-cs-s/AG0ilSxtyCYGusRyZ8H0IUHjqu9GHeSf17LauNIbXEyp3j2hTga5EQ39oH9i1flwcLATKHPCK8DCfW6w-KBc69auW1HcpkfxwRF9oM6IrpKzh4KBC9N3yPgfIKpoNcPY9J3doo6ijak_cA=w408-h306-k-no,true,7 am–5 pm,Closed,Closed,7 am–5 pm,7 am–5 pm,7 am–5 pm,7 am–5 pm,"https://www.google.com/maps/search/garage+door+services+in+Fair+Grove+Springfield+MO/@37.3839335,-93.1512961,14z",2025-11-07T23:29:41.118Z,,,
https://www.google.com/maps/place/Stars+Garage+Door+Repair/data=!4m7!3m6!1s0x2e8c3d4515bc9367:0x736495533b655a5b!8m2!3d38.8150069!4d-94.5408!16s%2Fg%2F11w904pjw0!19sChIJZ5O8FUU9jC4RW1plO1OVZHM,Stars Garage Door Repair,5.0,11,Garage door supplier,,,,+1 417-557-2002,Open ⋅ Closes 10 pm,https://lh3.googleusercontent.com/p/AF1QipP0eaf81l4GhK1GKWX00czngaJBIUKHAloJ8_b4=w464-h240-k-no,true,7 am–10 pm,7 am–10 pm,7 am–10 pm,7 am–10 pm,7 am–10 pm,7 am–10 pm,7 am–10 pm,"https://www.google.com/maps/search/garage+door+services+in+Fair+Grove+Springfield+MO/@37.3839335,-93.1512961,14z",2025-11-07T23:29:45.909Z,,,
https://www.google.com/maps/place/Quality+Door+of+Bolivar/data=!4m7!3m6!1s0x87c5c193a1676bd1:0xb9e0580678ba1aa5!8m2!3d37.6110496!4d-93.434761!16s%2Fg%2F11p5zt43bx!19sChIJ0WtnoZPBxYcRpRq6eAZY4Lk,Quality Door of Bolivar,5.0,27,Garage door supplier,"134 S Killingsworth Ave, Bolivar, MO 65613, United States","JH68+C3 Bolivar, Missouri, USA",http://www.qualitydoorbolivar.com/,+1 417-326-3667,Closed ⋅ Opens 8 am Mon,https://lh3.googleusercontent.com/p/AF1QipOJDMUyqU5udo7NneDAF8etmKgGT635v29V8nQz=w408-h306-k-no,true,8 am–5 pm,Closed,Closed,8 am–5 pm,8 am–5 pm,8 am–5 pm,8 am–5 pm,"https://www.google.com/maps/search/garage+door+services+in+Fair+Grove+Springfield+MO/@37.3839335,-93.1512961,14z",2025-11-07T23:29:57.927Z,,,
https://www.google.com/maps/place/Renner+Garage+Door+of+Central+Missouri/data=!4m7!3m6!1s0x87c4de980abea46f:0x7ed60d9a4e7c015!8m2!3d38.0399361!4d-92.7845547!16s%2Fg%2F1tf7y7g1!19sChIJb6S-CpjexIcRFcDnpNlg7Qc,Renner Garage Door of Central Missouri,5.0,216,Garage door supplier,"3397 Old Route 5, Camdenton, MO 65020, United States","26Q8+X5 Camdenton, Missouri, USA",https://www.rennersupply.com/,+1 573-346-1020,Closed ⋅ Opens 8 am Mon,https://lh3.googleusercontent.com/p/AF1QipOqnFvf4KcDKK3NOMYIGu1OUrFcx3yiAfRPD_s9=w426-h240-k-no,true,8 am–4:30 pm,Closed,Closed,8 am–4:30 pm,8 am–4:30 pm,8 am–4:30 pm,8 am–4:30 pm,"https://www.google.com/maps/search/garage+door+services+in+Fair+Grove+Springfield+MO/@37.3839335,-93.1512961,14z",2025-11-07T23:30:03.000Z,Identifies as women-owned,,
https://www.google.com/maps/place/Monett+Door/data=!4m7!3m6!1s0x87c8b9427c2a9bbb:0x87a09718d4b8b212!8m2!3d36.9003808!4d-93.942061!16s%2Fg%2F11jchsmk4q!19sChIJu5sqfEK5yIcRErK41BiXoIc,Monett Door,5.0,118,Garage door supplier,"6720 FR 2020, Monett, MO 65708, United States","W325+55 Monett, Missouri, USA",http://monettdoor.com/,+1 417-236-3569,Closed ⋅ Opens 8 am Mon,https://lh3.googleusercontent.com/gps-cs-s/AG0ilSxsrFVqNUEiA4tiJk3ABELaumJH7hq8ED1w5i4c0amOK2WChicmEFFC6o668AX2SZAcDu61xQSgx7RSa7OVgFSDbV0zi2hvKdGhq9MVEYvftTXQF23Vyb_unPRGC57ElCur9-Xd=w408-h306-k-no,true,8 am–5 pm,Closed,Closed,8 am–5 pm,8 am–5 pm,8 am–5 pm,8 am–5 pm,"https://www.google.com/maps/search/garage+door+services+in+Fair+Grove+Springfield+MO/@37.3839335,-93.1512961,14z",2025-11-07T23:30:07.770Z,,,
https://www.google.com/maps/place/Midwest+Overhead+Door/data=!4m7!3m6!1s0x87cffd28a039b00f:0x5be061bc1090d86a!8m2!3d37.0111401!4d-92.0053264!16s%2Fg%2F11j2vqqpn2!19sChIJD7A5oCj9z4cRatiQELxh4Fs,Midwest Overhead Door,4.8,16,Garage door supplier,"2303 Co Rd 5900, Willow Springs, MO 65793, United States","2X6V+FV Willow Springs, Missouri, USA",http://www.midwestoverheaddoor.net/,+1 417-932-4400,Closed ⋅ Opens 8 am Mon,https://lh3.googleusercontent.com/gps-cs-s/AG0ilSwApps0lw_mlyZvF3AAF7XO01CvdHZlzaqDXks-cRC8eRzAXVK7LPkd7W5mHWlN11fjLRkLq8twi9q7pYsy1H1gZ5wjaSjNXGqHkXW_Vysy39zvW4Z9zJt91PDn8zzgm3KPgm8=w408-h307-k-no,true,8 am–5 pm,Closed,Closed,8 am–5 pm,8 am–5 pm,8 am–5 pm,8 am–5 pm,"https://www.google.com/maps/search/garage+door+services+in+Fair+Grove+Springfield+MO/@37.3839335,-93.1512961,14z",2025-11-07T23:30:12.567Z,,,
https://www.google.com/maps/place/Ritter+Overhead+Door/data=!4m7!3m6!1s0x87cf071f36589151:0xdedafa5fc234f514!8m2!3d36.9241991!4d-93.1582374!16s%2Fg%2F11gy6wkj3q!19sChIJUZFYNh8Hz4cRFPU0wl_62t4,Ritter Overhead Door,4.5,23,Garage door supplier,,,https://www.merriamwoodsgaragedoors.com/,+1 417-294-4762,Open ⋅ Closes 7 pm,https://lh3.googleusercontent.com/p/AF1QipMRA-RdFdsS9A1lWnz3y-j09UL10NW30PyAecZ0=w1027-h240-k-no,true,7 am–7 pm,7 am–7 pm,Closed,7 am–7 pm,7 am–7 pm,7 am–7 pm,7 am–7 pm,"https://www.google.com/maps/search/garage+door+services+in+Fair+Grove+Springfield+MO/@37.3839335,-93.1512961,14z",2025-11-07T23:30:17.326Z,,,
"https://www.google.com/maps/place/Any+Garage+Door+Repair/@39.347529,-94.2486125,13z/data=!3m1!4b1!4m6!3m5!1s0x61b8e5b10093d7f:0x38a165cb8d793f87!8m2!3d39.347529!4d-94.2486125!16s%2Fg%2F11lp01jxtz",Any Garage Door Repair,4.9,36,Garage door supplier,,,,+1 816-629-7490,Open ⋅ Closes 10 pm,,true,7 am–10 pm,7 am–10 pm,7 am–10 pm,7 am–10 pm,7 am–10 pm,7 am–10 pm,7 am–10 pm,"https://www.google.com/maps/search/garage+door+services+in+Fair+Grove+Springfield+MO/@37.3839335,-93.1512961,14z",2025-11-07T23:30:24.148Z,,,
https://www.google.com/maps/place/Garage+Door+Guys+Of+The+Ozarks/data=!4m7!3m6!1s0xa0cccb22d628ff8d:0x2a5daff39c75226f!8m2!3d37.1038065!4d-93.2857375!16s%2Fg%2F11vlph062g!19sChIJjf8o1iLLzKARbyJ1nPOvXSo,Garage Door Guys Of The Ozarks,5.0,3,Garage door supplier,,,https://garagedoorguysozarks.com/,+1 417-559-2848,Closed ⋅ Opens 8 am Sat,https://lh3.googleusercontent.com/p/AF1QipPnll2_UePRO63JTDMS0iSgx80-eavFGbt3eMlS=w408-h408-k-no,true,8 am–5 pm,8 am–5 pm,Closed,8 am–5 pm,8 am–5 pm,8 am–5 pm,8 am–5 pm,"https://www.google.com/maps/search/garage+door+services+in+Fair+Grove+Springfield+MO/@37.3839335,-93.1512961,14z",2025-11-07T23:30:28.874Z,Identifies as veteran-owned,,
https://www.google.com/maps/place/Spartan/data=!4m7!3m6!1s0x87cf6fa74788a763:0xa1bfa4416ea2afc1!8m2!3d37.10962!4d-93.052914!16s%2Fg%2F11dfjbh4tb!19sChIJY6eIR6dvz4cRwa-ibkGkv6E,Spartan,4.7,27,Contractor,"412 Britt Ln # C, Rogersville, MO 65742, United States","4W5W+RR Rogersville, Missouri, USA",https://spartanfoundationrepair.com/springfield/,+1 417-374-7400,Closed ⋅ Opens 8 am Mon,https://lh3.googleusercontent.com/p/AF1QipN5UJAoKJ7JvPNPIe73dC1ZIYgBR8I8qS3yNoqA=w457-h240-k-no,true,8 am–5 pm,Closed,Closed,8 am–5 pm,8 am–5 pm,8 am–5 pm,8 am–5 pm,"https://www.google.com/maps/search/garage+door+services+in+Rogersville+Springfield+MO/@37.116995,-93.0557343,14z",2025-11-07T23:30:44.880Z,,,
https://www.google.com/maps/place/CHC+Home+Center/data=!4m7!3m6!1s0x87cf831fe5094d47:0x4ae8521bb14c31bd!8m2!3d37.1064613!4d-93.0564771!16s%2Fg%2F1tglhvnv!19sChIJR00J5R-Dz4cRvTFMsRtS6Eo,CHC Home Center,4.2,195,Home improvement store,"500 S Mill St, Rogersville, MO 65742, United States","4W4V+HC Rogersville, Missouri, USA",http://shopchchomecenter.com/,+1 417-753-2500,Closed ⋅ Opens 8 am Sat,https://lh3.googleusercontent.com/p/AF1QipNSkwzKlsvyhPb2dez9mwDCBjbf_SsJ4y5SCgTN=w408-h408-k-no,true,8 am–5:30 pm,8 am–5 pm,Closed,8 am–5:30 pm,8 am–5:30 pm,8 am–5:30 pm,8 am–5:30 pm,"https://www.google.com/maps/search/garage+door+services+in+Rogersville+Springfield+MO/@37.116995,-93.0557343,14z",2025-11-07T23:30:49.989Z,,,· In-store pick-up · Delivery
"https://www.google.com/maps/place/RealTruck+%7C+UnderCover,+Inc./data=!4m7!3m6!1s0x87cf8365f8d14a5d:0x3bcea69b1d6f9fdb!8m2!3d37.1145286!4d-93.0266851!16s%2Fg%2F12625bfqv!19sChIJXUrR-GWDz4cR259vHZumzjs","RealTruck | UnderCover, Inc.",4.7,73,Manufacturer,"59 Absolute Dr, Rogersville, MO 65742, United States","4X7F+R8 Rogersville, Missouri, USA",http://www.undercoverinfo.com/,+1 417-753-8000,Closed ⋅ Opens 8 am Mon,https://lh3.googleusercontent.com/p/AF1QipNBx9D0FvS_-0surOHcSjwhxiI6g6P1h37i65G7=w408-h272-k-no,true,8 am–5 pm,Closed,Closed,8 am–5 pm,8 am–5 pm,8 am–5 pm,8 am–5 pm,"https://www.google.com/maps/search/garage+door+services+in+Rogersville+Springfield+MO/@37.116995,-93.0557343,14z",2025-11-07T23:30:54.803Z,,,
https://www.google.com/maps/place/Three+Stone+Homes/data=!4m7!3m6!1s0x87cf78510cfef43b:0x614ba0ff62743d8d!8m2!3d37.1195387!4d-93.1314327!16s%2Fg%2F1thqh8sm!19sChIJO_T-DFF4z4cRjT10Yv-gS2E,Three Stone Homes,4.1,267,Modular home dealer,"7575 US-60, Rogersville, MO 65742, United States","4V99+RC Rogersville, Missouri, USA",https://www.threestonehomes.com/,+1 417-753-4663,Closes soon ⋅ 6 pm ⋅ Opens 10 am Sat,https://lh3.googleusercontent.com/p/AF1QipNbJEOK99fqKJ7QWkTzSaqnzCSLsQmQjZ7vp_4=w408-h272-k-no,true,9 am–6 pm,10 am–5 pm,Closed,9 am–6 pm,9 am–6 pm,9 am–6 pm,9 am–6 pm,"https://www.google.com/maps/search/garage+door+services+in+Rogersville+Springfield+MO/@37.116995,-93.0557343,14z",2025-11-07T23:31:11.372Z,,,
https://www.google.com/maps/place/Pigment+Painters/data=!4m7!3m6!1s0x87cf6173168cdca1:0xab1742b8d11bc81f!8m2!3d37.1122585!4d-93.2348515!16s%2Fg%2F11mvrr6y06!19sChIJodyMFnNhz4cRH8gb0bhCF6s,Pigment Painters,4.9,144,Painter,,,https://www.pigmentpainters.com/,+1 417-818-9152,Closed ⋅ Opens 8 am Sat,https://lh3.googleusercontent.com/p/AF1QipP90qbDdGJRmXJgp2Nen2IeUwExtsug6tU8cG-X=w533-h240-k-no,true,8 am–5 pm,8 am–5 pm,Closed,8 am–5 pm,8 am–5 pm,8 am–5 pm,8 am–5 pm,"https://www.google.com/maps/search/garage+door+services+in+Rogersville+Springfield+MO/@37.116995,-93.0557343,14z",2025-11-07T23:31:29.699Z,,,
https://www.google.com/maps/place/Harleman+Door+Service+LLC./data=!4m7!3m6!1s0x87cf0574d3e5fd29:0x19cf3be8a2633203!8m2!3d36.7172764!4d-93.2210325!16s%2Fg%2F11c20tlygw!19sChIJKf3l03QFz4cRAzJjoug7zxk,Harleman Door Service LLC.,4.7,3,Door supplier,"6975 US-65, Branson, MO 65616, United States","PQ8H+WH Branson, Missouri, USA",http://www.harlemandoor.com/,+1 417-336-3667,Open 24 hours,https://streetviewpixels-pa.googleapis.com/v1/thumbnail?panoid=yFX4vQWuDHeTRh6Y_Jn7pQ&cb_client=search.gws-prod.gps&w=408&h=240&yaw=264.0827&pitch=0&thumbfov=100,false,Open 24 hours,Open 24 hours,Open 24 hours,Open 24 hours,Open 24 hours,Open 24 hours,Open 24 hours,"https://www.google.com/maps/search/garage+door+services+in+Rogersville+Springfield+MO/@37.116995,-93.0557343,14z",2025-11-07T23:31:34.675Z,,,
https://www.google.com/maps/place/Town+%26+Country+Garage+Doors+Inc./data=!4m7!3m6!1s0x87dadd01b7e254b7:0x6aff4d9a02fb159b!8m2!3d37.8281066!4d-92.1899159!16s%2Fg%2F11cllqcxmc!19sChIJt1TitwHd2ocRmxX7AppN_2o,Town & Country Garage Doors Inc.,5.0,149,Garage door supplier,"1201 U.S. Rte 66, Waynesville, MO 65583, United States","RRH6+62 Waynesville, Missouri, USA",http://www.townandcountrydoorsinc.com/,+1 573-528-8513,,https://lh3.googleusercontent.com/p/AF1QipMe7R0P6RnBX7o3mvpHTr0P5FgY_kMW4FYNs-ga=w408-h306-k-no,true,,,,,,,,"https://www.google.com/maps/search/garage+door+services+in+Rogersville+Springfield+MO/@37.116995,-93.0557343,14z",2025-11-07T23:31:39.516Z,Identifies as veteran-owned,,
https://www.google.com/maps/place/Robs+Handyman+Services/data=!4m7!3m6!1s0x87cf831d9a932613:0xd3a9411b1884cb0d!8m2!3d38.3046624!4d-92.436836!16s%2Fg%2F1vg6v86h!19sChIJEyaTmh2Dz4cRDcuEGBtBqdM,Robs Handyman Services,3.7,3,Handyman/Handywoman/Handyperson,,,,+1 417-844-8584,Closed ⋅ Opens 9 am Sat,https://lh3.googleusercontent.com/p/AF1QipMFCY1gYKSjK8EU0x9abJqWRFx6XyDxXhzvp1gh=w408-h306-k-no,true,9 am–5 pm,9 am–5 pm,Closed,9 am–5 pm,9 am–5 pm,9 am–5 pm,9 am–5 pm,"https://www.google.com/maps/search/garage+door+services+in+Rogersville+Springfield+MO/@37.116995,-93.0557343,14z",2025-11-07T23:31:44.497Z,,,
https://www.google.com/maps/place/Doors+%26+More/data=!4m7!3m6!1s0x87cf4eda5dca6b3f:0xd4336ff7e3804159!8m2!3d36.9969739!4d-93.6289879!16s%2Fg%2F11fll630vv!19sChIJP2vKXdpOz4cRWUGA4_dvM9Q,Doors & More,,,,"611 E Logan St, Marionville, MO 65705, United States","X9WC+QC Marionville, Missouri, USA",,,,https://streetviewpixels-pa.googleapis.com/v1/thumbnail?panoid=KN524O4Wj8EJA2yRxpA63Q&cb_client=search.gws-prod.gps&w=408&h=240&yaw=81.57587&pitch=0&thumbfov=100,false,,,,,,,,"https://www.google.com/maps/search/garage+door+services+in+Marionville+Springfield+MO/@37.0031121,-93.6374213,14z",2025-11-07T23:31:58.240Z,,,
"https://www.google.com/maps/place/Ozark+Portable+Buildings+Sheds+Cabins,+Barns+of+Billings,+MO/data=!4m7!3m6!1s0x87cf4fc3a16b45f9:0xafaf285b4fa98289!8m2!3d37.0196018!4d-93.6066046!16s%2Fg%2F11krh99hvt!19sChIJ-UVrocNPz4cRiYKpT1sor68","Ozark Portable Buildings Sheds Cabins, Barns of Billings, MO",4.0,4,Shed builder,"3660 US-60, Billings, MO 65610, United States","299V+R9 Billings, Missouri, USA",https://www.ozarkportablebuildings.com/,+1 417-719-0421,Closes soon ⋅ 6 pm ⋅ Opens 8 am Sat,https://lh3.googleusercontent.com/p/AF1QipMmvJw2Ks-AfF43dfzon6jqn1s2ZUhvGkGXOlKB=w408-h306-k-no,true,8 am–6 pm,8 am–5 pm,10 am–3 pm,8 am–6 pm,8 am–6 pm,8 am–6 pm,8 am–6 pm,"https://www.google.com/maps/search/garage+door+services+in+Marionville+Springfield+MO/@37.0031121,-93.6374213,14z",2025-11-07T23:32:14.548Z,,,
https://www.google.com/maps/place/J%26J+Garage+Door+Service/data=!4m7!3m6!1s0x4134f9efb243931f:0x79ce365b0ab8b046!8m2!3d36.631047!4d-93.480096!16s%2Fg%2F11ltgz_g49!19sChIJH5NDsu_5NEERRrC4Cls2znk,J&J Garage Door Service,,,Garage door supplier,,,https://www.jjgaragedoorservice.com/,+1 417-339-6519,Closes soon ⋅ 6 pm ⋅ Opens 9 am Mon,https://lh3.googleusercontent.com/p/AF1QipMXlJTnFkDh6H_43ONpsRNfCPL_iAIROZ7vPKBX=w408-h306-k-no,true,9 am–6 pm,Closed,Closed,9 am–6 pm,9 am–6 pm,9 am–6 pm,9 am–6 pm,"https://www.google.com/maps/search/garage+door+services+in+Marionville+Springfield+MO/@37.0031121,-93.6374213,14z",2025-11-07T23:32:32.816Z,,,
https://www.google.com/maps/place/Garage+Doors+Etc/data=!4m7!3m6!1s0x42d2f1fd0670eba3:0x5dc265efd2271fbe!8m2!3d36.9235711!4d-93.7714076!16s%2Fg%2F11w3l8_3wn!19sChIJo-twBv3x0kIRvh8n0u9lwl0,Garage Doors Etc,,,Garage door supplier,,,,+1 253-592-4046,Open ⋅ Closes 5 am Sat,https://lh3.googleusercontent.com/p/AF1QipNF6hLW33V0NlvC7aHdU-1pDknpXVfi_rbeVeF7=w408-h306-k-no,true,9 am–5 am,Closed,Closed,9 am–5 am,9 am–5 am,9 am–5 am,9 am–5 am,"https://www.google.com/maps/search/garage+door+services+in+Marionville+Springfield+MO/@37.0031121,-93.6374213,14z",2025-11-07T23:32:37.470Z,,,
,,,,,,,,,,,,,,,,,,,"https://www.google.com/maps/search/garage+door+services+in+Clever+Springfield+MO/@37.0303327,-93.4729712,14z",2025-11-07T23:33:05.392Z,,No new results found,
https://www.google.com/maps/place/J%26T+Services+Junk+Removal/data=!4m7!3m6!1s0x87c5829b902c3d0b:0xff6dfc1fa7de2bb6!8m2!3d37.2012074!4d-93.3305305!16s%2Fg%2F1tgnb46t!19sChIJCz0skJuCxYcRtivepx_8bf8,J&T Services Junk Removal,4.8,313,Junk removal service,"758 S Scenic Ave, Springfield, MO 65802, United States","6M29+FQ Springfield, Missouri, USA",https://jtservicesjunkhauling.com/,+1 417-840-2528,Closes soon ⋅ 6 pm ⋅ Opens 8:30 am Sat,https://lh3.googleusercontent.com/p/AF1QipOFmhjJv515bwmet493ExNak_8zFflyTGxOkDZt=w408-h544-k-no,true,8:30 am–6 pm,8:30 am–6 pm,Closed,8:30 am–6 pm,8:30 am–6 pm,8:30 am–6 pm,8:30 am–6 pm,"https://www.google.com/maps/search/garage+door+services+in+Bolivar+Springfield+MO/@37.2089572,-93.2922989,14z",2025-11-07T23:33:32.654Z,,,
https://www.google.com/maps/place/GoodLife+Home+Renovations/data=!4m7!3m6!1s0x87cf63b107e71b53:0x4d8078f5ec997cad!8m2!3d37.2096057!4d-93.3273597!16s%2Fg%2F11kpy2n4sc!19sChIJUxvnB7Fjz4cRrXyZ7PV4gE0,GoodLife Home Renovations,4.9,79,Remodeler,"2541 W College Rd, Springfield, MO 65802, United States","6M5F+R3 Springfield, Missouri, USA",https://www.goodlifehomerenovations.com/?utm_source=google&utm_medium=local&utm_campaign=gmb,+1 417-501-5994,Closes soon ⋅ 6 pm ⋅ Opens 8 am Mon,https://lh3.googleusercontent.com/p/AF1QipPSzcLBE_4I2TNPoI746T-9eiTvZlOflvqkMwGB=w426-h240-k-no,true,8 am–6 pm,Closed,Closed,8 am–6 pm,8 am–6 pm,8 am–6 pm,8 am–6 pm,"https://www.google.com/maps/search/garage+door+services+in+Bolivar+Springfield+MO/@37.2089572,-93.2922989,14z",2025-11-07T23:33:38.383Z,Identifies as women-owned,,
https://www.google.com/maps/place/Sutherlands+Hardware+%26+Supply/data=!4m7!3m6!1s0x87cf634af357dba9:0xf4d3f3008add2449!8m2!3d37.1869179!4d-93.260561!16s%2Fg%2F11g8_0fr64!19sChIJqdtX80pjz4cRSSTdigDz0_Q,Sutherlands Hardware & Supply,4.4,347,Hardware store,"1464 S Glenstone Ave, Springfield, MO 65804, United States","5PPQ+QQ Springfield, Missouri, USA",https://sutherlands.com/?store=3222,+1 417-368-2840,Open ⋅ Closes 7 pm,https://lh3.googleusercontent.com/gps-cs-s/AG0ilSyrMW4kdbnSDUN_IBfbdFRSe4xe421ntr1vFT7OaBrGDQPVeQn54CIv-17r5EVrfpYrfu-xjojauNt6hiQlpMNKtayLIP-YDgCQZo_Mw4czouV0aEYbqJfw1PdhzVVVe9L-nqk=w408-h306-k-no,true,7 am–7 pm,7 am–7 pm,10 am–5 pm,7 am–7 pm,7 am–7 pm,7 am–7 pm,7 am–7 pm,"https://www.google.com/maps/search/garage+door+services+in+Bolivar+Springfield+MO/@37.2089572,-93.2922989,14z",2025-11-07T23:33:43.645Z,,,"Home-improvement chain with lumber, electrical & plumbing supplies, hardware, tools & appliances. · In-store shopping · In-store pick-up · Delivery"
https://www.google.com/maps/place/Advanced+Restorations/data=!4m7!3m6!1s0x87cf66a152a09219:0x388a8c57eaefaad1!8m2!3d37.2108251!4d-93.3288773!16s%2Fg%2F11clvbh1c2!19sChIJGZKgUqFmz4cR0arv6leMijg,Advanced Restorations,4.8,224,Roofing contractor,"2633 W College Rd, Springfield, MO 65802, United States","6M6C+8C Springfield, Missouri, USA",https://www.advancedrestorationsmo.com/,+1 417-962-8844,Open 24 hours,https://lh3.googleusercontent.com/p/AF1QipMEa3ufa5P1nFd_vuGMYuUKJPsM1QVgBIa2uQhs=w408-h271-k-no,true,Open 24 hours,Open 24 hours,Open 24 hours,Open 24 hours,Open 24 hours,Open 24 hours,Open 24 hours,"https://www.google.com/maps/search/garage+door+services+in+Bolivar+Springfield+MO/@37.2089572,-93.2922989,14z",2025-11-07T23:33:48.602Z,,,
https://www.google.com/maps/place/The+Concrete+Lifter+LLC/data=!4m7!3m6!1s0x87cf622c21e0464d:0xd9b2dc10c252d234!8m2!3d37.2127486!4d-93.3325562!16s%2Fg%2F1ygvsv6r4!19sChIJTUbgISxiz4cRNNJSwhDcstk,The Concrete Lifter LLC,5.0,45,Concrete contractor,"2755 W Chestnut Expy, Springfield, MO 65802, United States","6M78+3X Springfield, Missouri, USA",http://theconcretelifter.com/,+1 417-315-6949,Closed ⋅ Opens 8 am Mon,https://lh3.googleusercontent.com/gps-cs-s/AG0ilSw_lxFm-cazh3Ku2sipzbzMUnfqABrGQwH-CqiVIAzAt5GMOw90ggmllzHYRFOuaX6m3vb-CZk-TRKL9djhqVZvH0epbsK5PJL6UG428MkLgmQPEAclQfp_EzmCVac2Uo1mcM15=w408-h544-k-no,true,8 am–5 pm,Closed,Closed,8 am–5 pm,8 am–5 pm,8 am–5 pm,8 am–5 pm,"https://www.google.com/maps/search/garage+door+services+in+Bolivar+Springfield+MO/@37.2089572,-93.2922989,14z",2025-11-07T23:33:53.587Z,,,
https://www.google.com/maps/place/T+%26+S+Home+Maintenance+%26+Renovation+Services+LLC/data=!4m7!3m6!1s0x87cf623c4db040a9:0x77e8daaf72793917!8m2!3d37.2263572!4d-93.3257387!16s%2Fg%2F11ddx22gyb!19sChIJqUCwTTxiz4cRFzl5cq_a6Hc,T & S Home Maintenance & Renovation Services LLC,4.4,27,Handyman/Handywoman/Handyperson,"1475 N West Ave, Springfield, MO 65802, United States","6MGF+GP Springfield, Missouri, USA",http://www.tandsmaintenance.net/,+1 417-315-6593,Closed ⋅ Opens 7:30 am Mon,https://lh3.googleusercontent.com/p/AF1QipPZ7p-y31alCvByQMDLXcgaoCPXeBMoYCQuGu_Z=w408-h306-k-no,true,7:30 am–4:30 pm,Closed,Closed,7:30 am–4:30 pm,7:30 am–4:30 pm,7:30 am–4:30 pm,7:30 am–4:30 pm,"https://www.google.com/maps/search/garage+door+services+in+Bolivar+Springfield+MO/@37.2089572,-93.2922989,14z",2025-11-07T23:33:58.615Z,,,
https://www.google.com/maps/place/Complete+Home+Remodeling+LLC/data=!4m7!3m6!1s0x87cf63e734663ff1:0xa8c9871a157f75df!8m2!3d37.1826471!4d-93.2916313!16s%2Fg%2F11h5rmj51v!19sChIJ8T9mNOdjz4cR33V_FRqHyag,Complete Home Remodeling LLC,4.8,21,Remodeler,"227 E Sunshine St Suite 105, Springfield, MO 65807, United States","5PM5+38 Springfield, Missouri, USA",,+1 417-761-0675,Closed ⋅ Opens 8 am Mon,https://lh3.googleusercontent.com/p/AF1QipNnQoMwin9SeL_i_o0qqQIBRx-6gB05AfB4r8ns=w426-h240-k-no,true,8 am–5 pm,Closed,Closed,8 am–5 pm,8 am–5 pm,8 am–5 pm,8 am–5 pm,"https://www.google.com/maps/search/garage+door+services+in+Bolivar+Springfield+MO/@37.2089572,-93.2922989,14z",2025-11-07T23:34:03.713Z,,,
https://www.google.com/maps/place/Jay+Key+Service+Inc/data=!4m7!3m6!1s0x87cf62dff96a94eb:0x87b14d7d54e6dfa8!8m2!3d37.209214!4d-93.2780793!16s%2Fg%2F1tdfnt0x!19sChIJ65Rq-d9iz4cRqN_mVH1NsYc,Jay Key Service Inc,4.9,498,Locksmith,"1106 E St Louis St, Springfield, MO 65806, United States","6P5C+MQ Springfield, Missouri, USA",http://www.jaykeyservice.com/,+1 417-862-7049,Closed ⋅ Opens 8 am Mon,https://lh3.googleusercontent.com/gps-cs-s/AG0ilSxOTGLdQnSdMLhvXiGqc_-zGotmgWof9SOrfCSb4qGxjSEi1y-oOvV2DiFwehG2J3FkYzLSx2vtSWpHMAfcSEeJFtm6yUV6EUqkVF_KGVO0n7XghSJ5PqWUt5Zhw7Yt4LC7BOEQSQ=w408-h306-k-no,true,8 am–5 pm,Closed,Closed,8 am–5 pm,8 am–5 pm,8 am–5 pm,8 am–5 pm,"https://www.google.com/maps/search/garage+door+services+in+Bolivar+Springfield+MO/@37.2089572,-93.2922989,14z",2025-11-07T23:34:08.749Z,,,
https://www.google.com/maps/place/Continental+Siding+-+Springfield+Office%2FWarehouse/data=!4m7!3m6!1s0x87cf7d058230b773:0x81d516f889077d15!8m2!3d37.2425169!4d-93.2454329!16s%2Fg%2F11r3mdc0m8!19sChIJc7cwggV9z4cRFX0HifgW1YE,Continental Siding - Springfield Office/Warehouse,4.9,284,Siding contractor,"2534 N Patterson Ave Suite B, Springfield, MO 65803, United States","6QV3+2R Springfield, Missouri, USA",https://continentalsiding.com/?utm_source=gbps&utm_medium=organic&utm_id=ifocus,+1 417-319-7850,,https://lh3.googleusercontent.com/p/AF1QipMLt8qAl7SJuumtJc0G5aBH3Whum7S_0e2viOVK=w408-h272-k-no,true,,,,,,,,"https://www.google.com/maps/search/garage+door+services+in+Bolivar+Springfield+MO/@37.2089572,-93.2922989,14z",2025-11-07T23:34:11.607Z,,,
https://www.google.com/maps/place/The+Concrete+Lifter+LLC/data=!4m7!3m6!1s0x87cf6319a9dd5499:0x4ef8c70a926dc9c!8m2!3d37.2127486!4d-93.3325562!16s%2Fg%2F11nfn68rns!19sChIJmVTdqRljz4cRnNwmqXCM7wQ,The Concrete Lifter LLC,4.9,35,Concrete contractor,"2755 W Chestnut Expy suite i, Springfield, MO 65802, United States","6M78+3X Springfield, Missouri, USA",https://theconcretelifter.com/,+1 417-315-6949,Closed ⋅ Opens 8 am Mon,https://lh3.googleusercontent.com/p/AF1QipMT9Mz72ReYV5sM_LQDIv88VKqzzUrSil6M3Lxu=w408-h339-k-no,true,8 am–5 pm,Closed,Closed,8 am–5 pm,8 am–5 pm,8 am–5 pm,8 am–5 pm,"https://www.google.com/maps/search/garage+door+services+in+Bolivar+Springfield+MO/@37.2089572,-93.2922989,14z",2025-11-07T23:34:16.373Z,,,
https://www.google.com/maps/place/Erie+Home/data=!4m7!3m6!1s0x87cf7d952dd81549:0x3f5e297188ea8e86!8m2!3d37.2130875!4d-93.2539771!16s%2Fg%2F11ghlk4lt0!19sChIJSRXYLZV9z4cRho7qiHEpXj8,Erie Home,4.3,369,Roofing contractor,"2109A E Rockhurst St, Springfield, MO 65802, United States","6P7W+6C Springfield, Missouri, USA",https://eriehome.com/roofing/,+1 800-684-4628,Closes soon ⋅ 6 pm ⋅ Opens 9:30 am Mon,https://lh3.googleusercontent.com/p/AF1QipO0bHVTozedbXRWCELV2TBcpoiQYDm1gRvdZys=w408-h306-k-no,true,9:30 am–6 pm,Closed,Closed,9:30 am–6 pm,9:30 am–6 pm,9:30 am–6 pm,9:30 am–6 pm,"https://www.google.com/maps/search/garage+door+services+in+Bolivar+Springfield+MO/@37.2089572,-93.2922989,14z",2025-11-07T23:34:21.471Z,LGBTQ+ friendly,,
https://www.google.com/maps/place/Gilbert%27s+Mobile+Services/data=!4m7!3m6!1s0x87cf62f96a8fffff:0xae928058d50bb3ac!8m2!3d37.226799!4d-93.322883!16s%2Fg%2F1hc7gvynr!19sChIJ__-Pavliz4cRrLML1ViAkq4,Gilbert's Mobile Services,4.1,111,Truck repair shop,"2329 W Division St, Springfield, MO 65802, United States","6MGG+PR Springfield, Missouri, USA",http://www.gilbertmobileserviceinc.com/,+1 417-459-0159,Open 24 hours,https://lh3.googleusercontent.com/gps-cs-s/AG0ilSyLy60rPnE827W_8B7hMJZF0gcVyImtb6SmEd7hGZseue87z3x7lyi6o_slFvQeWp1zAlGoj-zOj9CTVImLsIXUhP3i1nFNnKHye9SvXNChRWxP2gjxLwIJO3oQOc9fWW9PtG__=w408-h408-k-no,true,Open 24 hours,Open 24 hours,Open 24 hours,Open 24 hours,Open 24 hours,Open 24 hours,Open 24 hours,"https://www.google.com/maps/search/garage+door+services+in+Bolivar+Springfield+MO/@37.2089572,-93.2922989,14z",2025-11-07T23:34:26.904Z,,,
,,,,,,,,,,,,,,,,,,,"https://www.google.com/maps/search/garage+door+services+in+Branson+Springfield+MO/@36.6441276,-93.2183384,14z",2025-11-07T23:34:49.209Z,,No new results found,
https://www.google.com/maps/place/Carthage+Hardware/data=!4m7!3m6!1s0x87c8822b58fdaee1:0x1a5db5163d2966d9!8m2!3d37.1936281!4d-94.2993483!16s%2Fg%2F1vc6dyck!19sChIJ4a79WCuCyIcR2WYpPRa1XRo,Carthage Hardware,4.6,37,Hardware store,"1103 E Java St, Carthage, MO 64836, United States","5PV2+F7 Carthage, Missouri, USA",https://www.carthagehardware.build/,+1 417-358-3579,Closed ⋅ Opens 8 am Mon,https://lh3.googleusercontent.com/gps-cs-s/AG0ilSx_kGt-zDcPjvKJftm6xbxl3yxaz6cvbcbxpkcSdxeKj-623_ozD0toRGHxUpATfSi9Tel4Ob-gQViRQ2ad1qlTMDhQ7htD2_trQfj4WPqgXyAZq-ubKwgP9QHMkKb_pp0AyovNdw=w408-h355-k-no,true,8 am–4 pm,Closed,Closed,8 am–4 pm,8 am–4 pm,8 am–4 pm,8 am–4 pm,"https://www.google.com/maps/search/garage+door+services+in+Carthage+Springfield+MO/@37.1786259,-94.3139613,14z",2025-11-07T23:35:05.065Z,,,· In-store shopping · Kerbside pickup · Delivery
https://www.google.com/maps/place/Overhead+Door+Company+of+Joplin/data=!4m7!3m6!1s0x87c87baa32d920a3:0xb24619ba0b3deec6!8m2!3d37.1220585!4d-94.4596154!16s%2Fg%2F1tg7sj_6!19sChIJoyDZMqp7yIcRxu49C7oZRrI,Overhead Door Company of Joplin,4.9,375,Garage door supplier,"3558 Red Iron Dr, Webb City, MO 64870, United States","4GCR+R5 Webb City, Missouri, USA",https://overheaddoorjoplin.com/,+1 417-623-0010,Open 24 hours,https://lh3.googleusercontent.com/p/AF1QipPQCE1l1gKDwcx6tJ-HEjY0CVwTy7TKV6JmQcuq=w408-h271-k-no,true,Open 24 hours,Open 24 hours,Open 24 hours,Open 24 hours,Open 24 hours,Open 24 hours,Open 24 hours,"https://www.google.com/maps/search/garage+door+services+in+Carthage+Springfield+MO/@37.1786259,-94.3139613,14z",2025-11-07T23:35:10.224Z,,,
https://www.google.com/maps/place/Four+State+Doors+LLC/data=!4m7!3m6!1s0x87c87ba82b4f1445:0x587c6fe5f27c01c1!8m2!3d37.0682805!4d-94.5422794!16s%2Fg%2F11qndr51x7!19sChIJRRRPK6h7yIcRwQF88uVvfFg,Four State Doors LLC,4.8,26,Garage door supplier,"2120 Roosevelt Ave Suite 2, Joplin, MO 64804, United States","3F95+83 Joplin, Missouri, USA",https://www.fourstatedoors.com/,+1 417-624-5394,Closed ⋅ Opens 7:30 am Mon,https://lh3.googleusercontent.com/p/AF1QipONimaXXpKtjiz3MyVTDtGpOqCX_eXq6DjkzleS=w408-h306-k-no,true,7:30 am–5 pm,Closed,Closed,7:30 am–5 pm,7:30 am–5 pm,7:30 am–5 pm,7:30 am–5 pm,"https://www.google.com/maps/search/garage+door+services+in+Carthage+Springfield+MO/@37.1786259,-94.3139613,14z",2025-11-07T23:35:15.216Z,,,
https://www.google.com/maps/place/Garage+Door+Brokers/data=!4m7!3m6!1s0x87c87b36468bc669:0x54ef4a8e0dd9ea3!8m2!3d37.0833375!4d-94.5044244!16s%2Fg%2F11fklg4wkm!19sChIJacaLRjZ7yIcRo57d4Kj0TgU,Garage Door Brokers,4.5,21,Garage door supplier,"902 E 7th St, Joplin, MO 64801, United States","3FMW+86 Joplin, Missouri, USA",,+1 417-206-3667,Closed ⋅ Opens 8 am Mon,https://lh3.googleusercontent.com/p/AF1QipP57sRQjZibJhSt2W_vQ8vQPaFxM9OwrDQWT_iM=w408-h306-k-no,true,8 am–5 pm,Closed,Closed,8 am–5 pm,8 am–5 pm,8 am–5 pm,8 am–5 pm,"https://www.google.com/maps/search/garage+door+services+in+Carthage+Springfield+MO/@37.1786259,-94.3139613,14z",2025-11-07T23:35:20.096Z,,,
https://www.google.com/maps/place/Five+Stars+Garage+Door+Repair+Missouri/data=!4m7!3m6!1s0x87c8575afa27d8b7:0xb9c21c2b0632fa81!8m2!3d38.639741!4d-90.476083!16s%2Fg%2F11fy4trs5x!19sChIJt9gn-lpXyIcRgfoyBiscwrk,Five Stars Garage Door Repair Missouri,5.0,5,Garage door supplier,,,https://fsgaragedoorrepairmo.com/,+1 979-481-5924,Open 24 hours,https://lh3.googleusercontent.com/p/AF1QipMU2ZG5d0CGMcpFMUfsvE9adELGWAQLxFYMaXbI=w408-h408-k-no,true,Open 24 hours,Open 24 hours,Open 24 hours,Open 24 hours,Open 24 hours,Open 24 hours,Open 24 hours,"https://www.google.com/maps/search/garage+door+services+in+Carthage+Springfield+MO/@37.1786259,-94.3139613,14z",2025-11-07T23:35:24.779Z,,,
https://www.google.com/maps/place/Westwoods+Cabinet+Hardware/data=!4m7!3m6!1s0x87c62a0f5def9677:0x96f3e1bb4a58a95d!8m2!3d37.1762473!4d-94.3262535!16s%2Fg%2F11hy_xjp8k!19sChIJd5bvXQ8qxocRXalYSrvh85Y,Westwoods Cabinet Hardware,4.9,65,Home improvement store,"1200 Oak St, Carthage, MO 64836, United States","5MGF+FF Carthage, Missouri, USA",https://westwoodscabinethardware.com/,+1 417-392-7872,Closed ⋅ Opens 8 am Mon,https://lh3.googleusercontent.com/gps-cs-s/AG0ilSxnlCy3gBDzt9fa8WxJ5Ar1SgZJP4ybxh5hSSj11Y7fG9Rc5K7gkqBeZ9bBVOAScnK-C8ZGteYrJaapuqwk_fxR-CNmm5fvTk_5Uq1tOdQobTyqCQoWS4JwG_ZT3bQ1Pw4WQbBTEPO__uM=w408-h306-k-no,true,8 am–5 pm,Closed,Closed,8 am–5 pm,8 am–4 pm,8 am–5 pm,8 am–4 pm,"https://www.google.com/maps/search/garage+door+services+in+Carthage+Springfield+MO/@37.1786259,-94.3139613,14z",2025-11-07T23:35:29.716Z,,,· In-store pick-up
"https://www.google.com/maps/place/Branham+Overhead+Door,+LLC/data=!4m7!3m6!1s0x4dc2d99d37ce45b1:0xfeeec1b510eb10d6!8m2!3d36.8470515!4d-94.3908384!16s%2Fg%2F11q8w95dw3!19sChIJsUXON53Zwk0R1hDrELXB7v4","Branham Overhead Door, LLC",5.0,21,Garage door supplier,,,http://www.branhamoverheaddoor.com/,+1 417-456-9978,Closes soon ⋅ 6 pm ⋅ Opens 7 am Mon,https://lh3.googleusercontent.com/gps-cs-s/AG0ilSzci6Vz7AtjZery8GZxGhCKsME-ewW-LoWM7FQS3UEBQjCHcz36rdWgDwB-zTWc5iL7GcDTzuJfpUOCo9yNEtCB7mfQpW1OB-7KqRi-bhWeSha9S2thkCNb1U2hgqf8SDbgxHBpbw=w408-h483-k-no,true,7 am–6 pm,Closed,Closed,7 am–6 pm,7 am–6 pm,7 am–5 pm,7 am–6 pm,"https://www.google.com/maps/search/garage+door+services+in+Carthage+Springfield+MO/@37.1786259,-94.3139613,14z",2025-11-07T23:35:34.706Z,,,
https://www.google.com/maps/place/Dale%27s+Garage+%26+Towing/data=!4m7!3m6!1s0x87c8808835b907b9:0xce267e48b13d5ad5!8m2!3d37.172303!4d-94.3851336!16s%2Fg%2F1vg_dcx9!19sChIJuQe5NYiAyIcR1Vo9sUh-Js4,Dale's Garage & Towing,4.7,103,Auto repair shop,"646 Carol St, Carthage, MO 64836, United States","5JC7+WW Carthage, Missouri, USA",,+1 417-358-9787,Closed ⋅ Opens 8 am Mon,https://lh3.googleusercontent.com/gps-cs-s/AG0ilSwti3oR3lJB9gAboup3YyZLVdhKMhrUQ-kluCmF3PFhHjGH-6x2N9jOHyjkM2QET-K9SV1syiJxicJUzFq-8ruu15XHw0ck2k8PJozv7Sgr0T3CsWQPxEquNKIJSXGOEPXsAGRY=w408-h306-k-no,false,8 am–5 pm,Closed,Closed,8 am–5 pm,8 am–5 pm,8 am–5 pm,8 am–5 pm,"https://www.google.com/maps/search/garage+door+services+in+Carthage+Springfield+MO/@37.1786259,-94.3139613,14z",2025-11-07T23:35:39.508Z,,,
"https://www.google.com/maps/place/Show+Me+Doors+L.L.C./@37.0508323,-94.3886222,17z/data=!3m1!4b1!4m6!3m5!1s0x87c887dec8d44d3f:0xf01b3eaa5621182f!8m2!3d37.0508323!4d-94.3886222!16s%2Fg%2F11hzy8v7pc",Show Me Doors L.L.C.,,,Garage door supplier,"1266 Lark Rd, Joplin, MO 64804, United States","3J26+8H Joplin, Missouri, USA",,+1 417-952-6217,Closed ⋅ Opens 9 am Sat,,true,8 am–5 pm,9 am–5 pm,Closed,8 am–5 pm,8 am–5 pm,8 am–5 pm,8 am–5 pm,"https://www.google.com/maps/search/garage+door+services+in+Carthage+Springfield+MO/@37.1786259,-94.3139613,14z",2025-11-07T23:35:46.449Z,,,
https://www.google.com/maps/place/Residential+Garage+Door+Service/data=!4m7!3m6!1s0x87c7c3b98a96413d:0xd539e637bcdba0d0!8m2!3d37.4554159!4d-94.6968401!16s%2Fg%2F11q1pmt2jx!19sChIJPUGWirnDx4cR0KDbvDfmOdU,Residential Garage Door Service,5.0,18,Garage door supplier,"306 W McKay St, Frontenac, KS 66763, United States","F843+57 Frontenac, Kansas, USA",,+1 620-232-6200,Closed ⋅ Opens 8 am Mon,https://lh3.googleusercontent.com/p/AF1QipNMZ88E4n7Ocs9u2-S5ZwHawVpPGmGoCYQkaIgy=w408-h408-k-no,true,8 am–5 pm,Closed,Closed,8 am–5 pm,8 am–5 pm,8 am–5 pm,8 am–5 pm,"https://www.google.com/maps/search/garage+door+services+in+Carthage+Springfield+MO/@37.1786259,-94.3139613,14z",2025-11-07T23:35:51.209Z,,,
https://www.google.com/maps/place/Woody%27s+Glass+Shop/data=!4m7!3m6!1s0x87c8822b7f4487e7:0xc51ef65e4c6f775a!8m2!3d37.1788786!4d-94.3106367!16s%2Fg%2F1tfbj7ms!19sChIJ54dEfyuCyIcRWndvTF72HsU,Woody's Glass Shop,4.5,115,Auto glass shop,"101 E Central Ave, Carthage, MO 64836, United States","5MHQ+HP Carthage, Missouri, USA",http://woodys.glass/,+1 417-358-4073,Closed ⋅ Opens 8 am Mon,https://lh3.googleusercontent.com/p/AF1QipOx9tSeXQX3tvmxm9BWCgRbrjgoXR0lN5e_aF_5=w426-h240-k-no,true,8 am–5 pm,Closed,Closed,8 am–5 pm,8 am–5 pm,8 am–5 pm,8 am–5 pm,"https://www.google.com/maps/search/garage+door+services+in+Carthage+Springfield+MO/@37.1786259,-94.3139613,14z",2025-11-07T23:35:56.335Z,,,
https://www.google.com/maps/place/Fast+Monkey+Auto/data=!4m7!3m6!1s0x87c88362633035b7:0x82090c84ecec719c!8m2!3d37.14999!4d-94.312847!16s%2Fg%2F11vd3ppzhm!19sChIJtzUwY2KDyIcRnHHs7IQMCYI,Fast Monkey Auto,5.0,367,Auto repair shop,"2302 Fairlawn Ave, Carthage, MO 64836, United States","4MXP+XV Carthage, Missouri, USA",https://www.fastmonkeyauto.com/,+1 417-323-0445,Closed ⋅ Opens 8 am Mon,https://lh3.googleusercontent.com/p/AF1QipPWl8BXoLPpkggmgUSczErEnuGY0EuyKWGFzi34=w408-h544-k-no,true,8 am–12 pm,Closed,Closed,8 am–5 pm,8 am–5 pm,8 am–5 pm,8 am–5 pm,"https://www.google.com/maps/search/garage+door+services+in+Carthage+Springfield+MO/@37.1786259,-94.3139613,14z",2025-11-07T23:36:01.287Z,,,
https://www.google.com/maps/place/Bass+Automotive/data=!4m7!3m6!1s0x87c8815de87f8edf:0xc6070990d2c3303a!8m2!3d37.1534559!4d-94.3209949!16s%2Fg%2F1vzqssny!19sChIJ345_6F2ByIcROjDD0pAJB8Y,Bass Automotive,4.8,62,Auto repair shop,"2040 Suburban St, Carthage, MO 64836, United States","5M3H+9J Carthage, Missouri, USA",http://www.facebook.com/bassautomotivellc,+1 417-359-8002,Closed ⋅ Opens 8 am Mon,https://streetviewpixels-pa.googleapis.com/v1/thumbnail?panoid=htKvda1ihsiBhPntAMiZ7g&cb_client=search.gws-prod.gps&w=408&h=240&yaw=273.78232&pitch=0&thumbfov=100,false,8 am–5 pm,Closed,Closed,8 am–5 pm,8 am–5 pm,8 am–5 pm,8 am–5 pm,"https://www.google.com/maps/search/garage+door+services+in+Carthage+Springfield+MO/@37.1786259,-94.3139613,14z",2025-11-07T23:36:06.257Z,,,
https://www.google.com/maps/place/Suburban+Door/data=!4m7!3m6!1s0x87c7d646f1925c01:0xf459f9f50e2a6293!8m2!3d37.23636!4d-94.5116467!16s%2Fg%2F11gbkxy2h7!19sChIJAVyS8UbWx4cRk2IqDvX5WfQ,Suburban Door,4.0,4,Garage door supplier,"25168 Mulberry Rd, Webb City, MO 64870, United States","6FPQ+G8 Webb City, Missouri, USA",,+1 417-434-4773,Closed ⋅ Opens 8 am Mon,https://lh3.googleusercontent.com/p/AF1QipNRhg336SdaI61waOmVEI89K4LKGeYbiLiHlZKu=w408-h306-k-no,true,8 am–5 pm,Closed,Closed,8 am–5 pm,8 am–5 pm,8 am–5 pm,8 am–5 pm,"https://www.google.com/maps/search/garage+door+services+in+Carthage+Springfield+MO/@37.1786259,-94.3139613,14z",2025-11-07T23:36:11.294Z,,,
https://www.google.com/maps/place/KSP+Garage+Door/data=!4m7!3m6!1s0x87c61bec65db8b13:0xbcdfa02eb55dbce9!8m2!3d37.3808702!4d-93.953136!16s%2Fg%2F11h5vcdj0r!19sChIJE4vbZewbxocR6bxdtS6g37w,KSP Garage Door,,,Garage door supplier,"1404 S Main St, Lockwood, MO 65682, United States","92JW+8P Lockwood, Missouri, USA",,+1 417-848-6648,Open 24 hours,https://streetviewpixels-pa.googleapis.com/v1/thumbnail?panoid=2km_pID70_Qdb7Ixq_d23A&cb_client=search.gws-prod.gps&w=408&h=240&yaw=85.78395&pitch=0&thumbfov=100,true,Open 24 hours,Open 24 hours,Open 24 hours,Open 24 hours,Open 24 hours,Open 24 hours,Open 24 hours,"https://www.google.com/maps/search/garage+door+services+in+Carthage+Springfield+MO/@37.1786259,-94.3139613,14z",2025-11-07T23:36:16.039Z,,,
https://www.google.com/maps/place/Installation+Services/data=!4m7!3m6!1s0x87c88157b76ab5f1:0xaa2f6454fee4a0f4!8m2!3d37.1417633!4d-94.3162243!16s%2Fg%2F11hd9lgrcy!19sChIJ8bVqt1eByIcR9KDk_lRkL6o,Installation Services,,,Contractor,"433 W Fir Rd, Carthage, MO 64836, United States","4MRM+PG Carthage, Missouri, USA",https://www.lowes.com/l/lowes-home-services.html?cm_mmc=lod-_-c-_-lcl-_-ext-_-yxt-_-go-_-2647-_-na-_-0-_-0,,,https://lh3.googleusercontent.com/p/AF1QipOxVchg_9dPxtlMCRKxpZPdej1zlzAi8_wmTmil=w408-h271-k-no,true,,,,,,,,"https://www.google.com/maps/search/garage+door+services+in+Carthage+Springfield+MO/@37.1786259,-94.3139613,14z",2025-11-07T23:36:23.491Z,,,
https://www.google.com/maps/place/RG+Garage+Door+Service/data=!4m7!3m6!1s0x87c0290e43d71453:0x6d8ffce76c93347d!8m2!3d39.8897575!4d-94.3616717!16s%2Fg%2F11gcz3cqj3!19sChIJUxTXQw4pwIcRfTSTbOf8j20,RG Garage Door Service,5.0,24,Door supplier,"303 W Main St, Maysville, MO 64469, United States","VJQQ+W8 Maysville, Missouri, USA",https://www.rggaragedoorservice.com/,+1 816-646-6918,Closed ⋅ Opens 8 am Mon,https://lh3.googleusercontent.com/p/AF1QipO37ViK-GSyAxtkTlwCPxbPZcFYWp853FOAqMt_=w426-h240-k-no,true,8 am–4 pm,Closed,Closed,8 am–4 pm,8 am–4 pm,8 am–4 pm,8 am–4 pm,"https://www.google.com/maps/search/garage+door+services+in+Carthage+Springfield+MO/@37.1786259,-94.3139613,14z",2025-11-07T23:36:35.114Z,,,
,,,,,,,,,,,,,,,,,,,"https://www.google.com/maps/search/garage+door+services+in+Marshfield+Springfield+MO/@37.3372552,-92.9024067,14z",2025-11-07T23:36:57.463Z,,No new results found,
https://www.google.com/maps/place/American+Build+%26+Restoration/data=!4m7!3m6!1s0xaf5931ab4f8248a7:0x9d6cd07676a13cf4!8m2!3d37.1538635!4d-93.25466!16s%2Fg%2F11lf010tvf!19sChIJp0iCT6sxWa8R9DyhdnbQbJ0,American Build & Restoration,3.7,9,Construction company,,,https://americanbuildandrestoration.com/,+1 417-315-7299,,https://lh3.googleusercontent.com/p/AF1QipMo7fiDJvqfa6pn9OyP7YLGUqImPCcWd_HGw3xh=w408-h306-k-no,true,,,,,,,,"https://www.google.com/maps/search/garage+door+services+in+Ash+Grove+Springfield+MO/@37.2477579,-93.4256475,14z",2025-11-07T23:37:10.105Z,,,
https://www.google.com/maps/place/Ozark%27s+Gutter+Works/data=!4m7!3m6!1s0x87c5f53d7991a673:0x9a03c76d67c46eef!8m2!3d37.263629!4d-93.422782!16s%2Fg%2F11sn_6h3dp!19sChIJc6aReT31xYcR727EZ23HA5o,Ozark's Gutter Works,5.0,1,Construction company,"3461 N Farm Rd 101, Springfield, MO 65802, United States","7H7G+FV Springfield, Missouri, USA",,+1 417-326-9235,Closed ⋅ Opens 7:30 am Mon,https://streetviewpixels-pa.googleapis.com/v1/thumbnail?panoid=uCp4JqrREPmEL3QJ4z3Y4g&cb_client=search.gws-prod.gps&w=408&h=240&yaw=272.2847&pitch=0&thumbfov=100,true,7:30 am–5 pm,Closed,Closed,7:30 am–5 pm,7:30 am–5 pm,7:30 am–5 pm,7:30 am–5 pm,"https://www.google.com/maps/search/garage+door+services+in+Ash+Grove+Springfield+MO/@37.2477579,-93.4256475,14z",2025-11-07T23:37:26.386Z,,,
https://www.google.com/maps/place/Thrasher+Foundation+Repair/data=!4m7!3m6!1s0x87cf7d5bb1d826c9:0x734d07b0f83e0845!8m2!3d37.2258907!4d-93.2349281!16s%2Fg%2F11qpfm_v9f!19sChIJySbYsVt9z4cRRQg--LAHTXM,Thrasher Foundation Repair,4.9,488,Waterproofing service,"1619 N Packer Rd Suite 104, Springfield, MO 65803, United States","6QG8+92 Springfield, Missouri, USA",https://www.gothrasher.com/service-area/springfield-mo.html?utm_source=google&utm_medium=organic&utm_campaign=gmb-springfield,+1 417-465-3555,Closes soon ⋅ 6 pm ⋅ Opens 9 am Sat,https://lh3.googleusercontent.com/p/AF1QipNkM2ayDJZskBZvdg7KVyhrxNWDBF5Kh_ngbBGU=w408-h306-k-no,true,7 am–6 pm,9 am–6 pm,12–6 pm,7 am–6 pm,7 am–6 pm,7 am–6 pm,7 am–6 pm,"https://www.google.com/maps/search/garage+door+services+in+Greenfield+Springfield+MO/@37.2089572,-93.2922989,14z",2025-11-07T23:38:00.996Z,,,
"https://www.google.com/maps/place/C+%26+L+MOBILE+WELDING,LLC./data=!4m7!3m6!1s0x87c5f557c52a741f:0xb89dae627bb4bafc!8m2!3d36.808961!4d-96.0506904!16s%2Fg%2F11d_805rb1!19sChIJH3QqxVf1xYcR_Lq0e2Kunbg","C & L MOBILE WELDING,LLC.",3.9,37,Welder,,,,+1 417-425-8669,Open 24 hours,https://lh3.googleusercontent.com/p/AF1QipO41bBNkC7rnRkqKWFGNRVYFj6vkZvhh5gWL81w=w425-h240-k-no,true,Open 24 hours,Open 24 hours,Open 24 hours,Open 24 hours,Open 24 hours,Open 24 hours,Open 24 hours,"https://www.google.com/maps/search/garage+door+services+in+Greenfield+Springfield+MO/@37.2089572,-93.2922989,14z",2025-11-07T23:38:05.623Z,,,
https://www.google.com/maps/place/HELITECH+Waterproofing+%26+Foundation+Repair/data=!4m7!3m6!1s0x87cf61c785e5dae5:0x1cc708c5798bf987!8m2!3d37.2282428!4d-93.3438738!16s%2Fg%2F11t364d100!19sChIJ5drlhcdhz4cRh_mLecUIxxw,HELITECH Waterproofing & Foundation Repair,5.0,318,Waterproofing service,"1549 N O'Hara Ave, Springfield, MO 65802, United States","6MH4+7F Springfield, Missouri, USA",https://helitechonline.com/service-areas/ozarks/?utm_source=google&utm_medium=organic&utm_campaign=gmb,+1 417-812-7332,,https://lh3.googleusercontent.com/gps-cs-s/AG0ilSwn8b6bPTNTihw8hZpqWnZycOiyNXMsLg3K55IxaCPMNeVkiEFEg53FnsVfrkOMRaH-fe9j1q-amLVKbL3gihq3RfwcMzRL4eIrrKRW6O8CHYbypzGtvZPVczmBUgGtuUTQTmIj=w408-h544-k-no,true,,,,,,,,"https://www.google.com/maps/search/garage+door+services+in+Greenfield+Springfield+MO/@37.2089572,-93.2922989,14z",2025-11-07T23:38:10.629Z,,,
https://www.google.com/maps/place/Modern+Exteriors+of+Springfield/data=!4m7!3m6!1s0x87c5882aab00ea6b:0x671fb8363336dac7!8m2!3d37.2513256!4d-93.298412!16s%2Fg%2F1tj_5s0w!19sChIJa-oAqyqIxYcRx9o2Mza4H2c,Modern Exteriors of Springfield,4.0,94,Sunroom contractor,"810 W Norton Rd, Springfield, MO 65803, United States","7P22+GJ Springfield, Missouri, USA",http://www.modernexteriors.com/,+1 800-773-3166,Closed ⋅ Opens 9 am Mon,https://lh3.googleusercontent.com/p/AF1QipMKX2BqAqHJRy6W2en3dtXLeYaLziG0z2T_XiIp=w648-h240-k-no,true,9 am–5 pm,Closed,Closed,9 am–5 pm,9 am–5 pm,9 am–5 pm,9 am–5 pm,"https://www.google.com/maps/search/garage+door+services+in+Greenfield+Springfield+MO/@37.2089572,-93.2922989,14z",2025-11-07T23:38:15.415Z,,,
https://www.google.com/maps/place/Bohannon+Auto+Services/data=!4m7!3m6!1s0x87cf7cb78864ad45:0x68048be483218dec!8m2!3d37.1887264!4d-93.2505137!16s%2Fg%2F1261k0qvh!19sChIJRa1kiLd8z4cR7I0hg-SLBGg,Bohannon Auto Services,4.8,217,Auto repair shop,"2323 E Bennett St, Springfield, MO 65804, United States","5PQX+FQ Springfield, Missouri, USA",http://www.bohannonautoservices.com/,+1 417-881-2240,Closed ⋅ Opens 8 am Mon,https://lh3.googleusercontent.com/p/AF1QipMSKyxDWv2PjhPIht6eA5fum9ofGOSmeafnrTiK=w408-h306-k-no,true,8 am–5 pm,Closed,Closed,8 am–5 pm,8 am–5 pm,8 am–5 pm,8 am–5 pm,"https://www.google.com/maps/search/garage+door+services+in+Greenfield+Springfield+MO/@37.2089572,-93.2922989,14z",2025-11-07T23:38:20.253Z,,,
https://www.google.com/maps/place/Drywall+Doctor/data=!4m7!3m6!1s0x87cf62f96a8fffff:0xe4a6928955f9498a!8m2!3d36.9354965!4d-93.2853135!16s%2Fg%2F12610w48q!19sChIJ__-Pavliz4cRikn5VYmSpuQ,Drywall Doctor,4.9,88,Dry wall contractor,,,,+1 417-225-2376,Closed ⋅ Opens 8 am Mon,https://lh3.googleusercontent.com/gps-cs-s/AG0ilSzrgLY-tC6pVjrezIX3pxnL4ywN2qp0AZ-W87pH2bn4uj0YdRC0WlEJbD3Sph_f1h44muLr9FUJL9h4Grf7yZe5scV23-PIyDE-CVq2vAeIceHZUDY9t7hb6RQvIIkdIlFSaL1rvMKeQus=w408-h544-k-no,true,8 am–5 pm,Closed,Closed,8 am–5 pm,8 am–5 pm,8 am–5 pm,8 am–5 pm,"https://www.google.com/maps/search/garage+door+services+in+Greenfield+Springfield+MO/@37.2089572,-93.2922989,14z",2025-11-07T23:38:25.351Z,,,
https://www.google.com/maps/place/HM+Dent+Works/data=!4m7!3m6!1s0x87cf6571b7150a0b:0x30b4305ce3af09b6!8m2!3d37.1899374!4d-93.3301114!16s%2Fg%2F11flbq8jxm!19sChIJCwoVt3Flz4cRtgmv41wwtDA,HM Dent Works,5.0,176,Auto dent removal service,"2647 W Bennett St, Springfield, MO 65807, United States","5MQ9+XX Springfield, Missouri, USA",https://www.hmdentworks.com/,+1 417-212-0093,Closed ⋅ Opens 9 am Mon,https://lh3.googleusercontent.com/p/AF1QipOMMG4yL54RiH1Xi71hIFk6I8ESLZ3pKEfAjsms=w408-h306-k-no,true,9 am–4 pm,Closed,Closed,9 am–4 pm,9 am–4 pm,9 am–4 pm,9 am–4 pm,"https://www.google.com/maps/search/garage+door+services+in+Greenfield+Springfield+MO/@37.2089572,-93.2922989,14z",2025-11-07T23:38:30.187Z,,,
https://www.google.com/maps/place/Springfield+Fix+It/data=!4m7!3m6!1s0x87cf656aaaf7aeb7:0x6d3f7fa2fb8d49d5!8m2!3d37.1080765!4d-93.340997!16s%2Fg%2F11ft_5mh_z!19sChIJt673qmplz4cR1UmN-6J_P20,Springfield Fix It,5.0,34,Bathroom remodeler,,,https://springfieldfixit.com/,+1 417-258-8008,Closed ⋅ Opens 9 am Mon,https://lh3.googleusercontent.com/p/AF1QipMNu4sONSJOsEnyPhlUPgHDwrhsueUBi0agkptL=w408-h272-k-no,true,9 am–5 pm,Closed,Closed,9 am–5 pm,9 am–5 pm,9 am–5 pm,9 am–5 pm,"https://www.google.com/maps/search/garage+door+services+in+Greenfield+Springfield+MO/@37.2089572,-93.2922989,14z",2025-11-07T23:38:34.885Z,,,
https://www.google.com/maps/place/Dings+%26+Things+Bodyworks/data=!4m7!3m6!1s0x87cf634d6ba1d3bd:0x4ebd3a05e8d7b477!8m2!3d37.1794735!4d-93.260085!16s%2Fg%2F1ty74sz9!19sChIJvdOha01jz4cRd7TX6AU6vU4,Dings & Things Bodyworks,4.8,223,Auto body shop,"1906 S Stewart Ave, Springfield, MO 65804, United States","5PHQ+QX Springfield, Missouri, USA",http://dings-n-things.com/,+1 417-886-0151,Closed ⋅ Opens 8 am Mon,https://lh3.googleusercontent.com/gps-cs-s/AG0ilSxGNp-ulDNM95gOu3ORgxbJfalDGT7C-6fiHHuSe6kgs7KJHLkloL9Jik9-zJftgFo7gsfNQ8D8UlQSkZ1kf7Pm-drCo0StM2Mhqo50rACHv9nnffmLW6ZrThn7Kbi_mVrTvIcG=w408-h306-k-no,true,8 am–5 pm,Closed,Closed,8 am–5 pm,8 am–5 pm,8 am–5 pm,8 am–5 pm,"https://www.google.com/maps/search/garage+door+services+in+Greenfield+Springfield+MO/@37.2089572,-93.2922989,14z",2025-11-07T23:38:40.038Z,,,
https://www.google.com/maps/place/Import+Car+Service/data=!4m7!3m6!1s0x87cf634d0f5f7971:0xd5646c8c72c76acc!8m2!3d37.1865905!4d-93.2486746!16s%2Fg%2F1tlvq1mn!19sChIJcXlfD01jz4cRzGrHcoxsZNU,Import Car Service,4.4,191,Auto repair shop,"1462 S Enterprise Ave, Springfield, MO 65804, United States","5QP2+JG Springfield, Missouri, USA",http://importcarservices.com/,+1 417-881-0101,Closed ⋅ Opens 8 am Mon,https://lh3.googleusercontent.com/gps-cs-s/AG0ilSz3mCwW8Gcmy1GHm0mPKRmzv9cn81ixdToeFmJAYfrIEhM0-Tvq5OP7L9GusntufJM6ashH6_btrv1yD2Ocz-d3NCiLBe-Ji-8kV-o_gDNB3AvR7r8S3uhqQzzfENc3akcWiNuISw=w408-h306-k-no,true,8 am–5 pm,Closed,Closed,8 am–5 pm,8 am–5 pm,8 am–5 pm,8 am–5 pm,"https://www.google.com/maps/search/garage+door+services+in+Greenfield+Springfield+MO/@37.2089572,-93.2922989,14z",2025-11-07T23:38:44.885Z,,,
https://www.google.com/maps/place/Ritter+Overhead+Door/data=!4m7!3m6!1s0x4a5c71525814abf3:0x128e27f6c47794e3!8m2!3d36.7110832!4d-93.1696419!16s%2Fg%2F11y3jj558s!19sChIJ86sUWFJxXEoR45R3xPYnjhI,Ritter Overhead Door,,,Garage door supplier,"4186 State Hwy 176, Merriam Woods, MO 65740, United States","PR6J+C4 Merriam Woods, Missouri, USA",http://ritteroverheaddoors.com/,+1 417-294-4762,Closed ⋅ Opens 8 am Sat,https://streetviewpixels-pa.googleapis.com/v1/thumbnail?panoid=ODfYaBycuOA-cwFIPWx68w&cb_client=search.gws-prod.gps&w=408&h=240&yaw=71.82153&pitch=0&thumbfov=100,true,8 am–5 pm,8 am–5 pm,Closed,8 am–5 pm,8 am–5 pm,8 am–5 pm,8 am–5 pm,"https://www.google.com/maps/search/garage+door+services+in+Forsyth+Springfield+MO/@36.6850612,-93.1199012,14z",2025-11-07T23:39:14.021Z,,,
https://www.google.com/maps/place/Forsyth+Hardware/data=!4m7!3m6!1s0x87cf0712ed1aa2b5:0xd540e6c5190acda4!8m2!3d36.685823!4d-93.1195978!16s%2Fg%2F1td2hfs_!19sChIJtaIa7RIHz4cRpM0KGcXmQNU,Forsyth Hardware,4.7,267,Hardware store,"16239 US-160, Forsyth, MO 65653, United States","MVPJ+85 Forsyth, Missouri, USA",,+1 417-546-2491,Closed ⋅ Opens 8 am Sat,https://lh3.googleusercontent.com/gps-cs-s/AG0ilSwj37I5kyPl3hOQtnN2HW1fyT5ex0pEVpP6RivTtBxbTJADrsQrO0ze2p87-3htsW_eoYj-Ks2vRiCd28A_j0A3-yjj1jbShsGxcT6gw0WcJESs29ND92X35JZYdVpA56BYgJ8pSA=w408-h725-k-no,true,7:45 am–5 pm,8 am–1 pm,Closed,7:45 am–5:30 pm,7:45 am–5:30 pm,7:45 am–5:30 pm,7:45 am–5:30 pm,"https://www.google.com/maps/search/garage+door+services+in+Forsyth+Springfield+MO/@36.6850612,-93.1199012,14z",2025-11-07T23:39:18.939Z,,,
https://www.google.com/maps/place/Forsyth+Auto+Services/data=!4m7!3m6!1s0x87cf0712b96e1bcb:0x3df034c7878d9911!8m2!3d36.686302!4d-93.118626!16s%2Fg%2F1wt3ny_2!19sChIJyxtuuRIHz4cREZmNh8c08D0,Forsyth Auto Services,4.7,72,Auto repair shop,"131 Main St, Forsyth, MO 65653, United States","MVPJ+GG Forsyth, Missouri, USA",http://forsyth-auto-services.jany.io/,+1 417-546-5946,Closed ⋅ Opens 6:30 am Mon,https://streetviewpixels-pa.googleapis.com/v1/thumbnail?panoid=Xz1RpqQHt5rOLUUrOtSkjw&cb_client=search.gws-prod.gps&w=408&h=240&yaw=52.258068&pitch=0&thumbfov=100,true,6:30 am–5 pm,Closed,Closed,6:30 am–5 pm,6:30 am–5 pm,6:30 am–5 pm,6:30 am–5 pm,"https://www.google.com/maps/search/garage+door+services+in+Forsyth+Springfield+MO/@36.6850612,-93.1199012,14z",2025-11-07T23:39:23.806Z,,,
https://www.google.com/maps/place/Shannon%27s+Overhead+Doors/data=!4m7!3m6!1s0xa6218a0a9e091c99:0xb5f97f125cd66842!8m2!3d36.2341093!4d-93.1028032!16s%2Fg%2F11jz94xy5v!19sChIJmRwJngqKIaYRQmjWXBJ_-bU,Shannon's Overhead Doors,5.0,40,Garage door supplier,"410 N Olive St, Harrison, AR 72601, United States","6VMW+JV Harrison, Arkansas, USA",,+1 870-688-2620,,https://lh3.googleusercontent.com/p/AF1QipPwbY-6rnoE1t0QnMGXnUlo-CCRENZPpReJA697=w408-h544-k-no,true,,,,,,,,"https://www.google.com/maps/search/garage+door+services+in+Forsyth+Springfield+MO/@36.6850612,-93.1199012,14z",2025-11-07T23:39:31.235Z,,,
https://www.google.com/maps/place/Precision+Door+Service+of+Northwest+Arkansas/data=!4m7!3m6!1s0x87c9174e5b75adbb:0x3552a575337d6a00!8m2!3d36.351865!4d-94.1448801!16s%2Fg%2F11gdw4pv5k!19sChIJu611W04XyYcRAGp9M3WlUjU,Precision Door Service of Northwest Arkansas,4.8,1710,Garage door supplier,"1907 Town W Dr, Rogers, AR 72756, United States","9V24+P2 Rogers, Arkansas, USA",https://precisiondoornwa.com/?utm_source=GMBListing&utm_medium=organic,+1 479-282-3042,Open ⋅ Closes 10 pm,https://lh3.googleusercontent.com/p/AF1QipMPV89hC4V7bqK4MoZfboa8UZy9rHTfmZVBtFtK=w408-h544-k-no,true,7 am–10 pm,7 am–10 pm,7 am–10 pm,7 am–10 pm,7 am–10 pm,7 am–10 pm,7 am–10 pm,"https://www.google.com/maps/search/garage+door+services+in+Forsyth+Springfield+MO/@36.6850612,-93.1199012,14z",2025-11-07T23:39:36.320Z,,,
https://www.google.com/maps/place/Seamless+Experts/data=!4m7!3m6!1s0x87cf03787a0e38b1:0x93213e546396d82!8m2!3d36.6662932!4d-93.1702599!16s%2Fg%2F1tglhvmr!19sChIJsTgOengDz4cRgm05RuUTMgk,Seamless Experts,4.7,33,Window installation service,"2222 State Hwy T, Branson, MO 65616, United States","MR8H+GV Branson, Missouri, USA",http://seamlessexperts.com/,+1 417-334-2049,Closed ⋅ Opens 8 am Mon,https://lh3.googleusercontent.com/p/AF1QipOYQpS71-p9gRSPAEJWfwBGt6qcFgBzEAnZuUNP=w408-h408-k-no,true,Closed,Closed,Closed,8 am–4 pm,8 am–4 pm,8 am–4 pm,8 am–4 pm,"https://www.google.com/maps/search/garage+door+services+in+Forsyth+Springfield+MO/@36.6850612,-93.1199012,14z",2025-11-07T23:39:48.124Z,Identifies as veteran-owned,,
https://www.google.com/maps/place/3+Guys+Handyman/data=!4m7!3m6!1s0x87cf7b5d3d955555:0x51432d4d6f723fac!8m2!3d37.1578401!4d-93.2395863!16s%2Fg%2F11ghr0dxbm!19sChIJVVWVPV17z4cRrD9yb00tQ1E,3 Guys Handyman,,,Handyman/Handywoman/Handyperson,"2810 E Battlefield Rd, Springfield, MO 65804, United States","5Q56+45 Springfield, Missouri, USA",https://www.mistercutlets.com/contact,+1 417-204-5221,,https://streetviewpixels-pa.googleapis.com/v1/thumbnail?panoid=uV4qr5EvnPr4TVARLKX5Mw&cb_client=search.gws-prod.gps&w=408&h=240&yaw=122.98796&pitch=0&thumbfov=100,false,,,,,,,,"https://www.google.com/maps/search/garage+door+services+in+Hollister+Springfield+MO/@37.1629948,-93.2670562,14z",2025-11-07T23:40:12.752Z,,,
https://www.google.com/maps/place/At+Home/data=!4m7!3m6!1s0x87cf648b6e445159:0xead291ce6d6c74f7!8m2!3d37.146471!4d-93.2944718!16s%2Fg%2F11b6hv2s3f!19sChIJWVFEbotkz4cR93Rsbc6R0uo,At Home,4.3,1630,Home goods store,"3700 S Campbell Ave, Springfield, MO 65807, United States","4PW4+H6 Springfield, Missouri, USA",https://www.athome.com/store/missouri-springfield/,+1 417-885-3822,Open ⋅ Closes 10 pm,https://lh3.googleusercontent.com/gps-cs-s/AG0ilSyWd5Wiimx8u_MwO26K8HYB75s1f_ovEVxUsK1PVlrzVp1mszSDZc2-dcIN8fC4tsfjLEoxUsA903Gpcmm690eQ3Rwt4JmeQKe7D3c1kS-3n3DK1YIoN5Fuh-wR2otYYvjKsSFR=w408-h306-k-no,true,9 am–10 pm,9 am–10 pm,9 am–10 pm,9 am–10 pm,9 am–10 pm,9 am–10 pm,9 am–10 pm,"https://www.google.com/maps/search/garage+door+services+in+Hollister+Springfield+MO/@37.1629948,-93.2670562,14z",2025-11-07T23:40:17.758Z,,,· In-store shopping · In-store pick-up · Delivery
https://www.google.com/maps/place/Bass+Pro+Shops/data=!4m7!3m6!1s0x87cf6377bc85b22f:0x3c3218a7afc6bf01!8m2!3d37.1793826!4d-93.2971804!16s%2Fg%2F1hc1933gm!19sChIJL7KFvHdjz4cRAb_Gr6cYMjw,Bass Pro Shops,4.7,18281,Sporting goods store,"1 Bass Pro Dr, Springfield, MO 65807, United States","5PH3+Q4 Springfield, Missouri, USA",https://stores.basspro.com/us/mo/springfield/1-bass-pro-dr.html?y_source=1_MzAxMTUwNi03MTUtbG9jYXRpb24ud2Vic2l0ZQ%3D%3D,+1 417-887-7334,,https://lh3.googleusercontent.com/gps-cs-s/AG0ilSwMrH-5PSYoDUyw_WY3kXee3Lz4km6mlcJhzytb_j1DbxxLOQCH1_pEuMc7R3LuGPefWrGgVtDnHY_VmsL0eCEBEJ59ZqSmZru5viTx9lyAGE1HK44kGsIZfPJGhOw0XBjSf9X7ZvFIAe_4=w408-h544-k-no,true,8 am–8 pm,8 am–8 pm,9 am–7 pm,8 am–8 pm,8 am–8 pm,8 am–8 pm,8 am–8 pm,"https://www.google.com/maps/search/garage+door+services+in+Hollister+Springfield+MO/@37.1629948,-93.2670562,14z",2025-11-07T23:40:23.117Z,,,"Chain known for its large, wilderness-themed stores & wide array of hunting, fishing & outdoor gear. · In-store shopping · Kerbside pickup"
https://www.google.com/maps/place/National+Home+Products/data=!4m7!3m6!1s0x87cf64abce9f7eef:0x748ba924758cb9a3!8m2!3d37.1638306!4d-93.2617276!16s%2Fg%2F1hfc63rkn!19sChIJ736fzqtkz4cRo7mMdSSpi3Q,National Home Products,4.4,21,Home improvement store,"2726 S Glenstone Ave, Springfield, MO 65804, United States","5P7Q+G8 Springfield, Missouri, USA",http://nhp-spfd.com/,+1 417-731-3220,Closed ⋅ Opens 8 am Mon,https://lh3.googleusercontent.com/p/AF1QipPb3pWLjciu__Wc4W7rxikNOpdrqTlcUWfD7AlF=w408-h442-k-no,true,8 am–5 pm,Closed,Closed,8 am–5 pm,8 am–5 pm,8 am–5 pm,8 am–5 pm,"https://www.google.com/maps/search/garage+door+services+in+Hollister+Springfield+MO/@37.1629948,-93.2670562,14z",2025-11-07T23:40:28.028Z,,,· In-store pick-up
"https://www.google.com/maps/place/LoveOurRoof,+an+Xcel+Company/data=!4m7!3m6!1s0x87cf655f2e412929:0xf23edff58ec7f11!8m2!3d37.1620715!4d-93.2720416!16s%2Fg%2F11j7kd8594!19sChIJKSlBLl9lz4cREX_sWP_tIw8","LoveOurRoof, an Xcel Company",4.5,15,Roofing contractor,"2841 S Fremont Ave, Springfield, MO 65804, United States","5P6H+R5 Springfield, Missouri, USA",,+1 417-705-1220,Closes soon ⋅ 6 pm ⋅ Opens 9 am Sat,https://lh3.googleusercontent.com/p/AF1QipPIp3sG9lZmsKfy2y6KqvwKZyn89ae6rBHAHuxT=w408-h306-k-no,true,8 am–6 pm,9 am–12 pm,Closed,8 am–6 pm,8 am–6 pm,8 am–6 pm,8 am–6 pm,"https://www.google.com/maps/search/garage+door+services+in+Hollister+Springfield+MO/@37.1629948,-93.2670562,14z",2025-11-07T23:40:33.009Z,,,
https://www.google.com/maps/place/Michael%27s/data=!4m7!3m6!1s0x87c8d0f24da2e719:0x60fc95bb321db1fa!8m2!3d36.667477!4d-93.882625!16s%2Fg%2F1q6kk3pjl!19sChIJGeeiTfLQyIcR-rEdMruV_GA,Michael's,4.8,300,Hardware store,"186 Sale Barn Rd, Cassville, MO 65625, United States","M488+XW Cassville, Missouri, USA",https://www.facebook.com/michaelshardware/,+1 417-847-3000,Closes soon ⋅ 6 pm ⋅ Opens 8 am Sat,https://lh3.googleusercontent.com/gps-cs-s/AG0ilSziSQ_UoezT13hz2uLJcq25fa2gaosaLh34QuyqYXuvXL9ndiJIGbOHe4LSRy8w0x2rDbwDR0Z8n8DtUb03F0YETvR_ciWaJBkptm4onI2FHGVrhcs6dLOj3-LGUCKq6Nl2wzFN=w408-h306-k-no,true,8 am–6 pm,8 am–5 pm,10 am–3 pm,8 am–6 pm,8 am–6 pm,8 am–6 pm,8 am–6 pm,"https://www.google.com/maps/search/garage+door+services+in+Cassville+Springfield+MO/@36.6772475,-93.8691148,14z",2025-11-07T23:40:55.820Z,,,· In-store pick-up · Delivery
https://www.google.com/maps/place/Elite+Garage+Door+Services+of+Northwest+Arkansas/data=!4m7!3m6!1s0x87c93d65bc255f73:0x6a424c9b5033b427!8m2!3d36.3242645!4d-94.1488736!16s%2Fg%2F11qn7h0f83!19sChIJc18lvGU9yYcRJ7QzUJtMQmo,Elite Garage Door Services of Northwest Arkansas,5.0,618,Garage door supplier,"8007 W Pine St, Rogers, AR 72756, United States","8VF2+PF Rogers, Arkansas, USA",https://www.elitegaragedoornwa.com/,+1 479-391-7829,Open 24 hours,https://lh3.googleusercontent.com/p/AF1QipMrsFmnqy6xvxUxaTV6AFkWsBG-moGh3WIdXmLM=w408-h306-k-no,true,Open 24 hours,Open 24 hours,Open 24 hours,Open 24 hours,Open 24 hours,Open 24 hours,Open 24 hours,"https://www.google.com/maps/search/garage+door+services+in+Cassville+Springfield+MO/@36.6772475,-93.8691148,14z",2025-11-07T23:41:00.748Z,Identifies as veteran-owned,,
https://www.google.com/maps/place/Easy+Open+Garage+Doors/data=!4m7!3m6!1s0x87c8c5d58d60b7ef:0xda986a9cf5cd3278!8m2!3d36.8022634!4d-93.9433142!16s%2Fg%2F11hy9p0vg0!19sChIJ77dgjdXFyIcReDLN9ZxqmNo,Easy Open Garage Doors,5.0,1,Door supplier,"6916 FR 2090, Purdy, MO 65734, United States","R324+WM Purdy, Missouri, USA",https://www.easyopengaragedoors.com/,+1 417-442-7945,Closed ⋅ Opens 7:30 am Mon,https://lh3.googleusercontent.com/gps-cs-s/AG0ilSwjJjXREKPhzcm9sa4PzkFMcbeKAcyO7inSd5QdCrR4xl0N08lbFDEkvmaviWqj4ESxhvXtNbpV-apmjHBuHO0XthtzQRokGJPINlDr03opE6RRvYJeos4JJPLHhP9fLHE-H9GI1g=w408-h544-k-no,true,7:30 am–5 pm,Closed,Closed,7:30 am–5 pm,7:30 am–5 pm,7:30 am–5 pm,7:30 am–5 pm,"https://www.google.com/maps/search/garage+door+services+in+Cassville+Springfield+MO/@36.6772475,-93.8691148,14z",2025-11-07T23:41:05.875Z,,,
https://www.google.com/maps/place/Chuck%27s+Door+Service/data=!4m7!3m6!1s0x87c96be2da9a0bfd:0x57abdaa82b09be2e!8m2!3d36.0713103!4d-94.1525795!16s%2Fg%2F11b6dkd1hv!19sChIJ_Qua2uJryYcRLr4JK6jaq1c,Chuck's Door Service,4.8,150,Garage door supplier,,,http://www.chucksdoorservice.com/,+1 479-422-4691,Open ⋅ Closes 7 pm,https://lh3.googleusercontent.com/p/AF1QipOfuU3P9qBf3Q4ICrzHuQHAFWw-sSkxyFx3wNPz=w417-h240-k-no,true,7 am–7 pm,7 am–7 pm,7 am–7 pm,7 am–7 pm,7 am–7 pm,7 am–7 pm,7 am–7 pm,"https://www.google.com/maps/search/garage+door+services+in+Cassville+Springfield+MO/@36.6772475,-93.8691148,14z",2025-11-07T23:41:17.379Z,,,
https://www.google.com/maps/place/Fulp+Automotive/data=!4m7!3m6!1s0x87c8d1abdcab6b67:0xedbe1080e58bb562!8m2!3d36.6704766!4d-93.8800221!16s%2Fg%2F11hzk4z3_z!19sChIJZ2ur3KvRyIcRYrWL5YAQvu0,Fulp Automotive,4.6,192,Car repair and maintenance service,"1100 Old Missouri 37, Cassville, MO 65625, United States","M4C9+5X Cassville, Missouri, USA",http://www.fulpautomotive.com/,+1 417-665-1290,Closed ⋅ Opens 8 am Mon,https://lh3.googleusercontent.com/p/AF1QipOBUxYykAlQ2Sl6KeInn_IS1HY5KX_SbVFvSvMZ=w408-h271-k-no,true,8 am–5 pm,Closed,Closed,8 am–5 pm,8 am–5 pm,8 am–5 pm,8 am–5 pm,"https://www.google.com/maps/search/garage+door+services+in+Cassville+Springfield+MO/@36.6772475,-93.8691148,14z",2025-11-07T23:41:22.503Z,,,
https://www.google.com/maps/place/Garage+Door+Ninja/data=!4m7!3m6!1s0x87ced3b31e74e66b:0xcd418f28c6195ec3!8m2!3d36.4712785!4d-93.7646392!16s%2Fg%2F11j8ldyh4y!19sChIJa-Z0HrPTzocRw14ZxiiPQc0,Garage Door Ninja,5.0,52,Garage door supplier,"2267 State Hwy 187, Holiday Island, AR 72631, United States","F6CP+G4 Holiday Island, Arkansas, USA",http://garagedoorninja.com/,+1 479-981-4101,Closed ⋅ Opens 7 am Mon,https://lh3.googleusercontent.com/p/AF1QipNwRuuJnSh7eUiUWiOyCX2F-SnQJ2YB1nXeWwJW=w426-h240-k-no,true,7 am–5 pm,Closed,Closed,7 am–5 pm,7 am–5 pm,7 am–5 pm,7 am–5 pm,"https://www.google.com/maps/search/garage+door+services+in+Cassville+Springfield+MO/@36.6772475,-93.8691148,14z",2025-11-07T23:41:27.834Z,,,
https://www.google.com/maps/place/A+%26+H+Garage+Door+Service/data=!4m7!3m6!1s0x87cbb7fe420f62a9:0x1ad91dee13bf2a0c!8m2!3d36.125038!4d-94.1603815!16s%2Fg%2F11g6975lbf!19sChIJqWIPQv63y4cRDCq_E-4d2Ro,A & H Garage Door Service,4.9,49,Garage door supplier,,,https://servicemygaragedoors.com/,+1 479-636-7658,Closes soon ⋅ 6 pm ⋅ Opens 7 am Mon,https://lh3.googleusercontent.com/p/AF1QipPJRRPYum_uoYFBoSGa5l-I9FuUWyfLVVXi1Zig=w408-h342-k-no,true,7 am–6 pm,Closed,Closed,7 am–6 pm,7 am–6 pm,7 am–6 pm,7 am–6 pm,"https://www.google.com/maps/search/garage+door+services+in+Cassville+Springfield+MO/@36.6772475,-93.8691148,14z",2025-11-07T23:41:39.691Z,Identifies as veteran-owned,,
https://www.google.com/maps/place/Garage+Door+Medics/data=!4m7!3m6!1s0x87c917a620d87d1b:0xc4d68b7de074ba0c!8m2!3d36.3132634!4d-94.1170182!16s%2Fg%2F11rr_zwx5h!19sChIJG33YIKYXyYcRDLp04H2L1sQ,Garage Door Medics,4.9,738,Garage door supplier,"101 E Linden St, Rogers, AR 72756, United States","8V7M+85 Rogers, Arkansas, USA",https://thegaragedoormedics.com/?utm_campaign=gmb,+1 479-309-3364,Open 24 hours,https://lh3.googleusercontent.com/p/AF1QipMQQU1k7n7U1MsFr_-fzDUwgylq07GN5Ndl7VQJ=w426-h240-k-no,true,Open 24 hours,Open 24 hours,Closed,Open 24 hours,Open 24 hours,Open 24 hours,Open 24 hours,"https://www.google.com/maps/search/garage+door+services+in+Cassville+Springfield+MO/@36.6772475,-93.8691148,14z",2025-11-07T23:41:44.746Z,,,
https://www.google.com/maps/place/NWA+Garage+Doors/data=!4m7!3m6!1s0x87c93c2b2ecef90b:0x39b064f28819f1d5!8m2!3d35.7749236!4d-94.1892844!16s%2Fg%2F11bc96gv4q!19sChIJC_nOLis8yYcR1fEZiPJksDk,NWA Garage Doors,5.0,42,Garage door supplier,,,,+1 479-366-8746,Open 24 hours,https://lh3.googleusercontent.com/p/AF1QipM5YAqnrFei-RzMNpJQqaDgCAldQV2RnGal_FWF=w408-h272-k-no,true,Open 24 hours,Open 24 hours,Open 24 hours,Open 24 hours,Open 24 hours,Open 24 hours,Open 24 hours,"https://www.google.com/maps/search/garage+door+services+in+Cassville+Springfield+MO/@36.6772475,-93.8691148,14z",2025-11-07T23:41:49.778Z,,,
https://www.google.com/maps/place/Garage+Doors+%26+More/data=!4m7!3m6!1s0x87c916affdbbc563:0xa0b71dd1e549dba4!8m2!3d36.3851546!4d-94.1718942!16s%2Fg%2F11bx9xps_f!19sChIJY8W7_a8WyYcRpNtJ5dEdt6A,Garage Doors & More,5.0,1075,Garage door supplier,"1202 McClain Rd Suite 150, Bentonville, AR 72712, United States","9RPH+36 Bentonville, Arkansas, USA",https://garagedoorsmore.com/,+1 479-250-2069,Open ⋅ Closes 8 pm,https://lh3.googleusercontent.com/p/AF1QipOErgHYg2vFeKsIAvHwlZ65dE_V6NyvDNiOA-qB=w427-h240-k-no,true,7 am–8 pm,8 am–8 pm,9 am–8 pm,7 am–8 pm,7 am–8 pm,7 am–8 pm,7 am–8 pm,"https://www.google.com/maps/search/garage+door+services+in+Cassville+Springfield+MO/@36.6772475,-93.8691148,14z",2025-11-07T23:41:54.772Z,,,
https://www.google.com/maps/place/Integrity+Overhead+Door/data=!4m7!3m6!1s0x87c9a4b18b029291:0xc85f19f2f11032f7!8m2!3d36.2237473!4d-94.1124996!16s%2Fg%2F11cnwm5rvz!19sChIJkZICi7GkyYcR9zIQ8fIZX8g,Integrity Overhead Door,5.0,158,Garage door supplier,"1492 June Self Dr, Springdale, AR 72764, United States","6VFQ+F2 Springdale, Arkansas, USA",https://integritydoornwa.com/?utm_source=google&utm_medium=organic&utm_campaign=gbp,+1 479-265-6083,Open 24 hours,https://lh3.googleusercontent.com/p/AF1QipOQQ5gGysQPg4GLzp8ZOF_-VP389O6ALNYjOhq5=w426-h240-k-no,true,Open 24 hours,Open 24 hours,Open 24 hours,Open 24 hours,Open 24 hours,Open 24 hours,Open 24 hours,"https://www.google.com/maps/search/garage+door+services+in+Cassville+Springfield+MO/@36.6772475,-93.8691148,14z",2025-11-07T23:41:59.588Z,,,
https://www.google.com/maps/place/Clark+Overhead+Doors+LLC/data=!4m7!3m6!1s0x8d095bc944da511d:0x20aa4bbd54d30091!8m2!3d36.2445542!4d-94.201202!16s%2Fg%2F11xkfgr81c!19sChIJHVHaRMlbCY0RkQDTVL1LqiA,Clark Overhead Doors LLC,5.0,36,Garage door supplier,,,https://www.clarkoverheaddoor.com/,+1 479-855-2974,Open ⋅ Closes 7 pm,https://lh3.googleusercontent.com/p/AF1QipNqoUlnHh8o70gRaxuB9eszZB8DoNbw2BwT9rie=w408-h287-k-no,true,7 am–7 pm,7 am–2 pm,Closed,7 am–7 pm,7 am–7 pm,7 am–7 pm,7 am–7 pm,"https://www.google.com/maps/search/garage+door+services+in+Cassville+Springfield+MO/@36.6772475,-93.8691148,14z",2025-11-07T23:42:04.406Z,,,
https://www.google.com/maps/place/Direct+Service+Overhead+Garage+Doors+NWA/data=!4m7!3m6!1s0x87c911ef9a587b7d:0x90dea04d7bc856a2!8m2!3d36.3446711!4d-94.1717686!16s%2Fg%2F11k5lq5dhm!19sChIJfXtYmu8RyYcRolbIe02g3pA,Direct Service Overhead Garage Doors NWA,4.9,329,Garage door supplier,"1007 N Quail Terrace, Rogers, AR 72756, United States","8RVH+V7 Rogers, Arkansas, USA",https://www.directserviceoverhead.com/garage-door-repair-rogers-arkansas,+1 479-307-5777,,https://lh3.googleusercontent.com/p/AF1QipNUskoNv6MoIz2cnMptJ-ctKx-N-qzAheR1WdTW=w408-h306-k-no,true,Open 24 hours,Open 24 hours,Open 24 hours,Open 24 hours,Open 24 hours,Open 24 hours,Open 24 hours,"https://www.google.com/maps/search/garage+door+services+in+Cassville+Springfield+MO/@36.6772475,-93.8691148,14z",2025-11-07T23:42:09.536Z,LGBTQ+ friendly,,
https://www.google.com/maps/place/ProLift+Garage+Doors+of+Bentonville/data=!4m7!3m6!1s0xa4a7876a47ebd267:0x4ae2f0deb2ced66d!8m2!3d36.2445542!4d-94.0543445!16s%2Fg%2F11s16wf347!19sChIJZ9LrR2qHp6QRbdbOst7w4ko,ProLift Garage Doors of Bentonville,5.0,156,Garage door supplier,,,https://www.proliftdoors.com/bentonville/?utm_source=GMB&utm_medium=organic&utm_campaign=bentonville,+1 479-322-3978,Closes soon ⋅ 6 pm ⋅ Opens 8 am Sat,https://lh3.googleusercontent.com/p/AF1QipNtgxR04Ny3GQRgxkMYqxTV4ZhPQh6t0_TMpx6j=w408-h306-k-no,true,8 am–6 pm,8 am–6 pm,Closed,8 am–6 pm,8 am–6 pm,8 am–6 pm,8 am–6 pm,"https://www.google.com/maps/search/garage+door+services+in+Cassville+Springfield+MO/@36.6772475,-93.8691148,14z",2025-11-07T23:42:14.735Z,,,
https://www.google.com/maps/place/Axcess+Overhead+Garage+Door/data=!4m7!3m6!1s0x87c901063b806b4d:0x536c533602dcd654!8m2!3d36.4835376!4d-94.3470705!16s%2Fg%2F1hhmv07w_!19sChIJTWuAOwYByYcRVNbcAjZTbFM,Axcess Overhead Garage Door,4.9,22,Garage door supplier,"100 Islay Dr, Bella Vista, AR 72715, United States","FMM3+C5 Bella Vista, Arkansas, USA",,+1 479-876-3868,Open 24 hours,https://lh3.googleusercontent.com/gps-cs-s/AG0ilSzC3YsnpNeh2I4fwCxKTlsCW4Fm5q_9PzB9EATBMfNAw0gSn-xUij4UvwEutT4D-hY3tqMxED-NDKwrEovyp1ZDyDcUDfO1EfAhjSt0vv43PI5LbFJCTQSCpmK4rZrwhCEZGEi_9g=w408-h306-k-no,false,Open 24 hours,Open 24 hours,Open 24 hours,Open 24 hours,Open 24 hours,Open 24 hours,Open 24 hours,"https://www.google.com/maps/search/garage+door+services+in+Cassville+Springfield+MO/@36.6772475,-93.8691148,14z",2025-11-07T23:42:19.683Z,,,
https://www.google.com/maps/place/Garage+Door+Medics/data=!4m7!3m6!1s0x87c91aa526955555:0xdd2b708f5447be98!8m2!3d36.3503282!4d-94.2114064!16s%2Fg%2F11gg_cxlg8!19sChIJVVWVJqUayYcRmL5HVI9wK90,Garage Door Medics,5.0,215,Garage door supplier,"1912 S Walton Blvd suite e, Bentonville, AR 72712, United States","9Q2Q+4C Bentonville, Arkansas, USA",http://www.thegaragedoormedics.com/garage-door-repair-install-service-in-bentonville/,+1 479-977-4640,Open ⋅ Closes 9 pm,https://lh3.googleusercontent.com/p/AF1QipPlUBBuOm5s3LhnA9kNnAHaAPaj3__6NkjBwFJT=w408-h306-k-no,true,5 am–9 pm,5 am–5 pm,Closed,5 am–9 pm,5 am–9 pm,5 am–9 pm,5 am–9 pm,"https://www.google.com/maps/search/garage+door+services+in+Cassville+Springfield+MO/@36.6772475,-93.8691148,14z",2025-11-07T23:42:24.810Z,,,
https://www.google.com/maps/place/Elite+Garage+Door+Services+of+Washington+County/data=!4m7!3m6!1s0x87c913a34584fd03:0xaab8b47d57bca33e!8m2!3d36.232581!4d-94.1760269!16s%2Fg%2F11mcx42lvv!19sChIJA_2ERaMTyYcRPqO8V320uKo,Elite Garage Door Services of Washington County,5.0,8,Garage door supplier,"13243 Puppy Creek Rd #11, Springdale, AR 72762, United States","6RMF+2H Springdale, Arkansas, USA",https://www.elitegaragedoornwa.com/,+1 479-552-6830,Open 24 hours,https://lh3.googleusercontent.com/p/AF1QipObTnoXWj6vpmtHIDl2GLZ1_2oJei5WyR8fZy4R=w408-h272-k-no,true,Open 24 hours,Open 24 hours,Open 24 hours,Open 24 hours,Open 24 hours,Open 24 hours,Open 24 hours,"https://www.google.com/maps/search/garage+door+services+in+Cassville+Springfield+MO/@36.6772475,-93.8691148,14z",2025-11-07T23:42:34.420Z,Identifies as veteran-owned,,