placeUrl,title,rating,reviewCount,category,address,plusCode,website,phoneNumber,currentStatus,imgUrl,isClaimed,wednesday,thursday,friday,saturday,sunday,monday,tuesday,query,timestamp,info,error,attributes
https://www.google.com/maps/place/Providence+Medical+Group+Napa+-+Palliative+Care/data=!4m7!3m6!1s0x808507893f95bb43:0x1b2d21fe5fa0d133!8m2!3d38.32342!4d-122.2982968!16s%2Fg%2F11g1qjdsvv!19sChIJQ7uVP4kHhYARM9GgX_4hLRs,Providence Medical Group Napa - Palliative Care,,,Medical clinic,"1100 Trancas St, Napa, CA 94558, United States","8PF2+9M Napa, California, USA",https://www.providence.org/locations/norcal/queen-of-the-valley/palliative-care?Is=location&y_source=1_OTU3NTg0OS03MTUtbG9jYXRpb24ud2Vic2l0ZQ%3D%3D,+1 707-252-4411,Closes soon ⋅ 5 pm ⋅ Opens 8 am Thu,https://streetviewpixels-pa.googleapis.com/v1/thumbnail?panoid=1WzT6ZtoNDa-XZyHDwYbvw&cb_client=search.gws-prod.gps&w=408&h=240&yaw=29.282637&pitch=0&thumbfov=100,true,8 am–5 pm,8 am–5 pm,8 am–5 pm,Closed,Closed,8 am–5 pm,8 am–5 pm,"https://www.google.com/maps/search/Hospice+clinics+in+Napa+Napa+CA/@38.2975381,-122.286865,14z",2025-09-17T23:46:27.824Z,,,
https://www.google.com/maps/place/Providence+Hospice+Napa+Valley/data=!4m7!3m6!1s0x80850723a37a1dd7:0x146a8d781c99418!8m2!3d38.2840433!4d-122.2932082!16s%2Fg%2F11rfdcyjqq!19sChIJ1x16oyMHhYARGJTJgdeoRgE,Providence Hospice Napa Valley,,,Hospice,"414 S Jefferson St, Napa, CA 94559, United States","7PM4+JP Napa, California, USA",https://www.providence.org/locations/norcal/hospice-napa-valley?Is=location&y_source=1_MjQxOTMzMzUtNzE1LWxvY2F0aW9uLndlYnNpdGU%3D,+1 707-258-9080,Closes soon ⋅ 5 pm ⋅ Opens 8:30 am Thu,https://streetviewpixels-pa.googleapis.com/v1/thumbnail?panoid=Mb3S0UOUshk_0wx7u--yqg&cb_client=search.gws-prod.gps&w=408&h=240&yaw=159.11372&pitch=0&thumbfov=100,true,8:30 am–5 pm,8:30 am–5 pm,8:30 am–5 pm,Closed,Closed,8:30 am–5 pm,8:30 am–5 pm,"https://www.google.com/maps/search/Hospice+clinics+in+Napa+Napa+CA/@38.2975381,-122.286865,14z",2025-09-17T23:46:33.681Z,,,
https://www.google.com/maps/place/Providence+Queen+of+the+Valley+Medical+Center+Palliative+Care/data=!4m7!3m6!1s0x8085075acd1c0ae5:0x12a3859d80cc137f!8m2!3d38.324482!4d-122.297176!16s%2Fg%2F11rfqzv1z_!19sChIJ5QoczVoHhYARfxPMgJ2FoxI,Providence Queen of the Valley Medical Center Palliative Care,,,Hospice,"1000 Trancas St 3rd Floor, Napa, CA 94558, United States","8PF3+Q4 Napa, California, USA",https://www.providence.org/locations/norcal/queen-of-the-valley/palliative-care?ls=location&y_source=1_MjQyMTc0MTgtNzE1LWxvY2F0aW9uLndlYnNpdGU%3D,+1 707-257-4042,Closes soon ⋅ 5 pm ⋅ Opens 8 am Thu,https://streetviewpixels-pa.googleapis.com/v1/thumbnail?panoid=vUasUFM_QZ6Yv5Kupab34A&cb_client=search.gws-prod.gps&w=408&h=240&yaw=346.96518&pitch=0&thumbfov=100,true,8 am–5 pm,8 am–5 pm,8 am–5 pm,8 am–5 pm,8 am–5 pm,8 am–5 pm,8 am–5 pm,"https://www.google.com/maps/search/Hospice+clinics+in+Napa+Napa+CA/@38.2975381,-122.286865,14z",2025-09-17T23:46:39.073Z,,,
"https://www.google.com/maps/place/Hearts+That+Matter,+Inc./data=!4m7!3m6!1s0x8085061545f6ca91:0x2d469d946b94e193!8m2!3d38.2873167!4d-122.2868797!16s%2Fg%2F1w6_p10x!19sChIJkcr2RRUGhYARk-GUa5SdRi0","Hearts That Matter, Inc.",1.0,1,Hospice,"68 Coombs St A-9, Napa, CA 94559, United States","7PP7+W6 Napa, California, USA",http://www.heartsthatmatter.com/,+1 707-252-7569,Closes soon ⋅ 5 pm ⋅ Opens 9 am Thu,https://streetviewpixels-pa.googleapis.com/v1/thumbnail?panoid=yGM23G-Dcq7TUZeIGUjcuw&cb_client=search.gws-prod.gps&w=408&h=240&yaw=142.1586&pitch=0&thumbfov=100,true,9 am–5 pm,9 am–5 pm,9 am–5 pm,9 am–5 pm,9 am–5 pm,9 am–5 pm,9 am–5 pm,"https://www.google.com/maps/search/Hospice+clinics+in+Napa+Napa+CA/@38.2975381,-122.286865,14z",2025-09-17T23:46:43.978Z,,,
https://www.google.com/maps/place/Collabria+Care/data=!4m7!3m6!1s0x80850638cca10287:0xeab03798efe600c5!8m2!3d38.2840932!4d-122.2931869!16s%2Fg%2F1tdfhxkf!19sChIJhwKhzDgGhYARxQDm75g3sOo,Collabria Care,3.3,10,Adult day care center,"414 S Jefferson St, Napa, CA 94559, United States","7PM4+JP Napa, California, USA",https://communityhealthnapavalley.org/,+1 707-258-9080,Closes soon ⋅ 5 pm ⋅ Opens 8:30 am Thu,https://lh3.googleusercontent.com/p/AF1QipNbAP1na4ijGxmAo2BV-SIicF2ulkfgI-GZU9da=w426-h240-k-no,true,8:30 am–5 pm,8:30 am–5 pm,8:30 am–5 pm,Closed,Closed,8:30 am–5 pm,8:30 am–5 pm,"https://www.google.com/maps/search/Hospice+clinics+in+Yountville+Napa+CA/@38.4015781,-122.3608105,14z",2025-09-17T23:46:58.231Z,,,
https://www.google.com/maps/place/Napa+Valley+Care+Center/data=!4m7!3m6!1s0x808506ea270e9f23:0x2de71ed79fc27c3!8m2!3d38.3220692!4d-122.2936542!16s%2Fg%2F1tfwkl0f!19sChIJI58OJ-oGhYARwyf8ee1x3gI,Napa Valley Care Center,3.3,76,Nursing home,"3275 Villa Ln, Napa, CA 94558, United States","8PC4+RG Napa, California, USA",http://www.napavalleycarecenter.com/,+1 707-257-0931,Open ⋅ Closes 7 pm,https://lh3.googleusercontent.com/p/AF1QipORog4V_YoEnINlUAPwDWKtPzbRstt6E7APNeg1=w408-h272-k-no,true,7 am–7 pm,7 am–7 pm,7 am–7 pm,7 am–7 pm,7 am–7 pm,7 am–7 pm,7 am–7 pm,"https://www.google.com/maps/search/Hospice+clinics+in+Yountville+Napa+CA/@38.4015781,-122.3608105,14z",2025-09-17T23:47:03.245Z,,,
"https://www.google.com/maps/place/Veterans+Home+of+California,+Yountville/data=!4m7!3m6!1s0x8085aaad01ae9787:0xd24b895eb8b6fd9e!8m2!3d38.3934515!4d-122.3662333!16s%2Fm%2F0h7qx7_!19sChIJh5euAa2qhYARnv22uF6JS9I","Veterans Home of California, Yountville",4.4,64,Veterans center,"260 California Dr, Yountville, CA 94599, United States","9JVM+9G Yountville, California, USA",https://www.calvet.ca.gov/VetHomes/Pages/Yountville.aspx,+1 707-944-4500,,https://lh3.googleusercontent.com/gps-cs-s/AC9h4noPnGU4bfwapX5YQPY6z8x5GiyrmP3FzBIzbvhGPgzb5VrK8xKmb470ho9_zk5aztOuZ25IUogQkUe0i2iqf7ra2xhx54U9KB_ZZv6NXQGYJSYdLFJSpOfQ8n22My_21OphX_iQ=w408-h306-k-no,false,,,,,,,,"https://www.google.com/maps/search/Hospice+clinics+in+Yountville+Napa+CA/@38.4015781,-122.3608105,14z",2025-09-17T23:47:08.381Z,,,
"https://www.google.com/maps/place/Douglas+R.+Wilson,+MD/data=!4m7!3m6!1s0x808507b87b844339:0x8d51cc0f0f37bf06!8m2!3d38.324482!4d-122.2971094!16s%2Fg%2F11f712kh08!19sChIJOUOEe7gHhYARBr83Dw_MUY0","Douglas R. Wilson, MD",,,Hospice,"1000 Trancas St, Napa, CA 94558, United States","8PF3+Q5 Napa, California, USA",https://www.providence.org/doctors/hospice-and-palliative-care/ca/napa/douglas-wilson-1285693572?ls=provider&y_source=1_MTA1MDIzMTM4MC03MTUtbG9jYXRpb24ud2Vic2l0ZQ%3D%3D,+1 707-252-4411,,https://streetviewpixels-pa.googleapis.com/v1/thumbnail?panoid=yoM8bf4b2NStat8rKl7S9g&cb_client=search.gws-prod.gps&w=408&h=240&yaw=308.39304&pitch=0&thumbfov=100,true,,,,,,,,"https://www.google.com/maps/search/Hospice+clinics+in+St.+Helena+Napa+CA/@38.5052429,-122.4703868,14z",2025-09-17T23:47:20.374Z,,,
https://www.google.com/maps/place/CommuniCare%2BOLE+St.+Helena/data=!4m7!3m6!1s0x8085064640f18a41:0x7621508a11716e04!8m2!3d38.5060173!4d-122.4724158!16s%2Fg%2F1tgnxfp1!19sChIJQYrxQEYGhYARBG5xEYpQIXY,CommuniCare+OLE St. Helena,3.2,11,Medical clinic,"1222 Pine St A, St Helena, CA 94574, United States","GG4H+C2 St Helena, California, USA",http://www.olehealth.org/,+1 707-963-0931,,https://lh3.googleusercontent.com/p/AF1QipOMpC1RHol5vxdP6N0anI_bRfxgFzSmWSPF3hd_=w408-h272-k-no,true,,,,,,,,"https://www.google.com/maps/search/Hospice+clinics+in+St.+Helena+Napa+CA/@38.5052429,-122.4703868,14z",2025-09-17T23:47:25.447Z,LGBTQ+ friendly,,
https://www.google.com/maps/place/St.+Helena+Home+Care/data=!4m7!3m6!1s0x8084509535894903:0x4288f2afca9490de!8m2!3d38.4958489!4d-122.4707898!16s%2Fg%2F11cs4glc_f!19sChIJA0mJNZVQhIAR3pCUyq_yiEI,St. Helena Home Care,5.0,2,Home health care service,"2011 Olive Ave, St Helena, CA 94574, United States","FGWH+8M St Helena, California, USA",,+1 707-738-9555,,https://streetviewpixels-pa.googleapis.com/v1/thumbnail?panoid=oy1mu247I5uWPkUxme4cnA&cb_client=search.gws-prod.gps&w=408&h=240&yaw=127.4836&pitch=0&thumbfov=100,false,,,,,,,,"https://www.google.com/maps/search/Hospice+clinics+in+St.+Helena+Napa+CA/@38.5052429,-122.4703868,14z",2025-09-17T23:47:28.206Z,,,
https://www.google.com/maps/place/St.+Helena+Hospital+Foundation/data=!4m7!3m6!1s0x80845a48dbfd5ac1:0xa91a90ff36a470b6!8m2!3d38.5425501!4d-122.4748268!16s%2Fg%2F12hznrn98!19sChIJwVr920hahIARtnCkNv-QGqk,St. Helena Hospital Foundation,5.0,5,Non-profit organization,"10 Woodland Rd, St Helena, CA 94574, United States","GGVG+23 St Helena, California, USA",https://shhfoundation.org/,+1 707-963-6208,Closes soon ⋅ 5 pm ⋅ Opens 9 am Thu,https://streetviewpixels-pa.googleapis.com/v1/thumbnail?panoid=9mgDN5JBlH11LsfESZ3brQ&cb_client=search.gws-prod.gps&w=408&h=240&yaw=64.89459&pitch=0&thumbfov=100,false,9 am–5 pm,9 am–5 pm,9 am–5 pm,Closed,Closed,9 am–5 pm,9 am–5 pm,"https://www.google.com/maps/search/Hospice+clinics+in+St.+Helena+Napa+CA/@38.5052429,-122.4703868,14z",2025-09-17T23:47:33.050Z,,,
https://www.google.com/maps/place/Adventist+Health+St+Helena/data=!4m7!3m6!1s0x80845a48ae0fcd19:0x92c969ed2ab250a0!8m2!3d38.5424914!4d-122.4747748!16zL20vMDVta3o2!19sChIJGc0PrkhahIARoFCyKu1pyZI,Adventist Health St Helena,4.7,1178,Hospital,"10 Woodland Rd, St Helena, CA 94574, United States","GGRG+X3 St Helena, California, USA",https://www.adventisthealth.org/st-helena/,+1 707-963-3611,,https://lh3.googleusercontent.com/p/AF1QipNW3U85rpK_y48nI1TTGjod1L948rYkY1VjSmvj=w408-h272-k-no,true,Open 24 hours,Open 24 hours,Open 24 hours,Open 24 hours,Open 24 hours,Open 24 hours,Open 24 hours,"https://www.google.com/maps/search/Hospice+clinics+in+St.+Helena+Napa+CA/@38.5052429,-122.4703868,14z",2025-09-17T23:47:37.949Z,,,
https://www.google.com/maps/place/Rose+Haven/data=!4m7!3m6!1s0x80845a4409d1b251:0x5a65100b7629ba89!8m2!3d38.536504!4d-122.475946!16s%2Fg%2F1w0h7qxm!19sChIJUbLRCURahIARibopdgsQZVo,Rose Haven,4.0,2,Assisted living facility,"520 Sanitarium Rd, St Helena, CA 94574, United States","GGPF+JJ St Helena, California, USA",http://www.rosehavenassistedliving.com/,+1 707-963-3748,,https://lh3.googleusercontent.com/gps-cs-s/AC9h4no4dMMO_XOtucXs49tqwlRlOQkwttNfurl3kdgjHkvUVObMTRp7Fj5D7SpJczerkUxyCeTDWX0oXQudmc8VRkb_rWbRxmlPszOy0iiW6IPH9Kd05IbZ9wN_OT_KGQIa73IwsMdA_Q=w408-h240-k-no-pi-10-ya3.9475112-ro-0-fo100,false,,,,,,,,"https://www.google.com/maps/search/Hospice+clinics+in+St.+Helena+Napa+CA/@38.5052429,-122.4703868,14z",2025-09-17T23:47:40.752Z,,,
https://www.google.com/maps/place/Martin+O%27Neill+Cancer+Center:+Adventist+Health+St.+Helena/data=!4m7!3m6!1s0x80845b7013596411:0xa0ba936d745c2c27!8m2!3d38.5425498!4d-122.4748281!16s%2Fg%2F11sx4142fw!19sChIJEWRZE3BbhIARJyxcdG2TuqA,Martin O'Neill Cancer Center: Adventist Health St. Helena,4.9,18,Cancer treatment center,"10 Woodland Rd, St Helena, CA 94574, United States","GGVG+23 St Helena, California, USA",https://www.adventisthealth.org/locations/martin-o-neill-cancer-center-adventist-health-st-helena/,+1 707-967-5721,Closes soon ⋅ 5 pm ⋅ Opens 8 am Thu,https://lh3.googleusercontent.com/gps-cs-s/AC9h4novmHn4jwd3NHt7GBt475GtcgwCtfp_5PBhwUN9AullTYruVJ9UwCqDLWCqw0abYSA6Ua4aS_Xtaft152Ema9vxWGVnxHKETR7teY7yXBMBKrhiFgTRKmelPic9gGTcnjloE34lSA=w408-h725-k-no,true,8 am–5 pm,8 am–5 pm,8 am–5 pm,Closed,Closed,8 am–5 pm,8 am–5 pm,"https://www.google.com/maps/search/Hospice+clinics+in+St.+Helena+Napa+CA/@38.5052429,-122.4703868,14z",2025-09-17T23:47:45.816Z,,,
https://www.google.com/maps/place/St+Helena+Hospital+Rehab+Services/data=!4m7!3m6!1s0x808450bc3a2fdd51:0xff473346a92899f8!8m2!3d38.5027986!4d-122.4656925!16s%2Fg%2F1260gk51_!19sChIJUd0vOrxQhIAR-JkoqUYzR_8,St Helena Hospital Rehab Services,,,Rehabilitation center,"1030 Main St STE 100, St Helena, CA 94574, United States","GG3M+4P St Helena, California, USA",,+1 707-967-9901,,https://streetviewpixels-pa.googleapis.com/v1/thumbnail?panoid=eFsS5hNeLgb-V47sO9mxXg&cb_client=search.gws-prod.gps&w=408&h=240&yaw=39.871815&pitch=0&thumbfov=100,false,,,,,,,,"https://www.google.com/maps/search/Hospice+clinics+in+St.+Helena+Napa+CA/@38.5052429,-122.4703868,14z",2025-09-17T23:47:48.492Z,,,
https://www.google.com/maps/place/St.+Joseph+Home+Health+-+Napa+County/data=!4m7!3m6!1s0x808508c8d6a85ef5:0xb9b577d3c4f0e3d5!8m2!3d38.3243341!4d-122.2954261!16s%2Fg%2F1tfqlly8!19sChIJ9V6o1sgIhYAR1ePwxNN3tbk,St. Joseph Home Health - Napa County,,,Home health care service,"980 Trancas St Suite 9, Napa, CA 94558, United States","8PF3+PR Napa, California, USA",https://www.providence.org/locations/norcal/st-joseph-home-health-napa?ls=location&y_source=1_MjM4NzYxODgtNzE1LWxvY2F0aW9uLndlYnNpdGU%3D,+1 707-257-4124,Closes soon ⋅ 5 pm ⋅ Opens 8 am Thu,https://streetviewpixels-pa.googleapis.com/v1/thumbnail?panoid=-fRCEW7sT2zQ6l-Km3PsjQ&cb_client=search.gws-prod.gps&w=408&h=240&yaw=256.62595&pitch=0&thumbfov=100,true,8 am–5 pm,8 am–5 pm,8 am–5 pm,Closed,Closed,8 am–5 pm,8 am–5 pm,"https://www.google.com/maps/search/Hospice+clinics+in+St.+Helena+Napa+CA/@38.5052429,-122.4703868,14z",2025-09-17T23:47:53.427Z,,,
https://www.google.com/maps/place/Adventist+Health+St.+Helena+Women%27s+Center/data=!4m7!3m6!1s0x808450bec82a9f81:0x30fb1c137f9a8307!8m2!3d38.4871953!4d-122.4489033!16s%2Fg%2F12607vmwh!19sChIJgZ8qyL5QhIARB4OafxMc-zA,Adventist Health St. Helena Women's Center,4.0,5,Women's health clinic,"821 St Helena Hwy Suite 1, St Helena, CA 94574, United States","FHP2+VC St Helena, California, USA",https://www.adventisthealth.org/locations/womens-imaging-center-adventist-health-st-helena/,+1 707-967-7550,"Closes soon ⋅ 5 pm ⋅ Opens 8 am Thu

Updated by others 12 weeks ago",https://lh3.googleusercontent.com/gps-cs-s/AC9h4nr5VG2hrDo6HHx5FeARDQkh8JDDH5jO0j16AWVj4GgzAp42cLA9tqc6oJhmHGMstmu3y9D6sAOENPmzYJ5eJdG4-AaYzeKxWsdZqfX-Tl5hHHuVs-3aVilzvAJ2MRGZFTIupI_ntA=w426-h240-k-no,true,8 am–5 pm,8 am–5 pm,7 am–2 pm,Closed,Closed,8 am–5 pm,8 am–5 pm,"https://www.google.com/maps/search/Hospice+clinics+in+St.+Helena+Napa+CA/@38.5052429,-122.4703868,14z",2025-09-17T23:47:58.337Z,,,
https://www.google.com/maps/place/Saint+Helena+Catholic+Church/data=!4m7!3m6!1s0x80845097c5a882ad:0xe7bd617d65d98a95!8m2!3d38.5033402!4d-122.4705007!16s%2Fm%2F0pdp01j!19sChIJrYKoxZdQhIARlYrZZX1hvec,Saint Helena Catholic Church,4.9,89,Catholic church,"1340 Tainter St, St Helena, CA 94574, United States","GG3H+8Q St Helena, California, USA",http://www.sthelenacatholic.com/,+1 707-963-1228,,https://lh3.googleusercontent.com/gps-cs-s/AC9h4nqNCCB7AFmSddOVSUGEDPaPQU4dLzY1yRNEXrhWBgc1Lvoj7oKLkH010dp06ylMSn6GrzecrZLN6hEUEzQDZNfM1urGTWv9CnyTxK73oqYxEecuII4yixA2-M8R0WkXlvogzrx053MURBQ=w408-h544-k-no,false,,,,,,,,"https://www.google.com/maps/search/Hospice+clinics+in+St.+Helena+Napa+CA/@38.5052429,-122.4703868,14z",2025-09-17T23:48:01.167Z,,,
https://www.google.com/maps/place/St.+Helena+Chamber+of+Commerce+%26+St.+Helena+Welcome+Center/data=!4m7!3m6!1s0x808450be9f8cf7c1:0x12a868aed4e48c5e!8m2!3d38.5039086!4d-122.4677087!16s%2Fg%2F1tfnt6yr!19sChIJwfeMn75QhIARXozk1K5oqBI,St. Helena Chamber of Commerce & St. Helena Welcome Center,4.8,11,Chamber of Commerce,"1154 Main St, St Helena, CA 94574, United States","GG3J+HW St Helena, California, USA",http://www.sthelena.com/,+1 707-963-4456,"Closes soon ⋅ 5 pm ⋅ Opens 10 am Thu

Updated by this business 8 weeks ago",https://lh3.googleusercontent.com/gps-cs-s/AC9h4nraIGn_VddXM7G8q31FaDffC82Z1wGh4cVwxYAXulCFDJWJpB6JDx5l4-fnwrgXFqAHZ5SO-0zT1iYBWHX2R3c2eLRvASTu-0QO2ubdq96RIBn-YQ5DduVnw5ppjb0wIItQI_cA=w408-h288-k-no,true,10 am–5 pm,10 am–5 pm,10 am–5 pm,10 am–5 pm,10 am–5 pm,Closed,10 am–5 pm,"https://www.google.com/maps/search/Hospice+clinics+in+St.+Helena+Napa+CA/@38.5052429,-122.4703868,14z",2025-09-17T23:48:06.361Z,,,
https://www.google.com/maps/place/St.+Helena+Hospital:+Mental+Health+Unit/data=!4m7!3m6!1s0x80845a46f0dc4389:0x644b369fc86b30c1!8m2!3d38.5425501!4d-122.4748268!16s%2Fg%2F12vrb7vrh!19sChIJiUPc8EZahIARwTBryJ82S2Q,St. Helena Hospital: Mental Health Unit,3.1,8,Mental health service,"10 Woodland Rd, St Helena, CA 94574, United States","GGVG+23 St Helena, California, USA",https://www.adventisthealth.org/st-helena/services/behavioral-health/,+1 707-963-6270,,https://streetviewpixels-pa.googleapis.com/v1/thumbnail?panoid=kMfjAx6ze54h-UDcJ_Ga8A&cb_client=search.gws-prod.gps&w=408&h=240&yaw=74.592804&pitch=0&thumbfov=100,false,,,,,,,,"https://www.google.com/maps/search/Hospice+clinics+in+St.+Helena+Napa+CA/@38.5052429,-122.4703868,14z",2025-09-17T23:48:09.164Z,,,
https://www.google.com/maps/place/St.+Peter%27s+Health+Hospice/data=!4m7!3m6!1s0x5343559f66d368b5:0xd633ad0babb6e37c!8m2!3d46.583019!4d-111.999545!16s%2Fg%2F1x6q1f4_!19sChIJtWjTZp9VQ1MRfOO2qwutM9Y,St. Peter's Health Hospice,4.4,10,Hospice,"201 S California St, Helena, MT 59601, United States","H2M2+65 Helena, Montana, USA",https://www.sphealth.org/hospital/home-health-care/hospice,+1 406-444-2244,Closed ⋅ Opens 8 am Thu,https://lh3.googleusercontent.com/p/AF1QipPphvBlmMCxI8ZxkAXiSrewT6z4nMb-LI75ZK0Y=w408-h272-k-no,true,8 am–5 pm,8 am–5 pm,8 am–5 pm,Closed,Closed,8 am–5 pm,8 am–5 pm,"https://www.google.com/maps/search/Hospice+clinics+in+St.+Helena+Napa+CA/@38.5052429,-122.4703868,14z",2025-09-17T23:48:13.970Z,,,
https://www.google.com/maps/place/AtHome+Healthcare+Team/data=!4m7!3m6!1s0x80850f481b873fb5:0xa4ced4ea50b400b0!8m2!3d38.2117573!4d-122.2571469!16s%2Fg%2F11rk2j36px!19sChIJtT-HG0gPhYARsAC0UOrUzqQ,AtHome Healthcare Team,5.0,1,Home health care service,"100 Tower Rd Suite 15, American Canyon, CA 94503, United States","6P6V+P4 American Canyon, California, USA",https://athometeam.com/,+1 707-255-4401,Closes soon ⋅ 5 pm ⋅ Opens 8:30 am Thu,https://streetviewpixels-pa.googleapis.com/v1/thumbnail?panoid=qAcqQraTbEdLNagfn8Pz_A&cb_client=search.gws-prod.gps&w=408&h=240&yaw=264.67938&pitch=0&thumbfov=100,true,8:30 am–5 pm,8:30 am–5 pm,8:30 am–5 pm,Closed,Closed,8:30 am–5 pm,8:30 am–5 pm,"https://www.google.com/maps/search/Hospice+clinics+in+St.+Helena+Napa+CA/@38.5052429,-122.4703868,14z",2025-09-17T23:48:18.993Z,,,
https://www.google.com/maps/place/Providence+Medical+Group+Santa+Rosa+-+Palliative+Care/data=!4m7!3m6!1s0x8084492446a99c79:0xb36ecd15f7823751!8m2!3d38.4421903!4d-122.7018328!16s%2Fg%2F11f7b_ck45!19sChIJeZypRiRJhIARUTeC9xXNbrM,Providence Medical Group Santa Rosa - Palliative Care,,,Hospice,"121 Sotoyome St Ste. 201, Santa Rosa, CA 95405, United States","C7RX+V7 Santa Rosa, California, USA",https://www.providence.org/locations/norcal/santa-rosa-memorial-hospital/palliative-care?ls=location&y_source=1_OTU3NTk1Ni03MTUtbG9jYXRpb24ud2Vic2l0ZQ%3D%3D,+1 707-573-8984,"Closes soon ⋅ 5 pm ⋅ Opens 8 am Thu

Confirmed by this business 7 weeks ago",https://streetviewpixels-pa.googleapis.com/v1/thumbnail?panoid=TGk8TQJoD6fbNnO1KZ6R3w&cb_client=search.gws-prod.gps&w=408&h=240&yaw=258.5399&pitch=0&thumbfov=100,true,8 am–5 pm,8 am–5 pm,8 am–5 pm,Closed,Closed,8 am–5 pm,8 am–5 pm,"https://www.google.com/maps/search/Hospice+clinics+in+St.+Helena+Napa+CA/@38.5052429,-122.4703868,14z",2025-09-17T23:48:23.755Z,,,
https://www.google.com/maps/place/Napa+Valley+Hospice+%26+Adult+Day+Services/data=!4m7!3m6!1s0x8085063f2fc00001:0x18a630a82c3eb271!8m2!3d38.2840933!4d-122.2931869!16s%2Fg%2F11d_7876f8!19sChIJAQDALz8GhYARcbI-LKgwphg,Napa Valley Hospice & Adult Day Services,,,,"414 S Jefferson St, Napa, CA 94559, United States","7PM4+JP Napa, California, USA",http://legacyofcompassioncampaign.com/contactus.html,+1 707-258-9080,Permanently closed,https://streetviewpixels-pa.googleapis.com/v1/thumbnail?panoid=Mb3S0UOUshk_0wx7u--yqg&cb_client=search.gws-prod.gps&w=408&h=240&yaw=153.11485&pitch=0&thumbfov=100,false,,,,,,,,"https://www.google.com/maps/search/Hospice+clinics+in+St.+Helena+Napa+CA/@38.5052429,-122.4703868,14z",2025-09-17T23:48:28.520Z,,,
https://www.google.com/maps/place/CommuniCare%2BOLE+Calistoga/data=!4m7!3m6!1s0x8084430b790f88b5:0x31c00efab7c9eb6b!8m2!3d38.5778983!4d-122.5775087!16s%2Fg%2F1tcwwywm!19sChIJtYgPeQtDhIARa-vJt_oOwDE,CommuniCare+OLE Calistoga,2.3,9,Medical clinic,"911 Washington St, Calistoga, CA 94515, United States","HCHC+5X Calistoga, California, USA",http://www.communicareole.org/,+1 707-709-2308,,https://lh3.googleusercontent.com/p/AF1QipM8bKoZH5R2j_1C3uL0ZD-av1bn_bZqXHcPmaOK=w408-h272-k-no,true,,,,,,,,"https://www.google.com/maps/search/Hospice+clinics+in+Calistoga+Napa+CA/@38.5787965,-122.5797054,14z",2025-09-17T23:48:43.051Z,,,
https://www.google.com/maps/place/Annie%27s+Family+Home+Care+of+Calistoga/data=!4m7!3m6!1s0x8082ea1ac0a66a77:0x2bde9e0a18aeb00b!8m2!3d38.5831231!4d-122.5959541!16s%2Fg%2F11w36y1hvm!19sChIJd2qmwBrqgoARC7CuGAqe3is,Annie's Family Home Care of Calistoga,,,Assisted living facility,"1119 Mitzi Dr, Calistoga, CA 94515, United States","HCM3+6J Calistoga, California, USA",,+1 707-326-1994,Open 24 hours,https://streetviewpixels-pa.googleapis.com/v1/thumbnail?panoid=JxEJyyUTTDLZX_MnE-hK4g&cb_client=search.gws-prod.gps&w=408&h=240&yaw=283.6855&pitch=0&thumbfov=100,true,Open 24 hours,Open 24 hours,Open 24 hours,Open 24 hours,Open 24 hours,Open 24 hours,Open 24 hours,"https://www.google.com/maps/search/Hospice+clinics+in+Calistoga+Napa+CA/@38.5787965,-122.5797054,14z",2025-09-17T23:48:47.942Z,,,
https://www.google.com/maps/place/UpValley+Family+Centers+-+Calistoga/data=!4m7!3m6!1s0x808443a0af7cbac1:0x4fed74a7b65a713a!8m2!3d38.5779529!4d-122.583009!16s%2Fg%2F11btsvd70s!19sChIJwbp8r6BDhIAROnFatqd07U8,UpValley Family Centers - Calistoga,4.7,9,Non-profit organization,"1500 Cedar St, Calistoga, CA 94515, United States","HCH8+5Q Calistoga, California, USA",http://upvalleyfamilycenters.org/,+1 707-965-5010,Closes soon ⋅ 5 pm ⋅ Opens 8:30 am Thu,https://streetviewpixels-pa.googleapis.com/v1/thumbnail?panoid=h5jasJ5Y9vKOjiswurqKHw&cb_client=search.gws-prod.gps&w=408&h=240&yaw=199.77081&pitch=0&thumbfov=100,true,8:30 am–5 pm,8:30 am–5 pm,8:30 am–5 pm,Closed,Closed,10 am–5 pm,8:30 am–5 pm,"https://www.google.com/maps/search/Hospice+clinics+in+Calistoga+Napa+CA/@38.5787965,-122.5797054,14z",2025-09-17T23:48:53.110Z,,,
https://www.google.com/maps/place/Cedars+Care+Home/data=!4m7!3m6!1s0x808443a749ee35c9:0x30ea456970c4bef1!8m2!3d38.5785546!4d-122.5839753!16s%2Fg%2F1v1tn994!19sChIJyTXuSadDhIAR8b7EcGlF6jA,Cedars Care Home,5.0,1,Assisted living facility,"1520 Cedar St, Calistoga, CA 94515, United States","HCH8+CC Calistoga, California, USA",,+1 707-942-9200,Open 24 hours,https://streetviewpixels-pa.googleapis.com/v1/thumbnail?panoid=rEH_sSq8dV24IlLKmx3mxg&cb_client=search.gws-prod.gps&w=408&h=240&yaw=17.832859&pitch=0&thumbfov=100,true,Open 24 hours,Open 24 hours,Open 24 hours,Open 24 hours,Open 24 hours,Open 24 hours,Open 24 hours,"https://www.google.com/maps/search/Hospice+clinics+in+Calistoga+Napa+CA/@38.5787965,-122.5797054,14z",2025-09-17T23:48:57.926Z,,,
https://www.google.com/maps/place/Our+Lady+of+Perpetual+Help+Roman+Catholic+Church/data=!4m7!3m6!1s0x8084430c802ff3b5:0x483b7b9a3232b305!8m2!3d38.5778076!4d-122.5768745!16s%2Fg%2F1tdz516n!19sChIJtfMvgAxDhIARBbMyMpp7O0g,Our Lady of Perpetual Help Roman Catholic Church,4.6,24,Catholic church,"901 Washington St, Calistoga, CA 94515, United States","HCHF+47 Calistoga, California, USA",http://olphcalistoga.org/,+1 707-942-6894,Closes soon ⋅ 5 pm ⋅ Opens 10 am Thu,https://lh3.googleusercontent.com/gps-cs-s/AC9h4nrVIgGA1Kt5OCzkEqwYuzGuLTq-d3JQxcTKYYbHy8MfY3fjeXrrjqYcCc_p33CHWBbhzaBqNZ7Y-l4vk8Cr127Oji_dFh84yUo3dBqF3Zv3shCvwNBNacABgJ5Mrou8WJirDvQ=w408-h306-k-no,true,10 am–5 pm,10 am–5 pm,10 am–5 pm,Closed,Closed,Closed,Closed,"https://www.google.com/maps/search/Hospice+clinics+in+Calistoga+Napa+CA/@38.5787965,-122.5797054,14z",2025-09-17T23:49:03.043Z,,,
https://www.google.com/maps/place/Family+Medicine:+Adventist+Health+Physicians+Network/data=!4m7!3m6!1s0x8084430b9b193b9b:0x1d24cf6f91568e25!8m2!3d38.5779847!4d-122.5772881!16s%2Fg%2F1thvsy2t!19sChIJmzsZmwtDhIARJY5WkW_PJB0,Family Medicine: Adventist Health Physicians Network,4.4,37,Family practice physician,"913 Washington St, Calistoga, CA 94515, United States","HCHF+53 Calistoga, California, USA",https://adventisthealth.org/locations/detail/family-medicine-adventist-health-physicians-network-4350/,+1 707-942-6233,Closes soon ⋅ 5 pm ⋅ Opens 9 am Thu,https://streetviewpixels-pa.googleapis.com/v1/thumbnail?panoid=cptOI34AJ6y6UMobR_5Mvg&cb_client=search.gws-prod.gps&w=408&h=240&yaw=193.80394&pitch=0&thumbfov=100,true,9 am–5 pm,9 am–5 pm,7 am–3:30 pm,Closed,Closed,9 am–5 pm,9 am–5 pm,"https://www.google.com/maps/search/Hospice+clinics+in+Calistoga+Napa+CA/@38.5787965,-122.5797054,14z",2025-09-17T23:49:08.000Z,,,
"https://www.google.com/maps/place/UpValley+Inn+%26+Hot+Springs+Napa+Valley,+Ascend+Hotel+Collection/data=!4m10!3m9!1s0x808443060bcf630b:0xd443c8543ef70627!5m2!4m1!1i2!8m2!3d38.5859271!4d-122.5771386!16s%2Fg%2F11gbv4wkzg!19sChIJC2PPCwZDhIARJwb3PlTIQ9Q","UpValley Inn & Hot Springs Napa Valley, Ascend Hotel Collection",4.3,349,,"1865 Lincoln Ave, Calistoga, CA 94515, United States","HCPF+94 Calistoga, California, USA",https://upvalleyinn.com/?utm_source=google&utm_medium=gmb,+1 707-942-9400,,https://lh3.googleusercontent.com/p/AF1QipOtck841CAT6qxW5LE7Zwil-Q0kM5ducxCCNo1F=w408-h271-k-no,true,,,,,,,,"https://www.google.com/maps/search/Hospice+clinics+in+Calistoga+Napa+CA/@38.5787965,-122.5797054,14z",2025-09-17T23:49:11.128Z,,,
https://www.google.com/maps/place/By+The+Bay+Health+-+Sonoma/data=!4m7!3m6!1s0x8085ac1d0a297fc1:0x2bdb1a2cae28ed1!8m2!3d38.2922887!4d-122.4648223!16s%2Fg%2F11g_cbmk5!19sChIJwX8pCh2shYAR0Y7iyqKxvQI,By The Bay Health - Sonoma,5.0,4,Home health care service,"355 W Napa St suite b, Sonoma, CA 95476, United States","7GRP+W3 Sonoma, California, USA",https://bythebayhealth.org/,+1 707-935-7504,Closes soon ⋅ 5 pm ⋅ Opens 8:30 am Thu,https://streetviewpixels-pa.googleapis.com/v1/thumbnail?panoid=fj8rTER-a2ZAYxfPJxIwkA&cb_client=search.gws-prod.gps&w=408&h=240&yaw=185.94505&pitch=0&thumbfov=100,true,8:30 am–5 pm,8:30 am–5 pm,8:30 am–5 pm,Closed,Closed,8:30 am–5 pm,8:30 am–5 pm,"https://www.google.com/maps/search/Hospice+clinics+in+Calistoga+Napa+CA/@38.5787965,-122.5797054,14z",2025-09-17T23:49:16.322Z,,,
https://www.google.com/maps/place/Providence+Santa+Rosa+Memorial+Hospice/data=!4m7!3m6!1s0x808439363917551f:0x7dcff8a01bf95000!8m2!3d38.4458964!4d-122.7188554!16s%2Fg%2F1vfzfd69!19sChIJH1UXOTY5hIARAFD5G6D4z30,Providence Santa Rosa Memorial Hospice,4.7,6,Hospice,"439 College Ave, Santa Rosa, CA 95401, United States","C7WJ+9F Santa Rosa, California, USA",https://www.providence.org/locations/norcal/memorial-hospice?ls=location&y_source=1_OTU3NTk2OC03MTUtbG9jYXRpb24ud2Vic2l0ZQ%3D%3D,+1 707-568-1094,"Closes soon ⋅ 5 pm ⋅ Opens 9 am Thu

Confirmed by this business 7 weeks ago",https://streetviewpixels-pa.googleapis.com/v1/thumbnail?panoid=1lXiFsTeV5RIhRiPzxTp2g&cb_client=search.gws-prod.gps&w=408&h=240&yaw=167.20369&pitch=0&thumbfov=100,true,9 am–5 pm,9 am–5 pm,9 am–5 pm,Closed,Closed,9 am–5 pm,9 am–5 pm,"https://www.google.com/maps/search/Hospice+clinics+in+Calistoga+Napa+CA/@38.5787965,-122.5797054,14z",2025-09-17T23:49:21.269Z,,,
https://www.google.com/maps/place/United+States+Postal+Service/data=!4m7!3m6!1s0x8084430b9bed8fc1:0xa465967cfcb31413!8m2!3d38.5781125!4d-122.5778512!16s%2Fg%2F1td4vhkf!19sChIJwY_tmwtDhIARExSz_HyWZaQ,United States Postal Service,4.5,8,Post office,"1013 Washington St, Calistoga, CA 94515, United States","HCHC+6V Calistoga, California, USA",https://tools.usps.com/locations/details/1356644?utm_source=google-my-business-url&utm_medium=search&utm_campaign=yext,+1 800-275-8777,"Closed ⋅ Opens 9 am Thu

Confirmed by this business 8 weeks ago",https://lh3.googleusercontent.com/gps-cs-s/AC9h4noceX9uCoQITgWR2clqxfNoby1KEz767zts7aebhvE8FpUyYGKl7TNS_6pmIHRf5eNJiqBSL7AuqxJztTG14Hbpc6DGdyFZinMDYfgTDImEbrHNesDQge7Tl_Q2S3KqTmNKjZo=w408-h269-k-no,true,9 am–4:30 pm,9 am–4:30 pm,9 am–4:30 pm,Closed,Closed,9 am–4:30 pm,9 am–4:30 pm,"https://www.google.com/maps/search/Hospice+clinics+in+Calistoga+Napa+CA/@38.5787965,-122.5797054,14z",2025-09-17T23:49:26.176Z,,,
https://www.google.com/maps/place/By+the+Bay+Health/data=!4m7!3m6!1s0x80859a42f73a761d:0x105111d926c53920!8m2!3d37.9455774!4d-122.5129848!16s%2Fg%2F1tq6k9b1!19sChIJHXY690KahYARIDnFJtkRURA,By the Bay Health,3.8,13,Hospice,"17 Sir Francis Drake Blvd, Larkspur, CA 94939, United States","WFWP+6R Larkspur, California, USA",https://www.bythebayhealth.org/,+1 415-927-2273,Closes soon ⋅ 5 pm ⋅ Opens 8:30 am Thu,https://lh3.googleusercontent.com/gps-cs-s/AC9h4nqRPohgw6YPiTF0YLtqatiDIKJSfbIOSzisWJkQWFx6MZfBzQmrav-oyjRfwc38QXhKSewZ6ws25YzxQs7Vzdg929rRzoaUo29Ij83HAgjxvEDfFn14Yg0C4kRBLt-aKQyp7DbI=w408-h264-k-no,true,8:30 am–5 pm,8:30 am–5 pm,8:30 am–5 pm,Closed,Closed,8:30 am–5 pm,8:30 am–5 pm,"https://www.google.com/maps/search/Hospice+clinics+in+Calistoga+Napa+CA/@38.5787965,-122.5797054,14z",2025-09-17T23:49:31.241Z,,,
https://www.google.com/maps/place/At+Home+Nursing/data=!4m7!3m6!1s0x8084378539bb15c3:0x6d5b20f4241f522e!8m2!3d38.4179478!4d-122.7544906!16s%2Fg%2F1vl9rq61!19sChIJwxW7OYU3hIARLlIfJPQgW20,At Home Nursing,5.0,2,Home health care service,"1378 Corporate Center Pkwy # A, Santa Rosa, CA 95407, United States","C69W+56 Santa Rosa, California, USA",https://www.athomenursing.net/,+1 707-546-8773,"Closes soon ⋅ 5 pm ⋅ Opens 8:30 am Thu

Confirmed by this business 7 weeks ago",https://lh3.googleusercontent.com/p/AF1QipOdVBJ57Zohk0XTSg7dxJu9vFIgKz3U5lgCbKoF=w426-h240-k-no,true,8:30 am–5 pm,8:30 am–5 pm,8:30 am–5 pm,Closed,Closed,8:30 am–5 pm,8:30 am–5 pm,"https://www.google.com/maps/search/Hospice+clinics+in+Calistoga+Napa+CA/@38.5787965,-122.5797054,14z",2025-09-17T23:49:36.115Z,Identifies as women-owned,,
https://www.google.com/maps/place/Providence+Queen+of+the+Valley+Medical+Center/data=!4m7!3m6!1s0x808506c2f8cff95d:0x67035f2fd162443!8m2!3d38.324492!4d-122.2969991!16s%2Fm%2F0h67zns!19sChIJXfnP-MIGhYARQyQW_fI1cAY,Providence Queen of the Valley Medical Center,2.6,160,Hospital,"1000 Trancas St, Napa, CA 94558, United States","8PF3+Q6 Napa, California, USA",https://www.providence.org/locations/norcal/queen-of-the-valley?ls=location&y_source=1_ODI0NjgxOC03MTUtbG9jYXRpb24ud2Vic2l0ZQ%3D%3D,+1 707-252-4411,,https://lh3.googleusercontent.com/p/AF1QipO_UFYUWRgGd5cXE6a1tRPXXtQo0WnEjUZUHLI5=w426-h240-k-no,true,,,,,,,,"https://www.google.com/maps/search/Hospice+clinics+in+Calistoga+Napa+CA/@38.5787965,-122.5797054,14z",2025-09-17T23:49:39.121Z,,,
https://www.google.com/maps/place/VITAS+Healthcare/data=!4m7!3m6!1s0x8085169013f94073:0xd6be858323c3907!8m2!3d38.2755783!4d-122.0505931!16s%2Fg%2F1v42g0dh!19sChIJc0D5E5AWhYARBzk8Mljoaw0,VITAS Healthcare,4.0,4,Hospice,"2480 Hilborn Rd Ste 105, Fairfield, CA 94534, United States","7WGX+6Q Fairfield, California, USA",https://www.vitas.com/locations-search/sacramento/fairfield-hospice-office/?utm_source=google&utm_medium=locallisting&utm_content=SAT9901&y_source=1_ODcxOTI0Ni03MTUtbG9jYXRpb24ud2Vic2l0ZQ%3D%3D,+1 707-428-5778,Open 24 hours,https://lh3.googleusercontent.com/p/AF1QipM3l5-3_-WMWsd9fUDWGL9-tw4Cnj9Kib-FYa4R=w426-h240-k-no,true,Open 24 hours,Open 24 hours,Open 24 hours,Open 24 hours,Open 24 hours,Open 24 hours,Open 24 hours,"https://www.google.com/maps/search/Hospice+clinics+in+Calistoga+Napa+CA/@38.5787965,-122.5797054,14z",2025-09-17T23:49:44.101Z,,,
https://www.google.com/maps/place/Mary%27s+Help+Hospice/data=!4m7!3m6!1s0x808572f6cc2c64ed:0xc7ed80ddaf8cdfa9!8m2!3d38.1087624!4d-122.2049218!16s%2Fg%2F11ybgbfnjn!19sChIJ7WQszPZyhYARqd-Mr92A7cc,Mary's Help Hospice,,,,"3469 Tennessee St, Vallejo, CA 94591, United States","4Q5W+G2 Vallejo, California, USA",https://maryshelphospice.com/about-us/,+1 707-558-3122,,https://streetviewpixels-pa.googleapis.com/v1/thumbnail?panoid=qUpJ-RKZaDtv9QdW8p_cEQ&cb_client=search.gws-prod.gps&w=408&h=240&yaw=217.7853&pitch=0&thumbfov=100,false,,,,,,,,"https://www.google.com/maps/search/Hospice+clinics+in+Calistoga+Napa+CA/@38.5787965,-122.5797054,14z",2025-09-17T23:49:46.828Z,,,
https://www.google.com/maps/place/Sutter+Hospice+Thrift+Store+-+Sebastopol/data=!4m7!3m6!1s0x80843a702b6d58f9:0x835e6bc7bf426be9!8m2!3d38.4069444!4d-122.8397222!16s%2Fg%2F1tgnrwwd!19sChIJ-VhtK3A6hIAR6WtCv8drXoM,Sutter Hospice Thrift Store - Sebastopol,4.4,59,Thrift store,"748 Gravenstein Hwy N, Sebastopol, CA 95472, United States","C546+Q4 Sebastopol, California, USA",https://www.sutterhealth.org/scah/ways-to-give/philanthropy/scah/thrift-stores,+1 707-824-4712,Closes soon ⋅ 5:30 pm ⋅ Opens 10 am Thu,https://lh3.googleusercontent.com/gps-cs-s/AC9h4noqlehctk0INF-ObcIO86BWd-oaTiULsnO6RTWq1pmnRpUimrwISEpngarWDNaQjn0zDNEAJxXnd6zfPxec71A7xKiUDbMIzN_BovJF-RJfvTIp0l8fTUy3SuhYFy-eThZl_0UteA=w408-h306-k-no,true,10 am–5:30 pm,10 am–5:30 pm,10 am–5:30 pm,10 am–5:30 pm,10 am–4 pm,10 am–4 pm,10 am–5:30 pm,"https://www.google.com/maps/search/Hospice+clinics+in+Calistoga+Napa+CA/@38.5787965,-122.5797054,14z",2025-09-17T23:49:51.693Z,,,
https://www.google.com/maps/place/Health+Link+Hospice/data=!4m7!3m6!1s0x808f7e2ea3955555:0x2a97de306f2aa37a!8m2!3d37.7805519!4d-122.3971931!16s%2Fg%2F11fk0bdb21!19sChIJVVWVoy5-j4AReqMqbzDelyo,Health Link Hospice,5.0,8,Hospice,"550 Bryant St Suite 1A, San Francisco, CA 94107, United States","QJJ3+64 China Basin, San Francisco, CA, USA",https://www.healthlinkhospice.com/contact/,+1 415-513-1222,Closes soon ⋅ 5:30 pm ⋅ Opens 9 am Thu,https://streetviewpixels-pa.googleapis.com/v1/thumbnail?panoid=A2xIy_8eEf_hy8loSnxpNQ&cb_client=search.gws-prod.gps&w=408&h=240&yaw=332.32062&pitch=0&thumbfov=100,true,9 am–5:30 pm,9 am–5:30 pm,9 am–5:30 pm,Closed,Closed,9 am–5:30 pm,9 am–5:30 pm,"https://www.google.com/maps/search/Hospice+clinics+in+Calistoga+Napa+CA/@38.5787965,-122.5797054,14z",2025-09-17T23:49:56.851Z,,,
https://www.google.com/maps/place/Adventist+Health+Home+Care+Services/data=!4m7!3m6!1s0x8084761bbcda2293:0x6e690b087d496e8e!8m2!3d38.9151988!4d-122.6126407!16s%2Fg%2F1tnhyk8v!19sChIJkyLavBt2hIARjm5JfQgLaW4,Adventist Health Home Care Services,3.0,2,Medical clinic,"9245 CA-53, Lower Lake, CA 95457, United States","W98P+3W Lower Lake, California, USA",https://www.adventisthealth.org/locations/adventist-health-home-care-services-lake-county/,+1 707-994-0737,Open 24 hours,https://streetviewpixels-pa.googleapis.com/v1/thumbnail?panoid=-A98N1ndM2Dp1IYrVgqLrA&cb_client=search.gws-prod.gps&w=408&h=240&yaw=269.3887&pitch=0&thumbfov=100,true,Open 24 hours,Open 24 hours,Open 24 hours,Open 24 hours,Open 24 hours,Open 24 hours,Open 24 hours,"https://www.google.com/maps/search/Hospice+clinics+in+Calistoga+Napa+CA/@38.5787965,-122.5797054,14z",2025-09-17T23:50:01.812Z,,,
https://www.google.com/maps/place/Home+Now+Healthcare/data=!4m7!3m6!1s0x80850d537b80254d:0x5c24b6d875533776!8m2!3d38.1667605!4d-122.2551537!16s%2Fg%2F11s7wnnwds!19sChIJTSWAe1MNhYARdjdTddi2JFw,Home Now Healthcare,5.0,4,Home health care service,"120 W American Canyon Rd Suite M10, American Canyon, CA 94503, United States","5P8V+PW American Canyon, California, USA",https://homenowhealthcare.com/,+1 707-551-0960,Closes soon ⋅ 5:30 pm ⋅ Opens 9 am Thu,https://lh3.googleusercontent.com/p/AF1QipOXpX5rXNzCMrRU7mk-HmM8aTZmQw1YWIsnxDWD=w408-h271-k-no,true,9 am–5:30 pm,9 am–5:30 pm,9 am–5:30 pm,Closed,Closed,9 am–5:30 pm,9 am–5:30 pm,"https://www.google.com/maps/search/Hospice+clinics+in+American+Canyon+Napa+CA/@38.1749178,-122.2608044,14z",2025-09-17T23:50:15.105Z,LGBTQ+ friendly,,
https://www.google.com/maps/place/Greenhills+Care+Home/data=!4m7!3m6!1s0x80850c7da83f23d9:0x532143a3ab02edf6!8m2!3d38.1662172!4d-122.2571593!16s%2Fg%2F1tf162s7!19sChIJ2SM_qH0MhYAR9u0Cq6NDIVM,Greenhills Care Home,5.0,11,Assisted living facility,"115 Thayer Way, American Canyon, CA 94503, United States","5P8V+F4 American Canyon, California, USA",https://www.greenhillscarehome.com/,+1 707-558-8487,,https://streetviewpixels-pa.googleapis.com/v1/thumbnail?panoid=Z6Urb7ZYKiw0w1_Zdgg07g&cb_client=search.gws-prod.gps&w=408&h=240&yaw=192.63501&pitch=0&thumbfov=100,false,,,,,,,,"https://www.google.com/maps/search/Hospice+clinics+in+American+Canyon+Napa+CA/@38.1749178,-122.2608044,14z",2025-09-17T23:50:18.083Z,,,
"https://www.google.com/maps/place/Abba+In-Home+Care+Services,+LLC/data=!4m7!3m6!1s0x8085749bcdb085eb:0x5a71df1981279a72!8m2!3d38.1768753!4d-122.253854!16s%2Fg%2F1td0b4ry!19sChIJ64WwzZt0hYARcpongRnfcVo","Abba In-Home Care Services, LLC",5.0,3,Home health care service,"3860 Broadway # 102, American Canyon, CA 94503, United States","5PGW+QF American Canyon, California, USA",http://www.abbahomehealth.com/,+1 510-224-8637,Open 24 hours,https://streetviewpixels-pa.googleapis.com/v1/thumbnail?panoid=KmWoM83xVkvyIrLYCfMFUg&cb_client=search.gws-prod.gps&w=408&h=240&yaw=32.960606&pitch=0&thumbfov=100,true,Open 24 hours,Open 24 hours,Open 24 hours,Open 24 hours,Open 24 hours,Open 24 hours,Open 24 hours,"https://www.google.com/maps/search/Hospice+clinics+in+American+Canyon+Napa+CA/@38.1749178,-122.2608044,14z",2025-09-17T23:50:23.046Z,,,
,,,,,,,,,,,,,,,,,,,"https://www.google.com/maps/search/Hospice+clinics+in+Rutherford+Napa+CA/@38.4591012,-122.4225638,14z",2025-09-17T23:50:31.299Z,,No new results found,
"https://www.google.com/maps/place/Crestwood+Center+at+Napa+Valley/@38.5615842,-122.4563604,17z/data=!3m1!4b1!4m6!3m5!1s0x80845bd2200c632f:0x6eeff8e13000d014!8m2!3d38.5615842!4d-122.4563604!16s%2Fg%2F1tgvdvy6",Crestwood Center at Napa Valley,4.3,4,Mental health service,"295 Pine Breeze Dr, Angwin, CA 94508, United States","HG6V+JF Angwin, California, USA",https://crestwoodbehavioralhealth.com/location/angwin/v,+1 707-965-2461,,,false,,,,,,,,"https://www.google.com/maps/search/Hospice+clinics+in+Angwin+Napa+CA/@38.5757402,-122.4499796,14z",2025-09-17T23:50:44.452Z,,,
https://www.google.com/maps/place/Hospice+East+Bay/data=!4m7!3m6!1s0x808561157a834679:0x3e76131c39c1bd94!8m2!3d37.9389507!4d-122.0592628!16s%2Fg%2F1hc3rwk2z!19sChIJeUaDehVhhYARlL3BORwTdj4,Hospice East Bay,3.8,27,Hospice,"3470 Buskirk Ave, Pleasant Hill, CA 94523, United States","WWQR+H7 Pleasant Hill, California, USA",http://www.hospiceeastbay.org/,+1 925-887-5678,Closes soon ⋅ 5 pm ⋅ Opens 9 am Thu,https://streetviewpixels-pa.googleapis.com/v1/thumbnail?panoid=7VswJcrSOO0HdYXfRdDLxA&cb_client=search.gws-prod.gps&w=408&h=240&yaw=5.5298243&pitch=0&thumbfov=100,true,9 am–5 pm,9 am–5 pm,9 am–5 pm,Closed,Closed,9 am–5 pm,9 am–5 pm,"https://www.google.com/maps/search/Hospice+clinics+in+Angwin+Napa+CA/@38.5757402,-122.4499796,14z",2025-09-17T23:50:49.435Z,,,"Charity boutique carrying used designer clothing & vintage items, plus furniture, housewares & more."
https://www.google.com/maps/place/Napa+Valley+Veterinary+Concierge/data=!4m7!3m6!1s0xa394ea9d7f330493:0x3d2f31eb1b91c71!8m2!3d38.3794126!4d-122.388573!16s%2Fg%2F11q958ldlm!19sChIJkwQzf53qlKMRcRy5sR7z0gM,Napa Valley Veterinary Concierge,5.0,13,Veterinarian,,,http://www.napavvc.com/,+1 707-227-8133,Closes soon ⋅ 5 pm ⋅ Opens 9 am Thu,https://lh3.googleusercontent.com/gps-cs-s/AC9h4npPBCZr4Pvm1cgCGE5AVGncnKTGAyEry3ICdrrSkngiIl6aQbozB1rUn3wg-settMxdfPYB39DWmp6UgzVx2OVQeEfsxU9cWA1O5BMsDQ6pX5WhwnOdeGoUfRyblgddQkr_BPs=w408-h354-k-no,true,9 am–5 pm,9 am–5 pm,9 am–5 pm,10 am–1 pm,Closed,9 am–5 pm,9 am–5 pm,"https://www.google.com/maps/search/Hospice+clinics+in+Deer+Park+Napa+CA/@38.5326858,-122.4697022,14z",2025-09-17T23:51:03.040Z,,,
,,,,,,,,,,,,,,,,,,,"https://www.google.com/maps/search/Hospice+clinics+in+Oakville+Napa+CA/@38.4366996,-122.402785,14z",2025-09-17T23:51:11.617Z,,No new results found,
,,,,,,,,,,,,,,,,,,,"https://www.google.com/maps/search/Hospice+clinics+in+Pope+Valley+Napa+CA/@38.6151837,-122.427757,14z",2025-09-17T23:51:20.165Z,,No new results found,
,,,,,,,,,,,,,,,,,,,"https://www.google.com/maps/search/Hospice+clinics+in+Lake+Berryessa+Napa+CA/@38.6097407,-122.254045,14z",2025-09-17T23:51:28.313Z,,No new results found,
,,,,,,,,,,,,,,,,,,,"https://www.google.com/maps/search/Hospice+clinics+in+Cuttings+Wharf+Napa+CA/@38.22667,-122.30778,14z",2025-09-17T23:51:36.397Z,,No new results found,
https://www.google.com/maps/place/KH+Prime+Hospice+Care/data=!4m7!3m6!1s0x96f8247d04d625d:0x911686357c8b0193!8m2!3d38.6057572!4d-121.4345915!16s%2Fg%2F11vyfj50qq!19sChIJXWJN0EeCbwkRkwGLfDWGFpE,KH Prime Hospice Care,5.0,3,Hospice,"2180 Harvard St Suite 330, Sacramento, CA 95815, United States","JH48+85 Sacramento, California, USA",https://www.khprimehospicecare.com/,+1 916-750-7494,Open 24 hours,https://streetviewpixels-pa.googleapis.com/v1/thumbnail?panoid=NVJHxYw_oaoByOi4zJlcDw&cb_client=search.gws-prod.gps&w=408&h=240&yaw=221.30598&pitch=0&thumbfov=100,true,Open 24 hours,Open 24 hours,Open 24 hours,Open 24 hours,Open 24 hours,Open 24 hours,Open 24 hours,"https://www.google.com/maps/search/Hospice+clinics+in+Berryessa+Highlands+Napa+CA/@38.5146298,-122.1877519,14z",2025-09-17T23:51:49.912Z,,,
https://www.google.com/maps/place/Bridge+Hospice+Solano/data=!4m7!3m6!1s0x8085152a68fe5615:0x89d26e739459a95d!8m2!3d38.2577334!4d-122.0495191!16s%2Fg%2F11n96vhn_2!19sChIJFVb-aCoVhYARXalZlHNu0ok,Bridge Hospice Solano,3.0,6,Hospice,"1261 Travis Blvd Suite 250, Fairfield, CA 94533, United States","7X52+35 Fairfield, California, USA",https://www.bridgehh.com/hospice-solano/,+1 707-376-8118,Closes soon ⋅ 5 pm ⋅ Opens 8:30 am Thu,https://lh3.googleusercontent.com/p/AF1QipOL11c0LVDi-K_ycbI_vwRholtFefPwwessJRWJ=w425-h240-k-no,true,8:30 am–5 pm,8:30 am–5 pm,8:30 am–5 pm,Closed,Closed,8:30 am–5 pm,8:30 am–5 pm,"https://www.google.com/maps/search/Hospice+clinics+in+Berryessa+Highlands+Napa+CA/@38.5146298,-122.1877519,14z",2025-09-17T23:51:55.103Z,,,
,,,,,,,,,,,,,,,,,,,"https://www.google.com/maps/search/Hospice+clinics+in+Berryessa+Estates+Napa+CA/@38.2975381,-122.286865,14z",2025-09-17T23:52:03.644Z,,No new results found,
,,,,,,,,,,,,,,,,,,,"https://www.google.com/maps/search/Hospice+clinics+in+Monticello+Napa+CA/@38.3589809,-122.3104149,14z",2025-09-17T23:52:12.176Z,,No new results found,
,,,,,,,,,,,,,,,,,,,"https://www.google.com/maps/search/Hospice+clinics+in+Capell+Valley+Napa+CA/@38.478919,-122.2319079,14z",2025-09-17T23:52:21.079Z,,No new results found,
,,,,,,,,,,,,,,,,,,,"https://www.google.com/maps/search/Hospice+clinics+in+Wooden+Valley+Napa+CA/@38.2975381,-122.286865,14z",2025-09-17T23:52:34.550Z,,No new results found,
https://www.google.com/maps/place/Napa+Valley+Holistic+Veterinary+Services/data=!4m7!3m6!1s0x80850663252135d5:0x68745ec5d5f68f06!8m2!3d38.3068309!4d-122.2774522!16s%2Fg%2F11d_7rjm9p!19sChIJ1TUhJWMGhYARBo_21cVedGg,Napa Valley Holistic Veterinary Services,5.0,24,Veterinarian,"1552 Silverado Trail, Napa, CA 94559, United States","8P4F+P2 Napa, California, USA",http://www.napaholisticvet.com/,+1 707-535-9979,Closed ⋅ Opens 9 am Thu,https://lh3.googleusercontent.com/p/AF1QipPtUpa6Ym5IIKG8NxxosK9h_n5Z2_iDRgXNigk8=w408-h611-k-no,true,9 am–4 pm,9 am–4 pm,Closed,Closed,Closed,9 am–4 pm,9 am–4 pm,"https://www.google.com/maps/search/Hospice+clinics+in+Silverado+Napa+CA/@38.3483878,-122.2673178,14z",2025-09-17T23:52:47.702Z,,,
,,,,,,,,,,,,,,,,,,,"https://www.google.com/maps/search/Hospice+clinics+in+Circle+Oaks+Napa+CA/@38.4100612,-122.2106431,14z",2025-09-17T23:52:56.515Z,,No new results found,
,,,,,,,,,,,,,,,,,,,"https://www.google.com/maps/search/Hospice+clinics+in+Coombsville+Napa+CA/@38.2971707,-122.2864459,14z",2025-09-17T23:53:04.747Z,,No new results found,