placeUrl,title,rating,reviewCount,category,address,plusCode,website,phoneNumber,currentStatus,info,imgUrl,isClaimed,tuesday,wednesday,thursday,friday,saturday,sunday,monday,query,timestamp,error,attributes
https://www.google.com/maps/place/Carolina+Vein+Institute/data=!4m7!3m6!1s0x89acf42bc04c37d1:0x8c666adcde18fba0!8m2!3d35.8147083!4d-78.6965086!16s%2Fg%2F1xn_p7lq!19sChIJ0TdMwCv0rIkRoPsY3txqZow,Carolina Vein Institute,5.0,233,Medical clinic,"2245 Gtwy Acc Pt Suite 315, Raleigh, NC 27607, United States","R873+V9 Raleigh, North Carolina, USA",https://www.myveindr.com/?utm_source=gmb_auth,+1 984-205-7185,Closed · Opens 8:30 am Wed,Identifies as veteran-owned,https://lh3.googleusercontent.com/p/AF1QipNK-6p9tleo9saQdVxxKVUA9cYDw3APIZ-fWYdC=w486-h240-k-no,true,8:30 am–4:30 pm,8:30 am–4:30 pm,8:30 am–4:30 pm,8:30 am–4:30 pm,Closed,Closed,8:30 am–4:30 pm,"https://www.google.com/maps/search/vein+clinics+in+Raleigh+Raleigh+NC/@35.7795897,-78.6381787,14z",2025-12-16T22:25:41.470Z,,
"https://www.google.com/maps/place/Ashley+Baquero,+MD/data=!4m7!3m6!1s0x89acf5fab0be2227:0x849d864a8ada8622!8m2!3d35.8147083!4d-78.6965086!16s%2Fg%2F11hs5dvyrk!19sChIJJyK-sPr1rIkRIobaikqGnYQ","Ashley Baquero, MD",5.0,53,Vascular surgeon,"2245 Gtwy Acc Pt Suite 315, Raleigh, NC 27607, United States","R873+V9 Raleigh, North Carolina, USA",https://www.myveindr.com/?utm_source=gmb_auth,+1 984-205-7185,Closed · Opens 8:30 am Wed,,https://lh3.googleusercontent.com/p/AF1QipPlCuqF0_mHudTLVljtHh3kzj0N-GrAH7rwiVjP=w486-h240-k-no,true,8:30 am–4:30 pm,8:30 am–4:30 pm,8:30 am–4:30 pm,8:30 am–4:30 pm,Closed,Closed,8:30 am–4:30 pm,"https://www.google.com/maps/search/vein+clinics+in+Raleigh+Raleigh+NC/@35.7795897,-78.6381787,14z",2025-12-16T22:25:46.599Z,,
"https://www.google.com/maps/place/Luan+Tran,+MD/data=!4m7!3m6!1s0x89acf5a08c3e9b1d:0x18a53366c57d8ac4!8m2!3d35.8147083!4d-78.6965086!16s%2Fg%2F11hs55lqf9!19sChIJHZs-jKD1rIkRxIp9xWYzpRg","Luan Tran, MD",5.0,79,Doctor,"2245 Gtwy Acc Pt Suite 315, Raleigh, NC 27607, United States","R873+V9 Raleigh, North Carolina, USA",https://www.myveindr.com/?utm_source=gmb_auth,+1 984-205-7185,Closed · Opens 8:30 am Wed,,https://lh3.googleusercontent.com/p/AF1QipOcbzdu_LpEYS2mMaJxJ9M3CsvAn-yaypP0R8Im=w486-h240-k-no,true,8:30 am–4:30 pm,8:30 am–4:30 pm,8:30 am–4:30 pm,8:30 am–4:30 pm,Closed,Closed,8:30 am–4:30 pm,"https://www.google.com/maps/search/vein+clinics+in+Raleigh+Raleigh+NC/@35.7795897,-78.6381787,14z",2025-12-16T22:25:51.991Z,,
https://www.google.com/maps/place/Raleigh+Vein+%26+Laser+Center/data=!4m7!3m6!1s0x89ac576dd11c6207:0xe2b864087212e4cb!8m2!3d35.8972411!4d-78.6054675!16s%2Fg%2F1tnjkfh6!19sChIJB2Ic0W1XrIkRy-QScghkuOI,Raleigh Vein & Laser Center,4.9,51,Surgical center,"2011 Falls Valley Dr #104, Raleigh, NC 27615, United States","V9WV+VR Raleigh, North Carolina, USA",https://www.raleighvein.com/,+1 919-866-0002,Closed · Opens 8 am Wed,,https://lh3.googleusercontent.com/p/AF1QipP6Z0r8EJARUDiKecqt53jvYEv2h32OGmzP9yLp=w408-h544-k-no,true,8 am–4:30 pm,8 am–4:30 pm,8 am–4:30 pm,8 am–1:30 pm,Closed,Closed,8 am–4:30 pm,"https://www.google.com/maps/search/vein+clinics+in+Raleigh+Raleigh+NC/@35.7795897,-78.6381787,14z",2025-12-16T22:25:57.036Z,,
"https://www.google.com/maps/place/ExcelLase,+Laser+Skin+Center/data=!4m7!3m6!1s0x89ac5f67779e995d:0x99f3af9ced374df!8m2!3d35.7888287!4d-78.648593!16s%2Fg%2F1thlnymp!19sChIJXZmed2dfrIkR33TTzvk6nwk","ExcelLase, Laser Skin Center",4.9,436,Tattoo removal service,"614 W Peace St, Raleigh, NC 27605, United States","Q9Q2+GH Raleigh, North Carolina, USA",http://www.excellase.com/med-spa-services/,+1 919-833-8484,Closes soon · 6 pm · Opens 8:30 am Wed,LGBTQ+ friendly,https://lh3.googleusercontent.com/p/AF1QipM86TTWOU2adSHC2TeC1uwhzLMG-npkL-PECIun=w426-h240-k-no,true,8:30 am–6 pm,8:30 am–6 pm,8:30 am–6 pm,8:30 am–6 pm,9 am–1 pm,Closed,8:30 am–6 pm,"https://www.google.com/maps/search/vein+clinics+in+Raleigh+Raleigh+NC/@35.7795897,-78.6381787,14z",2025-12-16T22:26:02.055Z,,
https://www.google.com/maps/place/REX+Vascular+Specialists/data=!4m7!3m6!1s0x89acf67fea7ef729:0x2e9419d15e6de8f1!8m2!3d35.8173145!4d-78.7009105!16s%2Fg%2F11cmsnv25s!19sChIJKfd-6n_2rIkR8ehtXtEZlC4,REX Vascular Specialists,3.5,11,Surgical center,"4414 Lake Boone Trail Suite 505, Raleigh, NC 27607, United States","R78X+WJ Raleigh, North Carolina, USA",https://www.unchealth.org/care-services/locations/rex-vascular-specialists-rex-medical-plaza,+1 919-784-2300,Closed · Opens 8 am Wed,,https://lh3.googleusercontent.com/p/AF1QipMYeyrynWehtSjigGH83Rsz7G_pklA9C6AEuMAp=w426-h240-k-no,true,8 am–4:30 pm,8 am–4:30 pm,8 am–4:30 pm,8 am–4:30 pm,Closed,Closed,8 am–4:30 pm,"https://www.google.com/maps/search/vein+clinics+in+Raleigh+Raleigh+NC/@35.7795897,-78.6381787,14z",2025-12-16T22:26:07.087Z,,
"https://www.google.com/maps/place/Robert+Mendes,+MD,+FACS/data=!4m7!3m6!1s0x89acf67fea7ef729:0xd032bfb03709f232!8m2!3d35.8173145!4d-78.7009105!16s%2Fg%2F11cmsntvcr!19sChIJKfd-6n_2rIkRMvIJN7C_MtA","Robert Mendes, MD, FACS",5.0,6,Vascular surgeon,"4414 Lake Boone Trail Suite 505, Raleigh, NC 27607, United States","R78X+WJ Raleigh, North Carolina, USA",https://www.unchealth.org/care-services/doctors/m/robert-bobby-mendes-md-facs,+1 919-784-2300,Closed · Opens 8 am Wed,,https://lh3.googleusercontent.com/p/AF1QipODWOwJTCaC78EHwnepUp8ZIpJRyj5pLzg1pnfJ=w426-h240-k-no,true,8 am–4:30 pm,8 am–4:30 pm,8 am–4:30 pm,8 am–4:30 pm,Closed,Closed,8 am–4:30 pm,"https://www.google.com/maps/search/vein+clinics+in+Raleigh+Raleigh+NC/@35.7795897,-78.6381787,14z",2025-12-16T22:26:12.075Z,,
https://www.google.com/maps/place/Nuderma+Health+%26+Med+Spa/data=!4m7!3m6!1s0x89acf5d549ad0141:0x933f5d247d9c1c4d!8m2!3d35.8147728!4d-78.7013972!16s%2Fg%2F11g65dm4gj!19sChIJQQGtSdX1rIkRTRycfSRdP5M,Nuderma Health & Med Spa,4.8,218,Medical spa,"4301 Lake Boone Trail Suite 315, Raleigh, NC 27607, United States","R77X+WC Raleigh, North Carolina, USA",https://www.nudermahealth.com/,+1 919-867-4455,Closes soon · 6 pm · Opens 10 am Wed,LGBTQ+ friendly,https://lh3.googleusercontent.com/p/AF1QipNcxT--dMRvwoXMESWAcaWD2KZVRv23rZqyfimC=w408-h544-k-no,true,10 am–6 pm,10 am–6 pm,10 am–6 pm,10 am–5 pm,Closed,Closed,10 am–6 pm,"https://www.google.com/maps/search/vein+clinics+in+Raleigh+Raleigh+NC/@35.7795897,-78.6381787,14z",2025-12-16T22:26:16.908Z,,
"https://www.google.com/maps/place/Victoria+J.+Aucoin,+MD/data=!4m7!3m6!1s0x89ac73aac1bd424f:0x4cd48295eb4f92c1!8m2!3d35.8173145!4d-78.7009105!16s%2Fg%2F11t93k7xlk!19sChIJT0K9wapzrIkRwZJP65WC1Ew","Victoria J. Aucoin, MD",5.0,4,Vascular surgeon,"4414 Lake Boone Trail Suite 505, Raleigh, NC 27607, United States","R78X+WJ Raleigh, North Carolina, USA",https://www.unchealth.org/care-services/doctors/a/victoria-j-aucoin-md,+1 919-784-2300,Closed · Opens 8 am Wed,,https://lh3.googleusercontent.com/p/AF1QipNuKeO7MAhj9SFHj84JI8i1QSpfb0frg-0FAREn=w408-h541-k-no,true,8 am–4:30 pm,8 am–4:30 pm,8 am–4:30 pm,8 am–4:30 pm,Closed,Closed,8 am–4:30 pm,"https://www.google.com/maps/search/vein+clinics+in+Raleigh+Raleigh+NC/@35.7795897,-78.6381787,14z",2025-12-16T22:26:21.833Z,,
"https://www.google.com/maps/place/Liliana+Nanez,+MD/data=!4m7!3m6!1s0x89acf7f7dfb3b249:0x60a054d09591e2a9!8m2!3d35.8173145!4d-78.7009105!16s%2Fg%2F11f7324qd5!19sChIJSbKz3_f3rIkRqeKRldBUoGA","Liliana Nanez, MD",3.7,3,Vascular surgeon,"4414 Lake Boone Trail Suite 505, Raleigh, NC 27607, United States","R78X+WJ Raleigh, North Carolina, USA",https://www.unchealth.org/care-services/doctors/n/liliana-nanez-md,+1 919-784-2300,Closed · Opens 8 am Wed,,https://lh3.googleusercontent.com/p/AF1QipNVZlxjjFP9GRMRyttqvyMrTgwab8SiJze1WzmY=w426-h240-k-no,true,8 am–4:30 pm,8 am–4:30 pm,8 am–4:30 pm,8 am–4:30 pm,Closed,Closed,8 am–4:30 pm,"https://www.google.com/maps/search/vein+clinics+in+Raleigh+Raleigh+NC/@35.7795897,-78.6381787,14z",2025-12-16T22:26:26.661Z,,
"https://www.google.com/maps/place/Rodney+Lutz,+MD/data=!4m7!3m6!1s0x89acf7701d8f2caf:0x395a6aa95d423f58!8m2!3d35.8184817!4d-78.703295!16s%2Fg%2F11f6ywp511!19sChIJryyPHXD3rIkRWD9CXalqWjk","Rodney Lutz, MD",5.0,1,Vascular surgeon,"2800 Blue Ridge Rd Suite 300, Raleigh, NC 27607, United States","R79W+9M Raleigh, North Carolina, USA",https://www.unchealth.org/care-services/doctors/l/rodney-lutz-md,+1 919-784-7874,Closed · Opens 8 am Wed,,https://lh3.googleusercontent.com/p/AF1QipOXdLpUPZfcXl9eyIC3oMQnKLRaT3RC_4r4lAYN=w426-h240-k-no,true,8 am–4:30 pm,8 am–4:30 pm,8 am–4:30 pm,8 am–4:30 pm,Closed,Closed,8 am–4:30 pm,"https://www.google.com/maps/search/vein+clinics+in+Raleigh+Raleigh+NC/@35.7795897,-78.6381787,14z",2025-12-16T22:26:31.471Z,,
https://www.google.com/maps/place/AJC+Medical+Aesthetics/data=!4m7!3m6!1s0x89acf5eea0a90449:0x4094b7885228d26d!8m2!3d35.7586683!4d-78.7280337!16s%2Fg%2F11r5d5n674!19sChIJSQSpoO71rIkRbdIoUoi3lEA,AJC Medical Aesthetics,4.8,93,Medical spa,"1611 Jones Franklin Rd suite 105, Raleigh, NC 27606, United States","Q75C+FQ Raleigh, North Carolina, USA",http://www.raleighajcmedical.com/,+1 984-200-1571,"Open · Closes 7 pm

Updated by phone call 10 weeks ago",,https://lh3.googleusercontent.com/p/AF1QipPjTa6rjncmIbCjdaYpTUiF9ut3PE6AYZNfC-t-=w408-h408-k-no,true,9 am–7 pm,9 am–7 pm,9 am–7 pm,9 am–7 pm,9 am–5 pm,Closed,9 am–7 pm,"https://www.google.com/maps/search/vein+clinics+in+Raleigh+Raleigh+NC/@35.7795897,-78.6381787,14z",2025-12-16T22:26:36.558Z,,
"https://www.google.com/maps/place/Dorian+J.+deFreitas,+MD,+RPVI/data=!4m7!3m6!1s0x89acf67fea7ef729:0x95165dc516af7741!8m2!3d35.8173145!4d-78.7009105!16s%2Fg%2F11cmsnsk7y!19sChIJKfd-6n_2rIkRQXevFsVdFpU","Dorian J. deFreitas, MD, RPVI",5.0,2,Vascular surgeon,"4414 Lake Boone Trail Suite 505, Raleigh, NC 27607, United States","R78X+WJ Raleigh, North Carolina, USA",https://www.unchealth.org/care-services/doctors/d/dorian-j-defreitas-md-rpvi,+1 919-784-2300,Closed · Opens 8 am Wed,,https://lh3.googleusercontent.com/p/AF1QipMByZPnxC-t_0jzX-f6vQlLdUGQuAbd8a4_AUe_=w426-h240-k-no,true,8 am–4:30 pm,8 am–4:30 pm,8 am–4:30 pm,8 am–4:30 pm,Closed,Closed,8 am–4:30 pm,"https://www.google.com/maps/search/vein+clinics+in+Raleigh+Raleigh+NC/@35.7795897,-78.6381787,14z",2025-12-16T22:26:41.402Z,,
https://www.google.com/maps/place/WakeMed+Heart+%26+Vascular+-+Vascular+Surgery+-+Midtown+Raleigh/data=!4m7!3m6!1s0x89ac58e68a4c9f05:0x58c91e7b167fe5a1!8m2!3d35.8341376!4d-78.6198864!16s%2Fg%2F11ggvycztm!19sChIJBZ9MiuZYrIkRoeV_FnseyVg,WakeMed Heart & Vascular - Vascular Surgery - Midtown Raleigh,4.9,20,Surgical center,"3713 Benson Dr STE 201, Raleigh, NC 27609, United States","R9MJ+M2 Raleigh, North Carolina, USA",https://www.wakemed.org/location/heart-vascular-vascular-surgery-midtown-raleigh,+1 919-235-6520,Closed · Opens 8 am Wed,,https://lh3.googleusercontent.com/p/AF1QipP1nKevPXpnOdB4qx3w0J1FUGpDr05y4WeNoS_D=w408-h273-k-no,true,8 am–4:30 pm,8 am–4:30 pm,8 am–4:30 pm,8 am–1 pm,Closed,Closed,8 am–4:30 pm,"https://www.google.com/maps/search/vein+clinics+in+Raleigh+Raleigh+NC/@35.7795897,-78.6381787,14z",2025-12-16T22:26:46.290Z,,
https://www.google.com/maps/place/Amery+Vein+and+Wellness+Center/data=!4m7!3m6!1s0x89ac5706f2bb98ef:0x1666207d3a1d044d!8m2!3d35.9071823!4d-78.5915139!16s%2Fg%2F11jn28nvyp!19sChIJ75i78gZXrIkRTQQdOn0gZhY,Amery Vein and Wellness Center,4.6,10,Medical clinic,"10931 Raven Ridge Rd STE 109, Raleigh, NC 27614, United States","WC45+V9 Raleigh, North Carolina, USA",,+1 919-289-4014,Closed · Opens 9 am Wed,Identifies as women-owned,https://streetviewpixels-pa.googleapis.com/v1/thumbnail?panoid=6Fj-LtjJE6VHNNxPFyU36g&cb_client=search.gws-prod.gps&w=408&h=240&yaw=252.63777&pitch=0&thumbfov=100,true,9 am–5 pm,9 am–5 pm,9 am–5 pm,9 am–5 pm,Closed,Closed,9 am–5 pm,"https://www.google.com/maps/search/vein+clinics+in+Raleigh+Raleigh+NC/@35.7795897,-78.6381787,14z",2025-12-16T22:26:51.247Z,,
https://www.google.com/maps/place/Prime+MD+Aesthetics+%2B+Wellness/data=!4m7!3m6!1s0x89acfa705fec4f31:0x6d25acb52f513b7a!8m2!3d35.7937262!4d-78.6617635!16s%2Fg%2F11hbghmblj!19sChIJMU_sX3D6rIkRejtRL7WsJW0,Prime MD Aesthetics + Wellness,5.0,329,Medical spa,"702 Oberlin Rd Suite 100, Raleigh, NC 27605, United States","Q8VQ+F7 Raleigh, North Carolina, USA",https://primemdcenter.com/,+1 919-948-6355,"Open · Closes 7 pm

Updated by this business 12 weeks ago",LGBTQ+ friendly,https://lh3.googleusercontent.com/p/AF1QipPf6O4J-PEo6AAVzmm-6Vzarg9Hz1wjkMfCXXDo=w408-h272-k-no,true,9 am–7 pm,9 am–5 pm,9 am–7 pm,9 am–5 pm,Closed,Closed,9 am–5 pm,"https://www.google.com/maps/search/vein+clinics+in+Raleigh+Raleigh+NC/@35.7795897,-78.6381787,14z",2025-12-16T22:26:56.046Z,,
"https://www.google.com/maps/place/Jason+K.+Kim,+MD,+FACS,+RPVI/data=!4m7!3m6!1s0x89acf67fea7ef729:0x7768055ce239dd85!8m2!3d35.8173145!4d-78.7009105!16s%2Fg%2F11cmsnsc48!19sChIJKfd-6n_2rIkRhd054lwFaHc","Jason K. Kim, MD, FACS, RPVI",,,Vascular surgeon,"4414 Lake Boone Trail Suite 505, Raleigh, NC 27607, United States","R78X+WJ Raleigh, North Carolina, USA",https://www.unchealth.org/care-services/doctors/k/jason-k-kim-md-facs-rpvi,+1 919-784-2300,Closed · Opens 8 am Wed,,https://lh3.googleusercontent.com/p/AF1QipP3mcRgecyhBDks2f1jCbswkdIp9KDkMT_9JIB8=w426-h240-k-no,true,8 am–4:30 pm,8 am–4:30 pm,8 am–4:30 pm,8 am–4:30 pm,Closed,Closed,8 am–4:30 pm,"https://www.google.com/maps/search/vein+clinics+in+Raleigh+Raleigh+NC/@35.7795897,-78.6381787,14z",2025-12-16T22:27:00.792Z,,
https://www.google.com/maps/place/Triangle+Vein+Clinic:+Dr.+Victor+Medina+%7C+now+part+of+Center+for+Vein+Restoration/data=!4m7!3m6!1s0x89ac8ccda9144b4f:0x76242e28e8ea7245!8m2!3d35.7341499!4d-78.7789611!16s%2Fg%2F1tgdd8mb!19sChIJT0sUqc2MrIkRRXLq6CguJHY,Triangle Vein Clinic: Dr. Victor Medina | now part of Center for Vein Restoration,3.9,36,Medical clinic,"115 Crescent Commons #200, Cary, NC 27518, United States","P6MC+MC Cary, North Carolina, USA",https://www.centerforvein.com/our-clinics/locations/cary-north-carolina,+1 919-851-5055,"Closes soon · 6 pm · Opens 7 am Wed

Updated by this business 5 weeks ago",,https://lh3.googleusercontent.com/p/AF1QipOgthpfaw643JU5LCKvFgqUmfxTQ9pgnjL8BWtG=w408-h426-k-no,true,7 am–6 pm,7 am–6 pm,7 am–6 pm,7 am–6 pm,Closed,Closed,7 am–6 pm,"https://www.google.com/maps/search/vein+clinics+in+Raleigh+Raleigh+NC/@35.7795897,-78.6381787,14z",2025-12-16T22:27:05.693Z,,
"https://www.google.com/maps/place/Matthew+Gibson,+MD/data=!4m7!3m6!1s0x89acf74b70ff469d:0x90a59dfdc09bdf51!8m2!3d35.8173145!4d-78.7009105!16s%2Fg%2F11gmxl76yc!19sChIJnUb_cEv3rIkRUd-bwP2dpZA","Matthew Gibson, MD",,,Vascular surgeon,"4414 Lake Boone Trail REX Medical Plaza, Raleigh, NC 27607, United States","R78X+WJ Raleigh, North Carolina, USA",https://findadoc.unchealthcare.org/details/44887/matthew-gibson-vascular_surgery-garner-raleigh,+1 919-784-2300,Closed · Opens 8 am Wed,,https://streetviewpixels-pa.googleapis.com/v1/thumbnail?panoid=Qqb-WG1pd1GGCDcC3--7EA&cb_client=search.gws-prod.gps&w=408&h=240&yaw=42.891186&pitch=0&thumbfov=100,true,8 am–5 pm,8 am–5 pm,8 am–5 pm,8 am–5 pm,Closed,Closed,8 am–5 pm,"https://www.google.com/maps/search/vein+clinics+in+Raleigh+Raleigh+NC/@35.7795897,-78.6381787,14z",2025-12-16T22:27:10.486Z,,
https://www.google.com/maps/place/Duke+Vascular+Specialists+of+Raleigh/data=!4m7!3m6!1s0x89ac591c51c9f9f1:0xf5c67089a737377c!8m2!3d35.8265605!4d-78.6193203!16s%2Fg%2F11f66gyg56!19sChIJ8fnJURxZrIkRfDc3p4lwxvU,Duke Vascular Specialists of Raleigh,3.4,9,Vascular surgeon,"3300 Executive Dr # 304, Raleigh, NC 27609, United States","R9GJ+J7 Raleigh, North Carolina, USA",https://www.dukehealth.org/locations/duke-vascular-specialists-of-raleigh?utm_source=google&utm_medium=local&utm_campaign=evergreen,+1 919-681-2884,Closed · Opens 8 am Wed,,https://lh3.googleusercontent.com/p/AF1QipNd-So-fuzkQJG24DHl6zMCNo74NtPpoQ1tPQyC=w408-h272-k-no,true,8 am–5 pm,8 am–5 pm,8 am–5 pm,8 am–5 pm,Closed,Closed,8 am–5 pm,"https://www.google.com/maps/search/vein+clinics+in+Raleigh+Raleigh+NC/@35.7795897,-78.6381787,14z",2025-12-16T22:27:15.313Z,,
https://www.google.com/maps/place/Christopher+R.+Longo+MD/data=!4m7!3m6!1s0x89acf6804c43e055:0xfd67a7f05103ccfc!8m2!3d35.8261794!4d-78.6192894!16s%2Fg%2F1tf5lj6m!19sChIJVeBDTID2rIkR_MwDUfCnZ_0,Christopher R. Longo MD,4.0,3,Vascular surgeon,"3300 Executive Dr # 304, Raleigh, NC 27609, United States","R9GJ+F7 Raleigh, North Carolina, USA",https://www.dukehealth.org/find-doctors-physicians/christopher-r-longo-md?utm_source=google&utm_medium=local&utm_campaign=evergreen,+1 919-576-8680,,,https://lh3.googleusercontent.com/p/AF1QipMdPV4KYGIvpi3wrboLryU505UYvDqI3aXNWg1i=w408-h612-k-no,true,,,,,,,,"https://www.google.com/maps/search/vein+clinics+in+Raleigh+Raleigh+NC/@35.7795897,-78.6381787,14z",2025-12-16T22:27:18.389Z,,
"https://www.google.com/maps/place/Michael+R.+Hall,+MD/data=!4m7!3m6!1s0x89acf7716666aa45:0x192068f7adb36843!8m2!3d35.8173145!4d-78.7009105!16s%2Fg%2F11vdjskdc2!19sChIJRapmZnH3rIkRQ2izrfdoIBk","Michael R. Hall, MD",,,Vascular surgeon,"4414 Lake Boone Trail Suite 505, Raleigh, NC 27607, United States","R78X+WJ Raleigh, North Carolina, USA",https://www.unchealth.org/care-services/doctors/h/michael-r-hall-md,+1 919-784-2300,Closed · Opens 8 am Wed,,https://lh3.googleusercontent.com/p/AF1QipPVw3yS7axsVupqIsosYL8v-MZgVdnCjQdCcVHR=w408-h613-k-no,true,8 am–4:30 pm,8 am–4:30 pm,8 am–4:30 pm,8 am–4:30 pm,Closed,Closed,8 am–4:30 pm,"https://www.google.com/maps/search/vein+clinics+in+Raleigh+Raleigh+NC/@35.7795897,-78.6381787,14z",2025-12-16T22:27:23.285Z,,
https://www.google.com/maps/place/Carolina+Vascular/data=!4m7!3m6!1s0x89acf6804c43e055:0x12775c920b9386e4!8m2!3d35.8342021!4d-78.6198654!16s%2Fg%2F1thx09h_!19sChIJVeBDTID2rIkR5IaTC5JcdxI,Carolina Vascular,,,Surgical center,"3713 Benson Dr STE 201, Raleigh, NC 27609, United States","R9MJ+M3 Raleigh, North Carolina, USA",http://carolinavascular.net/,+1 919-235-6520,Closed · Opens 8 am Wed,,https://streetviewpixels-pa.googleapis.com/v1/thumbnail?panoid=kXm-971PtgATUkgJUPiqUg&cb_client=search.gws-prod.gps&w=408&h=240&yaw=291.17627&pitch=0&thumbfov=100,false,8 am–4:30 pm,8 am–4:30 pm,8 am–4:30 pm,8 am–1 pm,Closed,Closed,8 am–4:30 pm,"https://www.google.com/maps/search/vein+clinics+in+Raleigh+Raleigh+NC/@35.7795897,-78.6381787,14z",2025-12-16T22:27:28.001Z,,
https://www.google.com/maps/place/Bella+Vita+Downtown/data=!4m7!3m6!1s0x89ac5f54b035635f:0xda407615e1a86d02!8m2!3d35.7757139!4d-78.6388195!16s%2Fg%2F11srgxvvz0!19sChIJX2M1sFRfrIkRAm2o4RV2QNo,Bella Vita Downtown,4.6,11,Medical spa,"333 Fayetteville St UNIT 506, Raleigh, NC 27601, United States","Q9G6+7F Raleigh, North Carolina, USA",http://bellavitadowntown.com/,+1 561-901-0120,Open · Closes 7 pm,Identifies as women-owned,https://lh3.googleusercontent.com/p/AF1QipP8qvJ826aN2Wbz48Zjre_obwlmj2KjjyOpuDx4=w408-h338-k-no,true,11 am–7 pm,11 am–7 pm,11 am–7 pm,11 am–7 pm,11 am–3 pm,Closed,11 am–7 pm,"https://www.google.com/maps/search/vein+clinics+in+Raleigh+Raleigh+NC/@35.7795897,-78.6381787,14z",2025-12-16T22:27:33.087Z,,
https://www.google.com/maps/place/Halo+Integrative+Wellness+%26+Aesthetics/data=!4m7!3m6!1s0xab9d7078605ab90d:0xd4ecc6b7a6bbf6e7!8m2!3d35.793771!4d-78.661642!16s%2Fg%2F11wfhwc_8m!19sChIJDblaYHhwnasR5_a7prfG7NQ,Halo Integrative Wellness & Aesthetics,5.0,1,Medical clinic,"702 Oberlin Rd Suite 230, Raleigh, NC 27605, United States","Q8VQ+G8 Raleigh, North Carolina, USA",https://halowellnessandaesthetics.com/,+1 919-830-3224,Closed · Opens 9 am Wed,,https://lh3.googleusercontent.com/p/AF1QipMmyfCcbkbebFAL4zA4xPUO52SYuBGpWM_u4dkR=w408-h408-k-no,true,9 am–5 pm,9 am–5 pm,9 am–5 pm,9 am–5 pm,Closed,Closed,9 am–5 pm,"https://www.google.com/maps/search/vein+clinics+in+Raleigh+Raleigh+NC/@35.7795897,-78.6381787,14z",2025-12-16T22:27:37.989Z,,
"https://www.google.com/maps/place/Dr.+George+T.+Clark+III,+MD/@35.8261794,-78.6192894,17z/data=!3m1!4b1!4m6!3m5!1s0x89acf6804c43e055:0xcc2d9393348260d4!8m2!3d35.8261794!4d-78.6192894!16s%2Fg%2F1v9gkwh8","Dr. George T. Clark III, MD",5.0,1,Surgeon,"3300 Executive Dr # 304, Raleigh, NC 27609, United States","R9GJ+F7 Raleigh, North Carolina, USA",http://www.dukehealth.org/,+1 919-576-8680,,,,true,,,,,,,,"https://www.google.com/maps/search/vein+clinics+in+Raleigh+Raleigh+NC/@35.7795897,-78.6381787,14z",2025-12-16T22:27:42.752Z,,
"https://www.google.com/maps/place/Sathish+Mohan,+MD,+MPH/data=!4m7!3m6!1s0x89ac599596e0712d:0x68b6810a4002b11a!8m2!3d35.8261794!4d-78.6192894!16s%2Fg%2F11y356kc70!19sChIJLXHglpVZrIkRGrECQAqBtmg","Sathish Mohan, MD, MPH",,,Vascular surgeon,"3300 Executive Dr # 304, Raleigh, NC 27609, United States","R9GJ+F7 Raleigh, North Carolina, USA",https://www.dukehealth.org/find-doctors-physicians/sathish-mohan-md-mph?utm_source=google&utm_medium=local&utm_campaign=evergreen,+1 919-576-8680,,,https://lh3.googleusercontent.com/p/AF1QipNbrwv9gtiToymSmnTY7x_IJloUmpeZY2QlQx3e=w408-h612-k-no,true,,,,,,,,"https://www.google.com/maps/search/vein+clinics+in+Raleigh+Raleigh+NC/@35.7795897,-78.6381787,14z",2025-12-16T22:27:45.736Z,,
"https://www.google.com/maps/place/Heather+Waldrop,+MD/data=!4m7!3m6!1s0x89ac598c33f180a5:0xbb7fd5fc9b3a0dd5!8m2!3d35.8261794!4d-78.6192894!16s%2Fg%2F11mh_t8z38!19sChIJpYDxM4xZrIkR1Q06m_zVf7s","Heather Waldrop, MD",5.0,2,Vascular surgeon,"3300 Executive Dr # 304, Raleigh, NC 27609, United States","R9GJ+F7 Raleigh, North Carolina, USA",https://www.dukehealth.org/find-doctors-physicians/heather-waldrop-md?utm_source=google&utm_medium=local&utm_campaign=evergreen,+1 919-681-2884,,,https://lh3.googleusercontent.com/p/AF1QipMCNSutpbh03EHALGiotLipaddVq46Wap6WcoaU=w408-h612-k-no,true,,,,,,,,"https://www.google.com/maps/search/vein+clinics+in+Raleigh+Raleigh+NC/@35.7795897,-78.6381787,14z",2025-12-16T22:27:48.357Z,,
"https://www.google.com/maps/place/Alan+P.+Kypson,+MD,+FACS,+FACC/data=!4m7!3m6!1s0x89aee824a5c41039:0x8d9f508e72474e38!8m2!3d35.8187701!4d-78.7037687!16s%2Fg%2F11b6hmx1pm!19sChIJORDEpSTorokROE5Hco5Qn40","Alan P. Kypson, MD, FACS, FACC",5.0,10,Cardiovascular and thoracic surgeon,"2800 Blue Ridge Rd Suite 201, Raleigh, NC 27607, United States","R79W+GF Raleigh, North Carolina, USA",https://www.unchealth.org/care-services/doctors/k/alan-p-kypson-md-facs-facc,+1 919-784-1321,Closed · Opens 8:30 am Wed,,https://lh3.googleusercontent.com/p/AF1QipNc83vb71QbGoG-PM1sMnTGsXMHMaoH259pEzZR=w426-h240-k-no,true,8:30 am–4:30 pm,8:30 am–4:30 pm,8:30 am–4:30 pm,8:30 am–4:30 pm,Closed,Closed,8:30 am–4:30 pm,"https://www.google.com/maps/search/vein+clinics+in+Raleigh+Raleigh+NC/@35.7795897,-78.6381787,14z",2025-12-16T22:27:53.182Z,,
https://www.google.com/maps/place/Nasir+Adnan+MD/data=!4m7!3m6!1s0x89acf67fe9ea7c8d:0x1d6e079c3db78b8d!8m2!3d35.8173217!4d-78.7009504!16s%2Fg%2F1tj7x7jp!19sChIJjXzq6X_2rIkRjYu3PZwHbh0,Nasir Adnan MD,4.4,17,Dermatologist,"4414 Lake Boone Trail #408, Raleigh, NC 27607, United States","R78X+WJ Raleigh, North Carolina, USA",https://www.wakedermatology.com/,+1 919-781-1001,Closed · Opens 8:30 am Wed,,https://streetviewpixels-pa.googleapis.com/v1/thumbnail?panoid=ot84Fac1ZobCsh9KYK3Yqg&cb_client=search.gws-prod.gps&w=408&h=240&yaw=280.5098&pitch=0&thumbfov=100,false,"8:30 am–12:30 pm, 1:30–5 pm","8:30 am–12:30 pm, 1:30–5 pm","8:30 am–12:30 pm, 1:30–5 pm","8:30 am–12:30 pm, 1:30–5 pm",Closed,Closed,Closed,"https://www.google.com/maps/search/vein+clinics+in+Raleigh+Raleigh+NC/@35.7795897,-78.6381787,14z",2025-12-16T22:27:58.125Z,,
https://www.google.com/maps/place/Avail+Aesthetics+-+Raleigh/data=!4m7!3m6!1s0x89ac5f1e8fc2e531:0x38a6eb5923ea98e6!8m2!3d35.8046819!4d-78.6466451!16s%2Fg%2F11pvcw_pn6!19sChIJMeXCjx5frIkR5pjqI1nrpjg,Avail Aesthetics - Raleigh,4.8,53,Medical spa,"2006 Fairview Rd, Raleigh, NC 27608, United States","R933+V8 Raleigh, North Carolina, USA",http://www.availaesthetics.com/,+1 919-322-5440,Closes soon · 6 pm · Opens 9 am Wed,LGBTQ+ friendly,https://lh3.googleusercontent.com/p/AF1QipNkMbaMPJN7u6hB_-n7j5s2_V1Zl6d7o9s0e3qf=w870-h240-k-no,true,9 am–6 pm,9 am–6 pm,9 am–6 pm,9 am–6 pm,9 am–5 pm,Closed,9 am–6 pm,"https://www.google.com/maps/search/vein+clinics+in+Raleigh+Raleigh+NC/@35.7795897,-78.6381787,14z",2025-12-16T22:28:03.130Z,,
https://www.google.com/maps/place/Duke+Vein+Clinic/data=!4m7!3m6!1s0x89ace6c63847ab7d:0x93d5218cf576ba90!8m2!3d35.9017745!4d-78.8011593!16s%2Fg%2F11clv733bv!19sChIJfatHOMbmrIkRkLp29Ywh1ZM,Duke Vein Clinic,,,Medical clinic,"10207 Cerny St #312b, Raleigh, NC 27617, United States","W52X+PG Raleigh, North Carolina, USA",https://www.dukehealth.org/locations/duke-vein-clinic?utm_source=google&utm_medium=organic&utm_campaign=Directory+Management,+1 919-660-8346,Closed · Opens 8 am Wed,,https://streetviewpixels-pa.googleapis.com/v1/thumbnail?panoid=_UtO7FlWqmn6rmrMBIlLGQ&cb_client=search.gws-prod.gps&w=408&h=240&yaw=37.966396&pitch=0&thumbfov=100,false,8 am–5 pm,8 am–5 pm,8 am–5 pm,8 am–5 pm,Closed,Closed,8 am–5 pm,"https://www.google.com/maps/search/vein+clinics+in+Raleigh+Raleigh+NC/@35.7795897,-78.6381787,14z",2025-12-16T22:28:08.193Z,,
https://www.google.com/maps/place/Duke+Vascular+Surgery+and+Vein+Center+at+Brier+Creek/data=!4m7!3m6!1s0x89acf07b269145ab:0x513e85acd7272b03!8m2!3d35.9018031!4d-78.8011743!16s%2Fg%2F11c45knr_m!19sChIJq0WRJnvwrIkRAysn16yFPlE,Duke Vascular Surgery and Vein Center at Brier Creek,3.8,17,Vascular surgeon,"10207 Cerny St #312b, Raleigh, NC 27617, United States","W52X+PG Raleigh, North Carolina, USA",https://www.dukehealth.org/locations/duke-vascular-surgery-of-brier-creek?utm_source=google&utm_medium=local&utm_campaign=evergreen,+1 919-660-8346,Closed · Opens 8 am Wed,,https://lh3.googleusercontent.com/p/AF1QipOhhJeComsDpwUmFHpq4TSSVt6aufEwmwkQ0SNE=w436-h240-k-no,true,8 am–5 pm,8 am–5 pm,8 am–5 pm,8 am–5 pm,Closed,Closed,8 am–5 pm,"https://www.google.com/maps/search/vein+clinics+in+Raleigh+Raleigh+NC/@35.7795897,-78.6381787,14z",2025-12-16T22:28:13.102Z,,
https://www.google.com/maps/place/USA+Vein+Clinics+-+Cary/data=!4m7!3m6!1s0x89acf5e13d312527:0xebfdb8148337cb8!8m2!3d35.7026573!4d-78.7932694!16s%2Fg%2F11j0bxzsww!19sChIJJyUxPeH1rIkRuHwzSIHbvw4,USA Vein Clinics - Cary,4.4,57,Medical clinic,"3420 Ten-Ten Rd #300, Cary, NC 27518, United States","P634+3M Cary, North Carolina, USA",https://www.usaveinclinics.com/company/locations/north-carolina/office/cary/,+1 919-925-3722,,,https://lh3.googleusercontent.com/p/AF1QipNgnLkbC0oF5t5NsHK53lK7ubLYJg4XGTZTow-E=w408-h265-k-no,true,Open 24 hours,Open 24 hours,Open 24 hours,Open 24 hours,Open 24 hours,Open 24 hours,Open 24 hours,"https://www.google.com/maps/search/vein+clinics+in+Raleigh+Raleigh+NC/@35.7795897,-78.6381787,14z",2025-12-16T22:28:18.084Z,,
https://www.google.com/maps/place/Center+for+Vein+Restoration+%7C+Dr.+Lindy+McHutchison/data=!4m7!3m6!1s0x89ace8ba65e7b7a1:0xa8a4a0d6b2e08853!8m2!3d35.9104681!4d-78.9411475!16s%2Fg%2F11g_87260!19sChIJobfnZbrorIkRU4jgstagpKg,Center for Vein Restoration | Dr. Lindy McHutchison,4.8,105,Vascular surgeon,"5309 Highgate Dr, Durham, NC 27713, United States","W365+5G Durham, North Carolina, USA",https://www.centerforvein.com/our-clinics/locations/durham-north-carolina,+1 336-860-6530,"Closes soon · 6 pm · Opens 7 am Wed

Updated by this business 10 weeks ago",,https://lh3.googleusercontent.com/p/AF1QipNN67afg81PVZDCahiBldcEF-YAWZn245G2dlnW=w408-h426-k-no,true,7 am–6 pm,7 am–6 pm,7 am–6 pm,7 am–6 pm,Closed,Closed,7 am–6 pm,"https://www.google.com/maps/search/vein+clinics+in+Durham+Raleigh+NC/@35.9955684,-78.9002077,14z",2025-12-16T22:28:32.307Z,,
https://www.google.com/maps/place/Carolina+Vein+Institute/data=!4m7!3m6!1s0x89ace7f867ae435b:0x47929b6259f30d82!8m2!3d35.9393622!4d-79.0187471!16s%2Fg%2F1hd_d8n3g!19sChIJW0OuZ_jnrIkRgg3zWWKbkkc,Carolina Vein Institute,5.0,53,Medical clinic,"100 Europa Dr #180, Chapel Hill, NC 27517, United States","WXQJ+PG Chapel Hill, North Carolina, USA",http://www.myveindr.com/,+1 984-363-4180,Closed · Opens 8:30 am Wed,Identifies as veteran-owned,https://lh3.googleusercontent.com/p/AF1QipOIJJ5gzRwF72Ibu-3-Ux0xheeTf24Ox604wm-p=w486-h240-k-no,true,8:30 am–4:30 pm,8:30 am–4:30 pm,8:30 am–4:30 pm,8:30 am–4:30 pm,Closed,Closed,8:30 am–4:30 pm,"https://www.google.com/maps/search/vein+clinics+in+Durham+Raleigh+NC/@35.9955684,-78.9002077,14z",2025-12-16T22:28:37.164Z,,
https://www.google.com/maps/place/Center+for+Vein+Restoration/data=!4m7!3m6!1s0x89ace90005bb2895:0xe65f2cfae9ce5108!8m2!3d35.9104617!4d-78.9412284!16s%2Fg%2F11wpl3sfct!19sChIJlSi7BQDprIkRCFHO6fosX-Y,Center for Vein Restoration,,,Doctor,"5309 Highgate Dr, Durham, NC 27713, United States","W365+5G Durham, North Carolina, USA",https://www.centerforvein.com/our-clinics/locations/durham-north-carolina,,,,https://streetviewpixels-pa.googleapis.com/v1/thumbnail?panoid=yCdd1KoCZgEOlo-v4Uia0w&cb_client=search.gws-prod.gps&w=408&h=240&yaw=259.28632&pitch=0&thumbfov=100,false,,,,,,,,"https://www.google.com/maps/search/vein+clinics+in+Durham+Raleigh+NC/@35.9955684,-78.9002077,14z",2025-12-16T22:28:39.978Z,,
https://www.google.com/maps/place/Mureebe+Leila+MD/data=!4m7!3m6!1s0x89ace6ab6d7467c1:0xf73756ef7becb7f5!8m2!3d36.0081365!4d-78.9332881!16s%2Fg%2F1tql5n8f!19sChIJwWd0bavmrIkR9bfse-9WN_c,Mureebe Leila MD,,,Vascular surgeon,"2100 Erwin Rd, Durham, NC 27705, United States","2358+7M Durham, North Carolina, USA",http://www.dukehealth.org/,+1 919-668-6355,,,https://streetviewpixels-pa.googleapis.com/v1/thumbnail?panoid=a68SuaHgygpPzXb5Vn5rrQ&cb_client=search.gws-prod.gps&w=408&h=240&yaw=226.48647&pitch=0&thumbfov=100,false,,,,,,,,"https://www.google.com/maps/search/vein+clinics+in+Durham+Raleigh+NC/@35.9955684,-78.9002077,14z",2025-12-16T22:28:42.558Z,,
https://www.google.com/maps/place/Carolina+Vascular+Center/data=!4m7!3m6!1s0x89ace8ba6f2b2cd7:0x65db49226ed0d189!8m2!3d35.9104426!4d-78.9411916!16s%2Fg%2F11c56d7fty!19sChIJ1ywrb7rorIkRidHQbiJJ22U,Carolina Vascular Center,,,Surgical center,"5309 Highgate Dr, Durham, NC 27713, United States","W365+5G Durham, North Carolina, USA",,+1 919-405-4210,Closed · Opens 7:45 am Wed,,https://streetviewpixels-pa.googleapis.com/v1/thumbnail?panoid=yCdd1KoCZgEOlo-v4Uia0w&cb_client=search.gws-prod.gps&w=408&h=240&yaw=255.69835&pitch=0&thumbfov=100,false,7:45 am–5:15 pm,7:45 am–5:15 pm,7:45 am–5:15 pm,7:45 am–5:15 pm,Closed,Closed,7:45 am–5:15 pm,"https://www.google.com/maps/search/vein+clinics+in+Durham+Raleigh+NC/@35.9955684,-78.9002077,14z",2025-12-16T22:28:47.255Z,,
https://www.google.com/maps/place/VeinHelp+at+Southpoint/data=!4m7!3m6!1s0x89ace8bafd77b3ab:0x48661ee2c9d1f155!8m2!3d35.9119401!4d-78.9429121!16s%2Fg%2F11g0g_3h8h!19sChIJq7N3_brorIkRVfHRyeIeZkg,VeinHelp at Southpoint,,,Medical clinic,"5015 Southpark Dr # 100, Durham, NC 27713, United States","W364+QR Durham, North Carolina, USA",http://www.veinhelp.com/,+1 919-405-4200,,,https://streetviewpixels-pa.googleapis.com/v1/thumbnail?panoid=KwH-xcxBn77fadqpJ3UCkw&cb_client=search.gws-prod.gps&w=408&h=240&yaw=185.89128&pitch=0&thumbfov=100,false,,,,,,,,"https://www.google.com/maps/search/vein+clinics+in+Durham+Raleigh+NC/@35.9955684,-78.9002077,14z",2025-12-16T22:28:49.879Z,,
https://www.google.com/maps/place/Triangle+Vein+Clinic/data=!4m7!3m6!1s0x89ac8ccda9144b4f:0xd91d94141c108abb!8m2!3d35.7341512!4d-78.7788126!16s%2Fg%2F1tg9n_mb!19sChIJT0sUqc2MrIkRu4oQHBSUHdk,Triangle Vein Clinic,,,Medical clinic,"115 Crescent Green #200, Cary, NC 27518, United States","P6MC+MF Cary, North Carolina, USA",http://www.triangleveins.com/,+1 919-851-5055,,,https://streetviewpixels-pa.googleapis.com/v1/thumbnail?panoid=tUsTa6AY7m5AHx8OayjNdQ&cb_client=search.gws-prod.gps&w=408&h=240&yaw=75.89788&pitch=0&thumbfov=100,false,,,,,,,,"https://www.google.com/maps/search/vein+clinics+in+Cary+Raleigh+NC/@35.7795897,-78.6381787,14z",2025-12-16T22:29:02.863Z,,
https://www.google.com/maps/place/Triangle+Vascular+Associates/data=!4m7!3m6!1s0x89acf1644772e76b:0xe56d4715a7c0fcbb!8m2!3d35.83049!4d-78.7774524!16s%2Fg%2F1vl5hnd3!19sChIJa-dyR2TxrIkRu_zApxVHbeU,Triangle Vascular Associates,4.6,179,Medical Center,"2501 Weston Pkwy Suite 201, Cary, NC 27513, United States","R6JF+52 Cary, North Carolina, USA",https://centers.azuravascularcare.com/nc/cary/triangle-vascular-associates?y_source=1_MzI4MzA4NC03MTUtbG9jYXRpb24ud2Vic2l0ZQ%3D%3D,+1 919-677-9729,Closed · Opens 7 am Wed,,https://lh3.googleusercontent.com/p/AF1QipOEYHrJkcccX95nUAK86KZoYvFzm_L97-dAnncr=w426-h240-k-no,true,7 am–4:30 pm,7 am–4:30 pm,7 am–4:30 pm,7 am–4:30 pm,Closed,Closed,7 am–4:30 pm,"https://www.google.com/maps/search/vein+clinics+in+Cary+Raleigh+NC/@35.7795897,-78.6381787,14z",2025-12-16T22:29:07.642Z,,
https://www.google.com/maps/place/Vascular+Solutions+of+North+Carolina/data=!4m7!3m6!1s0x89ac8d318ef8b883:0xe4fde2c95098bd4!8m2!3d35.7335739!4d-78.7785263!16s%2Fg%2F11jlx20kds!19sChIJg7j4jjGNrIkR1IsJlSzeTw4,Vascular Solutions of North Carolina,4.7,48,Medical group,"1000 Crescent Green # 102, Cary, NC 27518, United States","P6MC+CH Cary, North Carolina, USA",https://vascularsolutions.org/,+1 919-897-5999,Closed · Opens 8 am Wed,,https://lh3.googleusercontent.com/p/AF1QipNQ83LIdqJiyjojIim2tE4L6W1fCQAI4st6BYBo=w408-h357-k-no,true,8 am–5 pm,8 am–5 pm,8 am–5 pm,8 am–5 pm,Closed,Closed,8 am–5 pm,"https://www.google.com/maps/search/vein+clinics+in+Cary+Raleigh+NC/@35.7795897,-78.6381787,14z",2025-12-16T22:29:12.504Z,,
https://www.google.com/maps/place/Vascular+Wellness/data=!4m7!3m6!1s0x89ace8ba4eeb97df:0xb0cdd7c909cb10f1!8m2!3d35.784009!4d-78.8031163!16s%2Fg%2F1tdzmf44!19sChIJ35frTrrorIkR8RDLCcnXzbA,Vascular Wellness,5.0,8,Medical clinic,"224 High House Rd STE 210, Cary, NC 27513, United States","Q5MW+JQ Cary, North Carolina, USA",https://www.vascularwellness.com/,+1 919-226-3694,,Identifies as women-owned,https://lh3.googleusercontent.com/p/AF1QipNv-napvRBTC2ZUDZeuEh_gLgnG66-mEcjne3EO=w648-h240-k-no,true,,,,,,,,"https://www.google.com/maps/search/vein+clinics+in+Cary+Raleigh+NC/@35.7795897,-78.6381787,14z",2025-12-16T22:29:17.729Z,,
https://www.google.com/maps/place/Carolina+Vein+Institute/data=!4m7!3m6!1s0x89ac92cdb01f9651:0x26da2cf247dd5e6e!8m2!3d35.74219!4d-78.870095!16s%2Fg%2F11g9g21mg0!19sChIJUZYfsM2SrIkRbl7dR_Is2iY,Carolina Vein Institute,4.9,66,Medical clinic,"1031 W Williams St #105a, Apex, NC 27502, United States","P4RH+VX Apex, North Carolina, USA",https://www.myveindr.com/?utm_source=gmb_auth,+1 984-229-9637,Closed · Opens 8:30 am Wed,,https://lh3.googleusercontent.com/p/AF1QipNMmQwSSu5mBgiqTWoqPdSWAg92zzvyiGBq3U3K=w426-h240-k-no,true,8:30 am–4:30 pm,8:30 am–4:30 pm,8:30 am–4:30 pm,8:30 am–4:30 pm,Closed,Closed,8:30 am–4:30 pm,"https://www.google.com/maps/search/vein+clinics+in+Cary+Raleigh+NC/@35.7795897,-78.6381787,14z",2025-12-16T22:29:22.550Z,,
https://www.google.com/maps/place/WakeMed+Heart+%26+Vascular+-+Vascular+Surgery+-+Raleigh+Campus/data=!4m7!3m6!1s0x89ac5ebfc5f00f2d:0x130d2c59fdad0a81!8m2!3d35.7847687!4d-78.5892419!16s%2Fg%2F1thx09d9!19sChIJLQ_wxb9erIkRgQqt_VksDRM,WakeMed Heart & Vascular - Vascular Surgery - Raleigh Campus,4.6,28,Vascular surgeon,"3000 New Bern Ave # 1130, Raleigh, NC 27610, United States","QCM6+W8 Raleigh, North Carolina, USA",https://www.wakemed.org/location/heart-vascular-vascular-surgery-raleigh-campus,+1 919-350-7600,Closed · Opens 8 am Wed,,https://lh3.googleusercontent.com/p/AF1QipOiN35hzDVvngLol8ngw3UiJReW7KzHfqIF0S4Z=w408-h245-k-no,true,8 am–4:30 pm,8 am–4:30 pm,8 am–4:30 pm,8 am–12 pm,Closed,Closed,8 am–4:30 pm,"https://www.google.com/maps/search/vein+clinics+in+Cary+Raleigh+NC/@35.7795897,-78.6381787,14z",2025-12-16T22:29:27.434Z,,
https://www.google.com/maps/place/WakeMed+Heart+%26+Vascular+-+Vascular+Surgery+-+Cary/data=!4m7!3m6!1s0x89acf363a322b71d:0x8bc022e818f5c806!8m2!3d35.7402076!4d-78.7840347!16s%2Fg%2F11fk9vsq9z!19sChIJHbcio2PzrIkRBsj1GOgiwIs,WakeMed Heart & Vascular - Vascular Surgery - Cary,5.0,2,Surgical center,"210 Ashville Ave Suite 210, Cary, NC 27518, United States","P6R8+39 Cary, North Carolina, USA",http://wakemed.org/location/heart-vascular-vascular-surgery-cary,+1 919-235-6570,Closed · Opens 8 am Wed,,https://lh3.googleusercontent.com/p/AF1QipOXCta_Xw1RQPx4G2qOCwcDym-lvWLIxub7HqU_=w408-h272-k-no,true,8 am–5 pm,8 am–5 pm,8 am–5 pm,8 am–12 pm,Closed,Closed,8 am–5 pm,"https://www.google.com/maps/search/vein+clinics+in+Cary+Raleigh+NC/@35.7795897,-78.6381787,14z",2025-12-16T22:29:32.261Z,,
https://www.google.com/maps/place/Med+First+Primary+%26+Urgent+Care-+Raleigh+Six+Forks/data=!4m7!3m6!1s0x89ac58c0c0790af1:0xe28c010816a87775!8m2!3d35.826931!4d-78.632765!16s%2Fg%2F1v9t_sc6!19sChIJ8Qp5wMBYrIkRdXeoFggBjOI,Med First Primary & Urgent Care- Raleigh Six Forks,4.4,151,Family practice physician,"Park Place, Professional Center, 3396 Six Forks Rd, Raleigh, NC 27609, United States","R9G8+QV Raleigh, North Carolina, USA",https://thinkmedfirst.com/locations/raleigh-six-forks/,+1 919-781-8897,,LGBTQ+ friendly,https://lh3.googleusercontent.com/p/AF1QipNNsSp-5HX6J0ZMyPsM5cMRwZC7pmgTc_9zZbsk=w408-h306-k-no,true,,,,,,,,"https://www.google.com/maps/search/vein+clinics+in+Cary+Raleigh+NC/@35.7795897,-78.6381787,14z",2025-12-16T22:29:37.307Z,,
"https://www.google.com/maps/place/Ashley+Baquero,+MD/data=!4m7!3m6!1s0x89ace70ab4791bdf:0x8ff3df040c5f1460!8m2!3d35.939585!4d-79.0182399!16s%2Fg%2F11hs5dskzs!19sChIJ3xt5tArnrIkRYBRfDATf848","Ashley Baquero, MD",5.0,65,Surgeon,"100 Europa Dr #180, Chapel Hill, NC 27517, United States","WXQJ+RP Chapel Hill, North Carolina, USA",https://www.myveindr.com/?utm_source=gmb_auth,+1 984-363-4180,Closed · Opens 8:30 am Wed,,https://lh3.googleusercontent.com/p/AF1QipMGzXU6gRtMRytd0W-VtFMF9k9WhqXrRMUE_5M6=w486-h240-k-no,true,8:30 am–4:30 pm,8:30 am–4:30 pm,8:30 am–4:30 pm,8:30 am–4:30 pm,Closed,Closed,8:30 am–4:30 pm,"https://www.google.com/maps/search/vein+clinics+in+Chapel+Hill+Raleigh+NC/@35.7795897,-78.6381787,14z",2025-12-16T22:29:52.475Z,,
https://www.google.com/maps/place/Raleigh+Laser+and+Aesthetics+Medspa/data=!4m7!3m6!1s0x89acf751184c01b9:0x290285f4a5a005a!8m2!3d35.8529383!4d-78.7120928!16s%2Fg%2F11rvhzmgkb!19sChIJuQFMGFH3rIkRWgBaSl8okAI,Raleigh Laser and Aesthetics Medspa,4.9,54,Medical spa,"5520 McNeely Dr #204, Raleigh, NC 27612, United States","V73Q+55 Raleigh, North Carolina, USA",https://raleighlaseraesthetics.com/,+1 919-747-9912,Closed · Opens 9 am Wed,,https://lh3.googleusercontent.com/p/AF1QipON1_J-QMHD2n7a9dTzwM9_FPOLw-puFNG0O8tr=w426-h240-k-no,true,9 am–5 pm,9 am–5 pm,9 am–5 pm,9 am–5 pm,9 am–5 pm,9 am–5 pm,9 am–5 pm,"https://www.google.com/maps/search/vein+clinics+in+Chapel+Hill+Raleigh+NC/@35.7795897,-78.6381787,14z",2025-12-16T22:29:57.508Z,,
https://www.google.com/maps/place/Vein+Clinics+of+America/data=!4m7!3m6!1s0x89acc29e5efdb251:0x60508a84584309c4!8m2!3d35.9131996!4d-79.0558445!16s%2Fg%2F1td5495k!19sChIJUbL9Xp7CrIkRxAlDWISKUGA,Vein Clinics of America,,,Medical clinic,"Chapel Hill, NC 27514, United States",,,+1 919-929-0551,Temporarily closed,,https://streetviewpixels-pa.googleapis.com/v1/thumbnail?panoid=16WzaAAbJCO-D4B7ZAa2BQ&cb_client=search.gws-prod.gps&w=408&h=240&yaw=220.21718&pitch=0&thumbfov=100,false,,,,,,,,"https://www.google.com/maps/search/vein+clinics+in+Chapel+Hill+Raleigh+NC/@35.7795897,-78.6381787,14z",2025-12-16T22:30:02.391Z,,
,,,,,,,,,,,,,,,,,,,,"https://www.google.com/maps/search/vein+clinics+in+Apex+Raleigh+NC/@35.732652,-78.8502856,14z",2025-12-16T22:30:10.243Z,No new results found,
https://www.google.com/maps/place/WakeMed+Heart+%26+Vascular+-+Cardiology+-+Garner/data=!4m7!3m6!1s0x89ac60933f55033f:0xbd317eb87c2bcee1!8m2!3d35.699361!4d-78.596192!16s%2Fg%2F11cs5st51z!19sChIJPwNVP5NgrIkR4c4rfLh-Mb0,WakeMed Heart & Vascular - Cardiology - Garner,5.0,17,Medical group,"400 US-70 Suite 200, Garner, NC 27529, United States","MCX3+PG Garner, North Carolina, USA",https://www.wakemed.org/location/heart-vascular-cardiology-garner,+1 919-662-5001,Closed · Opens 8 am Wed,,https://lh3.googleusercontent.com/p/AF1QipMOvAKU45MpWOHmwyqt87k-DcW_JYe9_8SRNAO3=w453-h240-k-no,true,8 am–5 pm,8 am–5 pm,8 am–5 pm,8 am–5 pm,Closed,Closed,8 am–5 pm,"https://www.google.com/maps/search/vein+clinics+in+Garner+Raleigh+NC/@35.7112642,-78.6141709,14z",2025-12-16T22:30:25.003Z,,
https://www.google.com/maps/place/Avance+Care+Garner/data=!4m7!3m6!1s0x89ac60510d6d36ad:0x1e6d7c2efa0dbe81!8m2!3d35.686331!4d-78.6189986!16s%2Fg%2F11b6r73zlv!19sChIJrTZtDVFgrIkRgb4N-i58bR4,Avance Care Garner,4.5,476,Medical clinic,"876 Timber Dr, Garner, NC 27529, United States","M9PJ+GC Garner, North Carolina, USA",https://www.avancecare.com/locations/garner-nc/,+1 919-803-2285,Open · Closes 7 pm,LGBTQ+ friendly,https://lh3.googleusercontent.com/p/AF1QipMep3uFcL1QvI3CpkZcBf_4182BEA6UygD7oLjX=w546-h240-k-no,true,7:30 am–7 pm,7:30 am–7 pm,7:30 am–7 pm,7:30 am–7 pm,9 am–3 pm,9 am–3 pm,7:30 am–7 pm,"https://www.google.com/maps/search/vein+clinics+in+Garner+Raleigh+NC/@35.7112642,-78.6141709,14z",2025-12-16T22:30:30.056Z,,
https://www.google.com/maps/place/WakeMed+Garner+Healthplex/data=!4m7!3m6!1s0x89ac6007f253a2a9:0x7b6e2df37598e4f!8m2!3d35.699433!4d-78.596061!16s%2Fg%2F11b7t9yn41!19sChIJqaJT8gdgrIkRT45ZN9_itgc,WakeMed Garner Healthplex,3.1,218,Medical Center,"400 US-70 STE 100, Garner, NC 27529, United States","MCX3+QH Garner, North Carolina, USA",https://www.wakemed.org/location/garner-healthplex,+1 919-350-8000,Open 24 hours,,https://lh3.googleusercontent.com/p/AF1QipMOAcY6zKzGjE9sJi1F-BJ03IvMrIzzENnVdviG=w453-h240-k-no,true,Open 24 hours,Open 24 hours,Open 24 hours,Open 24 hours,Open 24 hours,Open 24 hours,Open 24 hours,"https://www.google.com/maps/search/vein+clinics+in+Garner+Raleigh+NC/@35.7112642,-78.6141709,14z",2025-12-16T22:30:35.200Z,,
https://www.google.com/maps/place/North+Carolina+Heart+%26+Vascular/data=!4m7!3m6!1s0x89ac60cff76adee7:0x41612d9ca16291d8!8m2!3d35.6854966!4d-78.5767196!16s%2Fg%2F11cm0k7l9x!19sChIJ595q989grIkR2JFioZwtYUE,North Carolina Heart & Vascular,3.7,13,Medical group,"400 Health Park Dr Suite 120, Garner, NC 27529, United States","MCPF+58 Garner, North Carolina, USA",https://www.unchealth.org/care-services/locations/north-carolina-heart-and-vascular-unc-health-rex-at-garner,+1 919-250-2260,Closed · Opens 8 am Wed,,https://lh3.googleusercontent.com/p/AF1QipN0CpJJLmpjig-Yl4XWJwIt5g_0N-uWrSCPQaQp=w426-h240-k-no,true,8 am–4:30 pm,8 am–4:30 pm,8 am–4:30 pm,8 am–4:30 pm,Closed,Closed,8 am–4:30 pm,"https://www.google.com/maps/search/vein+clinics+in+Garner+Raleigh+NC/@35.7112642,-78.6141709,14z",2025-12-16T22:30:40.231Z,,
https://www.google.com/maps/place/Azalea+Skin+Treatment+Center/data=!4m7!3m6!1s0x89ac606f0edc9779:0xa18cefa93499b296!8m2!3d35.6848519!4d-78.5765093!16s%2Fg%2F1tjz476j!19sChIJeZfcDm9grIkRlrKZNKnvjKE,Azalea Skin Treatment Center,4.8,1444,Dermatologist,"501 Health Park Dr Suite 150, Garner, NC 27529, United States","MCMF+W9 Garner, North Carolina, USA",https://www.azaleastc.com/?utm_source=gbp&utm_medium=organic&utm_campaign=location-listing-ASTCGAR&y_source=1_MjAxMTUwMDQwMC03MTUtbG9jYXRpb24ud2Vic2l0ZQ%3D%3D,+1 919-503-3866,Closed · Opens 8:30 am Wed,,https://lh3.googleusercontent.com/gps-cs-s/AG0ilSx5uPkUIPXFFHOMUVW1Q6F-qQhVdLBizFTNSKfMR3Q65GLHf8R27C7J2tSkeWrV49JhOGkHVwTgqGGVi_LWyElHpf-DrQ82oeHZx0rZjN_VGgh24RoRdCtO7O7F96W3wMuLj98d=w408-h544-k-no,true,8:30 am–4:30 pm,8:30 am–4:30 pm,8:30 am–4:30 pm,8:30 am–1:30 pm,Closed,Closed,8:30 am–4:30 pm,"https://www.google.com/maps/search/vein+clinics+in+Garner+Raleigh+NC/@35.7112642,-78.6141709,14z",2025-12-16T22:30:45.564Z,,
https://www.google.com/maps/place/Dr.+Faisal+Khan/data=!4m7!3m6!1s0x89ac61ab07c9f4e1:0x683fc7cb72ca37b3!8m2!3d35.6993766!4d-78.5958022!16s%2Fg%2F11scjvvrhv!19sChIJ4fTJB6thrIkRszfKcsvHP2g,Dr. Faisal Khan,5.0,7,Cardiologist,"400 US-70 Suite 200, Garner, NC 27529, United States","MCX3+QM Garner, North Carolina, USA",https://www.wakemed.org/provider/faisal-khan-md-facc-rpvi-cardiology,+1 919-350-9648,,,https://lh3.googleusercontent.com/p/AF1QipN1P5yXHkHYzvop37rOUjKpawMf4pTYk0k737XB=w408-h611-k-no,true,,,,,,,,"https://www.google.com/maps/search/vein+clinics+in+Garner+Raleigh+NC/@35.7112642,-78.6141709,14z",2025-12-16T22:30:48.552Z,,
https://www.google.com/maps/place/Clayton+Medical+Health+%26+Vascular+Center/data=!4m7!3m6!1s0x89ac661a47628837:0x63d6ca07c4345db!8m2!3d35.6377455!4d-78.4847072!16s%2Fg%2F1pxq7p3_m!19sChIJN4hiRxpmrIkR20VDfKBsPQY,Clayton Medical Health & Vascular Center,4.9,28,Medical clinic,"101 Winding Wood Dr, Clayton, NC 27520, United States","JGQ8+34 Clayton, North Carolina, USA",http://www.claytonmedicalhealth.com/,+1 919-553-1911,Closed · Opens 9 am Wed,,https://streetviewpixels-pa.googleapis.com/v1/thumbnail?panoid=o0gAczBH14ClerQSVTtPnA&cb_client=search.gws-prod.gps&w=408&h=240&yaw=92.14258&pitch=0&thumbfov=100,true,9 am–4 pm,9 am–4 pm,9 am–4 pm,9 am–12 pm,Closed,Closed,9 am–4 pm,"https://www.google.com/maps/search/vein+clinics+in+Garner+Raleigh+NC/@35.7112642,-78.6141709,14z",2025-12-16T22:30:53.354Z,,
https://www.google.com/maps/place/WakeMed+MyCare+365+Primary+%26+Urgent+Care+-+Fayetteville+Road/data=!4m7!3m6!1s0x89ac61110c9b39cb:0x95c873321a7f92ba!8m2!3d35.7179863!4d-78.6555695!16s%2Fg%2F11rjj6_jyf!19sChIJyzmbDBFhrIkRupJ_GjJzyJU,WakeMed MyCare 365 Primary & Urgent Care - Fayetteville Road,4.6,417,Urgent care center,"4530 Fayetteville Rd, Raleigh, NC 27603, United States","P89V+5Q Raleigh, North Carolina, USA",https://www.wakemed.org/location/mycare-365-primary-urgent-care-fayetteville-road,+1 919-235-1930,Open · Closes 8 pm,,https://lh3.googleusercontent.com/gps-cs-s/AG0ilSwWgeU8ONUCVh0aGRdkfdbIwwgow6KOZUMlOXYvM8nW9n58akjc5hlxHQYoWov5Ju_O0if1WCNZ8t1Y7SVtEbhwwX16TkR8eFcRP6hxIvMCH3vKoAlKXJ0LOPhzx_SbpKP3ondQ=w416-h240-k-no,true,8 am–8 pm,8 am–8 pm,8 am–8 pm,8 am–8 pm,8 am–4 pm,8 am–4 pm,8 am–8 pm,"https://www.google.com/maps/search/vein+clinics+in+Garner+Raleigh+NC/@35.7112642,-78.6141709,14z",2025-12-16T22:30:58.174Z,,
https://www.google.com/maps/place/UNC+Health+Rex+at+Garner/data=!4m7!3m6!1s0x89ac61305f473d63:0x571effaa85d3aa9b!8m2!3d35.6864456!4d-78.5771708!16s%2Fg%2F11sc0jfh26!19sChIJYz1HXzBhrIkRm6rThar_Hlc,UNC Health Rex at Garner,2.3,3,Medical clinic,"300 Health Park Dr, Garner, NC 27529, United States","MCPF+H4 Garner, North Carolina, USA",https://www.unchealth.org/care-services/locations/unc-health-rex-at-garner,,,,https://lh3.googleusercontent.com/p/AF1QipP1BizT8uUCZlEdoY2tLbo8VJmcwf-9NDQ7Edwa=w426-h240-k-no,true,,,,,,,,"https://www.google.com/maps/search/vein+clinics+in+Garner+Raleigh+NC/@35.7112642,-78.6141709,14z",2025-12-16T22:31:00.972Z,,
https://www.google.com/maps/place/WakeMed+Health+%26+Hospitals/data=!4m7!3m6!1s0x89ac609340f01a7f:0xb10b5a660ca92f9e!8m2!3d35.6993286!4d-78.5956279!16s%2Fg%2F11dyly5ms6!19sChIJfxrwQJNgrIkRni-pDGZaC7E,WakeMed Health & Hospitals,3.2,5,Medical Center,"400 US-70, Garner, NC 27529, United States","MCX3+PP Garner, North Carolina, USA",https://www.wakemed.org/,+1 919-662-5001,,,https://streetviewpixels-pa.googleapis.com/v1/thumbnail?panoid=0szhVoGQsjgtcFbfKVubKw&cb_client=search.gws-prod.gps&w=408&h=240&yaw=241.72807&pitch=0&thumbfov=100,false,Open 24 hours,Open 24 hours,Open 24 hours,Open 24 hours,Open 24 hours,Open 24 hours,Open 24 hours,"https://www.google.com/maps/search/vein+clinics+in+Garner+Raleigh+NC/@35.7112642,-78.6141709,14z",2025-12-16T22:31:06.183Z,,
"https://www.google.com/maps/place/David+E.+Spivey,+MD,+FAAFP/data=!4m7!3m6!1s0x89ac61f49487bdab:0xd6569678985eb9e9!8m2!3d35.6948719!4d-78.6151783!16s%2Fg%2F11js4lj9jp!19sChIJq72HlPRhrIkR6blemHiWVtY","David E. Spivey, MD, FAAFP",3.7,3,Family practice physician,"801 Poole Dr, Garner, NC 27529, United States","M9VM+WW Garner, North Carolina, USA",https://www.unchealth.org/care-services/doctors/s/david-e-spivey-md-faafp,+1 919-779-1440,Closed · Opens 7:30 am Wed,,https://lh3.googleusercontent.com/p/AF1QipMJWquGqLCmpKwnoJAc1tPsKiRxOxh0jp6RX6qQ=w408-h510-k-no,true,7:30 am–4:30 pm,7:30 am–4:30 pm,7:30 am–4:30 pm,7:30 am–4:30 pm,Closed,Closed,7:30 am–4:30 pm,"https://www.google.com/maps/search/vein+clinics+in+Garner+Raleigh+NC/@35.7112642,-78.6141709,14z",2025-12-16T22:31:11.313Z,,
https://www.google.com/maps/place/MarSha+MedSpa/data=!4m7!3m6!1s0x89ac63be6bff5c5d:0xe7002214c14ea814!8m2!3d35.6099696!4d-78.5689944!16s%2Fg%2F11kx0xqwvy!19sChIJXVz_a75jrIkRFKhOwRQiAOc,MarSha MedSpa,4.8,200,Medical spa,"173 Mast Dr, Garner, NC 27529, United States","JC5J+XC Garner, North Carolina, USA",http://marshamedspa.com/,+1 919-747-9733,"Closed · Opens 9 am Wed

Updated by this business 1 week ago",Identifies as women-owned,https://lh3.googleusercontent.com/p/AF1QipM2JHukRJsqccHfEVaLYP5Aq4yC3YvRBedie-3u=w408-h306-k-no,true,9 am–5 pm,9 am–7 pm,9 am–5 pm,9 am–5 pm,Closed,Closed,9 am–5 pm,"https://www.google.com/maps/search/vein+clinics+in+Garner+Raleigh+NC/@35.7112642,-78.6141709,14z",2025-12-16T22:31:16.575Z,,
https://www.google.com/maps/place/Wake+County+VA+Clinic/data=!4m7!3m6!1s0x89ac5fe95893b683:0xc6b94973dbb068fd!8m2!3d35.7400732!4d-78.6389419!16s%2Fg%2F1vnrrgwd!19sChIJg7aTWOlfrIkR_Wiw23NJucY,Wake County VA Clinic,4.0,26,Medical clinic,"3040 Hammond Business Pl #105, Raleigh, NC 27603, United States","P9R6+2C Raleigh, North Carolina, USA",http://www.durham.va.gov/locations/RaleighII.asp,+1 919-899-6259,Closed · Opens 8 am Wed,,https://lh3.googleusercontent.com/gps-cs-s/AG0ilSwvWl1V_klKTqqmdFt7o_-upeRGS3ntTWxoYGWX35v4FAIEf_RScYiwmbQN6zFF5srPkgIIMVfMOelhVdVZSWWykLMOueIBN6eBvlP-JGurh8r4_lYcT2Z__1LEZNVkmh5MKRvveA=w408-h544-k-no,false,8 am–4:30 pm,8 am–4:30 pm,8 am–4:30 pm,8 am–4:30 pm,Closed,Closed,8 am–4:30 pm,"https://www.google.com/maps/search/vein+clinics+in+Garner+Raleigh+NC/@35.7112642,-78.6141709,14z",2025-12-16T22:31:21.572Z,,
https://www.google.com/maps/place/CenterWell+Senior+Primary+Care/data=!4m7!3m6!1s0x89ac5f3862f0bded:0x9762378276e6e0ef!8m2!3d35.725387!4d-78.6517086!16s%2Fg%2F11ks4h_79_!19sChIJ7b3wYjhfrIkR7-DmdoI3Ypc,CenterWell Senior Primary Care,4.3,30,Geriatrician,"1408 Garner Station Blvd, Raleigh, NC 27603, United States","P8GX+58 Raleigh, North Carolina, USA",https://www.centerwellprimarycare.com/en/north-carolina/centerwell-garner-station.html?utm_medium=businesslistings&utm_campaign=gmb_rdu_online-listings_en_digital_evergreen,+1 984-207-5477,Closed · Opens 8 am Wed,LGBTQ+ friendly,https://lh3.googleusercontent.com/p/AF1QipMoz36yI7DJtE_PW5VfrOc09tHIp9XVQNrnoMTg=w426-h240-k-no,true,8 am–5 pm,8 am–5 pm,8 am–5 pm,8 am–5 pm,Closed,Closed,8 am–5 pm,"https://www.google.com/maps/search/vein+clinics+in+Garner+Raleigh+NC/@35.7112642,-78.6141709,14z",2025-12-16T22:31:26.842Z,,
https://www.google.com/maps/place/Garner+VA+Clinic/data=!4m7!3m6!1s0x89ac61003042f643:0xfc3ceeed8aee6f4a!8m2!3d35.6552555!4d-78.6148441!16s%2Fg%2F11xm7nd7xc!19sChIJQ_ZCMABhrIkRSm_uiu3uPPw,Garner VA Clinic,3.9,29,Medical clinic,"2700 Benson Rd, Garner, NC 27529, United States","M94P+43 Garner, North Carolina, USA",https://www.va.gov/durham-health-care/locations/garner-va-clinic/,+1 919-286-0411,Closed · Opens 7:30 am Wed,,https://lh3.googleusercontent.com/gps-cs-s/AG0ilSz_nDSBr2B_fSqBSz923u9vBxSel5Yq6BYtK-7_Qm1o1-zJl1QMDHzlFCnDAB2mIrA8cXfrBn6AoOoc1Xq_h7H7mC0MderSw2NS-s5D7kqwIeJNk5CimdhAiYWLwVQfcNOgdsF5Z59NcoYE=w426-h240-k-no,false,7:30 am–5 pm,7:30 am–5 pm,7:30 am–5 pm,7:30 am–5 pm,Closed,Closed,7:30 am–5 pm,"https://www.google.com/maps/search/vein+clinics+in+Garner+Raleigh+NC/@35.7112642,-78.6141709,14z",2025-12-16T22:31:31.715Z,,
https://www.google.com/maps/place/CBD+American+Shaman+THC+%26+Vape+Dispensary/data=!4m7!3m6!1s0x89ac61c2b2b03813:0xa11388a100659f88!8m2!3d35.6850261!4d-78.6065925!16s%2Fg%2F11k4_yjp_7!19sChIJEziwssJhrIkRiJ9lAKGIE6E,CBD American Shaman THC & Vape Dispensary,5.0,241,Vitamin & supplements store,"251 Timber Dr, Garner, NC 27529, United States","M9PV+29 Garner, North Carolina, USA",http://cbdamericanshaman.com/garnernc,+1 919-615-2766,Open · Closes 8 pm,,https://lh3.googleusercontent.com/p/AF1QipPHzkMhdMpgOF81a5r-8JuqwLfpemEUI4giKdfy=w408-h408-k-no,true,10 am–8 pm,10 am–8 pm,10 am–8 pm,10 am–8 pm,10 am–8 pm,10 am–7 pm,10 am–8 pm,"https://www.google.com/maps/search/vein+clinics+in+Garner+Raleigh+NC/@35.7112642,-78.6141709,14z",2025-12-16T22:31:36.785Z,,· In-store shopping · Delivery
https://www.google.com/maps/place/REX+Vascular+Specialists/data=!4m7!3m6!1s0x89ac616941afb311:0x4ca3f7b613b0af9c!8m2!3d35.6863053!4d-78.5771604!16s%2Fg%2F11kdrcxb_p!19sChIJEbOvQWlhrIkRnK-wE7b3o0w,REX Vascular Specialists,,,,"400 Health Park Dr Suite 120, Garner, NC 27529, United States","MCPF+G4 Garner, North Carolina, USA",https://www.unchealth.org/care-services/locations/rex-vascular-specialists-rex-healthcare-of-garner,+1 919-784-2300,Permanently closed,,https://streetviewpixels-pa.googleapis.com/v1/thumbnail?panoid=qLpjZhY1WGcMz5pecZTeoA&cb_client=search.gws-prod.gps&w=408&h=240&yaw=333.03708&pitch=0&thumbfov=100,true,,,,,,,,"https://www.google.com/maps/search/vein+clinics+in+Garner+Raleigh+NC/@35.7112642,-78.6141709,14z",2025-12-16T22:31:41.507Z,,
https://www.google.com/maps/place/REX+Vascular+Specialists/data=!4m7!3m6!1s0x89acf67fe9ea7c8d:0x7380b101d8871bd9!8m2!3d35.6431044!4d-78.8374238!16s%2Fg%2F1thl_9m6!19sChIJjXzq6X_2rIkR2RuH2AGxgHM,REX Vascular Specialists,5.0,2,Surgical center,"781 Avent Ferry Rd Suite 212, Holly Springs, NC 27540, United States","J5V7+62 Holly Springs, North Carolina, USA",https://www.unchealth.org/care-services/locations/rex-vascular-specialists-unc-health-rex-at-holly-springs,+1 919-784-2300,"Closed · Opens 8 am Wed

Confirmed by this business 4 weeks ago",,https://lh3.googleusercontent.com/p/AF1QipPszXxIhrnZbUDRXZoEmmewGbN6FLUe_lkvn7ds=w426-h240-k-no,true,8 am–4:30 pm,8 am–4:30 pm,8 am–4:30 pm,8 am–4:30 pm,Closed,Closed,8 am–4:30 pm,"https://www.google.com/maps/search/vein+clinics+in+Holly+Springs+Raleigh+NC/@35.6512655,-78.8336218,14z",2025-12-16T22:31:56.494Z,,
https://www.google.com/maps/place/Skynn+MD+Medspa+by+Dr.+Gotur/data=!4m7!3m6!1s0x89ac8ddc6319d5eb:0x556df389ec399b4c!8m2!3d35.657449!4d-78.8111924!16s%2Fg%2F11sk8nmx2g!19sChIJ69UZY9yNrIkRTJs57InzbVU,Skynn MD Medspa by Dr. Gotur,5.0,262,Medical spa,"1140 Holly Springs Rd Ste 108, Holly Springs, NC 27540, United States","M54Q+XG Holly Springs, North Carolina, USA",https://skynnmd.com/?utm_source=google&utm_medium=organic&utm_campaign=gbp,+1 919-322-9865,Open · Closes 7 pm,LGBTQ+ friendly,https://lh3.googleusercontent.com/p/AF1QipMwbuAF6Dhbrx5lPSQmYC5JGeGAOZf4XqhQvhjG=w408-h725-k-no,true,9 am–7 pm,9 am–7 pm,9 am–7 pm,9 am–7 pm,9 am–5 pm,Closed,9 am–7 pm,"https://www.google.com/maps/search/vein+clinics+in+Holly+Springs+Raleigh+NC/@35.6512655,-78.8336218,14z",2025-12-16T22:32:01.762Z,,
"https://www.google.com/maps/place/Victoria+J.+Aucoin,+MD/data=!4m7!3m6!1s0x89ac69d52594a75d:0x4224edd599ca31f5!8m2!3d35.6431044!4d-78.8374238!16s%2Fg%2F11s6zkd1_8!19sChIJXaeUJdVprIkR9THKmdXtJEI","Victoria J. Aucoin, MD",5.0,4,Vascular surgeon,"781 Avent Ferry Rd Suite 212, Holly Springs, NC 27540, United States","J5V7+62 Holly Springs, North Carolina, USA",https://www.unchealth.org/care-services/doctors/a/victoria-j-aucoin-md,+1 919-784-2300,Closed · Opens 8 am Wed,,https://lh3.googleusercontent.com/p/AF1QipMZPBxe4XmZUT8FfOYXs6LPpljARMAyUlKYQCJa=w408-h541-k-no,true,8 am–4:30 pm,8 am–4:30 pm,8 am–4:30 pm,8 am–4:30 pm,Closed,Closed,8 am–4:30 pm,"https://www.google.com/maps/search/vein+clinics+in+Holly+Springs+Raleigh+NC/@35.6512655,-78.8336218,14z",2025-12-16T22:32:06.875Z,,
https://www.google.com/maps/place/North+Carolina+Surgery+at+Holly+Springs/data=!4m7!3m6!1s0x89ac8e1d76e1899b:0x3c788f83fc507b04!8m2!3d35.6431044!4d-78.8374238!16s%2Fg%2F11cmv17117!19sChIJm4nhdh2OrIkRBHtQ_IOPeDw,North Carolina Surgery at Holly Springs,5.0,1,Surgical center,"781 Avent Ferry Rd Suite 214, Holly Springs, NC 27540, United States","J5V7+62 Holly Springs, North Carolina, USA",https://www.unchealth.org/care-services/locations/north-carolina-surgery-at-holly-springs-unc-health-rex-at-holly-springs,+1 919-784-7874,,,https://lh3.googleusercontent.com/p/AF1QipOzqUsE5WBm-aEnpdfaM-cv3IgZ_up23sW4Kr3O=w426-h240-k-no,true,,,,,,,,"https://www.google.com/maps/search/vein+clinics+in+Holly+Springs+Raleigh+NC/@35.6512655,-78.8336218,14z",2025-12-16T22:32:09.544Z,,
https://www.google.com/maps/place/Thrive+Skin+%2B+Wellness/data=!4m7!3m6!1s0x89ac8e0830b85c75:0x1982f0dc3286fab5!8m2!3d35.6542391!4d-78.8248542!16s%2Fg%2F11gbzb_zxm!19sChIJdVy4MAiOrIkRtfqGMtzwghk,Thrive Skin + Wellness,4.8,157,Medical spa,"108 Bass Lake Rd, Holly Springs, NC 27540, United States","M53G+M3 Holly Springs, North Carolina, USA",https://www.hsskin.com/?utm_source=google&utm_medium=organic&utm_campaign=thrive_GMB,+1 919-557-6400,Closes soon · 6 pm · Opens 9 am Wed,LGBTQ+ friendly,https://lh3.googleusercontent.com/p/AF1QipPBAFb6j7deqYi9egVCbUI1L8hYH2jvNfQbIq__=w408-h272-k-no,true,9 am–6 pm,9 am–8 pm,9 am–7 pm,9 am–5 pm,9 am–4 pm,Closed,Closed,"https://www.google.com/maps/search/vein+clinics+in+Holly+Springs+Raleigh+NC/@35.6512655,-78.8336218,14z",2025-12-16T22:32:14.729Z,,
https://www.google.com/maps/place/North+Carolina+Heart+%26+Vascular/data=!4m7!3m6!1s0x89ac8e1d7727e6e7:0x1c8fbefa34b5853d!8m2!3d35.6431044!4d-78.8374238!16s%2Fg%2F11h9w5sv2f!19sChIJ5-Yndx2OrIkRPYW1NPq-jxw,North Carolina Heart & Vascular,4.2,5,Medical office,"781 Avent Ferry Rd Suite 212, Holly Springs, NC 27540, United States","J5V7+62 Holly Springs, North Carolina, USA",https://www.unchealth.org/care-services/locations/north-carolina-heart-and-vascular-unc-health-rex-at-holly-springs,+1 984-974-4010,Closed · Opens 8 am Wed,,https://lh3.googleusercontent.com/p/AF1QipNAAYg7Rk-4BPdIAfc6vKUhZ4vI3GSDzb-48sAs=w426-h240-k-no,true,8 am–4:30 pm,8 am–4:30 pm,8 am–4:30 pm,8 am–4:30 pm,Closed,Closed,8 am–4:30 pm,"https://www.google.com/maps/search/vein+clinics+in+Holly+Springs+Raleigh+NC/@35.6512655,-78.8336218,14z",2025-12-16T22:32:19.924Z,,
https://www.google.com/maps/place/Capital+Oral+%26+Facial+Surgery+@+Holly+Springs/data=!4m7!3m6!1s0x89ac8df35751bb8d:0x8977a5b768eb2c65!8m2!3d35.6770326!4d-78.8323352!16s%2Fg%2F12hm55x5f!19sChIJjbtRV_ONrIkRZSzraLeld4k,Capital Oral & Facial Surgery @ Holly Springs,4.9,549,Oral surgeon,"101 Hyannis Dr, Holly Springs, NC 27540, United States","M5G9+R3 Holly Springs, North Carolina, USA",https://www.capitalofs.com/,+1 919-436-2270,"Closed · Opens 7 am Wed

Confirmed by this business 11 weeks ago",,https://lh3.googleusercontent.com/p/AF1QipMUXr7tm-fZEso06B_Z4LB1LYzy5_IFUVHs24yi=w408-h272-k-no,true,7 am–4 pm,7 am–4 pm,7 am–4 pm,7 am–12 pm,Closed,Closed,7 am–4 pm,"https://www.google.com/maps/search/vein+clinics+in+Holly+Springs+Raleigh+NC/@35.6512655,-78.8336218,14z",2025-12-16T22:32:24.969Z,,
https://www.google.com/maps/place/With+Confidence+Non-Invasive+Fat+Reduction+Body+Sculpting/data=!4m7!3m6!1s0x89ac9182d23e3e29:0x7265ba3c23835cb0!8m2!3d35.6592549!4d-78.8681866!16s%2Fg%2F11yfqhg9sl!19sChIJKT4-0oKRrIkRsFyDIzy6ZXI,With Confidence Non-Invasive Fat Reduction Body Sculpting,5.0,1,Medical spa,"Oakview Cmns Dr, Holly Springs, NC 27540, United States","M45J+PP Holly Springs, North Carolina, USA",https://withconfidence.blog/,+1 984-833-3290,,Identifies as women-owned,https://lh3.googleusercontent.com/p/AF1QipPPqBNgmuizZZ3Pyz4zngr3N9hsbEsLhVyTEKXL=w408-h492-k-no,true,,,,,,,,"https://www.google.com/maps/search/vein+clinics+in+Holly+Springs+Raleigh+NC/@35.6512655,-78.8336218,14z",2025-12-16T22:32:27.744Z,,
https://www.google.com/maps/place/Awakenings+Infusion+Center+of+North+Carolina/data=!4m7!3m6!1s0x89ac8f29af5133b7:0x4c0969bf075a550a!8m2!3d35.6542488!4d-78.8275486!16s%2Fg%2F11h75rydkk!19sChIJtzNRrymPrIkRClVaB79pCUw,Awakenings Infusion Center of North Carolina,4.8,20,Medical office,"500 Holly Springs Rd Ste 106, Holly Springs, NC 27540, United States","M53C+MX Holly Springs, North Carolina, USA",https://ncawakenings.com/,+1 919-285-3222,Closed · Opens 9 am Wed,,https://lh3.googleusercontent.com/p/AF1QipMV1JBMEs9ChSS1DNuqxUCyo2xZo8XmlUJ-M49Y=w408-h262-k-no,true,9 am–5 pm,9 am–5 pm,9 am–5 pm,9 am–5 pm,Closed,Closed,9 am–5 pm,"https://www.google.com/maps/search/vein+clinics+in+Holly+Springs+Raleigh+NC/@35.6512655,-78.8336218,14z",2025-12-16T22:32:32.710Z,,
https://www.google.com/maps/place/UNC+Health+Rex+at+Holly+Springs/data=!4m7!3m6!1s0x89ac8f795d7dc1a5:0x6b8a56b50cc4b97d!8m2!3d35.6429776!4d-78.8375792!16s%2Fg%2F11ry9gdlcb!19sChIJpcF9XXmPrIkRfbnEDLVWims,UNC Health Rex at Holly Springs,5.0,3,Home health care service,"781 Avent Ferry Rd, Holly Springs, NC 27540, United States","J5V6+5X Holly Springs, North Carolina, USA",https://www.unchealth.org/care-services/locations/unc-health-rex-at-holly-springs,+1 919-567-6100,,,https://lh3.googleusercontent.com/p/AF1QipOIGiOzvbMFVZrcZ2u8PpW2R5LvVZNTaVNBG3IG=w426-h240-k-no,true,,,,,,,,"https://www.google.com/maps/search/vein+clinics+in+Holly+Springs+Raleigh+NC/@35.6512655,-78.8336218,14z",2025-12-16T22:32:35.447Z,,
https://www.google.com/maps/place/Duke+Women%27s+Health+Holly+Springs/data=!4m7!3m6!1s0x89ac918c2faed2d3:0x1d881670a09e9f84!8m2!3d35.6570864!4d-78.8493966!16s%2Fg%2F11fnvgb1fg!19sChIJ09KuL4yRrIkRhJ-eoHAWiB0,Duke Women's Health Holly Springs,3.0,23,Obstetrician-gynecologist,"401 Irving Pkwy Suite 310, Holly Springs, NC 27540, United States","M542+R6 Holly Springs, North Carolina, USA",https://www.dukehealth.org/locations/duke-womens-health-holly-springs?utm_source=google&utm_medium=local&utm_campaign=evergreen,+1 919-385-3800,Closed · Opens 8 am Wed,,https://lh3.googleusercontent.com/p/AF1QipMz9oh3rXPVHuok2uyX_ZarQk1nCyhSqOeU_i1s=w425-h240-k-no,true,8 am–5 pm,8 am–5 pm,8 am–5 pm,8 am–5 pm,Closed,Closed,8 am–5 pm,"https://www.google.com/maps/search/vein+clinics+in+Holly+Springs+Raleigh+NC/@35.6512655,-78.8336218,14z",2025-12-16T22:32:41.389Z,,
https://www.google.com/maps/place/Avail+Aesthetics+-+Wake+Forest/data=!4m7!3m6!1s0x89ac51d419c01541:0xf21bdc235e3bbaf9!8m2!3d35.9522647!4d-78.5252815!16s%2Fg%2F11k4zz0bw3!19sChIJQRXAGdRRrIkR-bo7XiPcG_I,Avail Aesthetics - Wake Forest,5.0,67,Medical spa,"2824 Rogers Rd STE 102, Wake Forest, NC 27587, United States","XF2F+WV Wake Forest, North Carolina, USA",http://www.availaesthetics.com/,+1 919-322-5440,Closes soon · 6 pm · Opens 9 am Wed,LGBTQ+ friendly,https://lh3.googleusercontent.com/gps-cs-s/AG0ilSzW9GjbEo2OiBy8SLTjCYIh0T9I6vCIpJ-Hc8ClAcrd0rVpmY8bLWlJbooRHGF3b9YUXX8-3TrErsOSxlmGZPcebKtV16-CCiZzTmd22Sfe20JcukAeCCM0DS6Ek14voBi4H8dg=w408-h544-k-no,true,9 am–6 pm,9 am–6 pm,9 am–6 pm,9 am–6 pm,9 am–5 pm,Closed,9 am–6 pm,"https://www.google.com/maps/search/vein+clinics+in+Wake+Forest+Raleigh+NC/@35.9798734,-78.5097228,14z",2025-12-16T22:32:55.016Z,,
https://www.google.com/maps/place/Raleigh+Radiology-Wake+Forest/data=!4m7!3m6!1s0x89ac514db8acc965:0x2f5d289d17dbbd49!8m2!3d35.963178!4d-78.544904!16s%2Fg%2F11nyq698k1!19sChIJZcmsuE1RrIkRSb3bF50oXS8,Raleigh Radiology-Wake Forest,4.8,526,Radiologist,"11640 Northpark Dr #110, Wake Forest, NC 27587, United States","XF74+72 Wake Forest, North Carolina, USA",https://www.raleighrad.com/,+1 919-781-1437,Closed · Opens 7 am Wed,LGBTQ+ friendly,https://lh3.googleusercontent.com/p/AF1QipOGJsLa0Z1SMUmogCeaqoK1gDaMYKVmieramFTY=w408-h271-k-no,true,8:30 am–5 pm,7 am–5 pm,8:30 am–5 pm,7 am–5 pm,Closed,Closed,8:30 am–5 pm,"https://www.google.com/maps/search/vein+clinics+in+Wake+Forest+Raleigh+NC/@35.9798734,-78.5097228,14z",2025-12-16T22:32:59.907Z,,
https://www.google.com/maps/place/REX+Vascular+Specialists/data=!4m7!3m6!1s0x89ac511580a9cc2d:0x6a491219cbfabd78!8m2!3d35.9474148!4d-78.5411295!16s%2Fg%2F11clvngq9k!19sChIJLcypgBVRrIkReL36yxkSSWo,REX Vascular Specialists,,,Surgical center,"11200 Gov Manly Way Suite 303A, Raleigh, NC 27614, United States","WFW5+XG Raleigh, North Carolina, USA",https://www.unchealth.org/care-services/locations/rex-vascular-specialists-unc-health-rex-at-wakefield,+1 919-784-2300,Closed · Opens 8 am Wed,,https://lh3.googleusercontent.com/p/AF1QipNjljzwW5EHqlY-g1w1IXrnzCIvAHft25GIa2CB=w426-h240-k-no,true,8 am–4:30 pm,8 am–4:30 pm,8 am–4:30 pm,8 am–4:30 pm,Closed,Closed,8 am–4:30 pm,"https://www.google.com/maps/search/vein+clinics+in+Wake+Forest+Raleigh+NC/@35.9798734,-78.5097228,14z",2025-12-16T22:33:04.901Z,,
https://www.google.com/maps/place/Wake+Forest+Endoscopy+Center/data=!4m7!3m6!1s0x89ac516d608a10d9:0x69d9607102bca068!8m2!3d35.9519892!4d-78.532352!16s%2Fg%2F11dxc1l8qs!19sChIJ2RCKYG1RrIkRaKC8AnFg2Wk,Wake Forest Endoscopy Center,4.9,637,Endoscopist,"10540 Ligon Mill Rd #109, Wake Forest, NC 27587, United States","XF29+Q3 Wake Forest, North Carolina, USA",https://www.wakeendoscopy.com/,+1 919-439-3393,,,https://streetviewpixels-pa.googleapis.com/v1/thumbnail?panoid=vFtqz5whWGpAB3HZBAroAQ&cb_client=search.gws-prod.gps&w=408&h=240&yaw=267.81516&pitch=0&thumbfov=100,false,,,,,,,,"https://www.google.com/maps/search/vein+clinics+in+Wake+Forest+Raleigh+NC/@35.9798734,-78.5097228,14z",2025-12-16T22:33:07.816Z,,
https://www.google.com/maps/place/Dr.+Sahar+Amery/data=!4m7!3m6!1s0x89ac576e78921f93:0xc0c4eef064ef199!8m2!3d35.9084011!4d-78.5977925!16s%2Fg%2F11k3xrzxpy!19sChIJkx-SeG5XrIkRmfFOBu9ODAw,Dr. Sahar Amery,,,Internist,"10010 Falls of Neuse Rd #307, Raleigh, NC 27614, United States","WC52+9V Raleigh, North Carolina, USA",https://ameryvein.com/about/,+1 919-231-6132,,,https://streetviewpixels-pa.googleapis.com/v1/thumbnail?panoid=dde0OruzOJjIR4YqZ_8vYQ&cb_client=search.gws-prod.gps&w=408&h=240&yaw=3.9620981&pitch=0&thumbfov=100,false,,,,,,,,"https://www.google.com/maps/search/vein+clinics+in+Wake+Forest+Raleigh+NC/@35.9798734,-78.5097228,14z",2025-12-16T22:33:10.559Z,,
https://www.google.com/maps/place/Atrium+Health+Wake+Forest+Baptist+Vein+Services/data=!4m7!3m6!1s0x8853b9e7c694d94f:0x46c7b8ccc5604a17!8m2!3d36.0403559!4d-80.3862948!16s%2Fg%2F11hcfl0xpn!19sChIJT9mUxue5U4gRF0pgxcy4x0Y,Atrium Health Wake Forest Baptist Vein Services,5.0,13,Medical clinic,"2341 Lewisville Clemmons Rd, Clemmons, NC 27012, United States","2JR7+4F Clemmons, North Carolina, USA",https://www.wakehealth.edu/locations/clinics/v/vein-services?utm_source=GMB&utm_medium=Organic&utm_campaign=AHWFB,+1 336-716-8346,Closed · Opens 8 am Wed,,https://lh3.googleusercontent.com/gps-cs-s/AG0ilSyOYnx-ovoMCywlP-jhzUanAm93M6Kdg411QJBDmhZ7JJDKFC7JAZPOXt8FeuDj3YvspwP9xZ3ITVt-hanZ8P3Xt5pUIvQWuLlxmAa0dKb6HAhup7oWdHMZ1HQJgzKD5yECPTpQlQ=w408-h544-k-no,true,8 am–5 pm,8 am–5 pm,8 am–5 pm,8 am–5 pm,Closed,Closed,8 am–5 pm,"https://www.google.com/maps/search/vein+clinics+in+Wake+Forest+Raleigh+NC/@35.9798734,-78.5097228,14z",2025-12-16T22:33:15.788Z,,
https://www.google.com/maps/place/Reviva+Medical+Aesthetics+Spa+of+NC/data=!4m7!3m6!1s0x89ac53bf5928e7d3:0x78b7e79b2dc408d9!8m2!3d35.9741871!4d-78.5156127!16s%2Fg%2F11vlrj67xt!19sChIJ0-coWb9TrIkR2QjELZvnt3g,Reviva Medical Aesthetics Spa of NC,,,Medical spa,"122 W Vernon Ave, Wake Forest, NC 27587, United States","XFFM+MQ Wake Forest, North Carolina, USA",https://revivamedspas.com/,+1 919-373-0088,Closed · Opens 9 am Wed,,https://streetviewpixels-pa.googleapis.com/v1/thumbnail?panoid=5nJPkwPeI03ZVwInCKbyvQ&cb_client=search.gws-prod.gps&w=408&h=240&yaw=41.94388&pitch=0&thumbfov=100,false,9 am–5 pm,9 am–5 pm,9 am–5 pm,9 am–5 pm,Closed,Closed,9 am–5 pm,"https://www.google.com/maps/search/vein+clinics+in+Wake+Forest+Raleigh+NC/@35.9798734,-78.5097228,14z",2025-12-16T22:33:20.924Z,,
https://www.google.com/maps/place/Hong+Janice+MD/data=!4m7!3m6!1s0x89ac576dd11c6207:0x675f73e534687568!8m2!3d35.8973055!4d-78.6054251!16s%2Fg%2F1tdxwwxj!19sChIJB2Ic0W1XrIkRaHVoNOVzX2c,Hong Janice MD,3.7,6,Doctor,"2011 Falls Valley Dr #104, Raleigh, NC 27615, United States","V9WV+WR Raleigh, North Carolina, USA",,,,,https://streetviewpixels-pa.googleapis.com/v1/thumbnail?panoid=AZvilAFMmbIVSMeNRlqYqQ&cb_client=search.gws-prod.gps&w=408&h=240&yaw=25.180323&pitch=0&thumbfov=100,true,,,,,,,,"https://www.google.com/maps/search/vein+clinics+in+Wake+Forest+Raleigh+NC/@35.9798734,-78.5097228,14z",2025-12-16T22:33:24.200Z,,
,,,,,,,,,,,,,,,,,,,,"https://www.google.com/maps/search/vein+clinics+in+Morrisville+Raleigh+NC/@35.823483,-78.8255621,14z",2025-12-16T22:33:32.674Z,No new results found,
https://www.google.com/maps/place/The+Vein+Guys/data=!4m7!3m6!1s0x89ac5b5e4e1a8def:0x7ef0868b4c75b4c0!8m2!3d35.7994233!4d-78.4960693!16s%2Fg%2F1tkf1vnx!19sChIJ740aTl5brIkRwLR1TIuG8H4,The Vein Guys,,,Plastic surgeon,"6905 Knightdale Blvd, Knightdale, NC 27545, United States","QGX3+QH Knightdale, North Carolina, USA",,+1 919-266-0696,,,https://streetviewpixels-pa.googleapis.com/v1/thumbnail?panoid=Vo0ZFCfgHE6QKPLu7xZHng&cb_client=search.gws-prod.gps&w=408&h=240&yaw=351.25925&pitch=0&thumbfov=100,false,,,,,,,,"https://www.google.com/maps/search/vein+clinics+in+Knightdale+Raleigh+NC/@35.7876515,-78.4805563,14z",2025-12-16T22:33:48.735Z,,
https://www.google.com/maps/place/North+Carolina+Surgery+at+Knightdale/data=!4m7!3m6!1s0x89ac5c9d18cdd689:0xc427665727a78981!8m2!3d35.7956723!4d-78.5076633!16s%2Fg%2F119v5784j!19sChIJidbNGJ1crIkRgYmnJ1dmJ8Q,North Carolina Surgery at Knightdale,,,Surgical center,"6602 Knightdale Blvd Suite 201, Knightdale, NC 27545, United States","QFWR+7W Knightdale, North Carolina, USA",https://www.unchealth.org/care-services/locations/north-carolina-surgery-at-knightdale-unc-health-rex-at-knightdale,+1 919-784-7874,,,https://lh3.googleusercontent.com/p/AF1QipOmcmJ3v1x1g102NAJJFuf6Evv0hDgrwXKeN5vs=w426-h240-k-no,true,,,,,,,,"https://www.google.com/maps/search/vein+clinics+in+Knightdale+Raleigh+NC/@35.7876515,-78.4805563,14z",2025-12-16T22:33:51.276Z,,
https://www.google.com/maps/place/North+Carolina+Heart+%26+Vascular/data=!4m7!3m6!1s0x89ac5b5e4e1a8def:0x41ae7d7de4ad04a5!8m2!3d35.7958131!4d-78.50769!16s%2Fg%2F1tgb86mq!19sChIJ740aTl5brIkRpQSt5H19rkE,North Carolina Heart & Vascular,3.7,6,Medical group,"6602 Knightdale Blvd #205, Knightdale, NC 27545, United States","QFWR+8W Knightdale, North Carolina, USA",https://www.unchealth.org/care-services/locations/north-carolina-heart-and-vascular-unc-health-rex-at-knightdale,+1 984-215-3955,"Closed · Opens 8 am Wed

Confirmed by this business 4 weeks ago",,https://lh3.googleusercontent.com/p/AF1QipObQujUtblKEsNeEFO2krgGmy83t1P_mJiD_PBF=w426-h240-k-no,true,8 am–4:30 pm,8 am–4:30 pm,8 am–4:30 pm,8 am–4:30 pm,Closed,Closed,8 am–4:30 pm,"https://www.google.com/maps/search/vein+clinics+in+Knightdale+Raleigh+NC/@35.7876515,-78.4805563,14z",2025-12-16T22:33:56.395Z,,
https://www.google.com/maps/place/Avance+Care+Knightdale/data=!4m7!3m6!1s0x89ac5b781862a2af:0x82f5b25741e9ae05!8m2!3d35.7982915!4d-78.5113541!16s%2Fg%2F11h2fh8bt1!19sChIJr6JiGHhbrIkRBa7pQVey9YI,Avance Care Knightdale,4.1,254,Medical clinic,"210 Hinton Oaks Blvd ste e, Knightdale, NC 27545, United States","QFXQ+8F Knightdale, North Carolina, USA",https://www.avancecare.com/locations/knightdale-nc/,+1 919-679-3177,Open · Closes 7 pm,,https://lh3.googleusercontent.com/p/AF1QipPmDost6kEGPhKxWdg79kVT2y7niQT4k1OYMXAO=w546-h240-k-no,true,7:30 am–7 pm,7:30 am–7 pm,7:30 am–7 pm,7:30 am–7 pm,9 am–3 pm,Closed,7:30 am–7 pm,"https://www.google.com/maps/search/vein+clinics+in+Knightdale+Raleigh+NC/@35.7876515,-78.4805563,14z",2025-12-16T22:34:01.907Z,,
https://www.google.com/maps/place/WakeMed+Heart+%26+Vascular+%E2%80%93+Cary+Cardiology+-+Fuquay-Varina/data=!4m7!3m6!1s0x89ac8f12ed6e6841:0x8b3728d96053a385!8m2!3d35.5886107!4d-78.7816662!16s%2Fg%2F11fxcd4z4b!19sChIJQWhu7RKPrIkRhaNTYNkoN4s,WakeMed Heart & Vascular – Cary Cardiology - Fuquay-Varina,4.9,197,Cardiologist,"400 Attain St #101, Fuquay-Varina, NC 27526, United States","H6Q9+C8 Fuquay-Varina, North Carolina, USA",https://www.wakemed.org/location/heart-vascular-cary-cardiology-fuquay-varina,+1 919-235-6471,Closed · Opens 8 am Wed,,https://streetviewpixels-pa.googleapis.com/v1/thumbnail?panoid=7T6mzM1D4NvdWtAWHdePpw&cb_client=search.gws-prod.gps&w=408&h=240&yaw=293.5224&pitch=0&thumbfov=100,true,8 am–5 pm,8 am–5 pm,8 am–5 pm,8 am–5 pm,Closed,Closed,8 am–5 pm,"https://www.google.com/maps/search/vein+clinics+in+Fuquay-Varina+Raleigh+NC/@35.5843235,-78.8000128,14z",2025-12-16T22:34:16.743Z,,
https://www.google.com/maps/place/WakeMed+Heart+%26+Vascular+%E2%80%93+Vascular+Surgery+-+Fuquay+Varina/data=!4m7!3m6!1s0x89ac89e7fd8412c3:0x3c4c1f513db79f82!8m2!3d35.608644!4d-78.7420081!16s%2Fg%2F11mcsbg9c3!19sChIJwxKE_eeJrIkRgp-3PVEfTDw,WakeMed Heart & Vascular – Vascular Surgery - Fuquay Varina,,,Vascular surgeon,"2400 N Main St Suite 210, Fuquay-Varina, NC 27526, United States","J755+F5 Fuquay-Varina, North Carolina, USA",https://www.wakemed.org/location/heart-vascular-vascular-surgery-fuquay-varina-medical-park,+1 919-235-6520,Closed · Opens 8 am Mon,,https://lh3.googleusercontent.com/p/AF1QipNP8WjG4n2TrznjiBQwQrfNvWYoNdvkx-0wAx0l=w408-h280-k-no,true,Closed,Closed,Closed,Closed,Closed,Closed,8 am–12 pm,"https://www.google.com/maps/search/vein+clinics+in+Fuquay-Varina+Raleigh+NC/@35.5843235,-78.8000128,14z",2025-12-16T22:34:21.481Z,,
https://www.google.com/maps/place/WakeMed+Heart+%26+Vascular+-+Cardiology+-+Fuquay-Varina/data=!4m7!3m6!1s0x89ac8facbbd88037:0x73291bfa67885e24!8m2!3d35.608644!4d-78.7420081!16s%2Fg%2F11h3g9gpm1!19sChIJN4DYu6yPrIkRJF6IZ_obKXM,WakeMed Heart & Vascular - Cardiology - Fuquay-Varina,4.6,10,Medical clinic,"2400 N Main St Suite 210, Fuquay-Varina, NC 27526, United States","J755+F5 Fuquay-Varina, North Carolina, USA",https://www.wakemed.org/location/heart-vascular-cardiology-fuquay-varina,+1 919-235-6501,Closed · Opens 8 am Wed,,https://lh3.googleusercontent.com/p/AF1QipMiWDxZd1pR1xI9UYfYhmO8fV5f2XyZBa6wrkhv=w408-h306-k-no,true,8 am–4:30 pm,8 am–4:30 pm,8 am–4:30 pm,8 am–4:30 pm,Closed,Closed,8 am–4:30 pm,"https://www.google.com/maps/search/vein+clinics+in+Fuquay-Varina+Raleigh+NC/@35.5843235,-78.8000128,14z",2025-12-16T22:34:26.504Z,,
https://www.google.com/maps/place/Labcorp/data=!4m7!3m6!1s0x89ac8fcc5e86a6af:0x3ecc92639db6155d!8m2!3d35.5878761!4d-78.7819317!16s%2Fg%2F11fjzwlz7j!19sChIJr6aGXsyPrIkRXRW2nWOSzD4,Labcorp,2.9,78,Medical laboratory,"1014 Procure St, Fuquay-Varina, NC 27526, United States","H6Q9+56 Fuquay-Varina, North Carolina, USA",https://locations.labcorp.com/nc/fuquay-varina/32132/,+1 919-552-7792,"Closed · Opens 7:30 am Wed

Updated by this business 2 weeks ago",,https://lh3.googleusercontent.com/gps-cs-s/AG0ilSw2-WXIhBLHXgu7_BxHYLqI5GCmzIEGEFE9op0WTJCf-2CGXAeUibQvIXnwUyj6ymmxiczsK_0BPuRc3k9YX8ToWwPai243NsKPLNGQmFTS-FgoCTPHR0cZ_FenJULxNZoXfiFrjA=w426-h240-k-no,true,"7:30 am–12 pm, 1–4:30 pm","7:30 am–12 pm, 1–4:30 pm","7:30 am–12 pm, 1–4:30 pm","7:30 am–12 pm, 1–4:30 pm",Closed,Closed,"7:30 am–12 pm, 1–4:30 pm","https://www.google.com/maps/search/vein+clinics+in+Fuquay-Varina+Raleigh+NC/@35.5843235,-78.8000128,14z",2025-12-16T22:34:31.701Z,,
https://www.google.com/maps/place/Raleigh+Radiology+South/data=!4m7!3m6!1s0x89ac895ae0e1bb01:0xf6ca4a63efcfb1b!8m2!3d35.608644!4d-78.742008!16s%2Fg%2F11y7byn0gf!19sChIJAbvh4FqJrIkRG_v8PqakbA8,Raleigh Radiology South,4.9,49,Radiologist,"2400 N Main St, Fuquay-Varina, NC 27526, United States","J755+F5 Fuquay-Varina, North Carolina, USA",https://www.raleighrad.com/,+1 919-781-1437,Closed · Opens 8:30 am Wed,,https://lh3.googleusercontent.com/p/AF1QipPGvZr6N61w0mb-VU4fPmemKyPu5_U-tbdYit_0=w408-h262-k-no,true,8:30 am–5 pm,8:30 am–5 pm,8:30 am–5 pm,8:30 am–5 pm,Closed,Closed,8:30 am–5 pm,"https://www.google.com/maps/search/vein+clinics+in+Fuquay-Varina+Raleigh+NC/@35.5843235,-78.8000128,14z",2025-12-16T22:34:36.731Z,,
https://www.google.com/maps/place/North+Carolina+Vascular+Center/data=!4m7!3m6!1s0x89ac6898e26634db:0x30eee4df983f593a!8m2!3d35.6450039!4d-78.467759!16s%2Fg%2F11vm7gb4y7!19sChIJ2zRm4phorIkROlk_mN_k7jA,North Carolina Vascular Center,5.0,1,Surgical center,"320 Veterans Pkwy, Clayton, NC 27520, United States","JGWJ+2V Clayton, North Carolina, USA",https://ncvc.com/about-us/,+1 984-989-6020,Closed · Opens 7 am Wed,,https://lh3.googleusercontent.com/p/AF1QipMqx8Nw2iVcrUZc4U32gaqCkCIPSyCuW8wamIVz=w426-h240-k-no,true,7 am–4 pm,7 am–4 pm,7 am–4 pm,7 am–4 pm,Closed,Closed,7 am–4 pm,"https://www.google.com/maps/search/vein+clinics+in+Fuquay-Varina+Raleigh+NC/@35.5843235,-78.8000128,14z",2025-12-16T22:34:42.104Z,,
https://www.google.com/maps/place/REX+Vascular+Specialists/data=!4m7!3m6!1s0x89ac67cc3a93d0eb:0x8eb67b6e0790c9a7!8m2!3d35.6447888!4d-78.4678656!16s%2Fg%2F11gk8wsv7c!19sChIJ69CTOsxnrIkRp8mQB257to4,REX Vascular Specialists,5.0,1,Medical clinic,"320 Veterans Pkwy Suite 100, Clayton, NC 27520, United States","JGVJ+WV Clayton, North Carolina, USA",https://www.unchealth.org/care-services/locations/rex-vascular-specialists-clayton,+1 919-784-2300,Closed · Opens 8 am Wed,,https://lh3.googleusercontent.com/p/AF1QipPKFnJZnQBAr3yag1mFMID10g6H0Cq_mUmfLC72=w426-h240-k-no,true,8 am–4:30 pm,8 am–4:30 pm,8 am–4:30 pm,8 am–4:30 pm,Closed,Closed,8 am–4:30 pm,"https://www.google.com/maps/search/vein+clinics+in+Fuquay-Varina+Raleigh+NC/@35.5843235,-78.8000128,14z",2025-12-16T22:34:47.436Z,,
"https://www.google.com/maps/place/Martyn+Knowles,+MD,+MBA,+RPVI/data=!4m7!3m6!1s0x89acf67fea7ef729:0xbe332c5fad40c342!8m2!3d35.8173145!4d-78.7009105!16s%2Fg%2F11cmsnt8r_!19sChIJKfd-6n_2rIkRQsNArV8sM74","Martyn Knowles, MD, MBA, RPVI",5.0,8,Vascular surgeon,"4414 Lake Boone Trail Suite 505, Raleigh, NC 27607, United States","R78X+WJ Raleigh, North Carolina, USA",https://www.unchealth.org/care-services/doctors/k/martyn-knowles-md-mba-rpvi,+1 919-784-2300,Closed · Opens 8 am Wed,,https://lh3.googleusercontent.com/p/AF1QipNN8kHbRusDA9R2I9b9u5v1V79m6-K-1gPaSa8M=w408-h509-k-no,true,8 am–4:30 pm,8 am–4:30 pm,8 am–4:30 pm,8 am–4:30 pm,Closed,Closed,8 am–4:30 pm,"https://www.google.com/maps/search/vein+clinics+in+Fuquay-Varina+Raleigh+NC/@35.5843235,-78.8000128,14z",2025-12-16T22:34:52.350Z,,
https://www.google.com/maps/place/Champion+Heart+and+Vascular+Center/data=!4m7!3m6!1s0x89ac8f8e808b28cd:0xc00c93400048edba!8m2!3d35.5876977!4d-78.7827285!16s%2Fg%2F11rgzkbxwt!19sChIJzSiLgI6PrIkRuu1IAECTDMA,Champion Heart and Vascular Center,4.8,5,,"1004 Procure St, Fuquay-Varina, NC 27526, United States","H6Q8+3W Fuquay-Varina, North Carolina, USA",https://www.championheartandvascularcenter.com/,+1 910-304-1212,Permanently closed,,https://streetviewpixels-pa.googleapis.com/v1/thumbnail?panoid=PZ420S5EDaqABrFDcy5few&cb_client=search.gws-prod.gps&w=408&h=240&yaw=209.39833&pitch=0&thumbfov=100,true,,,,,,,,"https://www.google.com/maps/search/vein+clinics+in+Fuquay-Varina+Raleigh+NC/@35.5843235,-78.8000128,14z",2025-12-16T22:34:57.654Z,,
"https://www.google.com/maps/place/Prime+IV+Hydration+%26+Wellness+-+Cobblestone+Village,+NC+%28Rolesville,+NC%29/data=!4m7!3m6!1s0x89ac4f0a17874857:0x6ea62fff44051991!8m2!3d35.9234123!4d-78.4591474!16s%2Fg%2F11x1f_lw9n!19sChIJV0iHFwpPrIkRkRkFRP8vpm4","Prime IV Hydration & Wellness - Cobblestone Village, NC (Rolesville, NC)",5.0,18,IV therapy service,"211 Basalt Pl Ste 130, Rolesville, NC 27571, United States","WGFR+98 Rolesville, North Carolina, USA",https://primeivhydration.com/locations/north-carolina/cobblestone-village-27571/,+1 910-659-9486,"Closes soon · 6 pm · Opens 10 am Wed

Updated by this business 6 weeks ago",,https://lh3.googleusercontent.com/p/AF1QipNqQm3eUoB-j8LhOpgYd7t0ZMpLeN5TZNlZx5zh=w408-h306-k-no,true,10 am–6 pm,10 am–6 pm,10 am–6 pm,10 am–6 pm,10 am–5 pm,12–5 pm,10 am–6 pm,"https://www.google.com/maps/search/vein+clinics+in+Rolesville+Raleigh+NC/@35.9232073,-78.4574996,14z",2025-12-16T22:35:12.510Z,,
"https://www.google.com/maps/place/Leila+Mureebe,+MD/data=!4m7!3m6!1s0x89ace6ae99aa56a3:0x8321132707d76a89!8m2!3d35.9017979!4d-78.8011797!16s%2Fg%2F11bzq33tqj!19sChIJo1aqma7mrIkRiWrXBycTIYM","Leila Mureebe, MD",5.0,1,Vascular surgeon,"10207 Cerny St, Raleigh, NC 27617, United States","W52X+PG Raleigh, North Carolina, USA",https://www.dukehealth.org/find-doctors-physicians/leila-mureebe-md-mph?utm_source=google&utm_medium=local&utm_campaign=evergreen,+1 919-681-2884,,,https://lh3.googleusercontent.com/p/AF1QipNBiC5te-sgHB4xM4fhcIWTViZI8KkWBNnAPOOX=w408-h612-k-no,true,,,,,,,,"https://www.google.com/maps/search/vein+clinics+in+Rolesville+Raleigh+NC/@35.9232073,-78.4574996,14z",2025-12-16T22:35:15.572Z,,
https://www.google.com/maps/place/Dr.+Ellen+D.+Dillavou/data=!4m7!3m6!1s0x89ac5fc162b360f5:0xd5b035d3d240f345!8m2!3d35.7845673!4d-78.5877132!16s%2Fg%2F11ydlrcwc4!19sChIJ9WCzYsFfrIkRRfNA0tM1sNU,Dr. Ellen D. Dillavou,5.0,3,Vascular surgeon,"3000 New Bern Ave # 1130, Raleigh, NC 27610, United States","QCM6+RW Raleigh, North Carolina, USA",https://www.wakemed.org/provider/ellen-dillavou-md-facs-rpvi-vascular-surgery,+1 919-350-7600,Closed · Opens 8 am Wed,,https://lh3.googleusercontent.com/p/AF1QipNlZKmYF7bgqkYCHHstLJH5zIAUrJ3NRqY3itwK=w583-h240-k-no,true,8 am–5 pm,8 am–5 pm,8 am–5 pm,8 am–12 pm,Closed,Closed,8 am–5 pm,"https://www.google.com/maps/search/vein+clinics+in+Clayton+Raleigh+NC/@35.7795897,-78.6381787,14z",2025-12-16T22:35:32.676Z,,
https://www.google.com/maps/place/Raleigh+Access+Center/data=!4m7!3m6!1s0x89ac5ec097b86791:0xd92eab5dcc3e38ac!8m2!3d35.7878975!4d-78.5898882!16s%2Fg%2F1tj7fy1w!19sChIJkWe4l8BerIkRrDg-zF2rLtk,Raleigh Access Center,4.1,38,Medical Center,"3031 New Bern Ave Suite 200, Raleigh, NC 27610, United States","QCQ6+52 Raleigh, North Carolina, USA",https://www.azuravascularcare.com/center/raleigh-access-center/?utm_source=local&utm_medium=organic&utm_campaign=gmb-center-listing&utm_content=website&y_source=1_MzI4MzA5Mi03MTUtbG9jYXRpb24ud2Vic2l0ZQ%3D%3D,+1 919-747-7820,Closed · Opens 7 am Wed,,https://lh3.googleusercontent.com/p/AF1QipPf6C4_wywCqkDIl5sRYkNtlhkHxLvJ__OoF2za=w426-h240-k-no,true,7 am–4 pm,7 am–4 pm,7 am–4 pm,7 am–4 pm,Closed,Closed,7 am–4 pm,"https://www.google.com/maps/search/vein+clinics+in+Clayton+Raleigh+NC/@35.7795897,-78.6381787,14z",2025-12-16T22:35:37.851Z,,
https://www.google.com/maps/place/Physios+Aesthetics/data=!4m7!3m6!1s0x89ac5f10fbf17ff1:0xf2b180019416c048!8m2!3d35.7795047!4d-78.6252691!16s%2Fg%2F1tc_rwmq!19sChIJ8X_x-xBfrIkRSMAWlAGAsfI,Physios Aesthetics,5.0,147,Tanning salon,"904 New Bern Ave, Raleigh, NC 27601, United States","Q9HF+RV Raleigh, North Carolina, USA",http://www.physiosaesthetics.com/,+1 919-828-1080,Closes soon · 6 pm · Opens 10 am Wed,LGBTQ+ friendly,https://lh3.googleusercontent.com/p/AF1QipNM-j6gtwccypc1y07cLRqL2tNOAzF4Wy5JvooN=w408-h544-k-no,true,10 am–6 pm,10 am–6 pm,10 am–6 pm,10 am–6 pm,Closed,Closed,10 am–6 pm,"https://www.google.com/maps/search/vein+clinics+in+Clayton+Raleigh+NC/@35.7795897,-78.6381787,14z",2025-12-16T22:35:57.747Z,,
https://www.google.com/maps/place/Vein+Clinics+of+America/data=!4m7!3m6!1s0x89acf5d5e6f17ceb:0x8003005e1616f49b!8m2!3d35.8147083!4d-78.6965086!16s%2Fg%2F1q69n6szc!19sChIJ63zx5tX1rIkRm_QWFl4AA4A,Vein Clinics of America,,,,"2245 Gtwy Acc Pt Suite 315, Raleigh, NC 27607, United States","R873+V9 Raleigh, North Carolina, USA",,+1 919-510-8900,Permanently closed,,https://streetviewpixels-pa.googleapis.com/v1/thumbnail?panoid=zaSOEXuamle3ekDAZItSEQ&cb_client=search.gws-prod.gps&w=408&h=240&yaw=345.1097&pitch=0&thumbfov=100,false,,,,,,,,"https://www.google.com/maps/search/vein+clinics+in+Clayton+Raleigh+NC/@35.7795897,-78.6381787,14z",2025-12-16T22:36:03.145Z,,
,,,,,,,,,,,,,,,,,,,,"https://www.google.com/maps/search/vein+clinics+in+Wendell+Raleigh+NC/@35.7795897,-78.6381787,14z",2025-12-16T22:36:19.565Z,No new results found,
,,,,,,,,,,,,,,,,,,,,"https://www.google.com/maps/search/vein+clinics+in+Zebulon+Raleigh+NC/@35.8243208,-78.3147199,14z",2025-12-16T22:36:28.681Z,No new results found,
,,,,,,,,,,,,,,,,,,,,"https://www.google.com/maps/search/vein+clinics+in+Pittsboro+Raleigh+NC/@35.7795897,-78.6381787,14z",2025-12-16T22:36:39.199Z,No new results found,
,,,,,,,,,,,,,,,,,,,,"https://www.google.com/maps/search/vein+clinics+in+Sanford+Raleigh+NC/@35.7795897,-78.6381787,14z",2025-12-16T22:36:56.666Z,No new results found,
https://www.google.com/maps/place/North+Carolina+Heart+%26+Vascular/data=!4m7!3m6!1s0x89acf6805e7b2ca5:0xdb8ea13018e11246!8m2!3d35.8194527!4d-78.7035119!16s%2Fg%2F11b8085rnr!19sChIJpSx7XoD2rIkRRhLhGDChjts,North Carolina Heart & Vascular,4.5,64,Medical group,"2800 Blue Ridge Rd Suite 400, Raleigh, NC 27607, United States","R79W+QH Raleigh, North Carolina, USA",https://www.unchealth.org/care-services/locations/north-carolina-heart-and-vascular-rex-medical-office-building,+1 919-787-5380,Closed · Opens 8 am Wed,,https://lh3.googleusercontent.com/p/AF1QipPOwz3vOlCnX5biJqbz3Y4_oBsVs6q5MbiHdOOC=w426-h240-k-no,true,8 am–4:30 pm,8 am–4:30 pm,8 am–4:30 pm,8 am–4:30 pm,Closed,Closed,8 am–4:30 pm,"https://www.google.com/maps/search/vein+clinics+in+Goldboro+Raleigh+NC/@35.7795897,-78.6381787,14z",2025-12-16T22:37:18.009Z,,
https://www.google.com/maps/place/UNC+Vascular+Specialists+at+Goldsboro/data=!4m7!3m6!1s0x89ac021f8f24f3e1:0x5c6b94c938553061!8m2!3d35.399271!4d-77.9507085!16s%2Fg%2F11f1pxfbfl!19sChIJ4fMkjx8CrIkRYTBVOMmUa1w,UNC Vascular Specialists at Goldsboro,4.5,2,Medical office,"208 Cox Blvd #201, Goldsboro, NC 27534, United States","92XX+PP Goldsboro, North Carolina, USA",https://www.unchealth.org/care-services/locations/unc-vascular-specialists-at-goldsboro,+1 919-587-3333,Closed · Opens 7:30 am Wed,,https://lh3.googleusercontent.com/p/AF1QipMeZtlNChuzbwVD_3ai3oMIrKDpXmMaAgDNDdUE=w426-h240-k-no,true,7:30 am–5 pm,7:30 am–5 pm,7:30 am–5 pm,7:30 am–12:30 pm,Closed,Closed,7:30 am–5 pm,"https://www.google.com/maps/search/vein+clinics+in+Goldboro+Raleigh+NC/@35.7795897,-78.6381787,14z",2025-12-16T22:37:23.094Z,,
https://www.google.com/maps/place/Vascular+%26+Interventional+Specialists+Raleigh+Radiology/data=!4m7!3m6!1s0x89ac59c4999afffd:0x79f2c2b5860d7257!8m2!3d35.8514808!4d-78.6149941!16s%2Fg%2F11yggv50y6!19sChIJ_f-amcRZrIkRV3INhrXC8nk,Vascular & Interventional Specialists Raleigh Radiology,,,Radiologist,"5111 Falls of Neuse Rd Suite 105, Raleigh, NC 27609, United States","V92P+H2 Raleigh, North Carolina, USA",https://www.raleighrad.com/,+1 919-787-1389,Closed · Opens 8 am Wed,,https://lh3.googleusercontent.com/p/AF1QipP26XYrNzjyY9scQTwi2Cb7MJvHK1s7CgSmauF-=w408-h272-k-no,true,8 am–5 pm,8 am–5 pm,8 am–5 pm,8 am–5 pm,Closed,Closed,8 am–5 pm,"https://www.google.com/maps/search/vein+clinics+in+Burlington+Raleigh+NC/@35.8738648,-78.5812304,14z",2025-12-16T22:37:36.754Z,,
,,,,,,,,,,,,,,,,,,,,"https://www.google.com/maps/search/vein+clinics+in+Durham+Raleigh+NC/@35.9955684,-78.9002077,14z",2025-12-16T22:37:46.149Z,No new results found,